14:27:37 | INFO     | ============================================================
14:27:37 | INFO     | 🏢 EXTRAINDO UNIDADES PARTICIPANTES DAS ATAS...
14:27:37 | INFO     | UASG        : RT (158132)
14:27:37 | INFO     | A extrair   : 1308
14:27:37 | INFO     | 🚀 INICIANDO EXTRAÇÃO DE UNIDADES | WORKERS: 3 | TOTAL: 1308
14:27:44 | INFO     | [14:27:44] ✅ DONE | 00001/2023 | item 00001 | 1/1308 (0.1%) | Falhas: 0
14:27:44 | INFO     | [14:27:44] ✅ DONE | 00001/2023 | item 00003 | 2/1308 (0.2%) | Falhas: 0
14:27:44 | INFO     | [14:27:44] ✅ DONE | 00001/2023 | item 00002 | 3/1308 (0.2%) | Falhas: 0
14:27:45 | INFO     | [14:27:45] ✅ DONE | 00003/2023 | item 00005 | 4/1308 (0.3%) | Falhas: 0
14:27:45 | INFO     | [14:27:45] ✅ DONE | 00001/2023 | item 00005 | 5/1308 (0.4%) | Falhas: 0
14:27:45 | INFO     | [14:27:45] ✅ DONE | 00001/2023 | item 00004 | 6/1308 (0.5%) | Falhas: 0
14:27:46 | INFO     | [14:27:46] ✅ DONE | 00003/2023 | item 00007 | 7/1308 (0.5%) | Falhas: 0
14:27:46 | INFO     | [14:27:46] ✅ DONE | 00003/2023 | item 00006 | 8/1308 (0.6%) | Falhas: 0
14:27:46 | INFO     | [14:27:46] ✅ DONE | 00003/2023 | item 00008 | 9/1308 (0.7%) | Falhas: 0
14:27:47 | INFO     | [14:27:47] ✅ DONE | 00003/2023 | item 00009 | 10/1308 (0.8%) | Falhas: 0
14:27:47 | INFO     | [14:27:47] ✅ DONE | 00002/2023 | item 00002 | 11/1308 (0.8%) | Falhas: 0
14:27:47 | INFO     | [14:27:47] ✅ DONE | 00002/2023 | item 00001 | 12/1308 (0.9%) | Falhas: 0
14:27:48 | INFO     | [14:27:48] ✅ DONE | 00002/2023 | item 00003 | 13/1308 (1.0%) | Falhas: 0
14:27:48 | INFO     | [14:27:48] ✅ DONE | 00005/2023 | item 00035 | 14/1308 (1.1%) | Falhas: 0
14:27:49 | INFO     | [14:27:49] ✅ DONE | 00002/2023 | item 00022 | 15/1308 (1.1%) | Falhas: 0
14:27:49 | INFO     | [14:27:49] ✅ DONE | 00006/2023 | item 00024 | 16/1308 (1.2%) | Falhas: 0
14:27:49 | INFO     | [14:27:49] ✅ DONE | 00008/2023 | item 00015 | 17/1308 (1.3%) | Falhas: 0
14:27:49 | INFO     | [14:27:49] ✅ DONE | 00008/2023 | item 00016 | 18/1308 (1.4%) | Falhas: 0
14:27:50 | INFO     | [14:27:50] ✅ DONE | 00010/2023 | item 00014 | 19/1308 (1.5%) | Falhas: 0
14:27:51 | INFO     | [14:27:51] ✅ DONE | 00011/2023 | item 00037 | 20/1308 (1.5%) | Falhas: 0
14:27:51 | INFO     | [14:27:51] ✅ DONE | 00011/2023 | item 00039 | 21/1308 (1.6%) | Falhas: 0
14:27:51 | INFO     | [14:27:51] ✅ DONE | 00011/2023 | item 00038 | 22/1308 (1.7%) | Falhas: 0
14:27:52 | INFO     | [14:27:52] ✅ DONE | 00013/2023 | item 00048 | 23/1308 (1.8%) | Falhas: 0
14:27:52 | INFO     | [14:27:52] ✅ DONE | 00014/2023 | item 00032 | 24/1308 (1.8%) | Falhas: 0
14:27:52 | INFO     | [14:27:52] ✅ DONE | 00004/2023 | item 00004 | 25/1308 (1.9%) | Falhas: 0
14:27:52 | INFO     | [14:27:52] ✅ DONE | 00007/2023 | item 00028 | 26/1308 (2.0%) | Falhas: 0
14:27:53 | INFO     | [14:27:53] ✅ DONE | 00012/2023 | item 00029 | 27/1308 (2.1%) | Falhas: 0
14:27:53 | INFO     | [14:27:53] ✅ DONE | 00009/2023 | item 00013 | 28/1308 (2.1%) | Falhas: 0
14:27:53 | INFO     | [14:27:53] ✅ DONE | 00015/2023 | item 00010 | 29/1308 (2.2%) | Falhas: 0
14:27:54 | INFO     | [14:27:54] ✅ DONE | 00014/2023 | item 00033 | 30/1308 (2.3%) | Falhas: 0
14:27:54 | INFO     | [14:27:54] ✅ DONE | 00016/2023 | item 00020 | 31/1308 (2.4%) | Falhas: 0
14:27:55 | INFO     | [14:27:55] ✅ DONE | 00016/2023 | item 00047 | 32/1308 (2.4%) | Falhas: 0
14:27:55 | INFO     | [14:27:55] ✅ DONE | 00016/2023 | item 00062 | 33/1308 (2.5%) | Falhas: 0
14:27:55 | INFO     | [14:27:55] ✅ DONE | 00016/2023 | item 00030 | 34/1308 (2.6%) | Falhas: 0
14:27:56 | INFO     | [14:27:56] ✅ DONE | 00018/2023 | item 00054 | 35/1308 (2.7%) | Falhas: 0
14:27:56 | INFO     | [14:27:56] ✅ DONE | 00018/2023 | item 00056 | 36/1308 (2.8%) | Falhas: 0
14:27:56 | INFO     | [14:27:56] ✅ DONE | 00017/2023 | item 00058 | 37/1308 (2.8%) | Falhas: 0
14:27:56 | INFO     | [14:27:56] ✅ DONE | 00019/2023 | item 00025 | 38/1308 (2.9%) | Falhas: 0
14:27:57 | INFO     | [14:27:57] ✅ DONE | 00019/2023 | item 00026 | 39/1308 (3.0%) | Falhas: 0
14:27:57 | INFO     | [14:27:57] ✅ DONE | 00019/2023 | item 00027 | 40/1308 (3.1%) | Falhas: 0
14:27:58 | INFO     | [14:27:58] ✅ DONE | 00019/2023 | item 00050 | 41/1308 (3.1%) | Falhas: 0
14:27:58 | INFO     | [14:27:58] ✅ DONE | 00019/2023 | item 00049 | 42/1308 (3.2%) | Falhas: 0
14:27:59 | INFO     | [14:27:59] ✅ DONE | 00019/2023 | item 00060 | 43/1308 (3.3%) | Falhas: 0
14:27:59 | INFO     | [14:27:59] ✅ DONE | 00019/2023 | item 00061 | 44/1308 (3.4%) | Falhas: 0
14:28:00 | INFO     | [14:28:00] ✅ DONE | 00015/2023 | item 00011 | 45/1308 (3.4%) | Falhas: 0
14:28:00 | INFO     | [14:28:00] ✅ DONE | 00015/2023 | item 00012 | 46/1308 (3.5%) | Falhas: 0
14:28:01 | INFO     | [14:28:01] ✅ DONE | 00015/2023 | item 00057 | 47/1308 (3.6%) | Falhas: 0
14:28:01 | INFO     | [14:28:01] ✅ DONE | 00020/2023 | item 00002 | 48/1308 (3.7%) | Falhas: 0
14:28:01 | INFO     | [14:28:01] ✅ DONE | 00020/2023 | item 00001 | 49/1308 (3.7%) | Falhas: 0
14:28:02 | INFO     | [14:28:02] ✅ DONE | 00020/2023 | item 00003 | 50/1308 (3.8%) | Falhas: 0
14:28:02 | INFO     | [14:28:02] ✅ DONE | 00020/2023 | item 00005 | 51/1308 (3.9%) | Falhas: 0
14:28:02 | INFO     | [14:28:02] ✅ DONE | 00020/2023 | item 00004 | 52/1308 (4.0%) | Falhas: 0
14:28:03 | INFO     | [14:28:03] ✅ DONE | 00020/2023 | item 00006 | 53/1308 (4.1%) | Falhas: 0
14:28:04 | INFO     | [14:28:04] ✅ DONE | 00020/2023 | item 00009 | 54/1308 (4.1%) | Falhas: 0
14:28:04 | INFO     | [14:28:04] ✅ DONE | 00020/2023 | item 00007 | 55/1308 (4.2%) | Falhas: 0
14:28:04 | INFO     | [14:28:04] ✅ DONE | 00020/2023 | item 00008 | 56/1308 (4.3%) | Falhas: 0
14:28:05 | INFO     | [14:28:05] ✅ DONE | 00020/2023 | item 00011 | 57/1308 (4.4%) | Falhas: 0
14:28:05 | INFO     | [14:28:05] ✅ DONE | 00020/2023 | item 00012 | 58/1308 (4.4%) | Falhas: 0
14:28:05 | INFO     | [14:28:05] ✅ DONE | 00020/2023 | item 00010 | 59/1308 (4.5%) | Falhas: 0
14:28:06 | INFO     | [14:28:06] ✅ DONE | 00020/2023 | item 00013 | 60/1308 (4.6%) | Falhas: 0
14:28:07 | INFO     | [14:28:07] ✅ DONE | 00020/2023 | item 00014 | 61/1308 (4.7%) | Falhas: 0
14:28:07 | INFO     | [14:28:07] ✅ DONE | 00020/2023 | item 00015 | 62/1308 (4.7%) | Falhas: 0
14:28:07 | INFO     | [14:28:07] ✅ DONE | 00020/2023 | item 00016 | 63/1308 (4.8%) | Falhas: 0
14:28:07 | INFO     | [14:28:07] ✅ DONE | 00020/2023 | item 00017 | 64/1308 (4.9%) | Falhas: 0
14:28:07 | INFO     | [14:28:07] ✅ DONE | 00020/2023 | item 00018 | 65/1308 (5.0%) | Falhas: 0
14:28:08 | INFO     | [14:28:08] ✅ DONE | 00020/2023 | item 00019 | 66/1308 (5.0%) | Falhas: 0
14:28:08 | INFO     | [14:28:08] ✅ DONE | 00020/2023 | item 00020 | 67/1308 (5.1%) | Falhas: 0
14:28:09 | INFO     | [14:28:09] ✅ DONE | 00020/2023 | item 00021 | 68/1308 (5.2%) | Falhas: 0
14:28:09 | INFO     | [14:28:09] ✅ DONE | 00020/2023 | item 00022 | 69/1308 (5.3%) | Falhas: 0
14:28:09 | INFO     | [14:28:09] ✅ DONE | 00020/2023 | item 00023 | 70/1308 (5.4%) | Falhas: 0
14:28:09 | INFO     | [14:28:09] ✅ DONE | 00020/2023 | item 00024 | 71/1308 (5.4%) | Falhas: 0
14:28:10 | INFO     | [14:28:10] ✅ DONE | 00020/2023 | item 00026 | 72/1308 (5.5%) | Falhas: 0
14:28:10 | INFO     | [14:28:10] ✅ DONE | 00020/2023 | item 00027 | 73/1308 (5.6%) | Falhas: 0
14:28:10 | INFO     | [14:28:10] ✅ DONE | 00020/2023 | item 00028 | 74/1308 (5.7%) | Falhas: 0
14:28:10 | INFO     | [14:28:10] ✅ DONE | 00020/2023 | item 00025 | 75/1308 (5.7%) | Falhas: 0
14:28:11 | INFO     | [14:28:11] ✅ DONE | 00020/2023 | item 00029 | 76/1308 (5.8%) | Falhas: 0
14:28:11 | INFO     | [14:28:11] ✅ DONE | 00020/2023 | item 00031 | 77/1308 (5.9%) | Falhas: 0
14:28:12 | INFO     | [14:28:12] ✅ DONE | 00020/2023 | item 00030 | 78/1308 (6.0%) | Falhas: 0
14:28:12 | INFO     | [14:28:12] ✅ DONE | 00020/2023 | item 00032 | 79/1308 (6.0%) | Falhas: 0
14:28:13 | INFO     | [14:28:13] ✅ DONE | 00020/2023 | item 00033 | 80/1308 (6.1%) | Falhas: 0
14:28:13 | INFO     | [14:28:13] ✅ DONE | 00020/2023 | item 00034 | 81/1308 (6.2%) | Falhas: 0
14:28:13 | INFO     | [14:28:13] ✅ DONE | 00020/2023 | item 00035 | 82/1308 (6.3%) | Falhas: 0
14:28:14 | INFO     | [14:28:14] ✅ DONE | 00020/2023 | item 00036 | 83/1308 (6.3%) | Falhas: 0
14:28:14 | INFO     | [14:28:14] ✅ DONE | 00020/2023 | item 00037 | 84/1308 (6.4%) | Falhas: 0
14:28:15 | INFO     | [14:28:15] ✅ DONE | 00020/2023 | item 00038 | 85/1308 (6.5%) | Falhas: 0
14:28:15 | INFO     | [14:28:15] ✅ DONE | 00020/2023 | item 00039 | 86/1308 (6.6%) | Falhas: 0
14:28:16 | INFO     | [14:28:16] ✅ DONE | 00022/2023 | item 00007 | 87/1308 (6.7%) | Falhas: 0
14:28:16 | INFO     | [14:28:16] ✅ DONE | 00022/2023 | item 00008 | 88/1308 (6.7%) | Falhas: 0
14:28:17 | INFO     | [14:28:17] ✅ DONE | 00022/2023 | item 00009 | 89/1308 (6.8%) | Falhas: 0
14:28:17 | INFO     | [14:28:17] ✅ DONE | 00022/2023 | item 00010 | 90/1308 (6.9%) | Falhas: 0
14:28:18 | INFO     | [14:28:18] ✅ DONE | 00021/2023 | item 00001 | 91/1308 (7.0%) | Falhas: 0
14:28:18 | INFO     | [14:28:18] ✅ DONE | 00022/2023 | item 00011 | 92/1308 (7.0%) | Falhas: 0
14:28:18 | INFO     | [14:28:18] ✅ DONE | 00021/2023 | item 00002 | 93/1308 (7.1%) | Falhas: 0
14:28:20 | INFO     | [14:28:20] ✅ DONE | 00024/2023 | item 00015 | 94/1308 (7.2%) | Falhas: 0
14:28:20 | INFO     | [14:28:20] ✅ DONE | 00025/2023 | item 00003 | 95/1308 (7.3%) | Falhas: 0
14:28:20 | INFO     | [14:28:20] ✅ DONE | 00023/2023 | item 00006 | 96/1308 (7.3%) | Falhas: 0
14:28:37 | INFO     | [14:28:37] ✅ DONE | 00022/2023 | item 00012 | 97/1308 (7.4%) | Falhas: 0
14:28:37 | INFO     | [14:28:37] ✅ DONE | 00026/2023 | item 00017 | 98/1308 (7.5%) | Falhas: 0
14:28:37 | INFO     | [14:28:37] ✅ DONE | 00026/2023 | item 00018 | 99/1308 (7.6%) | Falhas: 0
14:28:38 | INFO     | [14:28:38] ✅ DONE | 00028/2023 | item 00004 | 100/1308 (7.6%) | Falhas: 0
14:28:38 | INFO     | [14:28:38] ✅ DONE | 00025/2023 | item 00016 | 101/1308 (7.7%) | Falhas: 0
14:28:39 | INFO     | [14:28:39] ✅ DONE | 00027/2023 | item 00005 | 102/1308 (7.8%) | Falhas: 0
14:28:40 | INFO     | [14:28:40] ✅ DONE | 00001/2024 | item 00001 | 103/1308 (7.9%) | Falhas: 0
14:28:55 | INFO     | [14:28:55] ✅ DONE | 00025/2023 | item 00019 | 104/1308 (8.0%) | Falhas: 0
14:28:56 | INFO     | [14:28:56] ✅ DONE | 00001/2024 | item 00004 | 105/1308 (8.0%) | Falhas: 0
14:28:57 | INFO     | [14:28:57] ✅ DONE | 00001/2024 | item 00002 | 106/1308 (8.1%) | Falhas: 0
14:28:57 | INFO     | [14:28:57] ✅ DONE | 00001/2024 | item 00003 | 107/1308 (8.2%) | Falhas: 0
14:28:57 | INFO     | [14:28:57] ✅ DONE | 00001/2024 | item 00005 | 108/1308 (8.3%) | Falhas: 0
14:28:59 | INFO     | [14:28:59] ✅ DONE | 00005/2024 | item 00001 | 109/1308 (8.3%) | Falhas: 0
14:28:59 | INFO     | [14:28:59] ✅ DONE | 00005/2024 | item 00002 | 110/1308 (8.4%) | Falhas: 0
14:28:59 | INFO     | [14:28:59] ✅ DONE | 00005/2024 | item 00003 | 111/1308 (8.5%) | Falhas: 0
14:29:00 | INFO     | [14:29:00] ✅ DONE | 00005/2024 | item 00004 | 112/1308 (8.6%) | Falhas: 0
14:29:00 | INFO     | [14:29:00] ✅ DONE | 00005/2024 | item 00005 | 113/1308 (8.6%) | Falhas: 0
14:29:00 | INFO     | [14:29:00] ✅ DONE | 00005/2024 | item 00006 | 114/1308 (8.7%) | Falhas: 0
14:29:01 | INFO     | [14:29:01] ✅ DONE | 00005/2024 | item 00008 | 115/1308 (8.8%) | Falhas: 0
14:29:01 | INFO     | [14:29:01] ✅ DONE | 00005/2024 | item 00010 | 116/1308 (8.9%) | Falhas: 0
14:29:02 | INFO     | [14:29:02] ✅ DONE | 00005/2024 | item 00011 | 117/1308 (8.9%) | Falhas: 0
14:29:02 | INFO     | [14:29:02] ✅ DONE | 00005/2024 | item 00012 | 118/1308 (9.0%) | Falhas: 0
14:29:03 | INFO     | [14:29:03] ✅ DONE | 00005/2024 | item 00013 | 119/1308 (9.1%) | Falhas: 0
14:29:04 | INFO     | [14:29:04] ✅ DONE | 00005/2024 | item 00016 | 120/1308 (9.2%) | Falhas: 0
14:29:04 | INFO     | [14:29:04] ✅ DONE | 00005/2024 | item 00014 | 121/1308 (9.3%) | Falhas: 0
14:29:04 | INFO     | [14:29:04] ✅ DONE | 00005/2024 | item 00015 | 122/1308 (9.3%) | Falhas: 0
14:29:05 | INFO     | [14:29:05] ✅ DONE | 00005/2024 | item 00017 | 123/1308 (9.4%) | Falhas: 0
14:29:05 | INFO     | [14:29:05] ✅ DONE | 00005/2024 | item 00019 | 124/1308 (9.5%) | Falhas: 0
14:29:05 | INFO     | [14:29:05] ✅ DONE | 00005/2024 | item 00018 | 125/1308 (9.6%) | Falhas: 0
14:29:06 | INFO     | [14:29:06] ✅ DONE | 00005/2024 | item 00020 | 126/1308 (9.6%) | Falhas: 0
14:29:06 | INFO     | [14:29:06] ✅ DONE | 00005/2024 | item 00021 | 127/1308 (9.7%) | Falhas: 0
14:29:06 | INFO     | [14:29:06] ✅ DONE | 00005/2024 | item 00022 | 128/1308 (9.8%) | Falhas: 0
14:29:08 | INFO     | [14:29:08] ✅ DONE | 00005/2024 | item 00024 | 129/1308 (9.9%) | Falhas: 0
14:29:08 | INFO     | [14:29:08] ✅ DONE | 00005/2024 | item 00027 | 130/1308 (9.9%) | Falhas: 0
14:29:08 | INFO     | [14:29:08] ✅ DONE | 00005/2024 | item 00023 | 131/1308 (10.0%) | Falhas: 0
14:29:09 | INFO     | [14:29:09] ✅ DONE | 00005/2024 | item 00029 | 132/1308 (10.1%) | Falhas: 0
14:29:09 | INFO     | [14:29:09] ✅ DONE | 00005/2024 | item 00028 | 133/1308 (10.2%) | Falhas: 0
14:29:09 | INFO     | [14:29:09] ✅ DONE | 00002/2024 | item 00006 | 134/1308 (10.2%) | Falhas: 0
14:29:10 | INFO     | [14:29:10] ✅ DONE | 00004/2024 | item 00014 | 135/1308 (10.3%) | Falhas: 0
14:29:10 | INFO     | [14:29:10] ✅ DONE | 00006/2024 | item 00002 | 136/1308 (10.4%) | Falhas: 0
14:29:10 | INFO     | [14:29:10] ✅ DONE | 00003/2024 | item 00026 | 137/1308 (10.5%) | Falhas: 0
14:29:11 | INFO     | [14:29:11] ✅ DONE | 00006/2024 | item 00003 | 138/1308 (10.6%) | Falhas: 0
14:29:11 | INFO     | [14:29:11] ✅ DONE | 00006/2024 | item 00004 | 139/1308 (10.6%) | Falhas: 0
14:29:11 | INFO     | [14:29:11] ✅ DONE | 00006/2024 | item 00005 | 140/1308 (10.7%) | Falhas: 0
14:29:12 | INFO     | [14:29:12] ✅ DONE | 00006/2024 | item 00007 | 141/1308 (10.8%) | Falhas: 0
14:29:12 | INFO     | [14:29:12] ✅ DONE | 00006/2024 | item 00008 | 142/1308 (10.9%) | Falhas: 0
14:29:13 | INFO     | [14:29:13] ✅ DONE | 00006/2024 | item 00006 | 143/1308 (10.9%) | Falhas: 0
14:29:13 | INFO     | [14:29:13] ✅ DONE | 00006/2024 | item 00009 | 144/1308 (11.0%) | Falhas: 0
14:29:14 | INFO     | [14:29:14] ✅ DONE | 00006/2024 | item 00026 | 145/1308 (11.1%) | Falhas: 0
14:29:14 | INFO     | [14:29:14] ✅ DONE | 00006/2024 | item 00020 | 146/1308 (11.2%) | Falhas: 0
14:29:14 | INFO     | [14:29:14] ✅ DONE | 00006/2024 | item 00022 | 147/1308 (11.2%) | Falhas: 0
14:29:15 | INFO     | [14:29:15] ✅ DONE | 00005/2024 | item 00030 | 148/1308 (11.3%) | Falhas: 0
14:29:15 | INFO     | [14:29:15] ✅ DONE | 00006/2024 | item 00027 | 149/1308 (11.4%) | Falhas: 0
14:29:16 | INFO     | [14:29:16] ✅ DONE | 00005/2024 | item 00031 | 150/1308 (11.5%) | Falhas: 0
14:29:16 | INFO     | [14:29:16] ✅ DONE | 00005/2024 | item 00032 | 151/1308 (11.5%) | Falhas: 0
14:29:17 | INFO     | [14:29:17] ✅ DONE | 00005/2024 | item 00033 | 152/1308 (11.6%) | Falhas: 0
14:29:17 | INFO     | [14:29:17] ✅ DONE | 00005/2024 | item 00034 | 153/1308 (11.7%) | Falhas: 0
14:29:17 | INFO     | [14:29:17] ✅ DONE | 00005/2024 | item 00036 | 154/1308 (11.8%) | Falhas: 0
14:29:18 | INFO     | [14:29:18] ✅ DONE | 00005/2024 | item 00040 | 155/1308 (11.9%) | Falhas: 0
14:29:18 | INFO     | [14:29:18] ✅ DONE | 00005/2024 | item 00038 | 156/1308 (11.9%) | Falhas: 0
14:29:18 | INFO     | [14:29:18] ✅ DONE | 00005/2024 | item 00044 | 157/1308 (12.0%) | Falhas: 0
14:29:19 | INFO     | [14:29:19] ✅ DONE | 00005/2024 | item 00045 | 158/1308 (12.1%) | Falhas: 0
14:29:19 | INFO     | [14:29:19] ✅ DONE | 00005/2024 | item 00046 | 159/1308 (12.2%) | Falhas: 0
14:29:20 | INFO     | [14:29:20] ✅ DONE | 00005/2024 | item 00047 | 160/1308 (12.2%) | Falhas: 0
14:29:20 | INFO     | [14:29:20] ✅ DONE | 00005/2024 | item 00050 | 161/1308 (12.3%) | Falhas: 0
14:29:20 | INFO     | [14:29:20] ✅ DONE | 00005/2024 | item 00056 | 162/1308 (12.4%) | Falhas: 0
14:29:20 | INFO     | [14:29:20] ✅ DONE | 00005/2024 | item 00054 | 163/1308 (12.5%) | Falhas: 0
14:29:21 | INFO     | [14:29:21] ✅ DONE | 00005/2024 | item 00057 | 164/1308 (12.5%) | Falhas: 0
14:29:21 | INFO     | [14:29:21] ✅ DONE | 00005/2024 | item 00058 | 165/1308 (12.6%) | Falhas: 0
14:29:22 | INFO     | [14:29:22] ✅ DONE | 00005/2024 | item 00059 | 166/1308 (12.7%) | Falhas: 0
14:29:22 | INFO     | [14:29:22] ✅ DONE | 00005/2024 | item 00060 | 167/1308 (12.8%) | Falhas: 0
14:29:22 | INFO     | [14:29:22] ✅ DONE | 00005/2024 | item 00061 | 168/1308 (12.8%) | Falhas: 0
14:29:23 | INFO     | [14:29:23] ✅ DONE | 00005/2024 | item 00062 | 169/1308 (12.9%) | Falhas: 0
14:29:23 | INFO     | [14:29:23] ✅ DONE | 00005/2024 | item 00064 | 170/1308 (13.0%) | Falhas: 0
14:29:23 | INFO     | [14:29:23] ✅ DONE | 00005/2024 | item 00065 | 171/1308 (13.1%) | Falhas: 0
14:29:23 | INFO     | [14:29:23] ✅ DONE | 00005/2024 | item 00066 | 172/1308 (13.1%) | Falhas: 0
14:29:24 | INFO     | [14:29:24] ✅ DONE | 00005/2024 | item 00067 | 173/1308 (13.2%) | Falhas: 0
14:29:24 | INFO     | [14:29:24] ✅ DONE | 00005/2024 | item 00069 | 174/1308 (13.3%) | Falhas: 0
14:29:24 | INFO     | [14:29:24] ✅ DONE | 00005/2024 | item 00075 | 175/1308 (13.4%) | Falhas: 0
14:29:24 | INFO     | [14:29:24] ✅ DONE | 00005/2024 | item 00086 | 176/1308 (13.5%) | Falhas: 0
14:29:25 | INFO     | [14:29:25] ✅ DONE | 00005/2024 | item 00089 | 177/1308 (13.5%) | Falhas: 0
14:29:25 | INFO     | [14:29:25] ✅ DONE | 00005/2024 | item 00092 | 178/1308 (13.6%) | Falhas: 0
14:29:25 | INFO     | [14:29:25] ✅ DONE | 00005/2024 | item 00093 | 179/1308 (13.7%) | Falhas: 0
14:29:26 | INFO     | [14:29:26] ✅ DONE | 00005/2024 | item 00094 | 180/1308 (13.8%) | Falhas: 0
14:29:26 | INFO     | [14:29:26] ✅ DONE | 00005/2024 | item 00095 | 181/1308 (13.8%) | Falhas: 0
14:29:26 | INFO     | [14:29:26] ✅ DONE | 00005/2024 | item 00096 | 182/1308 (13.9%) | Falhas: 0
14:29:26 | INFO     | [14:29:26] ✅ DONE | 00005/2024 | item 00106 | 183/1308 (14.0%) | Falhas: 0
14:29:28 | INFO     | [14:29:28] ✅ DONE | 00005/2024 | item 00112 | 184/1308 (14.1%) | Falhas: 0
14:29:28 | INFO     | [14:29:28] ✅ DONE | 00005/2024 | item 00114 | 185/1308 (14.1%) | Falhas: 0
14:29:28 | INFO     | [14:29:28] ✅ DONE | 00005/2024 | item 00119 | 186/1308 (14.2%) | Falhas: 0
14:29:28 | INFO     | [14:29:28] ✅ DONE | 00005/2024 | item 00121 | 187/1308 (14.3%) | Falhas: 0
14:29:29 | INFO     | [14:29:29] ✅ DONE | 00005/2024 | item 00123 | 188/1308 (14.4%) | Falhas: 0
14:29:29 | INFO     | [14:29:29] ✅ DONE | 00005/2024 | item 00122 | 189/1308 (14.4%) | Falhas: 0
14:29:29 | INFO     | [14:29:29] ✅ DONE | 00005/2024 | item 00124 | 190/1308 (14.5%) | Falhas: 0
14:29:30 | INFO     | [14:29:30] ✅ DONE | 00005/2024 | item 00125 | 191/1308 (14.6%) | Falhas: 0
14:29:30 | INFO     | [14:29:30] ✅ DONE | 00006/2024 | item 00028 | 192/1308 (14.7%) | Falhas: 0
14:29:30 | INFO     | [14:29:30] ✅ DONE | 00008/2024 | item 00025 | 193/1308 (14.8%) | Falhas: 0
14:29:31 | INFO     | [14:29:31] ✅ DONE | 00009/2024 | item 00012 | 194/1308 (14.8%) | Falhas: 0
14:29:31 | INFO     | [14:29:31] ✅ DONE | 00009/2024 | item 00013 | 195/1308 (14.9%) | Falhas: 0
14:29:31 | INFO     | [14:29:31] ✅ DONE | 00009/2024 | item 00016 | 196/1308 (15.0%) | Falhas: 0
14:29:47 | INFO     | [14:29:47] ✅ DONE | 00009/2024 | item 00017 | 197/1308 (15.1%) | Falhas: 0
14:29:48 | INFO     | [14:29:48] ✅ DONE | 00010/2024 | item 00001 | 198/1308 (15.1%) | Falhas: 0
14:29:48 | INFO     | [14:29:48] ✅ DONE | 00010/2024 | item 00002 | 199/1308 (15.2%) | Falhas: 0
14:29:49 | INFO     | [14:29:49] ✅ DONE | 00010/2024 | item 00003 | 200/1308 (15.3%) | Falhas: 0
14:29:49 | INFO     | [14:29:49] ✅ DONE | 00010/2024 | item 00004 | 201/1308 (15.4%) | Falhas: 0
14:29:50 | INFO     | [14:29:50] ✅ DONE | 00010/2024 | item 00005 | 202/1308 (15.4%) | Falhas: 0
14:29:50 | INFO     | [14:29:50] ✅ DONE | 00010/2024 | item 00006 | 203/1308 (15.5%) | Falhas: 0
14:30:06 | INFO     | [14:30:06] ✅ DONE | 00010/2024 | item 00007 | 204/1308 (15.6%) | Falhas: 0
14:30:06 | INFO     | [14:30:06] ✅ DONE | 00010/2024 | item 00009 | 205/1308 (15.7%) | Falhas: 0
14:30:06 | INFO     | [14:30:06] ✅ DONE | 00010/2024 | item 00010 | 206/1308 (15.7%) | Falhas: 0
14:30:07 | INFO     | [14:30:07] ✅ DONE | 00010/2024 | item 00008 | 207/1308 (15.8%) | Falhas: 0
14:30:07 | INFO     | [14:30:07] ✅ DONE | 00010/2024 | item 00011 | 208/1308 (15.9%) | Falhas: 0
14:30:07 | INFO     | [14:30:07] ✅ DONE | 00010/2024 | item 00013 | 209/1308 (16.0%) | Falhas: 0
14:30:08 | INFO     | [14:30:08] ✅ DONE | 00010/2024 | item 00012 | 210/1308 (16.1%) | Falhas: 0
14:30:08 | INFO     | [14:30:08] ✅ DONE | 00010/2024 | item 00015 | 211/1308 (16.1%) | Falhas: 0
14:30:08 | INFO     | [14:30:08] ✅ DONE | 00010/2024 | item 00014 | 212/1308 (16.2%) | Falhas: 0
14:30:09 | INFO     | [14:30:09] ✅ DONE | 00010/2024 | item 00016 | 213/1308 (16.3%) | Falhas: 0
14:30:09 | INFO     | [14:30:09] ✅ DONE | 00010/2024 | item 00018 | 214/1308 (16.4%) | Falhas: 0
14:30:10 | INFO     | [14:30:10] ✅ DONE | 00010/2024 | item 00019 | 215/1308 (16.4%) | Falhas: 0
14:30:10 | INFO     | [14:30:10] ✅ DONE | 00010/2024 | item 00017 | 216/1308 (16.5%) | Falhas: 0
14:30:10 | INFO     | [14:30:10] ✅ DONE | 00010/2024 | item 00022 | 217/1308 (16.6%) | Falhas: 0
14:30:11 | INFO     | [14:30:11] ✅ DONE | 00010/2024 | item 00020 | 218/1308 (16.7%) | Falhas: 0
14:30:11 | INFO     | [14:30:11] ✅ DONE | 00010/2024 | item 00021 | 219/1308 (16.7%) | Falhas: 0
14:30:12 | INFO     | [14:30:12] ✅ DONE | 00010/2024 | item 00023 | 220/1308 (16.8%) | Falhas: 0
14:30:12 | INFO     | [14:30:12] ✅ DONE | 00010/2024 | item 00026 | 221/1308 (16.9%) | Falhas: 0
14:30:13 | INFO     | [14:30:13] ✅ DONE | 00010/2024 | item 00024 | 222/1308 (17.0%) | Falhas: 0
14:30:13 | INFO     | [14:30:13] ✅ DONE | 00010/2024 | item 00025 | 223/1308 (17.0%) | Falhas: 0
14:30:14 | INFO     | [14:30:14] ✅ DONE | 00010/2024 | item 00028 | 224/1308 (17.1%) | Falhas: 0
14:30:14 | INFO     | [14:30:14] ✅ DONE | 00010/2024 | item 00029 | 225/1308 (17.2%) | Falhas: 0
14:30:14 | INFO     | [14:30:14] ✅ DONE | 00010/2024 | item 00027 | 226/1308 (17.3%) | Falhas: 0
14:30:15 | INFO     | [14:30:15] ✅ DONE | 00010/2024 | item 00032 | 227/1308 (17.4%) | Falhas: 0
14:30:15 | INFO     | [14:30:15] ✅ DONE | 00010/2024 | item 00031 | 228/1308 (17.4%) | Falhas: 0
14:30:15 | INFO     | [14:30:15] ✅ DONE | 00010/2024 | item 00030 | 229/1308 (17.5%) | Falhas: 0
14:30:16 | INFO     | [14:30:16] ✅ DONE | 00010/2024 | item 00035 | 230/1308 (17.6%) | Falhas: 0
14:30:16 | INFO     | [14:30:16] ✅ DONE | 00010/2024 | item 00033 | 231/1308 (17.7%) | Falhas: 0
14:30:17 | INFO     | [14:30:17] ✅ DONE | 00010/2024 | item 00036 | 232/1308 (17.7%) | Falhas: 0
14:30:17 | INFO     | [14:30:17] ✅ DONE | 00010/2024 | item 00034 | 233/1308 (17.8%) | Falhas: 0
14:30:17 | INFO     | [14:30:17] ✅ DONE | 00010/2024 | item 00037 | 234/1308 (17.9%) | Falhas: 0
14:30:18 | INFO     | [14:30:18] ✅ DONE | 00010/2024 | item 00039 | 235/1308 (18.0%) | Falhas: 0
14:30:18 | INFO     | [14:30:18] ✅ DONE | 00010/2024 | item 00038 | 236/1308 (18.0%) | Falhas: 0
14:30:18 | INFO     | [14:30:18] ✅ DONE | 00010/2024 | item 00040 | 237/1308 (18.1%) | Falhas: 0
14:30:19 | INFO     | [14:30:19] ✅ DONE | 00010/2024 | item 00041 | 238/1308 (18.2%) | Falhas: 0
14:30:19 | INFO     | [14:30:19] ✅ DONE | 00010/2024 | item 00043 | 239/1308 (18.3%) | Falhas: 0
14:30:19 | INFO     | [14:30:19] ✅ DONE | 00010/2024 | item 00042 | 240/1308 (18.3%) | Falhas: 0
14:30:20 | INFO     | [14:30:20] ✅ DONE | 00010/2024 | item 00044 | 241/1308 (18.4%) | Falhas: 0
14:30:20 | INFO     | [14:30:20] ✅ DONE | 00010/2024 | item 00045 | 242/1308 (18.5%) | Falhas: 0
14:30:20 | INFO     | [14:30:20] ✅ DONE | 00010/2024 | item 00046 | 243/1308 (18.6%) | Falhas: 0
14:30:21 | INFO     | [14:30:21] ✅ DONE | 00010/2024 | item 00047 | 244/1308 (18.7%) | Falhas: 0
14:30:21 | INFO     | [14:30:21] ✅ DONE | 00005/2024 | item 00126 | 245/1308 (18.7%) | Falhas: 0
14:30:21 | INFO     | [14:30:21] ✅ DONE | 00010/2024 | item 00048 | 246/1308 (18.8%) | Falhas: 0
14:30:22 | INFO     | [14:30:22] ✅ DONE | 00005/2024 | item 00127 | 247/1308 (18.9%) | Falhas: 0
14:30:23 | INFO     | [14:30:23] ✅ DONE | 00005/2024 | item 00128 | 248/1308 (19.0%) | Falhas: 0
14:30:23 | INFO     | [14:30:23] ✅ DONE | 00007/2024 | item 00024 | 249/1308 (19.0%) | Falhas: 0
14:30:23 | INFO     | [14:30:23] ✅ DONE | 00005/2024 | item 00134 | 250/1308 (19.1%) | Falhas: 0
14:30:24 | INFO     | [14:30:24] ✅ DONE | 00011/2024 | item 00002 | 251/1308 (19.2%) | Falhas: 0
14:30:24 | INFO     | [14:30:24] ✅ DONE | 00011/2024 | item 00001 | 252/1308 (19.3%) | Falhas: 0
14:30:24 | INFO     | [14:30:24] ✅ DONE | 00011/2024 | item 00004 | 253/1308 (19.3%) | Falhas: 0
14:30:25 | INFO     | [14:30:25] ✅ DONE | 00011/2024 | item 00009 | 254/1308 (19.4%) | Falhas: 0
14:30:25 | INFO     | [14:30:25] ✅ DONE | 00011/2024 | item 00007 | 255/1308 (19.5%) | Falhas: 0
14:30:25 | INFO     | [14:30:25] ✅ DONE | 00011/2024 | item 00010 | 256/1308 (19.6%) | Falhas: 0
14:30:26 | INFO     | [14:30:26] ✅ DONE | 00011/2024 | item 00011 | 257/1308 (19.6%) | Falhas: 0
14:30:26 | INFO     | [14:30:26] ✅ DONE | 00011/2024 | item 00013 | 258/1308 (19.7%) | Falhas: 0
14:30:26 | INFO     | [14:30:26] ✅ DONE | 00011/2024 | item 00012 | 259/1308 (19.8%) | Falhas: 0
14:30:27 | INFO     | [14:30:27] ✅ DONE | 00011/2024 | item 00014 | 260/1308 (19.9%) | Falhas: 0
14:30:28 | INFO     | [14:30:28] ✅ DONE | 00011/2024 | item 00016 | 261/1308 (20.0%) | Falhas: 0
14:30:28 | INFO     | [14:30:28] ✅ DONE | 00011/2024 | item 00015 | 262/1308 (20.0%) | Falhas: 0
14:30:28 | INFO     | [14:30:28] ✅ DONE | 00011/2024 | item 00019 | 263/1308 (20.1%) | Falhas: 0
14:30:29 | INFO     | [14:30:29] ✅ DONE | 00011/2024 | item 00022 | 264/1308 (20.2%) | Falhas: 0
14:30:29 | INFO     | [14:30:29] ✅ DONE | 00011/2024 | item 00024 | 265/1308 (20.3%) | Falhas: 0
14:30:29 | INFO     | [14:30:29] ✅ DONE | 00011/2024 | item 00025 | 266/1308 (20.3%) | Falhas: 0
14:30:30 | INFO     | [14:30:30] ✅ DONE | 00011/2024 | item 00026 | 267/1308 (20.4%) | Falhas: 0
14:30:31 | INFO     | [14:30:31] ✅ DONE | 00011/2024 | item 00028 | 268/1308 (20.5%) | Falhas: 0
14:30:31 | INFO     | [14:30:31] ✅ DONE | 00011/2024 | item 00027 | 269/1308 (20.6%) | Falhas: 0
14:30:31 | INFO     | [14:30:31] ✅ DONE | 00011/2024 | item 00029 | 270/1308 (20.6%) | Falhas: 0
14:30:32 | INFO     | [14:30:32] ✅ DONE | 00011/2024 | item 00030 | 271/1308 (20.7%) | Falhas: 0
14:30:33 | INFO     | [14:30:33] ✅ DONE | 00011/2024 | item 00032 | 272/1308 (20.8%) | Falhas: 0
14:30:33 | INFO     | [14:30:33] ✅ DONE | 00011/2024 | item 00033 | 273/1308 (20.9%) | Falhas: 0
14:30:33 | INFO     | [14:30:33] ✅ DONE | 00011/2024 | item 00036 | 274/1308 (20.9%) | Falhas: 0
14:30:34 | INFO     | [14:30:34] ✅ DONE | 00011/2024 | item 00037 | 275/1308 (21.0%) | Falhas: 0
14:30:34 | INFO     | [14:30:34] ✅ DONE | 00011/2024 | item 00038 | 276/1308 (21.1%) | Falhas: 0
14:30:35 | INFO     | [14:30:35] ✅ DONE | 00011/2024 | item 00039 | 277/1308 (21.2%) | Falhas: 0
14:30:35 | INFO     | [14:30:35] ✅ DONE | 00011/2024 | item 00040 | 278/1308 (21.3%) | Falhas: 0
14:30:36 | INFO     | [14:30:36] ✅ DONE | 00011/2024 | item 00042 | 279/1308 (21.3%) | Falhas: 0
14:30:36 | INFO     | [14:30:36] ✅ DONE | 00011/2024 | item 00041 | 280/1308 (21.4%) | Falhas: 0
14:30:36 | INFO     | [14:30:36] ✅ DONE | 00011/2024 | item 00043 | 281/1308 (21.5%) | Falhas: 0
14:30:37 | INFO     | [14:30:37] ✅ DONE | 00011/2024 | item 00046 | 282/1308 (21.6%) | Falhas: 0
14:30:38 | INFO     | [14:30:38] ✅ DONE | 00011/2024 | item 00044 | 283/1308 (21.6%) | Falhas: 0
14:30:38 | INFO     | [14:30:38] ✅ DONE | 00011/2024 | item 00047 | 284/1308 (21.7%) | Falhas: 0
14:30:38 | INFO     | [14:30:38] ✅ DONE | 00011/2024 | item 00055 | 285/1308 (21.8%) | Falhas: 0
14:30:40 | INFO     | [14:30:40] ✅ DONE | 00011/2024 | item 00058 | 286/1308 (21.9%) | Falhas: 0
14:30:40 | INFO     | [14:30:40] ✅ DONE | 00011/2024 | item 00060 | 287/1308 (21.9%) | Falhas: 0
14:30:40 | INFO     | [14:30:40] ✅ DONE | 00011/2024 | item 00061 | 288/1308 (22.0%) | Falhas: 0
14:30:41 | INFO     | [14:30:41] ✅ DONE | 00011/2024 | item 00065 | 289/1308 (22.1%) | Falhas: 0
14:30:41 | INFO     | [14:30:41] ✅ DONE | 00011/2024 | item 00067 | 290/1308 (22.2%) | Falhas: 0
14:30:41 | INFO     | [14:30:41] ✅ DONE | 00011/2024 | item 00062 | 291/1308 (22.2%) | Falhas: 0
14:30:42 | INFO     | [14:30:42] ✅ DONE | 00011/2024 | item 00070 | 292/1308 (22.3%) | Falhas: 0
14:30:42 | INFO     | [14:30:42] ✅ DONE | 00011/2024 | item 00068 | 293/1308 (22.4%) | Falhas: 0
14:30:42 | INFO     | [14:30:42] ✅ DONE | 00011/2024 | item 00071 | 294/1308 (22.5%) | Falhas: 0
14:30:43 | INFO     | [14:30:43] ✅ DONE | 00011/2024 | item 00074 | 295/1308 (22.6%) | Falhas: 0
14:30:43 | INFO     | [14:30:43] ✅ DONE | 00011/2024 | item 00072 | 296/1308 (22.6%) | Falhas: 0
14:30:59 | INFO     | [14:30:59] ✅ DONE | 00011/2024 | item 00077 | 297/1308 (22.7%) | Falhas: 0
14:30:59 | INFO     | [14:30:59] ✅ DONE | 00011/2024 | item 00076 | 298/1308 (22.8%) | Falhas: 0
14:30:59 | INFO     | [14:30:59] ✅ DONE | 00011/2024 | item 00075 | 299/1308 (22.9%) | Falhas: 0
14:31:00 | INFO     | [14:31:00] ✅ DONE | 00011/2024 | item 00080 | 300/1308 (22.9%) | Falhas: 0
14:31:00 | INFO     | [14:31:00] ✅ DONE | 00011/2024 | item 00079 | 301/1308 (23.0%) | Falhas: 0
14:31:00 | INFO     | [14:31:00] ✅ DONE | 00011/2024 | item 00078 | 302/1308 (23.1%) | Falhas: 0
14:31:01 | INFO     | [14:31:01] ✅ DONE | 00011/2024 | item 00081 | 303/1308 (23.2%) | Falhas: 0
14:31:17 | INFO     | [14:31:17] ✅ DONE | 00011/2024 | item 00082 | 304/1308 (23.2%) | Falhas: 0
14:31:18 | INFO     | [14:31:18] ✅ DONE | 00011/2024 | item 00083 | 305/1308 (23.3%) | Falhas: 0
14:31:18 | INFO     | [14:31:18] ✅ DONE | 00011/2024 | item 00084 | 306/1308 (23.4%) | Falhas: 0
14:31:18 | INFO     | [14:31:18] ✅ DONE | 00011/2024 | item 00091 | 307/1308 (23.5%) | Falhas: 0
14:31:18 | INFO     | [14:31:18] ✅ DONE | 00011/2024 | item 00088 | 308/1308 (23.5%) | Falhas: 0
14:31:19 | INFO     | [14:31:19] ✅ DONE | 00011/2024 | item 00095 | 309/1308 (23.6%) | Falhas: 0
14:31:19 | INFO     | [14:31:19] ✅ DONE | 00011/2024 | item 00096 | 310/1308 (23.7%) | Falhas: 0
14:31:19 | INFO     | [14:31:19] ✅ DONE | 00011/2024 | item 00094 | 311/1308 (23.8%) | Falhas: 0
14:31:20 | INFO     | [14:31:20] ✅ DONE | 00011/2024 | item 00097 | 312/1308 (23.9%) | Falhas: 0
14:31:20 | INFO     | [14:31:20] ✅ DONE | 00011/2024 | item 00098 | 313/1308 (23.9%) | Falhas: 0
14:31:20 | INFO     | [14:31:20] ✅ DONE | 00011/2024 | item 00100 | 314/1308 (24.0%) | Falhas: 0
14:31:21 | INFO     | [14:31:21] ✅ DONE | 00011/2024 | item 00106 | 315/1308 (24.1%) | Falhas: 0
14:31:21 | INFO     | [14:31:21] ✅ DONE | 00011/2024 | item 00102 | 316/1308 (24.2%) | Falhas: 0
14:31:21 | INFO     | [14:31:21] ✅ DONE | 00011/2024 | item 00103 | 317/1308 (24.2%) | Falhas: 0
14:31:22 | INFO     | [14:31:22] ✅ DONE | 00011/2024 | item 00116 | 318/1308 (24.3%) | Falhas: 0
14:31:23 | INFO     | [14:31:23] ✅ DONE | 00011/2024 | item 00117 | 319/1308 (24.4%) | Falhas: 0
14:31:23 | INFO     | [14:31:23] ✅ DONE | 00011/2024 | item 00121 | 320/1308 (24.5%) | Falhas: 0
14:31:23 | INFO     | [14:31:23] ✅ DONE | 00011/2024 | item 00125 | 321/1308 (24.5%) | Falhas: 0
14:31:24 | INFO     | [14:31:24] ✅ DONE | 00011/2024 | item 00134 | 322/1308 (24.6%) | Falhas: 0
14:31:24 | INFO     | [14:31:24] ✅ DONE | 00011/2024 | item 00139 | 323/1308 (24.7%) | Falhas: 0
14:31:24 | INFO     | [14:31:24] ✅ DONE | 00011/2024 | item 00135 | 324/1308 (24.8%) | Falhas: 0
14:31:24 | INFO     | [14:31:24] ✅ DONE | 00011/2024 | item 00146 | 325/1308 (24.8%) | Falhas: 0
14:31:25 | INFO     | [14:31:25] ✅ DONE | 00011/2024 | item 00154 | 326/1308 (24.9%) | Falhas: 0
14:31:25 | INFO     | [14:31:25] ✅ DONE | 00011/2024 | item 00157 | 327/1308 (25.0%) | Falhas: 0
14:31:25 | INFO     | [14:31:25] ✅ DONE | 00010/2024 | item 00049 | 328/1308 (25.1%) | Falhas: 0
14:31:25 | INFO     | [14:31:25] ✅ DONE | 00010/2024 | item 00050 | 329/1308 (25.2%) | Falhas: 0
14:31:26 | INFO     | [14:31:26] ✅ DONE | 00010/2024 | item 00051 | 330/1308 (25.2%) | Falhas: 0
14:31:26 | INFO     | [14:31:26] ✅ DONE | 00012/2024 | item 00010 | 331/1308 (25.3%) | Falhas: 0
14:31:26 | INFO     | [14:31:26] ✅ DONE | 00010/2024 | item 00052 | 332/1308 (25.4%) | Falhas: 0
14:31:26 | INFO     | [14:31:26] ✅ DONE | 00012/2024 | item 00011 | 333/1308 (25.5%) | Falhas: 0
14:31:27 | INFO     | [14:31:27] ✅ DONE | 00013/2024 | item 00002 | 334/1308 (25.5%) | Falhas: 0
14:31:27 | INFO     | [14:31:27] ✅ DONE | 00013/2024 | item 00003 | 335/1308 (25.6%) | Falhas: 0
14:31:27 | INFO     | [14:31:27] ✅ DONE | 00013/2024 | item 00001 | 336/1308 (25.7%) | Falhas: 0
14:31:28 | INFO     | [14:31:28] ✅ DONE | 00013/2024 | item 00004 | 337/1308 (25.8%) | Falhas: 0
14:31:28 | INFO     | [14:31:28] ✅ DONE | 00013/2024 | item 00006 | 338/1308 (25.8%) | Falhas: 0
14:31:28 | INFO     | [14:31:28] ✅ DONE | 00013/2024 | item 00005 | 339/1308 (25.9%) | Falhas: 0
14:31:29 | INFO     | [14:31:29] ✅ DONE | 00013/2024 | item 00008 | 340/1308 (26.0%) | Falhas: 0
14:31:29 | INFO     | [14:31:29] ✅ DONE | 00013/2024 | item 00009 | 341/1308 (26.1%) | Falhas: 0
14:31:29 | INFO     | [14:31:29] ✅ DONE | 00013/2024 | item 00007 | 342/1308 (26.1%) | Falhas: 0
14:31:30 | INFO     | [14:31:30] ✅ DONE | 00013/2024 | item 00011 | 343/1308 (26.2%) | Falhas: 0
14:31:30 | INFO     | [14:31:30] ✅ DONE | 00013/2024 | item 00010 | 344/1308 (26.3%) | Falhas: 0
14:31:30 | INFO     | [14:31:30] ✅ DONE | 00013/2024 | item 00012 | 345/1308 (26.4%) | Falhas: 0
14:31:31 | INFO     | [14:31:31] ✅ DONE | 00011/2024 | item 00168 | 346/1308 (26.5%) | Falhas: 0
14:31:31 | INFO     | [14:31:31] ✅ DONE | 00011/2024 | item 00169 | 347/1308 (26.5%) | Falhas: 0
14:31:31 | INFO     | [14:31:31] ✅ DONE | 00011/2024 | item 00170 | 348/1308 (26.6%) | Falhas: 0
14:31:31 | INFO     | [14:31:31] ✅ DONE | 00011/2024 | item 00172 | 349/1308 (26.7%) | Falhas: 0
14:31:32 | INFO     | [14:31:32] ✅ DONE | 00011/2024 | item 00176 | 350/1308 (26.8%) | Falhas: 0
14:31:32 | INFO     | [14:31:32] ✅ DONE | 00011/2024 | item 00175 | 351/1308 (26.8%) | Falhas: 0
14:31:32 | INFO     | [14:31:32] ✅ DONE | 00011/2024 | item 00173 | 352/1308 (26.9%) | Falhas: 0
14:31:33 | INFO     | [14:31:33] ✅ DONE | 00011/2024 | item 00190 | 353/1308 (27.0%) | Falhas: 0
14:31:33 | INFO     | [14:31:33] ✅ DONE | 00011/2024 | item 00191 | 354/1308 (27.1%) | Falhas: 0
14:31:34 | INFO     | [14:31:34] ✅ DONE | 00011/2024 | item 00192 | 355/1308 (27.1%) | Falhas: 0
14:31:34 | INFO     | [14:31:34] ✅ DONE | 00011/2024 | item 00195 | 356/1308 (27.2%) | Falhas: 0
14:31:34 | INFO     | [14:31:34] ✅ DONE | 00011/2024 | item 00185 | 357/1308 (27.3%) | Falhas: 0
14:31:35 | INFO     | [14:31:35] ✅ DONE | 00011/2024 | item 00200 | 358/1308 (27.4%) | Falhas: 0
14:31:35 | INFO     | [14:31:35] ✅ DONE | 00011/2024 | item 00204 | 359/1308 (27.4%) | Falhas: 0
14:31:35 | INFO     | [14:31:35] ✅ DONE | 00011/2024 | item 00223 | 360/1308 (27.5%) | Falhas: 0
14:31:36 | INFO     | [14:31:36] ✅ DONE | 00011/2024 | item 00232 | 361/1308 (27.6%) | Falhas: 0
14:31:36 | INFO     | [14:31:36] ✅ DONE | 00011/2024 | item 00243 | 362/1308 (27.7%) | Falhas: 0
14:31:36 | INFO     | [14:31:36] ✅ DONE | 00011/2024 | item 00236 | 363/1308 (27.8%) | Falhas: 0
14:31:37 | INFO     | [14:31:37] ✅ DONE | 00011/2024 | item 00247 | 364/1308 (27.8%) | Falhas: 0
14:31:37 | INFO     | [14:31:37] ✅ DONE | 00011/2024 | item 00258 | 365/1308 (27.9%) | Falhas: 0
14:31:37 | INFO     | [14:31:37] ✅ DONE | 00011/2024 | item 00249 | 366/1308 (28.0%) | Falhas: 0
14:31:38 | INFO     | [14:31:38] ✅ DONE | 00011/2024 | item 00259 | 367/1308 (28.1%) | Falhas: 0
14:31:38 | INFO     | [14:31:38] ✅ DONE | 00011/2024 | item 00263 | 368/1308 (28.1%) | Falhas: 0
14:31:39 | INFO     | [14:31:39] ✅ DONE | 00011/2024 | item 00266 | 369/1308 (28.2%) | Falhas: 0
14:31:39 | INFO     | [14:31:39] ✅ DONE | 00011/2024 | item 00270 | 370/1308 (28.3%) | Falhas: 0
14:31:39 | INFO     | [14:31:39] ✅ DONE | 00011/2024 | item 00272 | 371/1308 (28.4%) | Falhas: 0
14:31:40 | INFO     | [14:31:40] ✅ DONE | 00011/2024 | item 00271 | 372/1308 (28.4%) | Falhas: 0
14:31:40 | INFO     | [14:31:40] ✅ DONE | 00011/2024 | item 00273 | 373/1308 (28.5%) | Falhas: 0
14:31:41 | INFO     | [14:31:41] ✅ DONE | 00011/2024 | item 00277 | 374/1308 (28.6%) | Falhas: 0
14:31:41 | INFO     | [14:31:41] ✅ DONE | 00011/2024 | item 00274 | 375/1308 (28.7%) | Falhas: 0
14:31:41 | INFO     | [14:31:41] ✅ DONE | 00011/2024 | item 00278 | 376/1308 (28.7%) | Falhas: 0
14:31:42 | INFO     | [14:31:42] ✅ DONE | 00011/2024 | item 00280 | 377/1308 (28.8%) | Falhas: 0
14:31:42 | INFO     | [14:31:42] ✅ DONE | 00011/2024 | item 00281 | 378/1308 (28.9%) | Falhas: 0
14:31:42 | INFO     | [14:31:42] ✅ DONE | 00011/2024 | item 00279 | 379/1308 (29.0%) | Falhas: 0
14:31:42 | INFO     | [14:31:42] ✅ DONE | 00011/2024 | item 00282 | 380/1308 (29.1%) | Falhas: 0
14:31:43 | INFO     | [14:31:43] ✅ DONE | 00011/2024 | item 00283 | 381/1308 (29.1%) | Falhas: 0
14:31:43 | INFO     | [14:31:43] ✅ DONE | 00011/2024 | item 00287 | 382/1308 (29.2%) | Falhas: 0
14:31:43 | INFO     | [14:31:43] ✅ DONE | 00011/2024 | item 00288 | 383/1308 (29.3%) | Falhas: 0
14:31:44 | INFO     | [14:31:44] ✅ DONE | 00011/2024 | item 00289 | 384/1308 (29.4%) | Falhas: 0
14:31:44 | INFO     | [14:31:44] ✅ DONE | 00011/2024 | item 00291 | 385/1308 (29.4%) | Falhas: 0
14:31:45 | INFO     | [14:31:45] ✅ DONE | 00011/2024 | item 00290 | 386/1308 (29.5%) | Falhas: 0
14:31:45 | INFO     | [14:31:45] ✅ DONE | 00011/2024 | item 00294 | 387/1308 (29.6%) | Falhas: 0
14:31:45 | INFO     | [14:31:45] ✅ DONE | 00011/2024 | item 00292 | 388/1308 (29.7%) | Falhas: 0
14:31:46 | INFO     | [14:31:46] ✅ DONE | 00011/2024 | item 00297 | 389/1308 (29.7%) | Falhas: 0
14:31:46 | INFO     | [14:31:46] ✅ DONE | 00011/2024 | item 00295 | 390/1308 (29.8%) | Falhas: 0
14:31:46 | INFO     | [14:31:46] ✅ DONE | 00011/2024 | item 00298 | 391/1308 (29.9%) | Falhas: 0
14:31:47 | INFO     | [14:31:47] ✅ DONE | 00011/2024 | item 00303 | 392/1308 (30.0%) | Falhas: 0
14:31:47 | INFO     | [14:31:47] ✅ DONE | 00011/2024 | item 00301 | 393/1308 (30.0%) | Falhas: 0
14:31:47 | INFO     | [14:31:47] ✅ DONE | 00011/2024 | item 00304 | 394/1308 (30.1%) | Falhas: 0
14:31:47 | INFO     | [14:31:47] ✅ DONE | 00011/2024 | item 00305 | 395/1308 (30.2%) | Falhas: 0
14:31:48 | INFO     | [14:31:48] ✅ DONE | 00011/2024 | item 00306 | 396/1308 (30.3%) | Falhas: 0
14:32:04 | INFO     | [14:32:04] ✅ DONE | 00011/2024 | item 00312 | 397/1308 (30.4%) | Falhas: 0
14:32:04 | INFO     | [14:32:04] ✅ DONE | 00011/2024 | item 00308 | 398/1308 (30.4%) | Falhas: 0
14:32:04 | INFO     | [14:32:04] ✅ DONE | 00011/2024 | item 00307 | 399/1308 (30.5%) | Falhas: 0
14:32:05 | INFO     | [14:32:05] ✅ DONE | 00011/2024 | item 00315 | 400/1308 (30.6%) | Falhas: 0
14:32:05 | INFO     | [14:32:05] ✅ DONE | 00011/2024 | item 00314 | 401/1308 (30.7%) | Falhas: 0
14:32:05 | INFO     | [14:32:05] ✅ DONE | 00011/2024 | item 00316 | 402/1308 (30.7%) | Falhas: 0
14:32:06 | INFO     | [14:32:06] ✅ DONE | 00011/2024 | item 00318 | 403/1308 (30.8%) | Falhas: 0
14:32:21 | INFO     | [14:32:21] ✅ DONE | 00011/2024 | item 00321 | 404/1308 (30.9%) | Falhas: 0
14:32:22 | INFO     | [14:32:22] ✅ DONE | 00011/2024 | item 00324 | 405/1308 (31.0%) | Falhas: 0
14:32:22 | INFO     | [14:32:22] ✅ DONE | 00011/2024 | item 00325 | 406/1308 (31.0%) | Falhas: 0
14:32:22 | INFO     | [14:32:22] ✅ DONE | 00011/2024 | item 00328 | 407/1308 (31.1%) | Falhas: 0
14:32:23 | INFO     | [14:32:23] ✅ DONE | 00011/2024 | item 00329 | 408/1308 (31.2%) | Falhas: 0
14:32:23 | INFO     | [14:32:23] ✅ DONE | 00011/2024 | item 00330 | 409/1308 (31.3%) | Falhas: 0
14:32:23 | INFO     | [14:32:23] ✅ DONE | 00011/2024 | item 00331 | 410/1308 (31.3%) | Falhas: 0
14:32:24 | INFO     | [14:32:24] ✅ DONE | 00011/2024 | item 00333 | 411/1308 (31.4%) | Falhas: 0
14:32:24 | INFO     | [14:32:24] ✅ DONE | 00011/2024 | item 00334 | 412/1308 (31.5%) | Falhas: 0
14:32:24 | INFO     | [14:32:24] ✅ DONE | 00011/2024 | item 00335 | 413/1308 (31.6%) | Falhas: 0
14:32:25 | INFO     | [14:32:25] ✅ DONE | 00011/2024 | item 00336 | 414/1308 (31.7%) | Falhas: 0
14:32:25 | INFO     | [14:32:25] ✅ DONE | 00011/2024 | item 00338 | 415/1308 (31.7%) | Falhas: 0
14:32:26 | INFO     | [14:32:26] ✅ DONE | 00011/2024 | item 00337 | 416/1308 (31.8%) | Falhas: 0
14:32:26 | INFO     | [14:32:26] ✅ DONE | 00011/2024 | item 00342 | 417/1308 (31.9%) | Falhas: 0
14:32:27 | INFO     | [14:32:27] ✅ DONE | 00011/2024 | item 00346 | 418/1308 (32.0%) | Falhas: 0
14:32:27 | INFO     | [14:32:27] ✅ DONE | 00011/2024 | item 00350 | 419/1308 (32.0%) | Falhas: 0
14:32:27 | INFO     | [14:32:27] ✅ DONE | 00011/2024 | item 00351 | 420/1308 (32.1%) | Falhas: 0
14:32:28 | INFO     | [14:32:28] ✅ DONE | 00011/2024 | item 00352 | 421/1308 (32.2%) | Falhas: 0
14:32:28 | INFO     | [14:32:28] ✅ DONE | 00011/2024 | item 00353 | 422/1308 (32.3%) | Falhas: 0
14:32:28 | INFO     | [14:32:28] ✅ DONE | 00011/2024 | item 00354 | 423/1308 (32.3%) | Falhas: 0
14:32:29 | INFO     | [14:32:29] ✅ DONE | 00011/2024 | item 00355 | 424/1308 (32.4%) | Falhas: 0
14:32:29 | INFO     | [14:32:29] ✅ DONE | 00011/2024 | item 00356 | 425/1308 (32.5%) | Falhas: 0
14:32:30 | INFO     | [14:32:30] ✅ DONE | 00011/2024 | item 00360 | 426/1308 (32.6%) | Falhas: 0
14:32:30 | INFO     | [14:32:30] ✅ DONE | 00011/2024 | item 00362 | 427/1308 (32.6%) | Falhas: 0
14:32:30 | INFO     | [14:32:30] ✅ DONE | 00011/2024 | item 00363 | 428/1308 (32.7%) | Falhas: 0
14:32:31 | INFO     | [14:32:31] ✅ DONE | 00011/2024 | item 00364 | 429/1308 (32.8%) | Falhas: 0
14:32:31 | INFO     | [14:32:31] ✅ DONE | 00011/2024 | item 00365 | 430/1308 (32.9%) | Falhas: 0
14:32:31 | INFO     | [14:32:31] ✅ DONE | 00011/2024 | item 00370 | 431/1308 (33.0%) | Falhas: 0
14:32:32 | INFO     | [14:32:32] ✅ DONE | 00011/2024 | item 00371 | 432/1308 (33.0%) | Falhas: 0
14:32:33 | INFO     | [14:32:33] ✅ DONE | 00011/2024 | item 00373 | 433/1308 (33.1%) | Falhas: 0
14:32:33 | INFO     | [14:32:33] ✅ DONE | 00011/2024 | item 00372 | 434/1308 (33.2%) | Falhas: 0
14:32:33 | INFO     | [14:32:33] ✅ DONE | 00011/2024 | item 00374 | 435/1308 (33.3%) | Falhas: 0
14:32:34 | INFO     | [14:32:34] ✅ DONE | 00011/2024 | item 00375 | 436/1308 (33.3%) | Falhas: 0
14:32:35 | INFO     | [14:32:35] ✅ DONE | 00011/2024 | item 00376 | 437/1308 (33.4%) | Falhas: 0
14:32:35 | INFO     | [14:32:35] ✅ DONE | 00011/2024 | item 00377 | 438/1308 (33.5%) | Falhas: 0
14:32:35 | INFO     | [14:32:35] ✅ DONE | 00011/2024 | item 00379 | 439/1308 (33.6%) | Falhas: 0
14:32:36 | INFO     | [14:32:36] ✅ DONE | 00011/2024 | item 00382 | 440/1308 (33.6%) | Falhas: 0
14:32:36 | INFO     | [14:32:36] ✅ DONE | 00011/2024 | item 00381 | 441/1308 (33.7%) | Falhas: 0
14:32:36 | INFO     | [14:32:36] ✅ DONE | 00011/2024 | item 00380 | 442/1308 (33.8%) | Falhas: 0
14:32:37 | INFO     | [14:32:37] ✅ DONE | 00011/2024 | item 00387 | 443/1308 (33.9%) | Falhas: 0
14:32:38 | INFO     | [14:32:38] ✅ DONE | 00011/2024 | item 00384 | 444/1308 (33.9%) | Falhas: 0
14:32:38 | INFO     | [14:32:38] ✅ DONE | 00011/2024 | item 00385 | 445/1308 (34.0%) | Falhas: 0
14:32:39 | INFO     | [14:32:39] ✅ DONE | 00011/2024 | item 00390 | 446/1308 (34.1%) | Falhas: 0
14:32:39 | INFO     | [14:32:39] ✅ DONE | 00011/2024 | item 00391 | 447/1308 (34.2%) | Falhas: 0
14:32:39 | INFO     | [14:32:39] ✅ DONE | 00011/2024 | item 00388 | 448/1308 (34.3%) | Falhas: 0
14:32:40 | INFO     | [14:32:40] ✅ DONE | 00011/2024 | item 00393 | 449/1308 (34.3%) | Falhas: 0
14:32:41 | INFO     | [14:32:41] ✅ DONE | 00011/2024 | item 00395 | 450/1308 (34.4%) | Falhas: 0
14:32:41 | INFO     | [14:32:41] ✅ DONE | 00011/2024 | item 00394 | 451/1308 (34.5%) | Falhas: 0
14:32:41 | INFO     | [14:32:41] ✅ DONE | 00011/2024 | item 00396 | 452/1308 (34.6%) | Falhas: 0
14:32:42 | INFO     | [14:32:42] ✅ DONE | 00011/2024 | item 00409 | 453/1308 (34.6%) | Falhas: 0
14:32:42 | INFO     | [14:32:42] ✅ DONE | 00011/2024 | item 00398 | 454/1308 (34.7%) | Falhas: 0
14:32:42 | INFO     | [14:32:42] ✅ DONE | 00011/2024 | item 00397 | 455/1308 (34.8%) | Falhas: 0
14:32:43 | INFO     | [14:32:43] ✅ DONE | 00011/2024 | item 00426 | 456/1308 (34.9%) | Falhas: 0
14:32:43 | INFO     | [14:32:43] ✅ DONE | 00011/2024 | item 00418 | 457/1308 (34.9%) | Falhas: 0
14:32:44 | INFO     | [14:32:44] ✅ DONE | 00011/2024 | item 00431 | 458/1308 (35.0%) | Falhas: 0
14:32:44 | INFO     | [14:32:44] ✅ DONE | 00011/2024 | item 00432 | 459/1308 (35.1%) | Falhas: 0
14:32:45 | INFO     | [14:32:45] ✅ DONE | 00011/2024 | item 00440 | 460/1308 (35.2%) | Falhas: 0
14:32:45 | INFO     | [14:32:45] ✅ DONE | 00011/2024 | item 00437 | 461/1308 (35.2%) | Falhas: 0
14:32:46 | INFO     | [14:32:46] ✅ DONE | 00011/2024 | item 00452 | 462/1308 (35.3%) | Falhas: 0
14:32:46 | INFO     | [14:32:46] ✅ DONE | 00011/2024 | item 00457 | 463/1308 (35.4%) | Falhas: 0
14:32:47 | INFO     | [14:32:47] ✅ DONE | 00011/2024 | item 00468 | 464/1308 (35.5%) | Falhas: 0
14:32:47 | INFO     | [14:32:47] ✅ DONE | 00011/2024 | item 00473 | 465/1308 (35.6%) | Falhas: 0
14:32:48 | INFO     | [14:32:48] ✅ DONE | 00011/2024 | item 00479 | 466/1308 (35.6%) | Falhas: 0
14:32:48 | INFO     | [14:32:48] ✅ DONE | 00011/2024 | item 00486 | 467/1308 (35.7%) | Falhas: 0
14:32:49 | INFO     | [14:32:49] ✅ DONE | 00011/2024 | item 00476 | 468/1308 (35.8%) | Falhas: 0
14:32:49 | INFO     | [14:32:49] ✅ DONE | 00011/2024 | item 00487 | 469/1308 (35.9%) | Falhas: 0
14:32:50 | INFO     | [14:32:50] ✅ DONE | 00011/2024 | item 00495 | 470/1308 (35.9%) | Falhas: 0
14:32:50 | INFO     | [14:32:50] ✅ DONE | 00011/2024 | item 00488 | 471/1308 (36.0%) | Falhas: 0
14:32:50 | INFO     | [14:32:50] ✅ DONE | 00011/2024 | item 00497 | 472/1308 (36.1%) | Falhas: 0
14:32:51 | INFO     | [14:32:51] ✅ DONE | 00011/2024 | item 00498 | 473/1308 (36.2%) | Falhas: 0
14:32:51 | INFO     | [14:32:51] ✅ DONE | 00011/2024 | item 00499 | 474/1308 (36.2%) | Falhas: 0
14:32:51 | INFO     | [14:32:51] ✅ DONE | 00011/2024 | item 00503 | 475/1308 (36.3%) | Falhas: 0
14:32:52 | INFO     | [14:32:52] ✅ DONE | 00011/2024 | item 00506 | 476/1308 (36.4%) | Falhas: 0
14:32:52 | INFO     | [14:32:52] ✅ DONE | 00011/2024 | item 00517 | 477/1308 (36.5%) | Falhas: 0
14:32:52 | INFO     | [14:32:52] ✅ DONE | 00011/2024 | item 00515 | 478/1308 (36.5%) | Falhas: 0
14:32:53 | INFO     | [14:32:53] ✅ DONE | 00011/2024 | item 00519 | 479/1308 (36.6%) | Falhas: 0
14:32:53 | INFO     | [14:32:53] ✅ DONE | 00011/2024 | item 00521 | 480/1308 (36.7%) | Falhas: 0
14:32:53 | INFO     | [14:32:53] ✅ DONE | 00011/2024 | item 00530 | 481/1308 (36.8%) | Falhas: 0
14:32:54 | INFO     | [14:32:54] ✅ DONE | 00011/2024 | item 00534 | 482/1308 (36.9%) | Falhas: 0
14:32:54 | INFO     | [14:32:54] ✅ DONE | 00011/2024 | item 00541 | 483/1308 (36.9%) | Falhas: 0
14:32:54 | INFO     | [14:32:54] ✅ DONE | 00011/2024 | item 00544 | 484/1308 (37.0%) | Falhas: 0
14:32:54 | INFO     | [14:32:54] ✅ DONE | 00011/2024 | item 00546 | 485/1308 (37.1%) | Falhas: 0
14:32:55 | INFO     | [14:32:55] ✅ DONE | 00011/2024 | item 00547 | 486/1308 (37.2%) | Falhas: 0
14:32:55 | INFO     | [14:32:55] ✅ DONE | 00011/2024 | item 00548 | 487/1308 (37.2%) | Falhas: 0
14:32:55 | INFO     | [14:32:55] ✅ DONE | 00011/2024 | item 00550 | 488/1308 (37.3%) | Falhas: 0
14:32:55 | INFO     | [14:32:55] ✅ DONE | 00011/2024 | item 00552 | 489/1308 (37.4%) | Falhas: 0
14:32:56 | INFO     | [14:32:56] ✅ DONE | 00011/2024 | item 00553 | 490/1308 (37.5%) | Falhas: 0
14:32:56 | INFO     | [14:32:56] ✅ DONE | 00011/2024 | item 00554 | 491/1308 (37.5%) | Falhas: 0
14:32:56 | INFO     | [14:32:56] ✅ DONE | 00011/2024 | item 00555 | 492/1308 (37.6%) | Falhas: 0
14:32:57 | INFO     | [14:32:57] ✅ DONE | 00011/2024 | item 00556 | 493/1308 (37.7%) | Falhas: 0
14:32:57 | INFO     | [14:32:57] ✅ DONE | 00011/2024 | item 00557 | 494/1308 (37.8%) | Falhas: 0
14:32:57 | INFO     | [14:32:57] ✅ DONE | 00011/2024 | item 00558 | 495/1308 (37.8%) | Falhas: 0
14:32:58 | INFO     | [14:32:58] ✅ DONE | 00011/2024 | item 00559 | 496/1308 (37.9%) | Falhas: 0
14:33:14 | INFO     | [14:33:14] ✅ DONE | 00011/2024 | item 00563 | 497/1308 (38.0%) | Falhas: 0
14:33:14 | INFO     | [14:33:14] ✅ DONE | 00011/2024 | item 00567 | 498/1308 (38.1%) | Falhas: 0
14:33:14 | INFO     | [14:33:14] ✅ DONE | 00011/2024 | item 00570 | 499/1308 (38.1%) | Falhas: 0
14:33:15 | INFO     | [14:33:15] ✅ DONE | 00011/2024 | item 00572 | 500/1308 (38.2%) | Falhas: 0
14:33:15 | INFO     | [14:33:15] ✅ DONE | 00011/2024 | item 00571 | 501/1308 (38.3%) | Falhas: 0
14:33:15 | INFO     | [14:33:15] ✅ DONE | 00011/2024 | item 00573 | 502/1308 (38.4%) | Falhas: 0
14:33:16 | INFO     | [14:33:16] ✅ DONE | 00013/2024 | item 00013 | 503/1308 (38.5%) | Falhas: 0
14:33:32 | INFO     | [14:33:32] ✅ DONE | 00014/2024 | item 00014 | 504/1308 (38.5%) | Falhas: 0
14:33:32 | INFO     | [14:33:32] ✅ DONE | 00015/2024 | item 00001 | 505/1308 (38.6%) | Falhas: 0
14:33:33 | INFO     | [14:33:33] ✅ DONE | 00015/2024 | item 00003 | 506/1308 (38.7%) | Falhas: 0
14:33:33 | INFO     | [14:33:33] ✅ DONE | 00015/2024 | item 00002 | 507/1308 (38.8%) | Falhas: 0
14:33:34 | INFO     | [14:33:34] ✅ DONE | 00015/2024 | item 00020 | 508/1308 (38.8%) | Falhas: 0
14:33:34 | INFO     | [14:33:34] ✅ DONE | 00011/2024 | item 00574 | 509/1308 (38.9%) | Falhas: 0
14:33:34 | INFO     | [14:33:34] ✅ DONE | 00015/2024 | item 00004 | 510/1308 (39.0%) | Falhas: 0
14:33:35 | INFO     | [14:33:35] ✅ DONE | 00011/2024 | item 00576 | 511/1308 (39.1%) | Falhas: 0
14:33:35 | INFO     | [14:33:35] ✅ DONE | 00011/2024 | item 00575 | 512/1308 (39.1%) | Falhas: 0
14:33:35 | INFO     | [14:33:35] ✅ DONE | 00011/2024 | item 00581 | 513/1308 (39.2%) | Falhas: 0
14:33:36 | INFO     | [14:33:36] ✅ DONE | 00011/2024 | item 00583 | 514/1308 (39.3%) | Falhas: 0
14:33:36 | INFO     | [14:33:36] ✅ DONE | 00011/2024 | item 00584 | 515/1308 (39.4%) | Falhas: 0
14:33:36 | INFO     | [14:33:36] ✅ DONE | 00011/2024 | item 00582 | 516/1308 (39.4%) | Falhas: 0
14:33:37 | INFO     | [14:33:37] ✅ DONE | 00011/2024 | item 00585 | 517/1308 (39.5%) | Falhas: 0
14:33:37 | INFO     | [14:33:37] ✅ DONE | 00011/2024 | item 00586 | 518/1308 (39.6%) | Falhas: 0
14:33:37 | INFO     | [14:33:37] ✅ DONE | 00011/2024 | item 00590 | 519/1308 (39.7%) | Falhas: 0
14:33:38 | INFO     | [14:33:38] ✅ DONE | 00011/2024 | item 00591 | 520/1308 (39.8%) | Falhas: 0
14:33:38 | INFO     | [14:33:38] ✅ DONE | 00011/2024 | item 00592 | 521/1308 (39.8%) | Falhas: 0
14:33:38 | INFO     | [14:33:38] ✅ DONE | 00011/2024 | item 00593 | 522/1308 (39.9%) | Falhas: 0
14:33:39 | INFO     | [14:33:39] ✅ DONE | 00011/2024 | item 00596 | 523/1308 (40.0%) | Falhas: 0
14:33:39 | INFO     | [14:33:39] ✅ DONE | 00011/2024 | item 00595 | 524/1308 (40.1%) | Falhas: 0
14:33:39 | INFO     | [14:33:39] ✅ DONE | 00011/2024 | item 00594 | 525/1308 (40.1%) | Falhas: 0
14:33:40 | INFO     | [14:33:40] ✅ DONE | 00011/2024 | item 00601 | 526/1308 (40.2%) | Falhas: 0
14:33:40 | INFO     | [14:33:40] ✅ DONE | 00011/2024 | item 00597 | 527/1308 (40.3%) | Falhas: 0
14:33:40 | INFO     | [14:33:40] ✅ DONE | 00011/2024 | item 00599 | 528/1308 (40.4%) | Falhas: 0
14:33:40 | INFO     | [14:33:40] ✅ DONE | 00011/2024 | item 00602 | 529/1308 (40.4%) | Falhas: 0
14:33:41 | INFO     | [14:33:41] ✅ DONE | 00011/2024 | item 00608 | 530/1308 (40.5%) | Falhas: 0
14:33:41 | INFO     | [14:33:41] ✅ DONE | 00011/2024 | item 00605 | 531/1308 (40.6%) | Falhas: 0
14:33:41 | INFO     | [14:33:41] ✅ DONE | 00011/2024 | item 00607 | 532/1308 (40.7%) | Falhas: 0
14:33:42 | INFO     | [14:33:42] ✅ DONE | 00011/2024 | item 00610 | 533/1308 (40.7%) | Falhas: 0
14:33:42 | INFO     | [14:33:42] ✅ DONE | 00011/2024 | item 00611 | 534/1308 (40.8%) | Falhas: 0
14:33:43 | INFO     | [14:33:43] ✅ DONE | 00011/2024 | item 00609 | 535/1308 (40.9%) | Falhas: 0
14:33:44 | INFO     | [14:33:44] ✅ DONE | 00011/2024 | item 00616 | 536/1308 (41.0%) | Falhas: 0
14:33:44 | INFO     | [14:33:44] ✅ DONE | 00011/2024 | item 00612 | 537/1308 (41.1%) | Falhas: 0
14:33:45 | INFO     | [14:33:45] ✅ DONE | 00011/2024 | item 00617 | 538/1308 (41.1%) | Falhas: 0
14:33:46 | INFO     | [14:33:46] ✅ DONE | 00011/2024 | item 00618 | 539/1308 (41.2%) | Falhas: 0
14:33:46 | INFO     | [14:33:46] ✅ DONE | 00011/2024 | item 00619 | 540/1308 (41.3%) | Falhas: 0
14:33:47 | INFO     | [14:33:47] ✅ DONE | 00011/2024 | item 00620 | 541/1308 (41.4%) | Falhas: 0
14:33:47 | INFO     | [14:33:47] ✅ DONE | 00011/2024 | item 00622 | 542/1308 (41.4%) | Falhas: 0
14:33:47 | INFO     | [14:33:47] ✅ DONE | 00011/2024 | item 00624 | 543/1308 (41.5%) | Falhas: 0
14:33:48 | INFO     | [14:33:48] ✅ DONE | 00011/2024 | item 00625 | 544/1308 (41.6%) | Falhas: 0
14:33:48 | INFO     | [14:33:48] ✅ DONE | 00011/2024 | item 00626 | 545/1308 (41.7%) | Falhas: 0
14:33:48 | INFO     | [14:33:48] ✅ DONE | 00011/2024 | item 00627 | 546/1308 (41.7%) | Falhas: 0
14:33:50 | INFO     | [14:33:50] ✅ DONE | 00011/2024 | item 00630 | 547/1308 (41.8%) | Falhas: 0
14:33:51 | INFO     | [14:33:51] ✅ DONE | 00011/2024 | item 00628 | 548/1308 (41.9%) | Falhas: 0
14:33:51 | INFO     | [14:33:51] ✅ DONE | 00011/2024 | item 00631 | 549/1308 (42.0%) | Falhas: 0
14:33:51 | INFO     | [14:33:51] ✅ DONE | 00015/2024 | item 00021 | 550/1308 (42.0%) | Falhas: 0
14:33:52 | INFO     | [14:33:52] ✅ DONE | 00015/2024 | item 00022 | 551/1308 (42.1%) | Falhas: 0
14:33:52 | INFO     | [14:33:52] ✅ DONE | 00015/2024 | item 00028 | 552/1308 (42.2%) | Falhas: 0
14:33:52 | INFO     | [14:33:52] ✅ DONE | 00015/2024 | item 00023 | 553/1308 (42.3%) | Falhas: 0
14:33:53 | INFO     | [14:33:53] ✅ DONE | 00015/2024 | item 00030 | 554/1308 (42.4%) | Falhas: 0
14:33:53 | INFO     | [14:33:53] ✅ DONE | 00015/2024 | item 00029 | 555/1308 (42.4%) | Falhas: 0
14:33:54 | INFO     | [14:33:54] ✅ DONE | 00016/2024 | item 00005 | 556/1308 (42.5%) | Falhas: 0
14:33:54 | INFO     | [14:33:54] ✅ DONE | 00016/2024 | item 00006 | 557/1308 (42.6%) | Falhas: 0
14:33:55 | INFO     | [14:33:55] ✅ DONE | 00016/2024 | item 00007 | 558/1308 (42.7%) | Falhas: 0
14:33:55 | INFO     | [14:33:55] ✅ DONE | 00016/2024 | item 00008 | 559/1308 (42.7%) | Falhas: 0
14:33:55 | INFO     | [14:33:55] ✅ DONE | 00016/2024 | item 00009 | 560/1308 (42.8%) | Falhas: 0
14:33:56 | INFO     | [14:33:56] ✅ DONE | 00016/2024 | item 00011 | 561/1308 (42.9%) | Falhas: 0
14:33:56 | INFO     | [14:33:56] ✅ DONE | 00016/2024 | item 00012 | 562/1308 (43.0%) | Falhas: 0
14:33:57 | INFO     | [14:33:57] ✅ DONE | 00016/2024 | item 00010 | 563/1308 (43.0%) | Falhas: 0
14:33:57 | INFO     | [14:33:57] ✅ DONE | 00016/2024 | item 00013 | 564/1308 (43.1%) | Falhas: 0
14:33:58 | INFO     | [14:33:58] ✅ DONE | 00016/2024 | item 00014 | 565/1308 (43.2%) | Falhas: 0
14:33:59 | INFO     | [14:33:59] ✅ DONE | 00016/2024 | item 00015 | 566/1308 (43.3%) | Falhas: 0
14:33:59 | INFO     | [14:33:59] ✅ DONE | 00016/2024 | item 00017 | 567/1308 (43.3%) | Falhas: 0
14:33:59 | INFO     | [14:33:59] ✅ DONE | 00016/2024 | item 00016 | 568/1308 (43.4%) | Falhas: 0
14:34:00 | INFO     | [14:34:00] ✅ DONE | 00016/2024 | item 00024 | 569/1308 (43.5%) | Falhas: 0
14:34:00 | INFO     | [14:34:00] ✅ DONE | 00016/2024 | item 00019 | 570/1308 (43.6%) | Falhas: 0
14:34:00 | INFO     | [14:34:00] ✅ DONE | 00016/2024 | item 00018 | 571/1308 (43.7%) | Falhas: 0
14:34:01 | INFO     | [14:34:01] ✅ DONE | 00016/2024 | item 00027 | 572/1308 (43.7%) | Falhas: 0
14:34:02 | INFO     | [14:34:02] ✅ DONE | 00016/2024 | item 00025 | 573/1308 (43.8%) | Falhas: 0
14:34:02 | INFO     | [14:34:02] ✅ DONE | 00016/2024 | item 00031 | 574/1308 (43.9%) | Falhas: 0
14:34:03 | INFO     | [14:34:03] ✅ DONE | 00016/2024 | item 00026 | 575/1308 (44.0%) | Falhas: 0
14:34:03 | INFO     | [14:34:03] ✅ DONE | 00016/2024 | item 00032 | 576/1308 (44.0%) | Falhas: 0
14:34:04 | INFO     | [14:34:04] ✅ DONE | 00016/2024 | item 00033 | 577/1308 (44.1%) | Falhas: 0
14:34:04 | INFO     | [14:34:04] ✅ DONE | 00017/2024 | item 00002 | 578/1308 (44.2%) | Falhas: 0
14:34:04 | INFO     | [14:34:04] ✅ DONE | 00016/2024 | item 00034 | 579/1308 (44.3%) | Falhas: 0
14:34:05 | INFO     | [14:34:05] ✅ DONE | 00017/2024 | item 00005 | 580/1308 (44.3%) | Falhas: 0
14:34:05 | INFO     | [14:34:05] ✅ DONE | 00017/2024 | item 00014 | 581/1308 (44.4%) | Falhas: 0
14:34:05 | INFO     | [14:34:05] ✅ DONE | 00017/2024 | item 00017 | 582/1308 (44.5%) | Falhas: 0
14:34:05 | INFO     | [14:34:05] ✅ DONE | 00017/2024 | item 00031 | 583/1308 (44.6%) | Falhas: 0
14:34:06 | INFO     | [14:34:06] ✅ DONE | 00017/2024 | item 00045 | 584/1308 (44.6%) | Falhas: 0
14:34:06 | INFO     | [14:34:06] ✅ DONE | 00017/2024 | item 00037 | 585/1308 (44.7%) | Falhas: 0
14:34:06 | INFO     | [14:34:06] ✅ DONE | 00017/2024 | item 00044 | 586/1308 (44.8%) | Falhas: 0
14:34:07 | INFO     | [14:34:07] ✅ DONE | 00017/2024 | item 00046 | 587/1308 (44.9%) | Falhas: 0
14:34:07 | INFO     | [14:34:07] ✅ DONE | 00017/2024 | item 00055 | 588/1308 (45.0%) | Falhas: 0
14:34:07 | INFO     | [14:34:07] ✅ DONE | 00017/2024 | item 00056 | 589/1308 (45.0%) | Falhas: 0
14:34:08 | INFO     | [14:34:08] ✅ DONE | 00017/2024 | item 00074 | 590/1308 (45.1%) | Falhas: 0
14:34:08 | INFO     | [14:34:08] ✅ DONE | 00017/2024 | item 00061 | 591/1308 (45.2%) | Falhas: 0
14:34:08 | INFO     | [14:34:08] ✅ DONE | 00017/2024 | item 00067 | 592/1308 (45.3%) | Falhas: 0
14:34:09 | INFO     | [14:34:09] ✅ DONE | 00017/2024 | item 00086 | 593/1308 (45.3%) | Falhas: 0
14:34:09 | INFO     | [14:34:09] ✅ DONE | 00018/2024 | item 00019 | 594/1308 (45.4%) | Falhas: 0
14:34:10 | INFO     | [14:34:10] ✅ DONE | 00018/2024 | item 00015 | 595/1308 (45.5%) | Falhas: 0
14:34:10 | INFO     | [14:34:10] ✅ DONE | 00018/2024 | item 00020 | 596/1308 (45.6%) | Falhas: 0
14:34:26 | INFO     | [14:34:26] ✅ DONE | 00018/2024 | item 00026 | 597/1308 (45.6%) | Falhas: 0
14:34:27 | INFO     | [14:34:27] ✅ DONE | 00018/2024 | item 00060 | 598/1308 (45.7%) | Falhas: 0
14:34:27 | INFO     | [14:34:27] ✅ DONE | 00018/2024 | item 00052 | 599/1308 (45.8%) | Falhas: 0
14:34:27 | INFO     | [14:34:27] ✅ DONE | 00018/2024 | item 00069 | 600/1308 (45.9%) | Falhas: 0
14:34:28 | INFO     | [14:34:28] ✅ DONE | 00018/2024 | item 00070 | 601/1308 (45.9%) | Falhas: 0
14:34:28 | INFO     | [14:34:28] ✅ DONE | 00018/2024 | item 00081 | 602/1308 (46.0%) | Falhas: 0
14:34:28 | INFO     | [14:34:28] ✅ DONE | 00018/2024 | item 00080 | 603/1308 (46.1%) | Falhas: 0
14:34:44 | INFO     | [14:34:44] ✅ DONE | 00002/2025 | item 00002 | 604/1308 (46.2%) | Falhas: 0
14:34:45 | INFO     | [14:34:45] ✅ DONE | 00002/2025 | item 00003 | 605/1308 (46.3%) | Falhas: 0
14:34:45 | INFO     | [14:34:45] ✅ DONE | 00004/2025 | item 00001 | 606/1308 (46.3%) | Falhas: 0
14:34:45 | INFO     | [14:34:45] ✅ DONE | 00004/2025 | item 00002 | 607/1308 (46.4%) | Falhas: 0
14:34:45 | INFO     | [14:34:45] ✅ DONE | 00004/2025 | item 00004 | 608/1308 (46.5%) | Falhas: 0
14:34:46 | INFO     | [14:34:46] ✅ DONE | 00004/2025 | item 00003 | 609/1308 (46.6%) | Falhas: 0
14:34:46 | INFO     | [14:34:46] ✅ DONE | 00004/2025 | item 00005 | 610/1308 (46.6%) | Falhas: 0
14:34:46 | INFO     | [14:34:46] ✅ DONE | 00003/2025 | item 00001 | 611/1308 (46.7%) | Falhas: 0
14:34:47 | INFO     | [14:34:47] ✅ DONE | 00001/2025 | item 00001 | 612/1308 (46.8%) | Falhas: 0
14:34:47 | INFO     | [14:34:47] ✅ DONE | 00008/2025 | item 00003 | 613/1308 (46.9%) | Falhas: 0
14:34:47 | INFO     | [14:34:47] ✅ DONE | 00005/2025 | item 00005 | 614/1308 (46.9%) | Falhas: 0
14:34:48 | INFO     | [14:34:48] ✅ DONE | 00007/2025 | item 00001 | 615/1308 (47.0%) | Falhas: 0
14:34:48 | INFO     | [14:34:48] ✅ DONE | 00010/2025 | item 00001 | 616/1308 (47.1%) | Falhas: 0
14:34:48 | INFO     | [14:34:48] ✅ DONE | 00011/2025 | item 00002 | 617/1308 (47.2%) | Falhas: 0
14:34:49 | INFO     | [14:34:49] ✅ DONE | 00011/2025 | item 00003 | 618/1308 (47.2%) | Falhas: 0
14:34:49 | INFO     | [14:34:49] ✅ DONE | 00004/2025 | item 00006 | 619/1308 (47.3%) | Falhas: 0
14:34:49 | INFO     | [14:34:49] ✅ DONE | 00004/2025 | item 00007 | 620/1308 (47.4%) | Falhas: 0
14:34:50 | INFO     | [14:34:50] ✅ DONE | 00006/2025 | item 00004 | 621/1308 (47.5%) | Falhas: 0
14:34:50 | INFO     | [14:34:50] ✅ DONE | 00015/2025 | item 00001 | 622/1308 (47.6%) | Falhas: 0
14:34:50 | INFO     | [14:34:50] ✅ DONE | 00009/2025 | item 00002 | 623/1308 (47.6%) | Falhas: 0
14:34:51 | INFO     | [14:34:51] ✅ DONE | 00015/2025 | item 00002 | 624/1308 (47.7%) | Falhas: 0
14:34:51 | INFO     | [14:34:51] ✅ DONE | 00016/2025 | item 00001 | 625/1308 (47.8%) | Falhas: 0
14:34:51 | INFO     | [14:34:51] ✅ DONE | 00016/2025 | item 00002 | 626/1308 (47.9%) | Falhas: 0
14:34:52 | INFO     | [14:34:52] ✅ DONE | 00016/2025 | item 00004 | 627/1308 (47.9%) | Falhas: 0
14:34:52 | INFO     | [14:34:52] ✅ DONE | 00016/2025 | item 00005 | 628/1308 (48.0%) | Falhas: 0
14:34:52 | INFO     | [14:34:52] ✅ DONE | 00016/2025 | item 00007 | 629/1308 (48.1%) | Falhas: 0
14:34:53 | INFO     | [14:34:53] ✅ DONE | 00017/2025 | item 00013 | 630/1308 (48.2%) | Falhas: 0
14:34:53 | INFO     | [14:34:53] ✅ DONE | 00022/2025 | item 00011 | 631/1308 (48.2%) | Falhas: 0
14:34:53 | INFO     | [14:34:53] ✅ DONE | 00021/2025 | item 00001 | 632/1308 (48.3%) | Falhas: 0
14:34:54 | INFO     | [14:34:54] ✅ DONE | 00023/2025 | item 00002 | 633/1308 (48.4%) | Falhas: 0
14:34:54 | INFO     | [14:34:54] ✅ DONE | 00023/2025 | item 00003 | 634/1308 (48.5%) | Falhas: 0
14:34:54 | INFO     | [14:34:54] ✅ DONE | 00018/2025 | item 00009 | 635/1308 (48.5%) | Falhas: 0
14:34:54 | INFO     | [14:34:54] ✅ DONE | 00019/2025 | item 00006 | 636/1308 (48.6%) | Falhas: 0
14:34:55 | INFO     | [14:34:55] ✅ DONE | 00020/2025 | item 00010 | 637/1308 (48.7%) | Falhas: 0
14:34:55 | INFO     | [14:34:55] ✅ DONE | 00019/2025 | item 00008 | 638/1308 (48.8%) | Falhas: 0
14:34:55 | INFO     | [14:34:55] ✅ DONE | 00024/2025 | item 00082 | 639/1308 (48.9%) | Falhas: 0
14:34:56 | INFO     | [14:34:56] ✅ DONE | 00024/2025 | item 00127 | 640/1308 (48.9%) | Falhas: 0
14:34:56 | INFO     | [14:34:56] ✅ DONE | 00023/2025 | item 00005 | 641/1308 (49.0%) | Falhas: 0
14:34:56 | INFO     | [14:34:56] ✅ DONE | 00023/2025 | item 00004 | 642/1308 (49.1%) | Falhas: 0
14:34:57 | INFO     | [14:34:57] ✅ DONE | 00023/2025 | item 00007 | 643/1308 (49.2%) | Falhas: 0
14:34:57 | INFO     | [14:34:57] ✅ DONE | 00025/2025 | item 00006 | 644/1308 (49.2%) | Falhas: 0
14:34:57 | INFO     | [14:34:57] ✅ DONE | 00025/2025 | item 00007 | 645/1308 (49.3%) | Falhas: 0
14:34:57 | INFO     | [14:34:57] ✅ DONE | 00025/2025 | item 00012 | 646/1308 (49.4%) | Falhas: 0
14:34:58 | INFO     | [14:34:58] ✅ DONE | 00024/2025 | item 00141 | 647/1308 (49.5%) | Falhas: 0
14:34:58 | INFO     | [14:34:58] ✅ DONE | 00024/2025 | item 00142 | 648/1308 (49.5%) | Falhas: 0
14:34:59 | INFO     | [14:34:59] ✅ DONE | 00024/2025 | item 00144 | 649/1308 (49.6%) | Falhas: 0
14:34:59 | INFO     | [14:34:59] ✅ DONE | 00024/2025 | item 00145 | 650/1308 (49.7%) | Falhas: 0
14:34:59 | INFO     | [14:34:59] ✅ DONE | 00026/2025 | item 00005 | 651/1308 (49.8%) | Falhas: 0
14:34:59 | INFO     | [14:34:59] ✅ DONE | 00026/2025 | item 00008 | 652/1308 (49.8%) | Falhas: 0
14:35:00 | INFO     | [14:35:00] ✅ DONE | 00026/2025 | item 00011 | 653/1308 (49.9%) | Falhas: 0
14:35:00 | INFO     | [14:35:00] ✅ DONE | 00026/2025 | item 00016 | 654/1308 (50.0%) | Falhas: 0
14:35:01 | INFO     | [14:35:01] ✅ DONE | 00027/2025 | item 00042 | 655/1308 (50.1%) | Falhas: 0
14:35:01 | INFO     | [14:35:01] ✅ DONE | 00026/2025 | item 00017 | 656/1308 (50.2%) | Falhas: 0
14:35:01 | INFO     | [14:35:01] ✅ DONE | 00026/2025 | item 00018 | 657/1308 (50.2%) | Falhas: 0
14:35:01 | INFO     | [14:35:01] ✅ DONE | 00031/2025 | item 00003 | 658/1308 (50.3%) | Falhas: 0
14:35:02 | INFO     | [14:35:02] ✅ DONE | 00031/2025 | item 00004 | 659/1308 (50.4%) | Falhas: 0
14:35:02 | INFO     | [14:35:02] ✅ DONE | 00030/2025 | item 00043 | 660/1308 (50.5%) | Falhas: 0
14:35:03 | INFO     | [14:35:03] ✅ DONE | 00031/2025 | item 00073 | 661/1308 (50.5%) | Falhas: 0
14:35:03 | INFO     | [14:35:03] ✅ DONE | 00031/2025 | item 00072 | 662/1308 (50.6%) | Falhas: 0
14:35:03 | INFO     | [14:35:03] ✅ DONE | 00031/2025 | item 00114 | 663/1308 (50.7%) | Falhas: 0
14:35:04 | INFO     | [14:35:04] ✅ DONE | 00025/2025 | item 00019 | 664/1308 (50.8%) | Falhas: 0
14:35:04 | INFO     | [14:35:04] ✅ DONE | 00031/2025 | item 00123 | 665/1308 (50.8%) | Falhas: 0
14:35:04 | INFO     | [14:35:04] ✅ DONE | 00028/2025 | item 00094 | 666/1308 (50.9%) | Falhas: 0
14:35:05 | INFO     | [14:35:05] ✅ DONE | 00033/2025 | item 00037 | 667/1308 (51.0%) | Falhas: 0
14:35:05 | INFO     | [14:35:05] ✅ DONE | 00029/2025 | item 00080 | 668/1308 (51.1%) | Falhas: 0
14:35:05 | INFO     | [14:35:05] ✅ DONE | 00033/2025 | item 00038 | 669/1308 (51.1%) | Falhas: 0
14:35:06 | INFO     | [14:35:06] ✅ DONE | 00034/2025 | item 00076 | 670/1308 (51.2%) | Falhas: 0
14:35:06 | INFO     | [14:35:06] ✅ DONE | 00031/2025 | item 00124 | 671/1308 (51.3%) | Falhas: 0
14:35:07 | INFO     | [14:35:07] ✅ DONE | 00031/2025 | item 00125 | 672/1308 (51.4%) | Falhas: 0
14:35:07 | INFO     | [14:35:07] ✅ DONE | 00032/2025 | item 00118 | 673/1308 (51.5%) | Falhas: 0
14:35:07 | INFO     | [14:35:07] ✅ DONE | 00035/2025 | item 00105 | 674/1308 (51.5%) | Falhas: 0
14:35:07 | INFO     | [14:35:07] ✅ DONE | 00032/2025 | item 00117 | 675/1308 (51.6%) | Falhas: 0
14:35:08 | INFO     | [14:35:08] ✅ DONE | 00035/2025 | item 00106 | 676/1308 (51.7%) | Falhas: 0
14:35:08 | INFO     | [14:35:08] ✅ DONE | 00035/2025 | item 00107 | 677/1308 (51.8%) | Falhas: 0
14:35:08 | INFO     | [14:35:08] ✅ DONE | 00035/2025 | item 00108 | 678/1308 (51.8%) | Falhas: 0
14:35:10 | INFO     | [14:35:10] ✅ DONE | 00035/2025 | item 00109 | 679/1308 (51.9%) | Falhas: 0
14:35:10 | INFO     | [14:35:10] ✅ DONE | 00035/2025 | item 00111 | 680/1308 (52.0%) | Falhas: 0
14:35:10 | INFO     | [14:35:10] ✅ DONE | 00035/2025 | item 00110 | 681/1308 (52.1%) | Falhas: 0
14:35:11 | INFO     | [14:35:11] ✅ DONE | 00035/2025 | item 00112 | 682/1308 (52.1%) | Falhas: 0
14:35:12 | INFO     | [14:35:12] ✅ DONE | 00035/2025 | item 00113 | 683/1308 (52.2%) | Falhas: 0
14:35:12 | INFO     | [14:35:12] ✅ DONE | 00035/2025 | item 00115 | 684/1308 (52.3%) | Falhas: 0
14:35:13 | INFO     | [14:35:13] ✅ DONE | 00035/2025 | item 00116 | 685/1308 (52.4%) | Falhas: 0
14:35:13 | INFO     | [14:35:13] ✅ DONE | 00037/2025 | item 00034 | 686/1308 (52.4%) | Falhas: 0
14:35:13 | INFO     | [14:35:13] ✅ DONE | 00037/2025 | item 00035 | 687/1308 (52.5%) | Falhas: 0
14:35:14 | INFO     | [14:35:14] ✅ DONE | 00039/2025 | item 00032 | 688/1308 (52.6%) | Falhas: 0
14:35:14 | INFO     | [14:35:14] ✅ DONE | 00036/2025 | item 00056 | 689/1308 (52.7%) | Falhas: 0
14:35:15 | INFO     | [14:35:15] ✅ DONE | 00038/2025 | item 00029 | 690/1308 (52.8%) | Falhas: 0
14:35:16 | INFO     | [14:35:16] ✅ DONE | 00038/2025 | item 00060 | 691/1308 (52.8%) | Falhas: 0
14:35:16 | INFO     | [14:35:16] ✅ DONE | 00038/2025 | item 00097 | 692/1308 (52.9%) | Falhas: 0
14:35:17 | INFO     | [14:35:17] ✅ DONE | 00042/2025 | item 00010 | 693/1308 (53.0%) | Falhas: 0
14:35:17 | INFO     | [14:35:17] ✅ DONE | 00040/2025 | item 00099 | 694/1308 (53.1%) | Falhas: 0
14:35:18 | INFO     | [14:35:18] ✅ DONE | 00042/2025 | item 00009 | 695/1308 (53.1%) | Falhas: 0
14:35:18 | INFO     | [14:35:18] ✅ DONE | 00042/2025 | item 00013 | 696/1308 (53.2%) | Falhas: 0
14:35:34 | INFO     | [14:35:34] ✅ DONE | 00042/2025 | item 00014 | 697/1308 (53.3%) | Falhas: 0
14:35:35 | INFO     | [14:35:35] ✅ DONE | 00042/2025 | item 00020 | 698/1308 (53.4%) | Falhas: 0
14:35:36 | INFO     | [14:35:36] ✅ DONE | 00042/2025 | item 00033 | 699/1308 (53.4%) | Falhas: 0
14:35:36 | INFO     | [14:35:36] ✅ DONE | 00042/2025 | item 00022 | 700/1308 (53.5%) | Falhas: 0
14:35:36 | INFO     | [14:35:36] ✅ DONE | 00042/2025 | item 00036 | 701/1308 (53.6%) | Falhas: 0
14:35:37 | INFO     | [14:35:37] ✅ DONE | 00042/2025 | item 00050 | 702/1308 (53.7%) | Falhas: 0
14:35:38 | INFO     | [14:35:38] ✅ DONE | 00042/2025 | item 00045 | 703/1308 (53.7%) | Falhas: 0
14:35:53 | INFO     | [14:35:53] ✅ DONE | 00042/2025 | item 00055 | 704/1308 (53.8%) | Falhas: 0
14:35:54 | INFO     | [14:35:54] ✅ DONE | 00042/2025 | item 00068 | 705/1308 (53.9%) | Falhas: 0
14:35:54 | INFO     | [14:35:54] ✅ DONE | 00042/2025 | item 00058 | 706/1308 (54.0%) | Falhas: 0
14:35:55 | INFO     | [14:35:55] ✅ DONE | 00042/2025 | item 00061 | 707/1308 (54.1%) | Falhas: 0
14:35:55 | INFO     | [14:35:55] ✅ DONE | 00042/2025 | item 00101 | 708/1308 (54.1%) | Falhas: 0
14:35:55 | INFO     | [14:35:55] ✅ DONE | 00042/2025 | item 00103 | 709/1308 (54.2%) | Falhas: 0
14:35:55 | INFO     | [14:35:55] ✅ DONE | 00042/2025 | item 00104 | 710/1308 (54.3%) | Falhas: 0
14:35:56 | INFO     | [14:35:56] ✅ DONE | 00041/2025 | item 00063 | 711/1308 (54.4%) | Falhas: 0
14:35:56 | INFO     | [14:35:56] ✅ DONE | 00041/2025 | item 00059 | 712/1308 (54.4%) | Falhas: 0
14:35:57 | INFO     | [14:35:57] ✅ DONE | 00043/2025 | item 00001 | 713/1308 (54.5%) | Falhas: 0
14:35:58 | INFO     | [14:35:58] ✅ DONE | 00043/2025 | item 00002 | 714/1308 (54.6%) | Falhas: 0
14:35:58 | INFO     | [14:35:58] ✅ DONE | 00043/2025 | item 00039 | 715/1308 (54.7%) | Falhas: 0
14:35:58 | INFO     | [14:35:58] ✅ DONE | 00043/2025 | item 00040 | 716/1308 (54.7%) | Falhas: 0
14:35:58 | INFO     | [14:35:58] ✅ DONE | 00042/2025 | item 00122 | 717/1308 (54.8%) | Falhas: 0
14:35:59 | INFO     | [14:35:59] ✅ DONE | 00045/2025 | item 00021 | 718/1308 (54.9%) | Falhas: 0
14:35:59 | INFO     | [14:35:59] ✅ DONE | 00044/2025 | item 00031 | 719/1308 (55.0%) | Falhas: 0
14:36:00 | INFO     | [14:36:00] ✅ DONE | 00045/2025 | item 00023 | 720/1308 (55.0%) | Falhas: 0
14:36:00 | INFO     | [14:36:00] ✅ DONE | 00045/2025 | item 00024 | 721/1308 (55.1%) | Falhas: 0
14:36:00 | INFO     | [14:36:00] ✅ DONE | 00045/2025 | item 00025 | 722/1308 (55.2%) | Falhas: 0
14:36:00 | INFO     | [14:36:00] ✅ DONE | 00045/2025 | item 00026 | 723/1308 (55.3%) | Falhas: 0
14:36:01 | INFO     | [14:36:01] ✅ DONE | 00045/2025 | item 00027 | 724/1308 (55.4%) | Falhas: 0
14:36:02 | INFO     | [14:36:02] ✅ DONE | 00045/2025 | item 00028 | 725/1308 (55.4%) | Falhas: 0
14:36:02 | INFO     | [14:36:02] ✅ DONE | 00045/2025 | item 00044 | 726/1308 (55.5%) | Falhas: 0
14:36:02 | INFO     | [14:36:02] ✅ DONE | 00045/2025 | item 00046 | 727/1308 (55.6%) | Falhas: 0
14:36:02 | INFO     | [14:36:02] ✅ DONE | 00045/2025 | item 00047 | 728/1308 (55.7%) | Falhas: 0
14:36:03 | INFO     | [14:36:03] ✅ DONE | 00045/2025 | item 00048 | 729/1308 (55.7%) | Falhas: 0
14:36:03 | INFO     | [14:36:03] ✅ DONE | 00045/2025 | item 00049 | 730/1308 (55.8%) | Falhas: 0
14:36:04 | INFO     | [14:36:04] ✅ DONE | 00045/2025 | item 00052 | 731/1308 (55.9%) | Falhas: 0
14:36:04 | INFO     | [14:36:04] ✅ DONE | 00045/2025 | item 00069 | 732/1308 (56.0%) | Falhas: 0
14:36:04 | INFO     | [14:36:04] ✅ DONE | 00045/2025 | item 00051 | 733/1308 (56.0%) | Falhas: 0
14:36:05 | INFO     | [14:36:05] ✅ DONE | 00045/2025 | item 00053 | 734/1308 (56.1%) | Falhas: 0
14:36:05 | INFO     | [14:36:05] ✅ DONE | 00045/2025 | item 00070 | 735/1308 (56.2%) | Falhas: 0
14:36:06 | INFO     | [14:36:06] ✅ DONE | 00045/2025 | item 00071 | 736/1308 (56.3%) | Falhas: 0
14:36:06 | INFO     | [14:36:06] ✅ DONE | 00045/2025 | item 00078 | 737/1308 (56.3%) | Falhas: 0
14:36:06 | INFO     | [14:36:06] ✅ DONE | 00045/2025 | item 00077 | 738/1308 (56.4%) | Falhas: 0
14:36:07 | INFO     | [14:36:07] ✅ DONE | 00045/2025 | item 00086 | 739/1308 (56.5%) | Falhas: 0
14:36:07 | INFO     | [14:36:07] ✅ DONE | 00045/2025 | item 00082 | 740/1308 (56.6%) | Falhas: 0
14:36:08 | INFO     | [14:36:08] ✅ DONE | 00045/2025 | item 00087 | 741/1308 (56.7%) | Falhas: 0
14:36:08 | INFO     | [14:36:08] ✅ DONE | 00045/2025 | item 00095 | 742/1308 (56.7%) | Falhas: 0
14:36:09 | INFO     | [14:36:09] ✅ DONE | 00045/2025 | item 00100 | 743/1308 (56.8%) | Falhas: 0
14:36:09 | INFO     | [14:36:09] ✅ DONE | 00045/2025 | item 00120 | 744/1308 (56.9%) | Falhas: 0
14:36:10 | INFO     | [14:36:10] ✅ DONE | 00045/2025 | item 00121 | 745/1308 (57.0%) | Falhas: 0
14:36:10 | INFO     | [14:36:10] ✅ DONE | 00046/2025 | item 00057 | 746/1308 (57.0%) | Falhas: 0
14:36:10 | INFO     | [14:36:10] ✅ DONE | 00043/2025 | item 00081 | 747/1308 (57.1%) | Falhas: 0
14:36:11 | INFO     | [14:36:11] ✅ DONE | 00047/2025 | item 00003 | 748/1308 (57.2%) | Falhas: 0
14:36:11 | INFO     | [14:36:11] ✅ DONE | 00047/2025 | item 00001 | 749/1308 (57.3%) | Falhas: 0
14:36:11 | INFO     | [14:36:11] ✅ DONE | 00047/2025 | item 00002 | 750/1308 (57.3%) | Falhas: 0
14:36:12 | INFO     | [14:36:12] ✅ DONE | 00047/2025 | item 00004 | 751/1308 (57.4%) | Falhas: 0
14:36:13 | INFO     | [14:36:13] ✅ DONE | 00047/2025 | item 00006 | 752/1308 (57.5%) | Falhas: 0
14:36:13 | INFO     | [14:36:13] ✅ DONE | 00047/2025 | item 00005 | 753/1308 (57.6%) | Falhas: 0
14:36:14 | INFO     | [14:36:14] ✅ DONE | 00047/2025 | item 00012 | 754/1308 (57.6%) | Falhas: 0
14:36:14 | INFO     | [14:36:14] ✅ DONE | 00047/2025 | item 00011 | 755/1308 (57.7%) | Falhas: 0
14:36:15 | INFO     | [14:36:15] ✅ DONE | 00047/2025 | item 00017 | 756/1308 (57.8%) | Falhas: 0
14:36:15 | INFO     | [14:36:15] ✅ DONE | 00047/2025 | item 00014 | 757/1308 (57.9%) | Falhas: 0
14:36:15 | INFO     | [14:36:15] ✅ DONE | 00047/2025 | item 00013 | 758/1308 (58.0%) | Falhas: 0
14:36:16 | INFO     | [14:36:16] ✅ DONE | 00048/2025 | item 00007 | 759/1308 (58.0%) | Falhas: 0
14:36:17 | INFO     | [14:36:17] ✅ DONE | 00048/2025 | item 00008 | 760/1308 (58.1%) | Falhas: 0
14:36:18 | INFO     | [14:36:18] ✅ DONE | 00048/2025 | item 00009 | 761/1308 (58.2%) | Falhas: 0
14:36:18 | INFO     | [14:36:18] ✅ DONE | 00048/2025 | item 00010 | 762/1308 (58.3%) | Falhas: 0
14:36:19 | INFO     | [14:36:19] ✅ DONE | 00048/2025 | item 00027 | 763/1308 (58.3%) | Falhas: 0
14:36:19 | INFO     | [14:36:19] ✅ DONE | 00048/2025 | item 00028 | 764/1308 (58.4%) | Falhas: 0
14:36:20 | INFO     | [14:36:20] ✅ DONE | 00048/2025 | item 00029 | 765/1308 (58.5%) | Falhas: 0
14:36:21 | INFO     | [14:36:21] ✅ DONE | 00048/2025 | item 00030 | 766/1308 (58.6%) | Falhas: 0
14:36:21 | INFO     | [14:36:21] ✅ DONE | 00049/2025 | item 00016 | 767/1308 (58.6%) | Falhas: 0
14:36:21 | INFO     | [14:36:21] ✅ DONE | 00049/2025 | item 00015 | 768/1308 (58.7%) | Falhas: 0
14:36:22 | INFO     | [14:36:22] ✅ DONE | 00049/2025 | item 00025 | 769/1308 (58.8%) | Falhas: 0
14:36:22 | INFO     | [14:36:22] ✅ DONE | 00047/2025 | item 00018 | 770/1308 (58.9%) | Falhas: 0
14:36:22 | INFO     | [14:36:22] ✅ DONE | 00047/2025 | item 00019 | 771/1308 (58.9%) | Falhas: 0
14:36:23 | INFO     | [14:36:23] ✅ DONE | 00047/2025 | item 00020 | 772/1308 (59.0%) | Falhas: 0
14:36:23 | INFO     | [14:36:23] ✅ DONE | 00047/2025 | item 00021 | 773/1308 (59.1%) | Falhas: 0
14:36:24 | INFO     | [14:36:24] ✅ DONE | 00050/2025 | item 00023 | 774/1308 (59.2%) | Falhas: 0
14:36:24 | INFO     | [14:36:24] ✅ DONE | 00047/2025 | item 00022 | 775/1308 (59.3%) | Falhas: 0
14:36:24 | INFO     | [14:36:24] ✅ DONE | 00050/2025 | item 00024 | 776/1308 (59.3%) | Falhas: 0
14:36:25 | INFO     | [14:36:25] ✅ DONE | 00051/2025 | item 00001 | 777/1308 (59.4%) | Falhas: 0
14:36:25 | INFO     | [14:36:25] ✅ DONE | 00051/2025 | item 00002 | 778/1308 (59.5%) | Falhas: 0
14:36:25 | INFO     | [14:36:25] ✅ DONE | 00052/2025 | item 00003 | 779/1308 (59.6%) | Falhas: 0
14:36:26 | INFO     | [14:36:26] ✅ DONE | 00054/2025 | item 00005 | 780/1308 (59.6%) | Falhas: 0
14:36:27 | INFO     | [14:36:27] ✅ DONE | 00049/2025 | item 00026 | 781/1308 (59.7%) | Falhas: 0
14:36:27 | INFO     | [14:36:27] ✅ DONE | 00054/2025 | item 00006 | 782/1308 (59.8%) | Falhas: 0
14:36:27 | INFO     | [14:36:27] ✅ DONE | 00052/2025 | item 00007 | 783/1308 (59.9%) | Falhas: 0
14:36:29 | INFO     | [14:36:29] ✅ DONE | 00055/2025 | item 00432 | 784/1308 (59.9%) | Falhas: 0
14:36:29 | INFO     | [14:36:29] ✅ DONE | 00055/2025 | item 00418 | 785/1308 (60.0%) | Falhas: 0
14:36:29 | INFO     | [14:36:29] ✅ DONE | 00055/2025 | item 00431 | 786/1308 (60.1%) | Falhas: 0
14:36:30 | INFO     | [14:36:30] ✅ DONE | 00055/2025 | item 00452 | 787/1308 (60.2%) | Falhas: 0
14:36:30 | INFO     | [14:36:30] ✅ DONE | 00057/2025 | item 00025 | 788/1308 (60.2%) | Falhas: 0
14:36:30 | INFO     | [14:36:30] ✅ DONE | 00056/2025 | item 00001 | 789/1308 (60.3%) | Falhas: 0
14:36:31 | INFO     | [14:36:31] ✅ DONE | 00057/2025 | item 00027 | 790/1308 (60.4%) | Falhas: 0
14:36:31 | INFO     | [14:36:31] ✅ DONE | 00057/2025 | item 00026 | 791/1308 (60.5%) | Falhas: 0
14:36:32 | INFO     | [14:36:32] ✅ DONE | 00057/2025 | item 00028 | 792/1308 (60.6%) | Falhas: 0
14:36:32 | INFO     | [14:36:32] ✅ DONE | 00057/2025 | item 00029 | 793/1308 (60.6%) | Falhas: 0
14:36:32 | INFO     | [14:36:32] ✅ DONE | 00057/2025 | item 00030 | 794/1308 (60.7%) | Falhas: 0
14:36:34 | INFO     | [14:36:34] ✅ DONE | 00057/2025 | item 00033 | 795/1308 (60.8%) | Falhas: 0
14:36:34 | INFO     | [14:36:34] ✅ DONE | 00057/2025 | item 00032 | 796/1308 (60.9%) | Falhas: 0
14:36:34 | INFO     | [14:36:34] ✅ DONE | 00057/2025 | item 00031 | 797/1308 (60.9%) | Falhas: 0
14:36:35 | INFO     | [14:36:35] ✅ DONE | 00057/2025 | item 00035 | 798/1308 (61.0%) | Falhas: 0
14:36:36 | INFO     | [14:36:36] ✅ DONE | 00057/2025 | item 00037 | 799/1308 (61.1%) | Falhas: 0
14:36:36 | INFO     | [14:36:36] ✅ DONE | 00057/2025 | item 00038 | 800/1308 (61.2%) | Falhas: 0
14:36:38 | INFO     | [14:36:38] ✅ DONE | 00057/2025 | item 00039 | 801/1308 (61.2%) | Falhas: 0
14:36:39 | INFO     | [14:36:39] ✅ DONE | 00057/2025 | item 00040 | 802/1308 (61.3%) | Falhas: 0
14:36:40 | INFO     | [14:36:40] ✅ DONE | 00057/2025 | item 00041 | 803/1308 (61.4%) | Falhas: 0
14:36:56 | INFO     | [14:36:56] ✅ DONE | 00057/2025 | item 00042 | 804/1308 (61.5%) | Falhas: 0
14:36:57 | INFO     | [14:36:57] ✅ DONE | 00057/2025 | item 00043 | 805/1308 (61.5%) | Falhas: 0
14:36:58 | INFO     | [14:36:58] ✅ DONE | 00057/2025 | item 00044 | 806/1308 (61.6%) | Falhas: 0
14:36:59 | INFO     | [14:36:59] ✅ DONE | 00057/2025 | item 00045 | 807/1308 (61.7%) | Falhas: 0
14:37:00 | INFO     | [14:37:00] ✅ DONE | 00057/2025 | item 00046 | 808/1308 (61.8%) | Falhas: 0
14:37:01 | INFO     | [14:37:01] ✅ DONE | 00057/2025 | item 00047 | 809/1308 (61.9%) | Falhas: 0
14:37:03 | INFO     | [14:37:03] ✅ DONE | 00057/2025 | item 00048 | 810/1308 (61.9%) | Falhas: 0
14:37:04 | INFO     | [14:37:04] ✅ DONE | 00057/2025 | item 00049 | 811/1308 (62.0%) | Falhas: 0
14:37:05 | INFO     | [14:37:05] ✅ DONE | 00057/2025 | item 00050 | 812/1308 (62.1%) | Falhas: 0
14:37:07 | INFO     | [14:37:07] ✅ DONE | 00057/2025 | item 00051 | 813/1308 (62.2%) | Falhas: 0
14:37:08 | INFO     | [14:37:08] ✅ DONE | 00057/2025 | item 00052 | 814/1308 (62.2%) | Falhas: 0
14:37:09 | INFO     | [14:37:09] ✅ DONE | 00057/2025 | item 00053 | 815/1308 (62.3%) | Falhas: 0
14:37:10 | INFO     | [14:37:10] ✅ DONE | 00057/2025 | item 00054 | 816/1308 (62.4%) | Falhas: 0
14:37:11 | INFO     | [14:37:11] ✅ DONE | 00057/2025 | item 00055 | 817/1308 (62.5%) | Falhas: 0
14:37:13 | INFO     | [14:37:13] ✅ DONE | 00057/2025 | item 00056 | 818/1308 (62.5%) | Falhas: 0
14:37:14 | INFO     | [14:37:14] ✅ DONE | 00057/2025 | item 00057 | 819/1308 (62.6%) | Falhas: 0
14:37:15 | INFO     | [14:37:15] ✅ DONE | 00057/2025 | item 00058 | 820/1308 (62.7%) | Falhas: 0
14:37:17 | INFO     | [14:37:17] ✅ DONE | 00057/2025 | item 00059 | 821/1308 (62.8%) | Falhas: 0
14:37:18 | INFO     | [14:37:18] ✅ DONE | 00057/2025 | item 00060 | 822/1308 (62.8%) | Falhas: 0
14:37:19 | INFO     | [14:37:19] ✅ DONE | 00057/2025 | item 00061 | 823/1308 (62.9%) | Falhas: 0
14:37:20 | INFO     | [14:37:20] ✅ DONE | 00057/2025 | item 00034 | 824/1308 (63.0%) | Falhas: 0
14:37:20 | INFO     | [14:37:20] ✅ DONE | 00057/2025 | item 00036 | 825/1308 (63.1%) | Falhas: 0
14:37:21 | INFO     | [14:37:21] ✅ DONE | 00057/2025 | item 00062 | 826/1308 (63.1%) | Falhas: 0
14:37:21 | INFO     | [14:37:21] ✅ DONE | 00057/2025 | item 00063 | 827/1308 (63.2%) | Falhas: 0
14:37:21 | INFO     | [14:37:21] ✅ DONE | 00057/2025 | item 00065 | 828/1308 (63.3%) | Falhas: 0
14:37:22 | INFO     | [14:37:22] ✅ DONE | 00057/2025 | item 00064 | 829/1308 (63.4%) | Falhas: 0
14:37:22 | INFO     | [14:37:22] ✅ DONE | 00053/2025 | item 00004 | 830/1308 (63.5%) | Falhas: 0
14:37:22 | INFO     | [14:37:22] ✅ DONE | 00057/2025 | item 00066 | 831/1308 (63.5%) | Falhas: 0
14:37:23 | INFO     | [14:37:23] ✅ DONE | 00058/2025 | item 00001 | 832/1308 (63.6%) | Falhas: 0
14:37:23 | INFO     | [14:37:23] ✅ DONE | 00058/2025 | item 00002 | 833/1308 (63.7%) | Falhas: 0
14:37:23 | INFO     | [14:37:23] ✅ DONE | 00058/2025 | item 00003 | 834/1308 (63.8%) | Falhas: 0
14:37:23 | INFO     | [14:37:23] ✅ DONE | 00058/2025 | item 00004 | 835/1308 (63.8%) | Falhas: 0
14:37:24 | INFO     | [14:37:24] ✅ DONE | 00058/2025 | item 00005 | 836/1308 (63.9%) | Falhas: 0
14:37:25 | INFO     | [14:37:25] ✅ DONE | 00058/2025 | item 00006 | 837/1308 (64.0%) | Falhas: 0
14:37:25 | INFO     | [14:37:25] ✅ DONE | 00058/2025 | item 00007 | 838/1308 (64.1%) | Falhas: 0
14:37:25 | INFO     | [14:37:25] ✅ DONE | 00058/2025 | item 00008 | 839/1308 (64.1%) | Falhas: 0
14:37:25 | INFO     | [14:37:25] ✅ DONE | 00058/2025 | item 00009 | 840/1308 (64.2%) | Falhas: 0
14:37:26 | INFO     | [14:37:26] ✅ DONE | 00058/2025 | item 00011 | 841/1308 (64.3%) | Falhas: 0
14:37:26 | INFO     | [14:37:26] ✅ DONE | 00058/2025 | item 00010 | 842/1308 (64.4%) | Falhas: 0
14:37:27 | INFO     | [14:37:27] ✅ DONE | 00058/2025 | item 00014 | 843/1308 (64.4%) | Falhas: 0
14:37:27 | INFO     | [14:37:27] ✅ DONE | 00058/2025 | item 00013 | 844/1308 (64.5%) | Falhas: 0
14:37:27 | INFO     | [14:37:27] ✅ DONE | 00058/2025 | item 00012 | 845/1308 (64.6%) | Falhas: 0
14:37:28 | INFO     | [14:37:28] ✅ DONE | 00058/2025 | item 00017 | 846/1308 (64.7%) | Falhas: 0
14:37:28 | INFO     | [14:37:28] ✅ DONE | 00058/2025 | item 00016 | 847/1308 (64.8%) | Falhas: 0
14:37:28 | INFO     | [14:37:28] ✅ DONE | 00058/2025 | item 00015 | 848/1308 (64.8%) | Falhas: 0
14:37:29 | INFO     | [14:37:29] ✅ DONE | 00058/2025 | item 00019 | 849/1308 (64.9%) | Falhas: 0
14:37:29 | INFO     | [14:37:29] ✅ DONE | 00058/2025 | item 00020 | 850/1308 (65.0%) | Falhas: 0
14:37:29 | INFO     | [14:37:29] ✅ DONE | 00058/2025 | item 00018 | 851/1308 (65.1%) | Falhas: 0
14:37:30 | INFO     | [14:37:30] ✅ DONE | 00058/2025 | item 00022 | 852/1308 (65.1%) | Falhas: 0
14:37:31 | INFO     | [14:37:31] ✅ DONE | 00058/2025 | item 00021 | 853/1308 (65.2%) | Falhas: 0
14:37:31 | INFO     | [14:37:31] ✅ DONE | 00058/2025 | item 00023 | 854/1308 (65.3%) | Falhas: 0
14:37:32 | INFO     | [14:37:32] ✅ DONE | 00058/2025 | item 00024 | 855/1308 (65.4%) | Falhas: 0
14:37:32 | INFO     | [14:37:32] ✅ DONE | 00059/2025 | item 00001 | 856/1308 (65.4%) | Falhas: 0
14:37:33 | INFO     | [14:37:33] ✅ DONE | 00060/2025 | item 00312 | 857/1308 (65.5%) | Falhas: 0
14:37:33 | INFO     | [14:37:33] ✅ DONE | 00060/2025 | item 00313 | 858/1308 (65.6%) | Falhas: 0
14:37:33 | INFO     | [14:37:33] ✅ DONE | 00060/2025 | item 00314 | 859/1308 (65.7%) | Falhas: 0
14:37:34 | INFO     | [14:37:34] ✅ DONE | 00060/2025 | item 00315 | 860/1308 (65.7%) | Falhas: 0
14:37:34 | INFO     | [14:37:34] ✅ DONE | 00060/2025 | item 00316 | 861/1308 (65.8%) | Falhas: 0
14:37:34 | INFO     | [14:37:34] ✅ DONE | 00060/2025 | item 00317 | 862/1308 (65.9%) | Falhas: 0
14:37:35 | INFO     | [14:37:35] ✅ DONE | 00060/2025 | item 00318 | 863/1308 (66.0%) | Falhas: 0
14:37:35 | INFO     | [14:37:35] ✅ DONE | 00060/2025 | item 00319 | 864/1308 (66.1%) | Falhas: 0
14:37:35 | INFO     | [14:37:35] ✅ DONE | 00060/2025 | item 00320 | 865/1308 (66.1%) | Falhas: 0
14:37:36 | INFO     | [14:37:36] ✅ DONE | 00060/2025 | item 00321 | 866/1308 (66.2%) | Falhas: 0
14:37:36 | INFO     | [14:37:36] ✅ DONE | 00060/2025 | item 00323 | 867/1308 (66.3%) | Falhas: 0
14:37:37 | INFO     | [14:37:37] ✅ DONE | 00060/2025 | item 00322 | 868/1308 (66.4%) | Falhas: 0
14:37:37 | INFO     | [14:37:37] ✅ DONE | 00060/2025 | item 00325 | 869/1308 (66.4%) | Falhas: 0
14:37:37 | INFO     | [14:37:37] ✅ DONE | 00060/2025 | item 00324 | 870/1308 (66.5%) | Falhas: 0
14:37:37 | INFO     | [14:37:37] ✅ DONE | 00060/2025 | item 00326 | 871/1308 (66.6%) | Falhas: 0
14:37:38 | INFO     | [14:37:38] ✅ DONE | 00060/2025 | item 00327 | 872/1308 (66.7%) | Falhas: 0
14:37:38 | INFO     | [14:37:38] ✅ DONE | 00060/2025 | item 00328 | 873/1308 (66.7%) | Falhas: 0
14:37:38 | INFO     | [14:37:38] ✅ DONE | 00060/2025 | item 00329 | 874/1308 (66.8%) | Falhas: 0
14:37:39 | INFO     | [14:37:39] ✅ DONE | 00060/2025 | item 00330 | 875/1308 (66.9%) | Falhas: 0
14:37:39 | INFO     | [14:37:39] ✅ DONE | 00060/2025 | item 00331 | 876/1308 (67.0%) | Falhas: 0
14:37:39 | INFO     | [14:37:39] ✅ DONE | 00060/2025 | item 00332 | 877/1308 (67.0%) | Falhas: 0
14:37:40 | INFO     | [14:37:40] ✅ DONE | 00060/2025 | item 00333 | 878/1308 (67.1%) | Falhas: 0
14:37:40 | INFO     | [14:37:40] ✅ DONE | 00060/2025 | item 00334 | 879/1308 (67.2%) | Falhas: 0
14:37:40 | INFO     | [14:37:40] ✅ DONE | 00060/2025 | item 00335 | 880/1308 (67.3%) | Falhas: 0
14:37:41 | INFO     | [14:37:41] ✅ DONE | 00060/2025 | item 00336 | 881/1308 (67.4%) | Falhas: 0
14:37:41 | INFO     | [14:37:41] ✅ DONE | 00060/2025 | item 00337 | 882/1308 (67.4%) | Falhas: 0
14:37:41 | INFO     | [14:37:41] ✅ DONE | 00060/2025 | item 00338 | 883/1308 (67.5%) | Falhas: 0
14:37:42 | INFO     | [14:37:42] ✅ DONE | 00060/2025 | item 00339 | 884/1308 (67.6%) | Falhas: 0
14:37:42 | INFO     | [14:37:42] ✅ DONE | 00060/2025 | item 00340 | 885/1308 (67.7%) | Falhas: 0
14:37:42 | INFO     | [14:37:42] ✅ DONE | 00060/2025 | item 00341 | 886/1308 (67.7%) | Falhas: 0
14:37:42 | INFO     | [14:37:42] ✅ DONE | 00060/2025 | item 00344 | 887/1308 (67.8%) | Falhas: 0
14:37:42 | INFO     | [14:37:42] ✅ DONE | 00060/2025 | item 00343 | 888/1308 (67.9%) | Falhas: 0
14:37:43 | INFO     | [14:37:43] ✅ DONE | 00060/2025 | item 00342 | 889/1308 (68.0%) | Falhas: 0
14:37:43 | INFO     | [14:37:43] ✅ DONE | 00060/2025 | item 00345 | 890/1308 (68.0%) | Falhas: 0
14:37:43 | INFO     | [14:37:43] ✅ DONE | 00060/2025 | item 00346 | 891/1308 (68.1%) | Falhas: 0
14:37:44 | INFO     | [14:37:44] ✅ DONE | 00060/2025 | item 00347 | 892/1308 (68.2%) | Falhas: 0
14:37:44 | INFO     | [14:37:44] ✅ DONE | 00060/2025 | item 00349 | 893/1308 (68.3%) | Falhas: 0
14:37:44 | INFO     | [14:37:44] ✅ DONE | 00060/2025 | item 00350 | 894/1308 (68.3%) | Falhas: 0
14:37:44 | INFO     | [14:37:44] ✅ DONE | 00060/2025 | item 00348 | 895/1308 (68.4%) | Falhas: 0
14:37:45 | INFO     | [14:37:45] ✅ DONE | 00060/2025 | item 00352 | 896/1308 (68.5%) | Falhas: 0
14:37:45 | INFO     | [14:37:45] ✅ DONE | 00060/2025 | item 00351 | 897/1308 (68.6%) | Falhas: 0
14:37:46 | INFO     | [14:37:46] ✅ DONE | 00060/2025 | item 00353 | 898/1308 (68.7%) | Falhas: 0
14:37:46 | INFO     | [14:37:46] ✅ DONE | 00060/2025 | item 00355 | 899/1308 (68.7%) | Falhas: 0
14:37:47 | INFO     | [14:37:47] ✅ DONE | 00060/2025 | item 00354 | 900/1308 (68.8%) | Falhas: 0
14:37:47 | INFO     | [14:37:47] ✅ DONE | 00060/2025 | item 00356 | 901/1308 (68.9%) | Falhas: 0
14:37:47 | INFO     | [14:37:47] ✅ DONE | 00060/2025 | item 00357 | 902/1308 (69.0%) | Falhas: 0
14:37:47 | INFO     | [14:37:47] ✅ DONE | 00060/2025 | item 00358 | 903/1308 (69.0%) | Falhas: 0
14:38:03 | INFO     | [14:38:03] ✅ DONE | 00060/2025 | item 00359 | 904/1308 (69.1%) | Falhas: 0
14:38:04 | INFO     | [14:38:04] ✅ DONE | 00060/2025 | item 00360 | 905/1308 (69.2%) | Falhas: 0
14:38:04 | INFO     | [14:38:04] ✅ DONE | 00060/2025 | item 00361 | 906/1308 (69.3%) | Falhas: 0
14:38:04 | INFO     | [14:38:04] ✅ DONE | 00060/2025 | item 00362 | 907/1308 (69.3%) | Falhas: 0
14:38:05 | INFO     | [14:38:05] ✅ DONE | 00060/2025 | item 00363 | 908/1308 (69.4%) | Falhas: 0
14:38:05 | INFO     | [14:38:05] ✅ DONE | 00060/2025 | item 00364 | 909/1308 (69.5%) | Falhas: 0
14:38:05 | INFO     | [14:38:05] ✅ DONE | 00060/2025 | item 00365 | 910/1308 (69.6%) | Falhas: 0
14:38:05 | INFO     | [14:38:05] ✅ DONE | 00060/2025 | item 00366 | 911/1308 (69.6%) | Falhas: 0
14:38:06 | INFO     | [14:38:06] ✅ DONE | 00060/2025 | item 00367 | 912/1308 (69.7%) | Falhas: 0
14:38:06 | INFO     | [14:38:06] ✅ DONE | 00060/2025 | item 00370 | 913/1308 (69.8%) | Falhas: 0
14:38:22 | INFO     | [14:38:22] ✅ DONE | 00060/2025 | item 00368 | 914/1308 (69.9%) | Falhas: 0
14:38:22 | INFO     | [14:38:22] ✅ DONE | 00060/2025 | item 00369 | 915/1308 (70.0%) | Falhas: 0
14:38:23 | INFO     | [14:38:23] ✅ DONE | 00060/2025 | item 00371 | 916/1308 (70.0%) | Falhas: 0
14:38:23 | INFO     | [14:38:23] ✅ DONE | 00060/2025 | item 00372 | 917/1308 (70.1%) | Falhas: 0
14:38:23 | INFO     | [14:38:23] ✅ DONE | 00060/2025 | item 00373 | 918/1308 (70.2%) | Falhas: 0
14:38:23 | INFO     | [14:38:23] ✅ DONE | 00060/2025 | item 00374 | 919/1308 (70.3%) | Falhas: 0
14:38:24 | INFO     | [14:38:24] ✅ DONE | 00060/2025 | item 00375 | 920/1308 (70.3%) | Falhas: 0
14:38:24 | INFO     | [14:38:24] ✅ DONE | 00061/2025 | item 00070 | 921/1308 (70.4%) | Falhas: 0
14:38:24 | INFO     | [14:38:24] ✅ DONE | 00061/2025 | item 00071 | 922/1308 (70.5%) | Falhas: 0
14:38:25 | INFO     | [14:38:25] ✅ DONE | 00061/2025 | item 00072 | 923/1308 (70.6%) | Falhas: 0
14:38:25 | INFO     | [14:38:25] ✅ DONE | 00061/2025 | item 00073 | 924/1308 (70.6%) | Falhas: 0
14:38:25 | INFO     | [14:38:25] ✅ DONE | 00061/2025 | item 00074 | 925/1308 (70.7%) | Falhas: 0
14:38:26 | INFO     | [14:38:26] ✅ DONE | 00061/2025 | item 00075 | 926/1308 (70.8%) | Falhas: 0
14:38:26 | INFO     | [14:38:26] ✅ DONE | 00061/2025 | item 00076 | 927/1308 (70.9%) | Falhas: 0
14:38:26 | INFO     | [14:38:26] ✅ DONE | 00061/2025 | item 00077 | 928/1308 (70.9%) | Falhas: 0
14:38:27 | INFO     | [14:38:27] ✅ DONE | 00061/2025 | item 00078 | 929/1308 (71.0%) | Falhas: 0
14:38:27 | INFO     | [14:38:27] ✅ DONE | 00061/2025 | item 00079 | 930/1308 (71.1%) | Falhas: 0
14:38:27 | INFO     | [14:38:27] ✅ DONE | 00061/2025 | item 00080 | 931/1308 (71.2%) | Falhas: 0
14:38:28 | INFO     | [14:38:28] ✅ DONE | 00061/2025 | item 00081 | 932/1308 (71.3%) | Falhas: 0
14:38:28 | INFO     | [14:38:28] ✅ DONE | 00061/2025 | item 00083 | 933/1308 (71.3%) | Falhas: 0
14:38:28 | INFO     | [14:38:28] ✅ DONE | 00061/2025 | item 00082 | 934/1308 (71.4%) | Falhas: 0
14:38:28 | INFO     | [14:38:28] ✅ DONE | 00061/2025 | item 00084 | 935/1308 (71.5%) | Falhas: 0
14:38:29 | INFO     | [14:38:29] ✅ DONE | 00061/2025 | item 00085 | 936/1308 (71.6%) | Falhas: 0
14:38:29 | INFO     | [14:38:29] ✅ DONE | 00061/2025 | item 00086 | 937/1308 (71.6%) | Falhas: 0
14:38:30 | INFO     | [14:38:30] ✅ DONE | 00061/2025 | item 00087 | 938/1308 (71.7%) | Falhas: 0
14:38:30 | INFO     | [14:38:30] ✅ DONE | 00061/2025 | item 00088 | 939/1308 (71.8%) | Falhas: 0
14:38:30 | INFO     | [14:38:30] ✅ DONE | 00061/2025 | item 00090 | 940/1308 (71.9%) | Falhas: 0
14:38:30 | INFO     | [14:38:30] ✅ DONE | 00061/2025 | item 00089 | 941/1308 (71.9%) | Falhas: 0
14:38:31 | INFO     | [14:38:31] ✅ DONE | 00060/2025 | item 00376 | 942/1308 (72.0%) | Falhas: 0
14:38:31 | INFO     | [14:38:31] ✅ DONE | 00060/2025 | item 00377 | 943/1308 (72.1%) | Falhas: 0
14:38:31 | INFO     | [14:38:31] ✅ DONE | 00060/2025 | item 00378 | 944/1308 (72.2%) | Falhas: 0
14:38:31 | INFO     | [14:38:31] ✅ DONE | 00062/2025 | item 00001 | 945/1308 (72.2%) | Falhas: 0
14:38:32 | INFO     | [14:38:32] ✅ DONE | 00062/2025 | item 00002 | 946/1308 (72.3%) | Falhas: 0
14:38:32 | INFO     | [14:38:32] ✅ DONE | 00061/2025 | item 00091 | 947/1308 (72.4%) | Falhas: 0
14:38:32 | INFO     | [14:38:32] ✅ DONE | 00062/2025 | item 00003 | 948/1308 (72.5%) | Falhas: 0
14:38:33 | INFO     | [14:38:33] ✅ DONE | 00061/2025 | item 00092 | 949/1308 (72.6%) | Falhas: 0
14:38:33 | INFO     | [14:38:33] ✅ DONE | 00061/2025 | item 00093 | 950/1308 (72.6%) | Falhas: 0
14:38:33 | INFO     | [14:38:33] ✅ DONE | 00061/2025 | item 00094 | 951/1308 (72.7%) | Falhas: 0
14:38:34 | INFO     | [14:38:34] ✅ DONE | 00061/2025 | item 00095 | 952/1308 (72.8%) | Falhas: 0
14:38:34 | INFO     | [14:38:34] ✅ DONE | 00061/2025 | item 00096 | 953/1308 (72.9%) | Falhas: 0
14:38:34 | INFO     | [14:38:34] ✅ DONE | 00061/2025 | item 00097 | 954/1308 (72.9%) | Falhas: 0
14:38:34 | INFO     | [14:38:34] ✅ DONE | 00061/2025 | item 00098 | 955/1308 (73.0%) | Falhas: 0
14:38:35 | INFO     | [14:38:35] ✅ DONE | 00061/2025 | item 00099 | 956/1308 (73.1%) | Falhas: 0
14:38:35 | INFO     | [14:38:35] ✅ DONE | 00061/2025 | item 00100 | 957/1308 (73.2%) | Falhas: 0
14:38:35 | INFO     | [14:38:35] ✅ DONE | 00061/2025 | item 00101 | 958/1308 (73.2%) | Falhas: 0
14:38:36 | INFO     | [14:38:36] ✅ DONE | 00061/2025 | item 00102 | 959/1308 (73.3%) | Falhas: 0
14:38:36 | INFO     | [14:38:36] ✅ DONE | 00061/2025 | item 00103 | 960/1308 (73.4%) | Falhas: 0
14:38:36 | INFO     | [14:38:36] ✅ DONE | 00061/2025 | item 00104 | 961/1308 (73.5%) | Falhas: 0
14:38:37 | INFO     | [14:38:37] ✅ DONE | 00061/2025 | item 00105 | 962/1308 (73.5%) | Falhas: 0
14:38:37 | INFO     | [14:38:37] ✅ DONE | 00061/2025 | item 00106 | 963/1308 (73.6%) | Falhas: 0
14:38:37 | INFO     | [14:38:37] ✅ DONE | 00061/2025 | item 00107 | 964/1308 (73.7%) | Falhas: 0
14:38:38 | INFO     | [14:38:38] ✅ DONE | 00061/2025 | item 00109 | 965/1308 (73.8%) | Falhas: 0
14:38:38 | INFO     | [14:38:38] ✅ DONE | 00061/2025 | item 00108 | 966/1308 (73.9%) | Falhas: 0
14:38:38 | INFO     | [14:38:38] ✅ DONE | 00061/2025 | item 00110 | 967/1308 (73.9%) | Falhas: 0
14:38:39 | INFO     | [14:38:39] ✅ DONE | 00061/2025 | item 00111 | 968/1308 (74.0%) | Falhas: 0
14:38:39 | INFO     | [14:38:39] ✅ DONE | 00061/2025 | item 00112 | 969/1308 (74.1%) | Falhas: 0
14:38:39 | INFO     | [14:38:39] ✅ DONE | 00061/2025 | item 00113 | 970/1308 (74.2%) | Falhas: 0
14:38:40 | INFO     | [14:38:40] ✅ DONE | 00061/2025 | item 00114 | 971/1308 (74.2%) | Falhas: 0
14:38:41 | INFO     | [14:38:41] ✅ DONE | 00061/2025 | item 00116 | 972/1308 (74.3%) | Falhas: 0
14:38:41 | INFO     | [14:38:41] ✅ DONE | 00061/2025 | item 00115 | 973/1308 (74.4%) | Falhas: 0
14:38:41 | INFO     | [14:38:41] ✅ DONE | 00061/2025 | item 00117 | 974/1308 (74.5%) | Falhas: 0
14:38:42 | INFO     | [14:38:42] ✅ DONE | 00061/2025 | item 00119 | 975/1308 (74.5%) | Falhas: 0
14:38:42 | INFO     | [14:38:42] ✅ DONE | 00061/2025 | item 00120 | 976/1308 (74.6%) | Falhas: 0
14:38:42 | INFO     | [14:38:42] ✅ DONE | 00061/2025 | item 00118 | 977/1308 (74.7%) | Falhas: 0
14:38:44 | INFO     | [14:38:44] ✅ DONE | 00063/2025 | item 00008 | 978/1308 (74.8%) | Falhas: 0
14:38:44 | INFO     | [14:38:44] ✅ DONE | 00063/2025 | item 00007 | 979/1308 (74.8%) | Falhas: 0
14:38:44 | INFO     | [14:38:44] ✅ DONE | 00061/2025 | item 00121 | 980/1308 (74.9%) | Falhas: 0
14:38:45 | INFO     | [14:38:45] ✅ DONE | 00062/2025 | item 00005 | 981/1308 (75.0%) | Falhas: 0
14:38:45 | INFO     | [14:38:45] ✅ DONE | 00062/2025 | item 00004 | 982/1308 (75.1%) | Falhas: 0
14:38:46 | INFO     | [14:38:46] ✅ DONE | 00062/2025 | item 00006 | 983/1308 (75.2%) | Falhas: 0
14:38:46 | INFO     | [14:38:46] ✅ DONE | 00064/2025 | item 00001 | 984/1308 (75.2%) | Falhas: 0
14:38:46 | INFO     | [14:38:46] ✅ DONE | 00064/2025 | item 00002 | 985/1308 (75.3%) | Falhas: 0
14:38:47 | INFO     | [14:38:47] ✅ DONE | 00065/2025 | item 00003 | 986/1308 (75.4%) | Falhas: 0
14:38:47 | INFO     | [14:38:47] ✅ DONE | 00065/2025 | item 00004 | 987/1308 (75.5%) | Falhas: 0
14:38:47 | INFO     | [14:38:47] ✅ DONE | 00065/2025 | item 00014 | 988/1308 (75.5%) | Falhas: 0
14:38:47 | INFO     | [14:38:47] ✅ DONE | 00065/2025 | item 00015 | 989/1308 (75.6%) | Falhas: 0
14:38:48 | INFO     | [14:38:48] ✅ DONE | 00065/2025 | item 00032 | 990/1308 (75.7%) | Falhas: 0
14:38:49 | INFO     | [14:38:49] ✅ DONE | 00066/2025 | item 00005 | 991/1308 (75.8%) | Falhas: 0
14:38:49 | INFO     | [14:38:49] ✅ DONE | 00066/2025 | item 00006 | 992/1308 (75.8%) | Falhas: 0
14:38:49 | INFO     | [14:38:49] ✅ DONE | 00066/2025 | item 00034 | 993/1308 (75.9%) | Falhas: 0
14:38:50 | INFO     | [14:38:50] ✅ DONE | 00068/2025 | item 00009 | 994/1308 (76.0%) | Falhas: 0
14:38:50 | INFO     | [14:38:50] ✅ DONE | 00068/2025 | item 00010 | 995/1308 (76.1%) | Falhas: 0
14:38:50 | INFO     | [14:38:50] ✅ DONE | 00068/2025 | item 00011 | 996/1308 (76.1%) | Falhas: 0
14:38:51 | INFO     | [14:38:51] ✅ DONE | 00068/2025 | item 00013 | 997/1308 (76.2%) | Falhas: 0
14:38:51 | INFO     | [14:38:51] ✅ DONE | 00068/2025 | item 00022 | 998/1308 (76.3%) | Falhas: 0
14:38:51 | INFO     | [14:38:51] ✅ DONE | 00068/2025 | item 00012 | 999/1308 (76.4%) | Falhas: 0
14:38:51 | INFO     | [14:38:51] ✅ DONE | 00068/2025 | item 00027 | 1000/1308 (76.5%) | Falhas: 0
14:38:51 | INFO     | [14:38:51] ✅ DONE | 00068/2025 | item 00035 | 1001/1308 (76.5%) | Falhas: 0
14:38:52 | INFO     | [14:38:52] ✅ DONE | 00068/2025 | item 00038 | 1002/1308 (76.6%) | Falhas: 0
14:38:52 | INFO     | [14:38:52] ✅ DONE | 00068/2025 | item 00039 | 1003/1308 (76.7%) | Falhas: 0
14:39:08 | INFO     | [14:39:08] ✅ DONE | 00068/2025 | item 00040 | 1004/1308 (76.8%) | Falhas: 0
14:39:09 | INFO     | [14:39:09] ✅ DONE | 00068/2025 | item 00048 | 1005/1308 (76.8%) | Falhas: 0
14:39:09 | INFO     | [14:39:09] ✅ DONE | 00068/2025 | item 00044 | 1006/1308 (76.9%) | Falhas: 0
14:39:10 | INFO     | [14:39:10] ✅ DONE | 00068/2025 | item 00049 | 1007/1308 (77.0%) | Falhas: 0
14:39:10 | INFO     | [14:39:10] ✅ DONE | 00068/2025 | item 00050 | 1008/1308 (77.1%) | Falhas: 0
14:39:10 | INFO     | [14:39:10] ✅ DONE | 00069/2025 | item 00016 | 1009/1308 (77.1%) | Falhas: 0
14:39:12 | INFO     | [14:39:12] ✅ DONE | 00063/2025 | item 00009 | 1010/1308 (77.2%) | Falhas: 0
14:39:12 | INFO     | [14:39:12] ✅ DONE | 00067/2025 | item 00007 | 1011/1308 (77.3%) | Falhas: 0
14:39:12 | INFO     | [14:39:12] ✅ DONE | 00067/2025 | item 00008 | 1012/1308 (77.4%) | Falhas: 0
14:39:13 | INFO     | [14:39:13] ✅ DONE | 00070/2025 | item 00017 | 1013/1308 (77.4%) | Falhas: 0
14:39:29 | INFO     | [14:39:29] ✅ DONE | 00071/2025 | item 00019 | 1014/1308 (77.5%) | Falhas: 0
14:39:29 | INFO     | [14:39:29] ✅ DONE | 00070/2025 | item 00018 | 1015/1308 (77.6%) | Falhas: 0
14:39:29 | INFO     | [14:39:29] ✅ DONE | 00071/2025 | item 00030 | 1016/1308 (77.7%) | Falhas: 0
14:39:30 | INFO     | [14:39:30] ✅ DONE | 00072/2025 | item 00020 | 1017/1308 (77.8%) | Falhas: 0
14:39:30 | INFO     | [14:39:30] ✅ DONE | 00072/2025 | item 00024 | 1018/1308 (77.8%) | Falhas: 0
14:39:31 | INFO     | [14:39:31] ✅ DONE | 00072/2025 | item 00021 | 1019/1308 (77.9%) | Falhas: 0
14:39:31 | INFO     | [14:39:31] ✅ DONE | 00072/2025 | item 00031 | 1020/1308 (78.0%) | Falhas: 0
14:39:32 | INFO     | [14:39:32] ✅ DONE | 00072/2025 | item 00041 | 1021/1308 (78.1%) | Falhas: 0
14:39:32 | INFO     | [14:39:32] ✅ DONE | 00073/2025 | item 00023 | 1022/1308 (78.1%) | Falhas: 0
14:39:33 | INFO     | [14:39:33] ✅ DONE | 00073/2025 | item 00046 | 1023/1308 (78.2%) | Falhas: 0
14:39:33 | INFO     | [14:39:33] ✅ DONE | 00073/2025 | item 00047 | 1024/1308 (78.3%) | Falhas: 0
14:39:33 | INFO     | [14:39:33] ✅ DONE | 00074/2025 | item 00026 | 1025/1308 (78.4%) | Falhas: 0
14:39:34 | INFO     | [14:39:34] ✅ DONE | 00074/2025 | item 00029 | 1026/1308 (78.4%) | Falhas: 0
14:39:35 | INFO     | [14:39:35] ✅ DONE | 00078/2025 | item 00088 | 1027/1308 (78.5%) | Falhas: 0
14:39:35 | INFO     | [14:39:35] ✅ DONE | 00074/2025 | item 00042 | 1028/1308 (78.6%) | Falhas: 0
14:39:35 | INFO     | [14:39:35] ✅ DONE | 00079/2025 | item 00045 | 1029/1308 (78.7%) | Falhas: 0
14:39:36 | INFO     | [14:39:36] ✅ DONE | 00076/2025 | item 00037 | 1030/1308 (78.7%) | Falhas: 0
14:39:36 | INFO     | [14:39:36] ✅ DONE | 00075/2025 | item 00036 | 1031/1308 (78.8%) | Falhas: 0
14:39:36 | INFO     | [14:39:36] ✅ DONE | 00077/2025 | item 00043 | 1032/1308 (78.9%) | Falhas: 0
14:39:37 | INFO     | [14:39:37] ✅ DONE | 00077/2025 | item 00045 | 1033/1308 (79.0%) | Falhas: 0
14:39:37 | INFO     | [14:39:37] ✅ DONE | 00080/2025 | item 00048 | 1034/1308 (79.1%) | Falhas: 0
14:39:38 | INFO     | [14:39:38] ✅ DONE | 00080/2025 | item 00080 | 1035/1308 (79.1%) | Falhas: 0
14:39:38 | INFO     | [14:39:38] ✅ DONE | 00081/2025 | item 00044 | 1036/1308 (79.2%) | Falhas: 0
14:39:39 | INFO     | [14:39:39] ✅ DONE | 00083/2025 | item 00050 | 1037/1308 (79.3%) | Falhas: 0
14:39:39 | INFO     | [14:39:39] ✅ DONE | 00083/2025 | item 00051 | 1038/1308 (79.4%) | Falhas: 0
14:39:40 | INFO     | [14:39:40] ✅ DONE | 00082/2025 | item 00077 | 1039/1308 (79.4%) | Falhas: 0
14:39:40 | INFO     | [14:39:40] ✅ DONE | 00079/2025 | item 00046 | 1040/1308 (79.5%) | Falhas: 0
14:39:40 | INFO     | [14:39:40] ✅ DONE | 00082/2025 | item 00078 | 1041/1308 (79.6%) | Falhas: 0
14:39:41 | INFO     | [14:39:41] ✅ DONE | 00085/2025 | item 00037 | 1042/1308 (79.7%) | Falhas: 0
14:39:41 | INFO     | [14:39:41] ✅ DONE | 00082/2025 | item 00079 | 1043/1308 (79.7%) | Falhas: 0
14:39:42 | INFO     | [14:39:42] ✅ DONE | 00083/2025 | item 00089 | 1044/1308 (79.8%) | Falhas: 0
14:39:42 | INFO     | [14:39:42] ✅ DONE | 00084/2025 | item 00041 | 1045/1308 (79.9%) | Falhas: 0
14:39:43 | INFO     | [14:39:43] ✅ DONE | 00084/2025 | item 00042 | 1046/1308 (80.0%) | Falhas: 0
14:39:43 | INFO     | [14:39:43] ✅ DONE | 00084/2025 | item 00090 | 1047/1308 (80.0%) | Falhas: 0
14:39:45 | INFO     | [14:39:45] ✅ DONE | 00087/2025 | item 00012 | 1048/1308 (80.1%) | Falhas: 0
14:39:45 | INFO     | [14:39:45] ✅ DONE | 00087/2025 | item 00087 | 1049/1308 (80.2%) | Falhas: 0
14:39:45 | INFO     | [14:39:45] ✅ DONE | 00085/2025 | item 00038 | 1050/1308 (80.3%) | Falhas: 0
14:39:46 | INFO     | [14:39:46] ✅ DONE | 00086/2025 | item 00064 | 1051/1308 (80.4%) | Falhas: 0
14:39:46 | INFO     | [14:39:46] ✅ DONE | 00088/2025 | item 00006 | 1052/1308 (80.4%) | Falhas: 0
14:39:47 | INFO     | [14:39:47] ✅ DONE | 00088/2025 | item 00007 | 1053/1308 (80.5%) | Falhas: 0
14:39:47 | INFO     | [14:39:47] ✅ DONE | 00088/2025 | item 00005 | 1054/1308 (80.6%) | Falhas: 0
14:39:47 | INFO     | [14:39:47] ✅ DONE | 00088/2025 | item 00008 | 1055/1308 (80.7%) | Falhas: 0
14:39:48 | INFO     | [14:39:48] ✅ DONE | 00090/2025 | item 00021 | 1056/1308 (80.7%) | Falhas: 0
14:39:48 | INFO     | [14:39:48] ✅ DONE | 00090/2025 | item 00022 | 1057/1308 (80.8%) | Falhas: 0
14:39:48 | INFO     | [14:39:48] ✅ DONE | 00089/2025 | item 00086 | 1058/1308 (80.9%) | Falhas: 0
14:39:49 | INFO     | [14:39:49] ✅ DONE | 00092/2025 | item 00052 | 1059/1308 (81.0%) | Falhas: 0
14:39:49 | INFO     | [14:39:49] ✅ DONE | 00092/2025 | item 00053 | 1060/1308 (81.0%) | Falhas: 0
14:39:49 | INFO     | [14:39:49] ✅ DONE | 00092/2025 | item 00054 | 1061/1308 (81.1%) | Falhas: 0
14:39:50 | INFO     | [14:39:50] ✅ DONE | 00092/2025 | item 00056 | 1062/1308 (81.2%) | Falhas: 0
14:39:50 | INFO     | [14:39:50] ✅ DONE | 00092/2025 | item 00055 | 1063/1308 (81.3%) | Falhas: 0
14:39:50 | INFO     | [14:39:50] ✅ DONE | 00092/2025 | item 00057 | 1064/1308 (81.3%) | Falhas: 0
14:39:51 | INFO     | [14:39:51] ✅ DONE | 00092/2025 | item 00058 | 1065/1308 (81.4%) | Falhas: 0
14:39:52 | INFO     | [14:39:52] ✅ DONE | 00092/2025 | item 00059 | 1066/1308 (81.5%) | Falhas: 0
14:39:52 | INFO     | [14:39:52] ✅ DONE | 00092/2025 | item 00060 | 1067/1308 (81.6%) | Falhas: 0
14:39:52 | INFO     | [14:39:52] ✅ DONE | 00092/2025 | item 00061 | 1068/1308 (81.7%) | Falhas: 0
14:39:53 | INFO     | [14:39:53] ✅ DONE | 00092/2025 | item 00063 | 1069/1308 (81.7%) | Falhas: 0
14:39:53 | INFO     | [14:39:53] ✅ DONE | 00092/2025 | item 00062 | 1070/1308 (81.8%) | Falhas: 0
14:39:53 | INFO     | [14:39:53] ✅ DONE | 00092/2025 | item 00081 | 1071/1308 (81.9%) | Falhas: 0
14:39:54 | INFO     | [14:39:54] ✅ DONE | 00092/2025 | item 00082 | 1072/1308 (82.0%) | Falhas: 0
14:39:54 | INFO     | [14:39:54] ✅ DONE | 00092/2025 | item 00084 | 1073/1308 (82.0%) | Falhas: 0
14:39:54 | INFO     | [14:39:54] ✅ DONE | 00092/2025 | item 00083 | 1074/1308 (82.1%) | Falhas: 0
14:39:54 | INFO     | [14:39:54] ✅ DONE | 00094/2025 | item 00003 | 1075/1308 (82.2%) | Falhas: 0
14:39:54 | INFO     | [14:39:54] ✅ DONE | 00094/2025 | item 00001 | 1076/1308 (82.3%) | Falhas: 0
14:39:55 | INFO     | [14:39:55] ✅ DONE | 00094/2025 | item 00004 | 1077/1308 (82.3%) | Falhas: 0
14:39:55 | INFO     | [14:39:55] ✅ DONE | 00088/2025 | item 00009 | 1078/1308 (82.4%) | Falhas: 0
14:39:55 | INFO     | [14:39:55] ✅ DONE | 00088/2025 | item 00010 | 1079/1308 (82.5%) | Falhas: 0
14:39:56 | INFO     | [14:39:56] ✅ DONE | 00088/2025 | item 00011 | 1080/1308 (82.6%) | Falhas: 0
14:39:56 | INFO     | [14:39:56] ✅ DONE | 00093/2025 | item 00073 | 1081/1308 (82.6%) | Falhas: 0
14:39:56 | INFO     | [14:39:56] ✅ DONE | 00091/2025 | item 00071 | 1082/1308 (82.7%) | Falhas: 0
14:39:56 | INFO     | [14:39:56] ✅ DONE | 00095/2025 | item 00072 | 1083/1308 (82.8%) | Falhas: 0
14:39:57 | INFO     | [14:39:57] ✅ DONE | 00094/2025 | item 00017 | 1084/1308 (82.9%) | Falhas: 0
14:39:57 | INFO     | [14:39:57] ✅ DONE | 00094/2025 | item 00016 | 1085/1308 (83.0%) | Falhas: 0
14:39:57 | INFO     | [14:39:57] ✅ DONE | 00094/2025 | item 00018 | 1086/1308 (83.0%) | Falhas: 0
14:39:58 | INFO     | [14:39:58] ✅ DONE | 00094/2025 | item 00019 | 1087/1308 (83.1%) | Falhas: 0
14:39:58 | INFO     | [14:39:58] ✅ DONE | 00002/2026 | item 00001 | 1088/1308 (83.2%) | Falhas: 0
14:39:58 | INFO     | [14:39:58] ✅ DONE | 00002/2026 | item 00002 | 1089/1308 (83.3%) | Falhas: 0
14:39:59 | INFO     | [14:39:59] ✅ DONE | 00003/2026 | item 00004 | 1090/1308 (83.3%) | Falhas: 0
14:39:59 | INFO     | [14:39:59] ✅ DONE | 00003/2026 | item 00005 | 1091/1308 (83.4%) | Falhas: 0
14:39:59 | INFO     | [14:39:59] ✅ DONE | 00002/2026 | item 00003 | 1092/1308 (83.5%) | Falhas: 0
14:40:00 | INFO     | [14:40:00] ✅ DONE | 00001/2026 | item 00007 | 1093/1308 (83.6%) | Falhas: 0
14:40:00 | INFO     | [14:40:00] ✅ DONE | 00001/2026 | item 00009 | 1094/1308 (83.6%) | Falhas: 0
14:40:00 | INFO     | [14:40:00] ✅ DONE | 00001/2026 | item 00008 | 1095/1308 (83.7%) | Falhas: 0
14:40:01 | INFO     | [14:40:01] ✅ DONE | 00005/2026 | item 00079 | 1096/1308 (83.8%) | Falhas: 0
14:40:01 | INFO     | [14:40:01] ✅ DONE | 00005/2026 | item 00077 | 1097/1308 (83.9%) | Falhas: 0
14:40:01 | INFO     | [14:40:01] ✅ DONE | 00005/2026 | item 00078 | 1098/1308 (83.9%) | Falhas: 0
14:40:02 | INFO     | [14:40:02] ✅ DONE | 00004/2026 | item 00003 | 1099/1308 (84.0%) | Falhas: 0
14:40:02 | INFO     | [14:40:02] ✅ DONE | 00004/2026 | item 00002 | 1100/1308 (84.1%) | Falhas: 0
14:40:02 | INFO     | [14:40:02] ✅ DONE | 00004/2026 | item 00001 | 1101/1308 (84.2%) | Falhas: 0
14:40:03 | INFO     | [14:40:03] ✅ DONE | 00007/2026 | item 00006 | 1102/1308 (84.3%) | Falhas: 0
14:40:03 | INFO     | [14:40:03] ✅ DONE | 00007/2026 | item 00007 | 1103/1308 (84.3%) | Falhas: 0
14:40:19 | INFO     | [14:40:19] ✅ DONE | 00005/2026 | item 00080 | 1104/1308 (84.4%) | Falhas: 0
14:40:19 | INFO     | [14:40:19] ✅ DONE | 00008/2026 | item 00001 | 1105/1308 (84.5%) | Falhas: 0
14:40:19 | INFO     | [14:40:19] ✅ DONE | 00006/2026 | item 00001 | 1106/1308 (84.6%) | Falhas: 0
14:40:19 | INFO     | [14:40:19] ✅ DONE | 00008/2026 | item 00002 | 1107/1308 (84.6%) | Falhas: 0
14:40:20 | INFO     | [14:40:20] ✅ DONE | 00008/2026 | item 00004 | 1108/1308 (84.7%) | Falhas: 0
14:40:20 | INFO     | [14:40:20] ✅ DONE | 00008/2026 | item 00003 | 1109/1308 (84.8%) | Falhas: 0
14:40:21 | INFO     | [14:40:21] ✅ DONE | 00009/2026 | item 00007 | 1110/1308 (84.9%) | Falhas: 0
14:40:21 | INFO     | [14:40:21] ✅ DONE | 00009/2026 | item 00009 | 1111/1308 (84.9%) | Falhas: 0
14:40:21 | INFO     | [14:40:21] ✅ DONE | 00009/2026 | item 00008 | 1112/1308 (85.0%) | Falhas: 0
14:40:21 | INFO     | [14:40:21] ✅ DONE | 00010/2026 | item 00001 | 1113/1308 (85.1%) | Falhas: 0
14:40:37 | INFO     | [14:40:37] ✅ DONE | 00008/2026 | item 00005 | 1114/1308 (85.2%) | Falhas: 0
14:40:37 | INFO     | [14:40:37] ✅ DONE | 00010/2026 | item 00002 | 1115/1308 (85.2%) | Falhas: 0
14:40:38 | INFO     | [14:40:38] ✅ DONE | 00012/2026 | item 00006 | 1116/1308 (85.3%) | Falhas: 0
14:40:38 | INFO     | [14:40:38] ✅ DONE | 00013/2026 | item 00012 | 1117/1308 (85.4%) | Falhas: 0
14:40:39 | INFO     | [14:40:39] ✅ DONE | 00015/2026 | item 00023 | 1118/1308 (85.5%) | Falhas: 0
14:40:39 | INFO     | [14:40:39] ✅ DONE | 00014/2026 | item 00022 | 1119/1308 (85.6%) | Falhas: 0
14:40:39 | INFO     | [14:40:39] ✅ DONE | 00016/2026 | item 00024 | 1120/1308 (85.6%) | Falhas: 0
14:40:40 | INFO     | [14:40:40] ✅ DONE | 00018/2026 | item 00001 | 1121/1308 (85.7%) | Falhas: 0
14:40:40 | INFO     | [14:40:40] ✅ DONE | 00018/2026 | item 00002 | 1122/1308 (85.8%) | Falhas: 0
14:40:40 | INFO     | [14:40:40] ✅ DONE | 00018/2026 | item 00004 | 1123/1308 (85.9%) | Falhas: 0
14:40:41 | INFO     | [14:40:41] ✅ DONE | 00011/2026 | item 00010 | 1124/1308 (85.9%) | Falhas: 0
14:40:41 | INFO     | [14:40:41] ✅ DONE | 00018/2026 | item 00012 | 1125/1308 (86.0%) | Falhas: 0
14:40:42 | INFO     | [14:40:42] ✅ DONE | 00018/2026 | item 00009 | 1126/1308 (86.1%) | Falhas: 0
14:40:42 | INFO     | [14:40:42] ✅ DONE | 00011/2026 | item 00017 | 1127/1308 (86.2%) | Falhas: 0
14:40:42 | INFO     | [14:40:42] ✅ DONE | 00011/2026 | item 00032 | 1128/1308 (86.2%) | Falhas: 0
14:40:43 | INFO     | [14:40:43] ✅ DONE | 00017/2026 | item 00020 | 1129/1308 (86.3%) | Falhas: 0
14:40:43 | INFO     | [14:40:43] ✅ DONE | 00019/2026 | item 00003 | 1130/1308 (86.4%) | Falhas: 0
14:40:43 | INFO     | [14:40:43] ✅ DONE | 00019/2026 | item 00005 | 1131/1308 (86.5%) | Falhas: 0
14:40:43 | INFO     | [14:40:43] ✅ DONE | 00019/2026 | item 00007 | 1132/1308 (86.5%) | Falhas: 0
14:40:44 | INFO     | [14:40:44] ✅ DONE | 00019/2026 | item 00006 | 1133/1308 (86.6%) | Falhas: 0
14:40:44 | INFO     | [14:40:44] ✅ DONE | 00019/2026 | item 00008 | 1134/1308 (86.7%) | Falhas: 0
14:40:44 | INFO     | [14:40:44] ✅ DONE | 00019/2026 | item 00010 | 1135/1308 (86.8%) | Falhas: 0
14:40:45 | INFO     | [14:40:45] ✅ DONE | 00019/2026 | item 00011 | 1136/1308 (86.9%) | Falhas: 0
14:40:45 | INFO     | [14:40:45] ✅ DONE | 00021/2026 | item 00038 | 1137/1308 (86.9%) | Falhas: 0
14:40:45 | INFO     | [14:40:45] ✅ DONE | 00023/2026 | item 00046 | 1138/1308 (87.0%) | Falhas: 0
14:40:46 | INFO     | [14:40:46] ✅ DONE | 00024/2026 | item 00059 | 1139/1308 (87.1%) | Falhas: 0
14:40:46 | INFO     | [14:40:46] ✅ DONE | 00025/2026 | item 00063 | 1140/1308 (87.2%) | Falhas: 0
14:40:46 | INFO     | [14:40:46] ✅ DONE | 00020/2026 | item 00001 | 1141/1308 (87.2%) | Falhas: 0
14:40:47 | INFO     | [14:40:47] ✅ DONE | 00026/2026 | item 00065 | 1142/1308 (87.3%) | Falhas: 0
14:40:47 | INFO     | [14:40:47] ✅ DONE | 00022/2026 | item 00039 | 1143/1308 (87.4%) | Falhas: 0
14:40:47 | INFO     | [14:40:47] ✅ DONE | 00027/2026 | item 00066 | 1144/1308 (87.5%) | Falhas: 0
14:40:48 | INFO     | [14:40:48] ✅ DONE | 00030/2026 | item 00087 | 1145/1308 (87.5%) | Falhas: 0
14:40:48 | INFO     | [14:40:48] ✅ DONE | 00032/2026 | item 00104 | 1146/1308 (87.6%) | Falhas: 0
14:40:49 | INFO     | [14:40:49] ✅ DONE | 00033/2026 | item 00001 | 1147/1308 (87.7%) | Falhas: 0
14:40:49 | INFO     | [14:40:49] ✅ DONE | 00033/2026 | item 00002 | 1148/1308 (87.8%) | Falhas: 0
14:40:49 | INFO     | [14:40:49] ✅ DONE | 00033/2026 | item 00003 | 1149/1308 (87.8%) | Falhas: 0
14:40:50 | INFO     | [14:40:50] ✅ DONE | 00033/2026 | item 00004 | 1150/1308 (87.9%) | Falhas: 0
14:40:50 | INFO     | [14:40:50] ✅ DONE | 00034/2026 | item 00005 | 1151/1308 (88.0%) | Falhas: 0
14:40:51 | INFO     | [14:40:51] ✅ DONE | 00034/2026 | item 00006 | 1152/1308 (88.1%) | Falhas: 0
14:40:51 | INFO     | [14:40:51] ✅ DONE | 00034/2026 | item 00008 | 1153/1308 (88.1%) | Falhas: 0
14:40:52 | INFO     | [14:40:52] ✅ DONE | 00034/2026 | item 00010 | 1154/1308 (88.2%) | Falhas: 0
14:40:52 | INFO     | [14:40:52] ✅ DONE | 00034/2026 | item 00011 | 1155/1308 (88.3%) | Falhas: 0
14:40:53 | INFO     | [14:40:53] ✅ DONE | 00029/2026 | item 00084 | 1156/1308 (88.4%) | Falhas: 0
14:40:53 | INFO     | [14:40:53] ✅ DONE | 00028/2026 | item 00082 | 1157/1308 (88.5%) | Falhas: 0
14:40:53 | INFO     | [14:40:53] ✅ DONE | 00031/2026 | item 00101 | 1158/1308 (88.5%) | Falhas: 0
14:40:54 | INFO     | [14:40:54] ✅ DONE | 00036/2026 | item 00083 | 1159/1308 (88.6%) | Falhas: 0
14:40:54 | INFO     | [14:40:54] ✅ DONE | 00036/2026 | item 00012 | 1160/1308 (88.7%) | Falhas: 0
14:40:55 | INFO     | [14:40:55] ✅ DONE | 00035/2026 | item 00009 | 1161/1308 (88.8%) | Falhas: 0
14:40:55 | INFO     | [14:40:55] ✅ DONE | 00035/2026 | item 00081 | 1162/1308 (88.8%) | Falhas: 0
14:40:56 | INFO     | [14:40:56] ✅ DONE | 00035/2026 | item 00100 | 1163/1308 (88.9%) | Falhas: 0
14:40:56 | INFO     | [14:40:56] ✅ DONE | 00038/2026 | item 00027 | 1164/1308 (89.0%) | Falhas: 0
14:40:56 | INFO     | [14:40:56] ✅ DONE | 00038/2026 | item 00031 | 1165/1308 (89.1%) | Falhas: 0
14:40:56 | INFO     | [14:40:56] ✅ DONE | 00038/2026 | item 00041 | 1166/1308 (89.1%) | Falhas: 0
14:40:57 | INFO     | [14:40:57] ✅ DONE | 00038/2026 | item 00098 | 1167/1308 (89.2%) | Falhas: 0
14:40:57 | INFO     | [14:40:57] ✅ DONE | 00038/2026 | item 00108 | 1168/1308 (89.3%) | Falhas: 0
14:40:57 | INFO     | [14:40:57] ✅ DONE | 00039/2026 | item 00047 | 1169/1308 (89.4%) | Falhas: 0
14:40:58 | INFO     | [14:40:58] ✅ DONE | 00039/2026 | item 00050 | 1170/1308 (89.4%) | Falhas: 0
14:40:58 | INFO     | [14:40:58] ✅ DONE | 00037/2026 | item 00035 | 1171/1308 (89.5%) | Falhas: 0
14:40:58 | INFO     | [14:40:58] ✅ DONE | 00040/2026 | item 00049 | 1172/1308 (89.6%) | Falhas: 0
14:40:59 | INFO     | [14:40:59] ✅ DONE | 00042/2026 | item 00057 | 1173/1308 (89.7%) | Falhas: 0
14:40:59 | INFO     | [14:40:59] ✅ DONE | 00040/2026 | item 00089 | 1174/1308 (89.8%) | Falhas: 0
14:40:59 | INFO     | [14:40:59] ✅ DONE | 00042/2026 | item 00054 | 1175/1308 (89.8%) | Falhas: 0
14:40:59 | INFO     | [14:40:59] ✅ DONE | 00043/2026 | item 00055 | 1176/1308 (89.9%) | Falhas: 0
14:41:00 | INFO     | [14:41:00] ✅ DONE | 00039/2026 | item 00062 | 1177/1308 (90.0%) | Falhas: 0
14:41:00 | INFO     | [14:41:00] ✅ DONE | 00041/2026 | item 00052 | 1178/1308 (90.1%) | Falhas: 0
14:41:00 | INFO     | [14:41:00] ✅ DONE | 00041/2026 | item 00064 | 1179/1308 (90.1%) | Falhas: 0
14:41:01 | INFO     | [14:41:01] ✅ DONE | 00044/2026 | item 00060 | 1180/1308 (90.2%) | Falhas: 0
14:41:01 | INFO     | [14:41:01] ✅ DONE | 00044/2026 | item 00061 | 1181/1308 (90.3%) | Falhas: 0
14:41:01 | INFO     | [14:41:01] ✅ DONE | 00045/2026 | item 00069 | 1182/1308 (90.4%) | Falhas: 0
14:41:02 | INFO     | [14:41:02] ✅ DONE | 00045/2026 | item 00070 | 1183/1308 (90.4%) | Falhas: 0
14:41:02 | INFO     | [14:41:02] ✅ DONE | 00045/2026 | item 00071 | 1184/1308 (90.5%) | Falhas: 0
14:41:03 | INFO     | [14:41:03] ✅ DONE | 00045/2026 | item 00072 | 1185/1308 (90.6%) | Falhas: 0
14:41:03 | INFO     | [14:41:03] ✅ DONE | 00045/2026 | item 00074 | 1186/1308 (90.7%) | Falhas: 0
14:41:03 | INFO     | [14:41:03] ✅ DONE | 00046/2026 | item 00075 | 1187/1308 (90.7%) | Falhas: 0
14:41:04 | INFO     | [14:41:04] ✅ DONE | 00046/2026 | item 00105 | 1188/1308 (90.8%) | Falhas: 0
14:41:04 | INFO     | [14:41:04] ✅ DONE | 00047/2026 | item 00079 | 1189/1308 (90.9%) | Falhas: 0
14:41:04 | INFO     | [14:41:04] ✅ DONE | 00047/2026 | item 00080 | 1190/1308 (91.0%) | Falhas: 0
14:41:05 | INFO     | [14:41:05] ✅ DONE | 00047/2026 | item 00102 | 1191/1308 (91.1%) | Falhas: 0
14:41:05 | INFO     | [14:41:05] ✅ DONE | 00049/2026 | item 00106 | 1192/1308 (91.1%) | Falhas: 0
14:41:05 | INFO     | [14:41:05] ✅ DONE | 00049/2026 | item 00107 | 1193/1308 (91.2%) | Falhas: 0
14:41:06 | INFO     | [14:41:06] ✅ DONE | 00050/2026 | item 00017 | 1194/1308 (91.3%) | Falhas: 0
14:41:06 | INFO     | [14:41:06] ✅ DONE | 00050/2026 | item 00023 | 1195/1308 (91.4%) | Falhas: 0
14:41:06 | INFO     | [14:41:06] ✅ DONE | 00050/2026 | item 00021 | 1196/1308 (91.4%) | Falhas: 0
14:41:07 | INFO     | [14:41:07] ✅ DONE | 00050/2026 | item 00024 | 1197/1308 (91.5%) | Falhas: 0
14:41:07 | INFO     | [14:41:07] ✅ DONE | 00050/2026 | item 00025 | 1198/1308 (91.6%) | Falhas: 0
14:41:08 | INFO     | [14:41:08] ✅ DONE | 00050/2026 | item 00026 | 1199/1308 (91.7%) | Falhas: 0
14:41:08 | INFO     | [14:41:08] ✅ DONE | 00050/2026 | item 00028 | 1200/1308 (91.7%) | Falhas: 0
14:41:09 | INFO     | [14:41:09] ✅ DONE | 00050/2026 | item 00030 | 1201/1308 (91.8%) | Falhas: 0
14:41:09 | INFO     | [14:41:09] ✅ DONE | 00050/2026 | item 00032 | 1202/1308 (91.9%) | Falhas: 0
14:41:09 | INFO     | [14:41:09] ✅ DONE | 00050/2026 | item 00033 | 1203/1308 (92.0%) | Falhas: 0
14:41:25 | INFO     | [14:41:25] ✅ DONE | 00050/2026 | item 00040 | 1204/1308 (92.0%) | Falhas: 0
14:41:26 | INFO     | [14:41:26] ✅ DONE | 00050/2026 | item 00036 | 1205/1308 (92.1%) | Falhas: 0
14:41:26 | INFO     | [14:41:26] ✅ DONE | 00050/2026 | item 00037 | 1206/1308 (92.2%) | Falhas: 0
14:41:27 | INFO     | [14:41:27] ✅ DONE | 00050/2026 | item 00042 | 1207/1308 (92.3%) | Falhas: 0
14:41:27 | INFO     | [14:41:27] ✅ DONE | 00050/2026 | item 00043 | 1208/1308 (92.4%) | Falhas: 0
14:41:27 | INFO     | [14:41:27] ✅ DONE | 00050/2026 | item 00044 | 1209/1308 (92.4%) | Falhas: 0
14:41:28 | INFO     | [14:41:28] ✅ DONE | 00050/2026 | item 00058 | 1210/1308 (92.5%) | Falhas: 0
14:41:28 | INFO     | [14:41:28] ✅ DONE | 00050/2026 | item 00067 | 1211/1308 (92.6%) | Falhas: 0
14:41:28 | INFO     | [14:41:28] ✅ DONE | 00050/2026 | item 00068 | 1212/1308 (92.7%) | Falhas: 0
14:41:29 | INFO     | [14:41:29] ✅ DONE | 00050/2026 | item 00076 | 1213/1308 (92.7%) | Falhas: 0
14:41:45 | INFO     | [14:41:45] ✅ DONE | 00050/2026 | item 00077 | 1214/1308 (92.8%) | Falhas: 0
14:41:45 | INFO     | [14:41:45] ✅ DONE | 00050/2026 | item 00078 | 1215/1308 (92.9%) | Falhas: 0
14:41:45 | INFO     | [14:41:45] ✅ DONE | 00048/2026 | item 00085 | 1216/1308 (93.0%) | Falhas: 0
14:41:46 | INFO     | [14:41:46] ✅ DONE | 00043/2026 | item 00056 | 1217/1308 (93.0%) | Falhas: 0
14:41:46 | INFO     | [14:41:46] ✅ DONE | 00048/2026 | item 00086 | 1218/1308 (93.1%) | Falhas: 0
14:41:46 | INFO     | [14:41:46] ✅ DONE | 00051/2026 | item 00051 | 1219/1308 (93.2%) | Falhas: 0
14:41:46 | INFO     | [14:41:46] ✅ DONE | 00053/2026 | item 00094 | 1220/1308 (93.3%) | Falhas: 0
14:41:47 | INFO     | [14:41:47] ✅ DONE | 00054/2026 | item 00109 | 1221/1308 (93.3%) | Falhas: 0
14:41:47 | INFO     | [14:41:47] ✅ DONE | 00054/2026 | item 00110 | 1222/1308 (93.4%) | Falhas: 0
14:41:47 | INFO     | [14:41:47] ✅ DONE | 00054/2026 | item 00111 | 1223/1308 (93.5%) | Falhas: 0
14:41:47 | INFO     | [14:41:47] ✅ DONE | 00054/2026 | item 00112 | 1224/1308 (93.6%) | Falhas: 0
14:41:48 | INFO     | [14:41:48] ✅ DONE | 00054/2026 | item 00113 | 1225/1308 (93.7%) | Falhas: 0
14:41:48 | INFO     | [14:41:48] ✅ DONE | 00057/2026 | item 00088 | 1226/1308 (93.7%) | Falhas: 0
14:41:48 | INFO     | [14:41:48] ✅ DONE | 00058/2026 | item 00090 | 1227/1308 (93.8%) | Falhas: 0
14:41:48 | INFO     | [14:41:48] ✅ DONE | 00058/2026 | item 00092 | 1228/1308 (93.9%) | Falhas: 0
14:41:48 | INFO     | [14:41:48] ✅ DONE | 00059/2026 | item 00093 | 1229/1308 (94.0%) | Falhas: 0
14:41:49 | INFO     | [14:41:49] ✅ DONE | 00060/2026 | item 00095 | 1230/1308 (94.0%) | Falhas: 0
14:41:49 | INFO     | [14:41:49] ✅ DONE | 00055/2026 | item 00007 | 1231/1308 (94.1%) | Falhas: 0
14:41:49 | INFO     | [14:41:49] ✅ DONE | 00056/2026 | item 00053 | 1232/1308 (94.2%) | Falhas: 0
14:41:49 | INFO     | [14:41:49] ✅ DONE | 00063/2026 | item 00010 | 1233/1308 (94.3%) | Falhas: 0
14:41:49 | INFO     | [14:41:49] ✅ DONE | 00062/2026 | item 00099 | 1234/1308 (94.3%) | Falhas: 0
14:41:50 | INFO     | [14:41:50] ✅ DONE | 00063/2026 | item 00011 | 1235/1308 (94.4%) | Falhas: 0
14:41:50 | INFO     | [14:41:50] ✅ DONE | 00063/2026 | item 00012 | 1236/1308 (94.5%) | Falhas: 0
14:41:50 | INFO     | [14:41:50] ✅ DONE | 00063/2026 | item 00013 | 1237/1308 (94.6%) | Falhas: 0
14:41:51 | INFO     | [14:41:51] ✅ DONE | 00063/2026 | item 00015 | 1238/1308 (94.6%) | Falhas: 0
14:41:51 | INFO     | [14:41:51] ✅ DONE | 00063/2026 | item 00016 | 1239/1308 (94.7%) | Falhas: 0
14:41:51 | INFO     | [14:41:51] ✅ DONE | 00063/2026 | item 00014 | 1240/1308 (94.8%) | Falhas: 0
14:41:52 | INFO     | [14:41:52] ✅ DONE | 00063/2026 | item 00017 | 1241/1308 (94.9%) | Falhas: 0
14:41:52 | INFO     | [14:41:52] ✅ DONE | 00063/2026 | item 00019 | 1242/1308 (95.0%) | Falhas: 0
14:41:52 | INFO     | [14:41:52] ✅ DONE | 00063/2026 | item 00021 | 1243/1308 (95.0%) | Falhas: 0
14:41:52 | INFO     | [14:41:52] ✅ DONE | 00063/2026 | item 00018 | 1244/1308 (95.1%) | Falhas: 0
14:41:53 | INFO     | [14:41:53] ✅ DONE | 00063/2026 | item 00020 | 1245/1308 (95.2%) | Falhas: 0
14:41:53 | INFO     | [14:41:53] ✅ DONE | 00063/2026 | item 00022 | 1246/1308 (95.3%) | Falhas: 0
14:41:54 | INFO     | [14:41:54] ✅ DONE | 00063/2026 | item 00023 | 1247/1308 (95.3%) | Falhas: 0
14:41:54 | INFO     | [14:41:54] ✅ DONE | 00063/2026 | item 00024 | 1248/1308 (95.4%) | Falhas: 0
14:41:54 | INFO     | [14:41:54] ✅ DONE | 00063/2026 | item 00025 | 1249/1308 (95.5%) | Falhas: 0
14:41:54 | INFO     | [14:41:54] ✅ DONE | 00063/2026 | item 00026 | 1250/1308 (95.6%) | Falhas: 0
14:41:55 | INFO     | [14:41:55] ✅ DONE | 00063/2026 | item 00028 | 1251/1308 (95.6%) | Falhas: 0
14:41:55 | INFO     | [14:41:55] ✅ DONE | 00063/2026 | item 00027 | 1252/1308 (95.7%) | Falhas: 0
14:41:55 | INFO     | [14:41:55] ✅ DONE | 00063/2026 | item 00029 | 1253/1308 (95.8%) | Falhas: 0
14:41:55 | INFO     | [14:41:55] ✅ DONE | 00063/2026 | item 00030 | 1254/1308 (95.9%) | Falhas: 0
14:41:56 | INFO     | [14:41:56] ✅ DONE | 00063/2026 | item 00031 | 1255/1308 (95.9%) | Falhas: 0
14:41:56 | INFO     | [14:41:56] ✅ DONE | 00063/2026 | item 00032 | 1256/1308 (96.0%) | Falhas: 0
14:41:56 | INFO     | [14:41:56] ✅ DONE | 00063/2026 | item 00033 | 1257/1308 (96.1%) | Falhas: 0
14:41:56 | INFO     | [14:41:56] ✅ DONE | 00063/2026 | item 00034 | 1258/1308 (96.2%) | Falhas: 0
14:41:57 | INFO     | [14:41:57] ✅ DONE | 00063/2026 | item 00036 | 1259/1308 (96.3%) | Falhas: 0
14:41:57 | INFO     | [14:41:57] ✅ DONE | 00063/2026 | item 00035 | 1260/1308 (96.3%) | Falhas: 0
14:41:57 | INFO     | [14:41:57] ✅ DONE | 00063/2026 | item 00037 | 1261/1308 (96.4%) | Falhas: 0
14:41:57 | INFO     | [14:41:57] ✅ DONE | 00063/2026 | item 00039 | 1262/1308 (96.5%) | Falhas: 0
14:41:58 | INFO     | [14:41:58] ✅ DONE | 00063/2026 | item 00038 | 1263/1308 (96.6%) | Falhas: 0
14:41:58 | INFO     | [14:41:58] ✅ DONE | 00063/2026 | item 00041 | 1264/1308 (96.6%) | Falhas: 0
14:41:58 | INFO     | [14:41:58] ✅ DONE | 00063/2026 | item 00040 | 1265/1308 (96.7%) | Falhas: 0
14:41:58 | INFO     | [14:41:58] ✅ DONE | 00063/2026 | item 00043 | 1266/1308 (96.8%) | Falhas: 0
14:41:58 | INFO     | [14:41:58] ✅ DONE | 00063/2026 | item 00042 | 1267/1308 (96.9%) | Falhas: 0
14:41:59 | INFO     | [14:41:59] ✅ DONE | 00063/2026 | item 00044 | 1268/1308 (96.9%) | Falhas: 0
14:41:59 | INFO     | [14:41:59] ✅ DONE | 00063/2026 | item 00051 | 1269/1308 (97.0%) | Falhas: 0
14:41:59 | INFO     | [14:41:59] ✅ DONE | 00063/2026 | item 00050 | 1270/1308 (97.1%) | Falhas: 0
14:42:00 | INFO     | [14:42:00] ✅ DONE | 00063/2026 | item 00052 | 1271/1308 (97.2%) | Falhas: 0
14:42:00 | INFO     | [14:42:00] ✅ DONE | 00063/2026 | item 00054 | 1272/1308 (97.2%) | Falhas: 0
14:42:00 | INFO     | [14:42:00] ✅ DONE | 00063/2026 | item 00053 | 1273/1308 (97.3%) | Falhas: 0
14:42:01 | INFO     | [14:42:01] ✅ DONE | 00063/2026 | item 00055 | 1274/1308 (97.4%) | Falhas: 0
14:42:01 | INFO     | [14:42:01] ✅ DONE | 00063/2026 | item 00057 | 1275/1308 (97.5%) | Falhas: 0
14:42:01 | INFO     | [14:42:01] ✅ DONE | 00063/2026 | item 00056 | 1276/1308 (97.6%) | Falhas: 0
14:42:02 | INFO     | [14:42:02] ✅ DONE | 00063/2026 | item 00058 | 1277/1308 (97.6%) | Falhas: 0
14:42:02 | INFO     | [14:42:02] ✅ DONE | 00063/2026 | item 00059 | 1278/1308 (97.7%) | Falhas: 0
14:42:02 | INFO     | [14:42:02] ✅ DONE | 00063/2026 | item 00060 | 1279/1308 (97.8%) | Falhas: 0
14:42:02 | INFO     | [14:42:02] ✅ DONE | 00063/2026 | item 00061 | 1280/1308 (97.9%) | Falhas: 0
14:42:02 | INFO     | [14:42:02] ✅ DONE | 00063/2026 | item 00063 | 1281/1308 (97.9%) | Falhas: 0
14:42:03 | INFO     | [14:42:03] ✅ DONE | 00063/2026 | item 00062 | 1282/1308 (98.0%) | Falhas: 0
14:42:04 | INFO     | [14:42:04] ✅ DONE | 00063/2026 | item 00064 | 1283/1308 (98.1%) | Falhas: 0
14:42:04 | INFO     | [14:42:04] ✅ DONE | 00064/2026 | item 00001 | 1284/1308 (98.2%) | Falhas: 0
14:42:04 | INFO     | [14:42:04] ✅ DONE | 00064/2026 | item 00002 | 1285/1308 (98.2%) | Falhas: 0
14:42:05 | INFO     | [14:42:05] ✅ DONE | 00064/2026 | item 00003 | 1286/1308 (98.3%) | Falhas: 0
14:42:05 | INFO     | [14:42:05] ✅ DONE | 00064/2026 | item 00004 | 1287/1308 (98.4%) | Falhas: 0
14:42:05 | INFO     | [14:42:05] ✅ DONE | 00064/2026 | item 00005 | 1288/1308 (98.5%) | Falhas: 0
14:42:06 | INFO     | [14:42:06] ✅ DONE | 00064/2026 | item 00007 | 1289/1308 (98.5%) | Falhas: 0
14:42:06 | INFO     | [14:42:06] ✅ DONE | 00064/2026 | item 00008 | 1290/1308 (98.6%) | Falhas: 0
14:42:06 | INFO     | [14:42:06] ✅ DONE | 00064/2026 | item 00006 | 1291/1308 (98.7%) | Falhas: 0
14:42:06 | INFO     | [14:42:06] ✅ DONE | 00061/2026 | item 00096 | 1292/1308 (98.8%) | Falhas: 0
14:42:07 | INFO     | [14:42:07] ✅ DONE | 00064/2026 | item 00009 | 1293/1308 (98.9%) | Falhas: 0
14:42:07 | INFO     | [14:42:07] ✅ DONE | 00061/2026 | item 00097 | 1294/1308 (98.9%) | Falhas: 0
14:42:07 | INFO     | [14:42:07] ✅ DONE | 00065/2026 | item 00045 | 1295/1308 (99.0%) | Falhas: 0
14:42:07 | INFO     | [14:42:07] ✅ DONE | 00065/2026 | item 00046 | 1296/1308 (99.1%) | Falhas: 0
14:42:08 | INFO     | [14:42:08] ✅ DONE | 00065/2026 | item 00047 | 1297/1308 (99.2%) | Falhas: 0
14:42:08 | INFO     | [14:42:08] ✅ DONE | 00065/2026 | item 00049 | 1298/1308 (99.2%) | Falhas: 0
14:42:09 | INFO     | [14:42:09] ✅ DONE | 00065/2026 | item 00048 | 1299/1308 (99.3%) | Falhas: 0
14:42:09 | INFO     | [14:42:09] ✅ DONE | 90204/2025 | item 00015 | 1300/1308 (99.4%) | Falhas: 0
14:42:10 | INFO     | [14:42:10] ✅ DONE | 90204/2025 | item 00017 | 1301/1308 (99.5%) | Falhas: 0
14:42:10 | INFO     | [14:42:10] ✅ DONE | 90204/2025 | item 00016 | 1302/1308 (99.5%) | Falhas: 0
14:42:10 | INFO     | [14:42:10] ✅ DONE | 90204/2025 | item 00018 | 1303/1308 (99.6%) | Falhas: 0
14:42:27 | INFO     | [14:42:27] ✅ DONE | 90204/2025 | item 00021 | 1304/1308 (99.7%) | Falhas: 0
14:42:27 | INFO     | [14:42:27] ✅ DONE | 90204/2025 | item 00019 | 1305/1308 (99.8%) | Falhas: 0
14:42:27 | INFO     | [14:42:27] ✅ DONE | 90204/2025 | item 00020 | 1306/1308 (99.8%) | Falhas: 0
14:42:27 | INFO     | [14:42:27] ✅ DONE | 90204/2025 | item 00022 | 1307/1308 (99.9%) | Falhas: 0
14:42:28 | INFO     | [14:42:28] ✅ DONE | 00191/2025 | item 00001 | 1308/1308 (100.0%) | Falhas: 0
14:42:28 | INFO     | ✅ FIM | Falhas: 0 | SKIPs: 0
14:42:28 | INFO     | ============================================================
14:42:28 | INFO     | 📤 GERANDO atas_unidades.csv...
14:42:28 | INFO     | 📂 1308 arquivo(s) de unidades encontrado(s). Processando...
14:42:35 | INFO     | ✅ CSV gerado: data\atas_unidades.csv
14:42:35 | INFO     | Registros        : 4306
14:42:35 | INFO     | Participantes    : 2998
14:42:35 | INFO     | Não participantes: 1308
14:42:35 | INFO     | Aceita adesão    : 2549
14:42:35 | INFO     | Colunas          : 27
14:42:35 | INFO     | ============================================================
