11:54:57 | INFO     | 🚀 INICIANDO PIPELINE DE EXTRAÇÃO DE COMPRAS PÚBLICAS
11:54:57 | INFO     | ============================================================
11:54:57 | INFO     | ℹ️  Módulo LEGADO está desativado em config.config['CONFIG_APIS']['LEGADO']['executar_legado']; pulando extração.
11:54:57 | INFO     | ▶ Módulo LEI 14.133 — 24 tarefas | 2 threads
11:54:57 | INFO     | ✅ DONE | RT | PNCP-PREGAO           | 2021 | 1/24 (4.2%) | Falhas: 0
11:54:57 | INFO     | ✅ DONE | RT | PNCP-CONCORRENCIA     | 2021 | 2/24 (8.3%) | Falhas: 0
11:54:58 | INFO     | ✅ DONE | RT | PNCP-INEXIGIBILIDADE  | 2021 | 3/24 (12.5%) | Falhas: 0
11:54:58 | INFO     | ✅ DONE | RT | PNCP-DISPENSA         | 2021 | 4/24 (16.7%) | Falhas: 0
11:54:58 | INFO     | ✅ DONE | RT | PNCP-CONCORRENCIA     | 2022 | 5/24 (20.8%) | Falhas: 0
11:54:58 | INFO     | ✅ DONE | RT | PNCP-PREGAO           | 2022 | 6/24 (25.0%) | Falhas: 0
11:54:59 | INFO     | ✅ DONE | RT | PNCP-INEXIGIBILIDADE  | 2022 | 7/24 (29.2%) | Falhas: 0
11:54:59 | INFO     | ✅ DONE | RT | PNCP-DISPENSA         | 2022 | 8/24 (33.3%) | Falhas: 0
11:54:59 | INFO     | ✅ DONE | RT | PNCP-CONCORRENCIA     | 2023 | 9/24 (37.5%) | Falhas: 0
11:55:00 | INFO     | ✅ DONE | RT | PNCP-PREGAO           | 2023 | 10/24 (41.7%) | Falhas: 0
11:55:00 | INFO     | ✅ DONE | RT | PNCP-DISPENSA         | 2023 | 11/24 (45.8%) | Falhas: 0
11:55:00 | INFO     | ✅ DONE | RT | PNCP-INEXIGIBILIDADE  | 2023 | 12/24 (50.0%) | Falhas: 0
11:55:01 | INFO     | ✅ DONE | RT | PNCP-CONCORRENCIA     | 2024 | 13/24 (54.2%) | Falhas: 0
11:55:01 | INFO     | ✅ DONE | RT | PNCP-PREGAO           | 2024 | 14/24 (58.3%) | Falhas: 0
11:55:01 | INFO     | ✅ DONE | RT | PNCP-DISPENSA         | 2024 | 15/24 (62.5%) | Falhas: 0
11:55:02 | INFO     | ✅ DONE | RT | PNCP-INEXIGIBILIDADE  | 2024 | 16/24 (66.7%) | Falhas: 0
11:55:02 | INFO     | ✅ DONE | RT | PNCP-CONCORRENCIA     | 2025 | 17/24 (70.8%) | Falhas: 0
11:55:03 | INFO     | ✅ DONE | RT | PNCP-DISPENSA         | 2025 | 18/24 (75.0%) | Falhas: 0
11:55:03 | INFO     | ✅ DONE | RT | PNCP-PREGAO           | 2025 | 19/24 (79.2%) | Falhas: 0
11:55:03 | INFO     | ✅ DONE | RT | PNCP-CONCORRENCIA     | 2026 | 20/24 (83.3%) | Falhas: 0
11:55:03 | INFO     | ✅ DONE | RT | PNCP-INEXIGIBILIDADE  | 2025 | 21/24 (87.5%) | Falhas: 0
11:55:04 | INFO     | ✅ DONE | RT | PNCP-DISPENSA         | 2026 | 22/24 (91.7%) | Falhas: 0
11:55:05 | INFO     | ✅ DONE | RT | PNCP-PREGAO           | 2026 | 23/24 (95.8%) | Falhas: 0
11:55:05 | INFO     | ✅ DONE | RT | PNCP-INEXIGIBILIDADE  | 2026 | 24/24 (100.0%) | Falhas: 0
11:55:05 | INFO     |    Concluído — DONE: 24 | SKIP: 0 | FAIL: 0
11:55:05 | INFO     | ============================================================
11:55:05 | INFO     | 📊 RESUMO DA EXTRAÇÃO DE COMPRAS
11:55:05 | INFO     |   Falhas Legado   : 0
11:55:05 | INFO     |   Falhas Lei14133 : 0
11:55:05 | INFO     |   SKIPs           : 0
11:55:05 | INFO     | ============================================================
11:55:05 | INFO     | 📤 GERANDO compras.csv...
11:55:05 | INFO     | 📂 341 arquivo(s) encontrado(s). Processando...
11:55:07 | INFO     | ✅ CSV gerado: data\compras.csv
11:55:07 | INFO     | IDs únicos     : 2383
11:55:07 | INFO     | Legado         : 1924
11:55:07 | INFO     | Lei 14.133     : 459
11:55:07 | INFO     | Com responsável: 2061
11:55:07 | INFO     | Sem objeto     : 0
11:55:07 | INFO     | Colunas        : 27
11:55:07 | INFO     | ============================================================
11:55:07 | INFO     | 🔩 INICIANDO EXTRAÇÃO DE ITENS
11:55:07 | INFO     | 🔍 Coletando ids de compras para montar a fila de itens...
11:55:38 | INFO     | IDs únicos     : 2383
11:55:38 | INFO     | Consultas prev.: 4695  (vs 9532 no modo bruto)
11:55:38 | INFO     | Já em cache    : 4695
11:55:38 | INFO     | A extrair      : 0
11:55:38 | INFO     | TOTAL fila     : 0
11:55:38 | INFO     | ⚠️  Nenhuma compra encontrada ou todas já em cache.
11:55:38 | INFO     | ============================================================
11:55:38 | INFO     | 📤 GERANDO compras_itens.csv...
11:55:38 | INFO     | 📂 4699 arquivo(s) de itens encontrado(s). Processando...
11:55:41 | INFO     | ✅ CSV gerado: data\compras_itens.csv
11:55:41 | INFO     | Itens únicos  : 27751
11:55:41 | INFO     | Legado        : 20870
11:55:41 | INFO     | Lei 14.133    : 6881
11:55:41 | INFO     | Colunas       : 33
11:55:41 | INFO     | ============================================================
11:55:41 | INFO     | 📋 INICIANDO EXTRAÇÃO DE ATAS
11:55:41 | INFO     | UASG      : RT (158132)
11:55:41 | INFO     | Anos      : 2023–2027
11:55:41 | INFO     | A extrair : 5
11:55:41 | INFO     | 🚀 INICIANDO EXTRAÇÃO DE ATAS | WORKERS: 3 | TOTAL: 5
11:55:42 | INFO     | [11:55:42] ✅ DONE | RT | 2023 | 1/5 (20.0%) | Falhas: 0
11:55:43 | INFO     | [11:55:43] ✅ DONE | RT | 2026 | 2/5 (40.0%) | Falhas: 0
11:55:43 | INFO     | [11:55:43] ✅ DONE | RT | 2025 | 3/5 (60.0%) | Falhas: 0
11:55:43 | INFO     | [11:55:43] ✅ DONE | RT | 2024 | 4/5 (80.0%) | Falhas: 0
11:55:43 | INFO     | [11:55:43] ✅ DONE | RT | 2027 | 5/5 (100.0%) | Falhas: 0
11:55:43 | INFO     | ✅ FIM | Falhas: 0
11:55:43 | INFO     | ============================================================
11:55:43 | INFO     | 📤 GERANDO atas.csv...
11:55:43 | INFO     | 📂 6 arquivo(s) de atas encontrado(s). Processando...
11:55:43 | INFO     | ✅ CSV gerado: data\atas.csv
11:55:43 | INFO     | Atas únicas   : 422
11:55:43 | INFO     | Atas excluídas: 0
11:55:43 | INFO     | Colunas       : 22
11:55:43 | INFO     | ============================================================
11:55:43 | INFO     | 📦 INICIANDO EXTRAÇÃO DE ITENS DAS ATAS
11:55:44 | INFO     | UASG        : RT (158132)
11:55:44 | INFO     | Anos        : 2023–2027
11:55:44 | INFO     | Já em cache : 3
11:55:44 | INFO     | A extrair   : 2
11:55:44 | INFO     | 🚀 INICIANDO EXTRAÇÃO DE ITENS DE ATAS | WORKERS: 3 | TOTAL: 2
11:55:45 | INFO     | [11:55:45] ✅ DONE | RT | 2024 | 1/2 (50.0%) | Falhas: 0
11:55:45 | INFO     | [11:55:45] ✅ DONE | RT | 2025 | 2/2 (100.0%) | Falhas: 0
11:55:45 | INFO     | ✅ FIM | Falhas: 0 | SKIPs: 0
11:55:45 | INFO     | ============================================================
11:55:45 | INFO     | 📤 GERANDO atas_itens.csv...
11:55:45 | INFO     | ✅ Mapa de atas carregado: 69 compras | 422 atas conhecidas
11:55:45 | INFO     | 📂 9 arquivo(s) de itens de atas encontrado(s). Processando...
11:55:45 | INFO     | ✅ Nenhuma ata ausente detectada.
11:55:45 | INFO     | ✅ CSV gerado: data\atas_itens.csv
11:55:45 | INFO     | Itens únicos     : 3100
11:55:45 | INFO     | Material         : 2521
11:55:45 | INFO     | Serviço          : 579
11:55:45 | INFO     | Excluídos        : 0
11:55:45 | INFO     | Sem id_compra    : 0
11:55:45 | INFO     | Sem numero_compra: 0
11:55:45 | INFO     | Colunas          : 35
11:55:45 | INFO     | ============================================================
11:55:45 | INFO     | 💰 INICIANDO EXTRAÇÃO DE SALDOS DAS ATAS
11:55:48 | INFO     | UASG             : RT (158132)
11:55:48 | INFO     | Validade cache   : 3 dias
11:55:48 | INFO     | A extrair/atualizar: 422
11:55:48 | INFO     | 🚀 INICIANDO EXTRAÇÃO DE SALDOS | WORKERS: 3 | TOTAL: 422
11:55:56 | INFO     | [11:55:56] ✅ DONE | RT | 00001/2025 | 1/422 (0.2%) | Falhas: 0
11:55:56 | INFO     | [11:55:56] ✅ DONE | RT | 00001/2023 | 2/422 (0.5%) | Falhas: 0
11:55:57 | INFO     | [11:55:57] ✅ DONE | RT | 00001/2024 | 3/422 (0.7%) | Falhas: 0
11:56:00 | INFO     | [11:56:00] ✅ DONE | RT | 00002/2024 | 4/422 (0.9%) | Falhas: 0
11:56:01 | INFO     | [11:56:01] ✅ DONE | RT | 00002/2023 | 5/422 (1.2%) | Falhas: 0
11:56:02 | INFO     | [11:56:02] ✅ DONE | RT | 00001/2026 | 6/422 (1.4%) | Falhas: 0
11:56:04 | INFO     | [11:56:04] ✅ DONE | RT | 00002/2025 | 7/422 (1.7%) | Falhas: 0
11:56:04 | INFO     | [11:56:04] ✅ DONE | RT | 00003/2023 | 8/422 (1.9%) | Falhas: 0
11:56:04 | INFO     | [11:56:04] ✅ DONE | RT | 00002/2026 | 9/422 (2.1%) | Falhas: 0
11:56:06 | INFO     | [11:56:06] ✅ DONE | RT | 00003/2025 | 10/422 (2.4%) | Falhas: 0
11:56:06 | INFO     | [11:56:06] ✅ DONE | RT | 00003/2024 | 11/422 (2.6%) | Falhas: 0
11:56:06 | INFO     | [11:56:06] ✅ DONE | RT | 00003/2026 | 12/422 (2.8%) | Falhas: 0
11:56:09 | INFO     | [11:56:09] ✅ DONE | RT | 00004/2024 | 13/422 (3.1%) | Falhas: 0
11:56:09 | INFO     | [11:56:09] ✅ DONE | RT | 00004/2023 | 14/422 (3.3%) | Falhas: 0
11:56:10 | INFO     | [11:56:10] ✅ DONE | RT | 00004/2025 | 15/422 (3.6%) | Falhas: 0
11:56:11 | INFO     | [11:56:11] ✅ DONE | RT | 00005/2023 | 16/422 (3.8%) | Falhas: 0
11:56:13 | INFO     | [11:56:13] ✅ DONE | RT | 00004/2026 | 17/422 (4.0%) | Falhas: 0
11:56:14 | INFO     | [11:56:14] ✅ DONE | RT | 00005/2025 | 18/422 (4.3%) | Falhas: 0
11:56:15 | INFO     | [11:56:15] ✅ DONE | RT | 00005/2024 | 19/422 (4.5%) | Falhas: 0
11:56:16 | INFO     | [11:56:16] ✅ DONE | RT | 00005/2026 | 20/422 (4.7%) | Falhas: 0
11:56:18 | INFO     | [11:56:18] ✅ DONE | RT | 00006/2024 | 21/422 (5.0%) | Falhas: 0
11:56:19 | INFO     | [11:56:19] ✅ DONE | RT | 00006/2023 | 22/422 (5.2%) | Falhas: 0
11:56:19 | INFO     | [11:56:19] ✅ DONE | RT | 00006/2025 | 23/422 (5.5%) | Falhas: 0
11:56:20 | INFO     | [11:56:20] ✅ DONE | RT | 00006/2026 | 24/422 (5.7%) | Falhas: 0
11:56:21 | INFO     | [11:56:21] ✅ DONE | RT | 00007/2024 | 25/422 (5.9%) | Falhas: 0
11:56:22 | INFO     | [11:56:22] ✅ DONE | RT | 00007/2023 | 26/422 (6.2%) | Falhas: 0
11:56:22 | INFO     | [11:56:22] ✅ DONE | RT | 00007/2025 | 27/422 (6.4%) | Falhas: 0
11:56:23 | INFO     | [11:56:23] ✅ DONE | RT | 00007/2026 | 28/422 (6.6%) | Falhas: 0
11:56:24 | INFO     | [11:56:24] ✅ DONE | RT | 00008/2023 | 29/422 (6.9%) | Falhas: 0
11:56:24 | INFO     | [11:56:24] ✅ DONE | RT | 00008/2024 | 30/422 (7.1%) | Falhas: 0
11:56:24 | INFO     | [11:56:24] ✅ DONE | RT | 00008/2025 | 31/422 (7.3%) | Falhas: 0
11:56:26 | INFO     | [11:56:26] ✅ DONE | RT | 00009/2023 | 32/422 (7.6%) | Falhas: 0
11:56:26 | INFO     | [11:56:26] ✅ DONE | RT | 00008/2026 | 33/422 (7.8%) | Falhas: 0
11:56:27 | INFO     | [11:56:27] ✅ DONE | RT | 00009/2024 | 34/422 (8.1%) | Falhas: 0
11:56:29 | INFO     | [11:56:29] ✅ DONE | RT | 00010/2023 | 35/422 (8.3%) | Falhas: 0
11:56:29 | INFO     | [11:56:29] ✅ DONE | RT | 00009/2026 | 36/422 (8.5%) | Falhas: 0
11:56:30 | INFO     | [11:56:30] ✅ DONE | RT | 00009/2025 | 37/422 (8.8%) | Falhas: 0
11:56:31 | INFO     | [11:56:31] ✅ DONE | RT | 00010/2025 | 38/422 (9.0%) | Falhas: 0
11:56:33 | INFO     | [11:56:33] ✅ DONE | RT | 00010/2026 | 39/422 (9.2%) | Falhas: 0
11:56:33 | INFO     | [11:56:33] ✅ DONE | RT | 00010/2024 | 40/422 (9.5%) | Falhas: 0
11:56:34 | INFO     | [11:56:34] ✅ DONE | RT | 00011/2023 | 41/422 (9.7%) | Falhas: 0
11:56:34 | INFO     | [11:56:34] ✅ DONE | RT | 00011/2024 | 42/422 (10.0%) | Falhas: 0
11:56:35 | INFO     | [11:56:35] ✅ DONE | RT | 00011/2025 | 43/422 (10.2%) | Falhas: 0
11:56:35 | INFO     | [11:56:35] ✅ DONE | RT | 00011/2026 | 44/422 (10.4%) | Falhas: 0
11:56:36 | INFO     | [11:56:36] ✅ DONE | RT | 00012/2023 | 45/422 (10.7%) | Falhas: 0
11:56:37 | INFO     | [11:56:37] ✅ DONE | RT | 00012/2024 | 46/422 (10.9%) | Falhas: 0
11:56:37 | INFO     | [11:56:37] ✅ DONE | RT | 00013/2023 | 47/422 (11.1%) | Falhas: 0
11:56:38 | INFO     | [11:56:38] ✅ DONE | RT | 00013/2024 | 48/422 (11.4%) | Falhas: 0
11:56:38 | INFO     | [11:56:38] ✅ DONE | RT | 00012/2026 | 49/422 (11.6%) | Falhas: 0
11:56:39 | INFO     | [11:56:39] ✅ DONE | RT | 00013/2026 | 50/422 (11.8%) | Falhas: 0
11:56:41 | INFO     | [11:56:41] ✅ DONE | RT | 00014/2024 | 51/422 (12.1%) | Falhas: 0
11:56:41 | INFO     | [11:56:41] ✅ DONE | RT | 00014/2023 | 52/422 (12.3%) | Falhas: 0
11:56:43 | INFO     | [11:56:43] ✅ DONE | RT | 00014/2026 | 53/422 (12.6%) | Falhas: 0
11:56:44 | INFO     | [11:56:44] ✅ DONE | RT | 00015/2023 | 54/422 (12.8%) | Falhas: 0
11:56:47 | INFO     | [11:56:47] ✅ DONE | RT | 00015/2025 | 55/422 (13.0%) | Falhas: 0
11:56:47 | INFO     | [11:56:47] ✅ DONE | RT | 00015/2026 | 56/422 (13.3%) | Falhas: 0
11:56:47 | INFO     | [11:56:47] ✅ DONE | RT | 00015/2024 | 57/422 (13.5%) | Falhas: 0
11:56:49 | INFO     | [11:56:49] ✅ DONE | RT | 00016/2024 | 58/422 (13.7%) | Falhas: 0
11:56:49 | INFO     | [11:56:49] ✅ DONE | RT | 00016/2023 | 59/422 (14.0%) | Falhas: 0
11:56:50 | INFO     | [11:56:50] ✅ DONE | RT | 00016/2025 | 60/422 (14.2%) | Falhas: 0
11:56:51 | INFO     | [11:56:51] ✅ DONE | RT | 00016/2026 | 61/422 (14.5%) | Falhas: 0
11:56:51 | INFO     | [11:56:51] ✅ DONE | RT | 00017/2023 | 62/422 (14.7%) | Falhas: 0
11:56:52 | INFO     | [11:56:52] ✅ DONE | RT | 00017/2024 | 63/422 (14.9%) | Falhas: 0
11:56:53 | INFO     | [11:56:53] ✅ DONE | RT | 00017/2025 | 64/422 (15.2%) | Falhas: 0
11:56:53 | INFO     | [11:56:53] ✅ DONE | RT | 00017/2026 | 65/422 (15.4%) | Falhas: 0
11:56:54 | INFO     | [11:56:54] ✅ DONE | RT | 00018/2023 | 66/422 (15.6%) | Falhas: 0
11:56:56 | INFO     | [11:56:56] ✅ DONE | RT | 00018/2026 | 67/422 (15.9%) | Falhas: 0
11:56:56 | INFO     | [11:56:56] ✅ DONE | RT | 00018/2024 | 68/422 (16.1%) | Falhas: 0
11:56:57 | INFO     | [11:56:57] ✅ DONE | RT | 00018/2025 | 69/422 (16.4%) | Falhas: 0
11:56:57 | INFO     | [11:56:57] ✅ DONE | RT | 00019/2023 | 70/422 (16.6%) | Falhas: 0
11:56:58 | INFO     | [11:56:58] ✅ DONE | RT | 00019/2024 | 71/422 (16.8%) | Falhas: 0
11:56:58 | INFO     | [11:56:58] ✅ DONE | RT | 00019/2025 | 72/422 (17.1%) | Falhas: 0
11:56:58 | INFO     | [11:56:58] ✅ DONE | RT | 00019/2026 | 73/422 (17.3%) | Falhas: 0
11:57:00 | INFO     | [11:57:00] ✅ DONE | RT | 00020/2025 | 74/422 (17.5%) | Falhas: 0
11:57:00 | INFO     | [11:57:00] ✅ DONE | RT | 00020/2023 | 75/422 (17.8%) | Falhas: 0
11:57:00 | INFO     | [11:57:00] ✅ DONE | RT | 00020/2024 | 76/422 (18.0%) | Falhas: 0
11:57:02 | INFO     | [11:57:02] ✅ DONE | RT | 00021/2023 | 77/422 (18.2%) | Falhas: 0
11:57:02 | INFO     | [11:57:02] ✅ DONE | RT | 00020/2026 | 78/422 (18.5%) | Falhas: 0
11:57:02 | INFO     | [11:57:02] ✅ DONE | RT | 00021/2024 | 79/422 (18.7%) | Falhas: 0
11:57:04 | INFO     | [11:57:04] ✅ DONE | RT | 00021/2025 | 80/422 (19.0%) | Falhas: 0
11:57:04 | INFO     | [11:57:04] ✅ DONE | RT | 00022/2023 | 81/422 (19.2%) | Falhas: 0
11:57:05 | INFO     | [11:57:05] ✅ DONE | RT | 00021/2026 | 82/422 (19.4%) | Falhas: 0
11:57:05 | INFO     | [11:57:05] ✅ DONE | RT | 00022/2024 | 83/422 (19.7%) | Falhas: 0
11:57:06 | INFO     | [11:57:06] ✅ DONE | RT | 00022/2025 | 84/422 (19.9%) | Falhas: 0
11:57:07 | INFO     | [11:57:07] ✅ DONE | RT | 00022/2026 | 85/422 (20.1%) | Falhas: 0
11:57:07 | INFO     | [11:57:07] ✅ DONE | RT | 00023/2023 | 86/422 (20.4%) | Falhas: 0
11:57:08 | INFO     | [11:57:08] ✅ DONE | RT | 00023/2024 | 87/422 (20.6%) | Falhas: 0
11:57:08 | INFO     | [11:57:08] ✅ DONE | RT | 00023/2025 | 88/422 (20.9%) | Falhas: 0
11:57:10 | INFO     | [11:57:10] ✅ DONE | RT | 00024/2024 | 89/422 (21.1%) | Falhas: 0
11:57:10 | INFO     | [11:57:10] ✅ DONE | RT | 00024/2023 | 90/422 (21.3%) | Falhas: 0
11:57:10 | INFO     | [11:57:10] ✅ DONE | RT | 00023/2026 | 91/422 (21.6%) | Falhas: 0
11:57:11 | INFO     | [11:57:11] ✅ DONE | RT | 00024/2025 | 92/422 (21.8%) | Falhas: 0
11:57:11 | INFO     | [11:57:11] ✅ DONE | RT | 00024/2026 | 93/422 (22.0%) | Falhas: 0
11:57:13 | INFO     | [11:57:13] ✅ DONE | RT | 00025/2023 | 94/422 (22.3%) | Falhas: 0
11:57:13 | INFO     | [11:57:13] ✅ DONE | RT | 00025/2025 | 95/422 (22.5%) | Falhas: 0
11:57:14 | INFO     | [11:57:14] ✅ DONE | RT | 00025/2024 | 96/422 (22.7%) | Falhas: 0
11:57:15 | INFO     | [11:57:15] ✅ DONE | RT | 00026/2023 | 97/422 (23.0%) | Falhas: 0
11:57:16 | INFO     | [11:57:16] ✅ DONE | RT | 00026/2024 | 98/422 (23.2%) | Falhas: 0
11:57:18 | INFO     | [11:57:18] ✅ DONE | RT | 00026/2025 | 99/422 (23.5%) | Falhas: 0
11:57:18 | INFO     | [11:57:18] ✅ DONE | RT | 00025/2026 | 100/422 (23.7%) | Falhas: 0
11:57:18 | INFO     | [11:57:18] ✅ DONE | RT | 00026/2026 | 101/422 (23.9%) | Falhas: 0
11:57:20 | INFO     | [11:57:20] ✅ DONE | RT | 00027/2023 | 102/422 (24.2%) | Falhas: 0
11:57:20 | INFO     | [11:57:20] ✅ DONE | RT | 00027/2025 | 103/422 (24.4%) | Falhas: 0
11:57:21 | INFO     | [11:57:21] ✅ DONE | RT | 00027/2024 | 104/422 (24.6%) | Falhas: 0
11:57:21 | INFO     | [11:57:21] ✅ DONE | RT | 00027/2026 | 105/422 (24.9%) | Falhas: 0
11:57:22 | INFO     | [11:57:22] ✅ DONE | RT | 00028/2023 | 106/422 (25.1%) | Falhas: 0
11:57:22 | INFO     | [11:57:22] ✅ DONE | RT | 00028/2024 | 107/422 (25.4%) | Falhas: 0
11:57:23 | INFO     | [11:57:23] ✅ DONE | RT | 00028/2025 | 108/422 (25.6%) | Falhas: 0
11:57:23 | INFO     | [11:57:23] ✅ DONE | RT | 00028/2026 | 109/422 (25.8%) | Falhas: 0
11:57:24 | INFO     | [11:57:24] ✅ DONE | RT | 00029/2023 | 110/422 (26.1%) | Falhas: 0
11:57:24 | INFO     | [11:57:24] ✅ DONE | RT | 00029/2024 | 111/422 (26.3%) | Falhas: 0
11:57:25 | INFO     | [11:57:25] ✅ DONE | RT | 00029/2025 | 112/422 (26.5%) | Falhas: 0
11:57:29 | INFO     | [11:57:29] ✅ DONE | RT | 00029/2026 | 113/422 (26.8%) | Falhas: 0
11:57:29 | INFO     | [11:57:29] ✅ DONE | RT | 00030/2024 | 114/422 (27.0%) | Falhas: 0
11:57:30 | INFO     | [11:57:30] ✅ DONE | RT | 00030/2023 | 115/422 (27.3%) | Falhas: 0
11:57:31 | INFO     | [11:57:31] ✅ DONE | RT | 00030/2025 | 116/422 (27.5%) | Falhas: 0
11:57:31 | INFO     | [11:57:31] ✅ DONE | RT | 00030/2026 | 117/422 (27.7%) | Falhas: 0
11:57:32 | INFO     | [11:57:32] ✅ DONE | RT | 00031/2023 | 118/422 (28.0%) | Falhas: 0
11:57:32 | INFO     | [11:57:32] ✅ DONE | RT | 00031/2025 | 119/422 (28.2%) | Falhas: 0
11:57:33 | INFO     | [11:57:33] ✅ DONE | RT | 00031/2024 | 120/422 (28.4%) | Falhas: 0
11:57:33 | INFO     | [11:57:33] ✅ DONE | RT | 00031/2026 | 121/422 (28.7%) | Falhas: 0
11:57:34 | INFO     | [11:57:34] ✅ DONE | RT | 00032/2024 | 122/422 (28.9%) | Falhas: 0
11:57:35 | INFO     | [11:57:35] ✅ DONE | RT | 00032/2023 | 123/422 (29.1%) | Falhas: 0
11:57:36 | INFO     | [11:57:36] ✅ DONE | RT | 00032/2025 | 124/422 (29.4%) | Falhas: 0
11:57:36 | INFO     | [11:57:36] ✅ DONE | RT | 00032/2026 | 125/422 (29.6%) | Falhas: 0
11:57:37 | INFO     | [11:57:37] ✅ DONE | RT | 00033/2023 | 126/422 (29.9%) | Falhas: 0
11:57:37 | INFO     | [11:57:37] ✅ DONE | RT | 00033/2025 | 127/422 (30.1%) | Falhas: 0
11:57:39 | INFO     | [11:57:39] ✅ DONE | RT | 00034/2023 | 128/422 (30.3%) | Falhas: 0
11:57:40 | INFO     | [11:57:40] ✅ DONE | RT | 00033/2024 | 129/422 (30.6%) | Falhas: 0
11:57:40 | INFO     | [11:57:40] ✅ DONE | RT | 00033/2026 | 130/422 (30.8%) | Falhas: 0
11:57:42 | INFO     | [11:57:42] ✅ DONE | RT | 00034/2024 | 131/422 (31.0%) | Falhas: 0
11:57:42 | INFO     | [11:57:42] ✅ DONE | RT | 00034/2026 | 132/422 (31.3%) | Falhas: 0
11:57:44 | INFO     | [11:57:44] ✅ DONE | RT | 00035/2023 | 133/422 (31.5%) | Falhas: 0
11:57:44 | INFO     | [11:57:44] ✅ DONE | RT | 00034/2025 | 134/422 (31.8%) | Falhas: 0
11:57:44 | INFO     | [11:57:44] ✅ DONE | RT | 00035/2024 | 135/422 (32.0%) | Falhas: 0
11:57:46 | INFO     | [11:57:46] ✅ DONE | RT | 00035/2026 | 136/422 (32.2%) | Falhas: 0
11:57:46 | INFO     | [11:57:46] ✅ DONE | RT | 00036/2023 | 137/422 (32.5%) | Falhas: 0
11:57:46 | INFO     | [11:57:46] ✅ DONE | RT | 00035/2025 | 138/422 (32.7%) | Falhas: 0
11:57:47 | INFO     | [11:57:47] ✅ DONE | RT | 00036/2024 | 139/422 (32.9%) | Falhas: 0
11:57:47 | INFO     | [11:57:47] ✅ DONE | RT | 00036/2025 | 140/422 (33.2%) | Falhas: 0
11:57:48 | INFO     | [11:57:48] ✅ DONE | RT | 00037/2023 | 141/422 (33.4%) | Falhas: 0
11:57:49 | INFO     | [11:57:49] ✅ DONE | RT | 00037/2024 | 142/422 (33.6%) | Falhas: 0
11:57:49 | INFO     | [11:57:49] ✅ DONE | RT | 00036/2026 | 143/422 (33.9%) | Falhas: 0
11:57:50 | INFO     | [11:57:50] ✅ DONE | RT | 00037/2025 | 144/422 (34.1%) | Falhas: 0
11:57:51 | INFO     | [11:57:51] ✅ DONE | RT | 00038/2023 | 145/422 (34.4%) | Falhas: 0
11:57:51 | INFO     | [11:57:51] ✅ DONE | RT | 00037/2026 | 146/422 (34.6%) | Falhas: 0
11:57:52 | INFO     | [11:57:52] ✅ DONE | RT | 00038/2024 | 147/422 (34.8%) | Falhas: 0
11:57:55 | INFO     | [11:57:55] ✅ DONE | RT | 00038/2025 | 148/422 (35.1%) | Falhas: 0
11:57:55 | INFO     | [11:57:55] ✅ DONE | RT | 00038/2026 | 149/422 (35.3%) | Falhas: 0
11:57:56 | INFO     | [11:57:56] ✅ DONE | RT | 00039/2023 | 150/422 (35.5%) | Falhas: 0
11:57:56 | INFO     | [11:57:56] ✅ DONE | RT | 00039/2025 | 151/422 (35.8%) | Falhas: 0
11:57:57 | INFO     | [11:57:57] ✅ DONE | RT | 00039/2026 | 152/422 (36.0%) | Falhas: 0
11:57:58 | INFO     | [11:57:58] ✅ DONE | RT | 00039/2024 | 153/422 (36.3%) | Falhas: 0
11:58:00 | INFO     | [11:58:00] ✅ DONE | RT | 00040/2023 | 154/422 (36.5%) | Falhas: 0
11:58:00 | INFO     | [11:58:00] ✅ DONE | RT | 00040/2026 | 155/422 (36.7%) | Falhas: 0
11:58:01 | INFO     | [11:58:01] ✅ DONE | RT | 00040/2025 | 156/422 (37.0%) | Falhas: 0
11:58:03 | INFO     | [11:58:03] ✅ DONE | RT | 00041/2024 | 157/422 (37.2%) | Falhas: 0
11:58:05 | INFO     | [11:58:05] ✅ DONE | RT | 00041/2025 | 158/422 (37.4%) | Falhas: 0
11:58:05 | INFO     | [11:58:05] ✅ DONE | RT | 00042/2024 | 159/422 (37.7%) | Falhas: 0
11:58:06 | INFO     | [11:58:06] ✅ DONE | RT | 00041/2026 | 160/422 (37.9%) | Falhas: 0
11:58:07 | INFO     | [11:58:07] ✅ DONE | RT | 00042/2026 | 161/422 (38.2%) | Falhas: 0
11:58:07 | INFO     | [11:58:07] ✅ DONE | RT | 00042/2025 | 162/422 (38.4%) | Falhas: 0
11:58:08 | INFO     | [11:58:08] ✅ DONE | RT | 00043/2024 | 163/422 (38.6%) | Falhas: 0
11:58:08 | INFO     | [11:58:08] ✅ DONE | RT | 00043/2025 | 164/422 (38.9%) | Falhas: 0
11:58:10 | INFO     | [11:58:10] ✅ DONE | RT | 00043/2026 | 165/422 (39.1%) | Falhas: 0
11:58:10 | INFO     | [11:58:10] ✅ DONE | RT | 00044/2024 | 166/422 (39.3%) | Falhas: 0
11:58:11 | INFO     | [11:58:11] ✅ DONE | RT | 00044/2025 | 167/422 (39.6%) | Falhas: 0
11:58:11 | INFO     | [11:58:11] ✅ DONE | RT | 00044/2026 | 168/422 (39.8%) | Falhas: 0
11:58:13 | INFO     | [11:58:13] ✅ DONE | RT | 00045/2024 | 169/422 (40.0%) | Falhas: 0
11:58:13 | INFO     | [11:58:13] ✅ DONE | RT | 00045/2025 | 170/422 (40.3%) | Falhas: 0
11:58:14 | INFO     | [11:58:14] ✅ DONE | RT | 00045/2026 | 171/422 (40.5%) | Falhas: 0
11:58:15 | INFO     | [11:58:15] ✅ DONE | RT | 00046/2025 | 172/422 (40.8%) | Falhas: 0
11:58:15 | INFO     | [11:58:15] ✅ DONE | RT | 00046/2024 | 173/422 (41.0%) | Falhas: 0
11:58:17 | INFO     | [11:58:17] ✅ DONE | RT | 00046/2026 | 174/422 (41.2%) | Falhas: 0
11:58:17 | INFO     | [11:58:17] ✅ DONE | RT | 00047/2024 | 175/422 (41.5%) | Falhas: 0
11:58:17 | INFO     | [11:58:17] ✅ DONE | RT | 00047/2025 | 176/422 (41.7%) | Falhas: 0
11:58:19 | INFO     | [11:58:19] ✅ DONE | RT | 00047/2026 | 177/422 (41.9%) | Falhas: 0
11:58:20 | INFO     | [11:58:20] ✅ DONE | RT | 00048/2024 | 178/422 (42.2%) | Falhas: 0
11:58:21 | INFO     | [11:58:21] ✅ DONE | RT | 00048/2025 | 179/422 (42.4%) | Falhas: 0
11:58:21 | INFO     | [11:58:21] ✅ DONE | RT | 00048/2026 | 180/422 (42.7%) | Falhas: 0
11:58:22 | INFO     | [11:58:22] ✅ DONE | RT | 00049/2024 | 181/422 (42.9%) | Falhas: 0
11:58:22 | INFO     | [11:58:22] ✅ DONE | RT | 00049/2025 | 182/422 (43.1%) | Falhas: 0
11:58:23 | INFO     | [11:58:23] ✅ DONE | RT | 00049/2026 | 183/422 (43.4%) | Falhas: 0
11:58:24 | INFO     | [11:58:24] ✅ DONE | RT | 00050/2024 | 184/422 (43.6%) | Falhas: 0
11:58:24 | INFO     | [11:58:24] ✅ DONE | RT | 00050/2025 | 185/422 (43.8%) | Falhas: 0
11:58:24 | INFO     | [11:58:24] ✅ DONE | RT | 00050/2026 | 186/422 (44.1%) | Falhas: 0
11:58:25 | INFO     | [11:58:25] ✅ DONE | RT | 00051/2024 | 187/422 (44.3%) | Falhas: 0
11:58:26 | INFO     | [11:58:26] ✅ DONE | RT | 00051/2025 | 188/422 (44.5%) | Falhas: 0
11:58:28 | INFO     | [11:58:28] ✅ DONE | RT | 00051/2026 | 189/422 (44.8%) | Falhas: 0
11:58:28 | INFO     | [11:58:28] ✅ DONE | RT | 00052/2024 | 190/422 (45.0%) | Falhas: 0
11:58:29 | INFO     | [11:58:29] ✅ DONE | RT | 00052/2025 | 191/422 (45.3%) | Falhas: 0
11:58:31 | INFO     | [11:58:31] ✅ DONE | RT | 00053/2025 | 192/422 (45.5%) | Falhas: 0
11:58:32 | INFO     | [11:58:32] ✅ DONE | RT | 00053/2026 | 193/422 (45.7%) | Falhas: 0
11:58:32 | INFO     | [11:58:32] ✅ DONE | RT | 00053/2024 | 194/422 (46.0%) | Falhas: 0
11:58:34 | INFO     | [11:58:34] ✅ DONE | RT | 00054/2024 | 195/422 (46.2%) | Falhas: 0
11:58:36 | INFO     | [11:58:36] ✅ DONE | RT | 00055/2024 | 196/422 (46.4%) | Falhas: 0
11:58:36 | INFO     | [11:58:36] ✅ DONE | RT | 00054/2025 | 197/422 (46.7%) | Falhas: 0
11:58:38 | INFO     | [11:58:38] ✅ DONE | RT | 00054/2026 | 198/422 (46.9%) | Falhas: 0
11:58:39 | INFO     | [11:58:39] ✅ DONE | RT | 00055/2026 | 199/422 (47.2%) | Falhas: 0
11:58:42 | INFO     | [11:58:42] ✅ DONE | RT | 00056/2024 | 200/422 (47.4%) | Falhas: 0
11:58:42 | INFO     | [11:58:42] ✅ DONE | RT | 00055/2025 | 201/422 (47.6%) | Falhas: 0
11:58:44 | INFO     | [11:58:44] ✅ DONE | RT | 00057/2024 | 202/422 (47.9%) | Falhas: 0
11:58:44 | INFO     | [11:58:44] ✅ DONE | RT | 00056/2025 | 203/422 (48.1%) | Falhas: 0
11:58:45 | INFO     | [11:58:45] ✅ DONE | RT | 00056/2026 | 204/422 (48.3%) | Falhas: 0
11:58:46 | INFO     | [11:58:46] ✅ DONE | RT | 00057/2026 | 205/422 (48.6%) | Falhas: 0
11:58:47 | INFO     | [11:58:47] ✅ DONE | RT | 00058/2024 | 206/422 (48.8%) | Falhas: 0
11:58:48 | INFO     | [11:58:48] ✅ DONE | RT | 00058/2025 | 207/422 (49.1%) | Falhas: 0
11:58:48 | INFO     | [11:58:48] ✅ DONE | RT | 00057/2025 | 208/422 (49.3%) | Falhas: 0
11:58:50 | INFO     | [11:58:50] ✅ DONE | RT | 00059/2025 | 209/422 (49.5%) | Falhas: 0
11:58:51 | INFO     | [11:58:51] ✅ DONE | RT | 00058/2026 | 210/422 (49.8%) | Falhas: 0
11:58:52 | INFO     | [11:58:52] ✅ DONE | RT | 00059/2024 | 211/422 (50.0%) | Falhas: 0
11:58:53 | INFO     | [11:58:53] ✅ DONE | RT | 00060/2024 | 212/422 (50.2%) | Falhas: 0
11:58:55 | INFO     | [11:58:55] ✅ DONE | RT | 00059/2026 | 213/422 (50.5%) | Falhas: 0
11:58:56 | INFO     | [11:58:56] ✅ DONE | RT | 00060/2026 | 214/422 (50.7%) | Falhas: 0
11:58:56 | INFO     | [11:58:56] ✅ DONE | RT | 00060/2025 | 215/422 (50.9%) | Falhas: 0
11:58:57 | INFO     | [11:58:57] ✅ DONE | RT | 00061/2025 | 216/422 (51.2%) | Falhas: 0
11:58:58 | INFO     | [11:58:58] ✅ DONE | RT | 00061/2024 | 217/422 (51.4%) | Falhas: 0
11:58:59 | INFO     | [11:58:59] ✅ DONE | RT | 00062/2024 | 218/422 (51.7%) | Falhas: 0
11:58:59 | INFO     | [11:58:59] ✅ DONE | RT | 00061/2026 | 219/422 (51.9%) | Falhas: 0
11:59:01 | INFO     | [11:59:01] ✅ DONE | RT | 00062/2026 | 220/422 (52.1%) | Falhas: 0
11:59:01 | INFO     | [11:59:01] ✅ DONE | RT | 00062/2025 | 221/422 (52.4%) | Falhas: 0
11:59:01 | INFO     | [11:59:01] ✅ DONE | RT | 00063/2024 | 222/422 (52.6%) | Falhas: 0
11:59:02 | INFO     | [11:59:02] ✅ DONE | RT | 00063/2025 | 223/422 (52.8%) | Falhas: 0
11:59:02 | INFO     | [11:59:02] ✅ DONE | RT | 00063/2026 | 224/422 (53.1%) | Falhas: 0
11:59:03 | INFO     | [11:59:03] ✅ DONE | RT | 00064/2024 | 225/422 (53.3%) | Falhas: 0
11:59:04 | INFO     | [11:59:04] ✅ DONE | RT | 00064/2025 | 226/422 (53.6%) | Falhas: 0
11:59:05 | INFO     | [11:59:05] ✅ DONE | RT | 00064/2026 | 227/422 (53.8%) | Falhas: 0
11:59:05 | INFO     | [11:59:05] ✅ DONE | RT | 00065/2024 | 228/422 (54.0%) | Falhas: 0
11:59:06 | INFO     | [11:59:06] ✅ DONE | RT | 00065/2025 | 229/422 (54.3%) | Falhas: 0
11:59:06 | INFO     | [11:59:06] ✅ DONE | RT | 00065/2026 | 230/422 (54.5%) | Falhas: 0
11:59:07 | INFO     | [11:59:07] ✅ DONE | RT | 00066/2024 | 231/422 (54.7%) | Falhas: 0
11:59:08 | INFO     | [11:59:08] ✅ DONE | RT | 00066/2025 | 232/422 (55.0%) | Falhas: 0
11:59:09 | INFO     | [11:59:09] ✅ DONE | RT | 00067/2025 | 233/422 (55.2%) | Falhas: 0
11:59:10 | INFO     | [11:59:10] ✅ DONE | RT | 00067/2024 | 234/422 (55.5%) | Falhas: 0
11:59:10 | INFO     | [11:59:10] ✅ DONE | RT | 00068/2024 | 235/422 (55.7%) | Falhas: 0
11:59:12 | INFO     | [11:59:12] ✅ DONE | RT | 00069/2024 | 236/422 (55.9%) | Falhas: 0
11:59:12 | INFO     | [11:59:12] ✅ DONE | RT | 00068/2025 | 237/422 (56.2%) | Falhas: 0
11:59:14 | INFO     | [11:59:14] ✅ DONE | RT | 00069/2025 | 238/422 (56.4%) | Falhas: 0
11:59:15 | INFO     | [11:59:15] ✅ DONE | RT | 00070/2024 | 239/422 (56.6%) | Falhas: 0
11:59:17 | INFO     | [11:59:17] ✅ DONE | RT | 00071/2025 | 240/422 (56.9%) | Falhas: 0
11:59:17 | INFO     | [11:59:17] ✅ DONE | RT | 00071/2024 | 241/422 (57.1%) | Falhas: 0
11:59:17 | INFO     | [11:59:17] ✅ DONE | RT | 00070/2025 | 242/422 (57.3%) | Falhas: 0
11:59:19 | INFO     | [11:59:19] ✅ DONE | RT | 00072/2025 | 243/422 (57.6%) | Falhas: 0
11:59:19 | INFO     | [11:59:19] ✅ DONE | RT | 00073/2024 | 244/422 (57.8%) | Falhas: 0
11:59:19 | INFO     | [11:59:19] ✅ DONE | RT | 00072/2024 | 245/422 (58.1%) | Falhas: 0
11:59:20 | INFO     | [11:59:20] ✅ DONE | RT | 00074/2025 | 246/422 (58.3%) | Falhas: 0
11:59:21 | INFO     | [11:59:21] ✅ DONE | RT | 00074/2024 | 247/422 (58.5%) | Falhas: 0
11:59:21 | INFO     | [11:59:21] ✅ DONE | RT | 00073/2025 | 248/422 (58.8%) | Falhas: 0
11:59:22 | INFO     | [11:59:22] ✅ DONE | RT | 00075/2025 | 249/422 (59.0%) | Falhas: 0
11:59:22 | INFO     | [11:59:22] ✅ DONE | RT | 00075/2024 | 250/422 (59.2%) | Falhas: 0
11:59:23 | INFO     | [11:59:23] ✅ DONE | RT | 00076/2024 | 251/422 (59.5%) | Falhas: 0
11:59:24 | INFO     | [11:59:24] ✅ DONE | RT | 00076/2025 | 252/422 (59.7%) | Falhas: 0
11:59:24 | INFO     | [11:59:24] ✅ DONE | RT | 00077/2024 | 253/422 (60.0%) | Falhas: 0
11:59:24 | INFO     | [11:59:24] ✅ DONE | RT | 00077/2025 | 254/422 (60.2%) | Falhas: 0
11:59:26 | INFO     | [11:59:26] ✅ DONE | RT | 00079/2024 | 255/422 (60.4%) | Falhas: 0
11:59:26 | INFO     | [11:59:26] ✅ DONE | RT | 00078/2024 | 256/422 (60.7%) | Falhas: 0
11:59:27 | INFO     | [11:59:27] ✅ DONE | RT | 00078/2025 | 257/422 (60.9%) | Falhas: 0
11:59:27 | INFO     | [11:59:27] ✅ DONE | RT | 00079/2025 | 258/422 (61.1%) | Falhas: 0
11:59:28 | INFO     | [11:59:28] ✅ DONE | RT | 00080/2024 | 259/422 (61.4%) | Falhas: 0
11:59:29 | INFO     | [11:59:29] ✅ DONE | RT | 00081/2024 | 260/422 (61.6%) | Falhas: 0
11:59:30 | INFO     | [11:59:30] ✅ DONE | RT | 00080/2025 | 261/422 (61.8%) | Falhas: 0
11:59:31 | INFO     | [11:59:31] ✅ DONE | RT | 00082/2024 | 262/422 (62.1%) | Falhas: 0
11:59:33 | INFO     | [11:59:33] ✅ DONE | RT | 00082/2025 | 263/422 (62.3%) | Falhas: 0
11:59:33 | INFO     | [11:59:33] ✅ DONE | RT | 00081/2025 | 264/422 (62.6%) | Falhas: 0
11:59:33 | INFO     | [11:59:33] ✅ DONE | RT | 00083/2024 | 265/422 (62.8%) | Falhas: 0
11:59:36 | INFO     | [11:59:36] ✅ DONE | RT | 00084/2024 | 266/422 (63.0%) | Falhas: 0
11:59:36 | INFO     | [11:59:36] ✅ DONE | RT | 00083/2025 | 267/422 (63.3%) | Falhas: 0
11:59:36 | INFO     | [11:59:36] ✅ DONE | RT | 00084/2025 | 268/422 (63.5%) | Falhas: 0
11:59:38 | INFO     | [11:59:38] ✅ DONE | RT | 00085/2024 | 269/422 (63.7%) | Falhas: 0
11:59:38 | INFO     | [11:59:38] ✅ DONE | RT | 00086/2024 | 270/422 (64.0%) | Falhas: 0
11:59:39 | INFO     | [11:59:39] ✅ DONE | RT | 00086/2025 | 271/422 (64.2%) | Falhas: 0
11:59:40 | INFO     | [11:59:40] ✅ DONE | RT | 00085/2025 | 272/422 (64.5%) | Falhas: 0
11:59:40 | INFO     | [11:59:40] ✅ DONE | RT | 00087/2024 | 273/422 (64.7%) | Falhas: 0
11:59:41 | INFO     | [11:59:41] ✅ DONE | RT | 00087/2025 | 274/422 (64.9%) | Falhas: 0
11:59:42 | INFO     | [11:59:42] ✅ DONE | RT | 00088/2024 | 275/422 (65.2%) | Falhas: 0
11:59:43 | INFO     | [11:59:43] ✅ DONE | RT | 00088/2025 | 276/422 (65.4%) | Falhas: 0
11:59:43 | INFO     | [11:59:43] ✅ DONE | RT | 00089/2024 | 277/422 (65.6%) | Falhas: 0
11:59:44 | INFO     | [11:59:44] ✅ DONE | RT | 00090/2025 | 278/422 (65.9%) | Falhas: 0
11:59:45 | INFO     | [11:59:45] ✅ DONE | RT | 00090/2024 | 279/422 (66.1%) | Falhas: 0
11:59:45 | INFO     | [11:59:45] ✅ DONE | RT | 00089/2025 | 280/422 (66.4%) | Falhas: 0
11:59:46 | INFO     | [11:59:46] ✅ DONE | RT | 00091/2024 | 281/422 (66.6%) | Falhas: 0
11:59:47 | INFO     | [11:59:47] ✅ DONE | RT | 00091/2025 | 282/422 (66.8%) | Falhas: 0
11:59:48 | INFO     | [11:59:48] ✅ DONE | RT | 00092/2025 | 283/422 (67.1%) | Falhas: 0
11:59:48 | INFO     | [11:59:48] ✅ DONE | RT | 00092/2024 | 284/422 (67.3%) | Falhas: 0
11:59:49 | INFO     | [11:59:49] ✅ DONE | RT | 00093/2024 | 285/422 (67.5%) | Falhas: 0
11:59:51 | INFO     | [11:59:51] ✅ DONE | RT | 00094/2024 | 286/422 (67.8%) | Falhas: 0
11:59:51 | INFO     | [11:59:51] ✅ DONE | RT | 00093/2025 | 287/422 (68.0%) | Falhas: 0
11:59:51 | INFO     | [11:59:51] ✅ DONE | RT | 00094/2025 | 288/422 (68.2%) | Falhas: 0
11:59:53 | INFO     | [11:59:53] ✅ DONE | RT | 00095/2024 | 289/422 (68.5%) | Falhas: 0
11:59:53 | INFO     | [11:59:53] ✅ DONE | RT | 00095/2025 | 290/422 (68.7%) | Falhas: 0
11:59:54 | INFO     | [11:59:54] ✅ DONE | RT | 00096/2024 | 291/422 (69.0%) | Falhas: 0
11:59:54 | INFO     | [11:59:54] ✅ DONE | RT | 00096/2025 | 292/422 (69.2%) | Falhas: 0
11:59:55 | INFO     | [11:59:55] ✅ DONE | RT | 00097/2025 | 293/422 (69.4%) | Falhas: 0
11:59:56 | INFO     | [11:59:56] ✅ DONE | RT | 00098/2024 | 294/422 (69.7%) | Falhas: 0
11:59:56 | INFO     | [11:59:56] ✅ DONE | RT | 00097/2024 | 295/422 (69.9%) | Falhas: 0
11:59:58 | INFO     | [11:59:58] ✅ DONE | RT | 00099/2024 | 296/422 (70.1%) | Falhas: 0
11:59:59 | INFO     | [11:59:59] ✅ DONE | RT | 00099/2025 | 297/422 (70.4%) | Falhas: 0
12:00:00 | INFO     | [12:00:00] ✅ DONE | RT | 00100/2024 | 298/422 (70.6%) | Falhas: 0
12:00:00 | INFO     | [12:00:00] ✅ DONE | RT | 00098/2025 | 299/422 (70.9%) | Falhas: 0
12:00:02 | INFO     | [12:00:02] ✅ DONE | RT | 00100/2025 | 300/422 (71.1%) | Falhas: 0
12:00:02 | INFO     | [12:00:02] ✅ DONE | RT | 00101/2025 | 301/422 (71.3%) | Falhas: 0
12:00:04 | INFO     | [12:00:04] ✅ DONE | RT | 00101/2024 | 302/422 (71.6%) | Falhas: 0
12:00:04 | INFO     | [12:00:04] ✅ DONE | RT | 00102/2025 | 303/422 (71.8%) | Falhas: 0
12:00:04 | INFO     | [12:00:04] ✅ DONE | RT | 00102/2024 | 304/422 (72.0%) | Falhas: 0
12:00:06 | INFO     | [12:00:06] ✅ DONE | RT | 00103/2025 | 305/422 (72.3%) | Falhas: 0
12:00:07 | INFO     | [12:00:07] ✅ DONE | RT | 00105/2025 | 306/422 (72.5%) | Falhas: 0
12:00:07 | INFO     | [12:00:07] ✅ DONE | RT | 00104/2025 | 307/422 (72.7%) | Falhas: 0
12:00:09 | INFO     | [12:00:09] ✅ DONE | RT | 00106/2025 | 308/422 (73.0%) | Falhas: 0
12:00:09 | INFO     | [12:00:09] ✅ DONE | RT | 00107/2025 | 309/422 (73.2%) | Falhas: 0
12:00:11 | INFO     | [12:00:11] ✅ DONE | RT | 00108/2025 | 310/422 (73.5%) | Falhas: 0
12:00:12 | INFO     | [12:00:12] ✅ DONE | RT | 00109/2025 | 311/422 (73.7%) | Falhas: 0
12:00:14 | INFO     | [12:00:14] ✅ DONE | RT | 00110/2025 | 312/422 (73.9%) | Falhas: 0
12:00:17 | INFO     | [12:00:17] ✅ DONE | RT | 00112/2025 | 313/422 (74.2%) | Falhas: 0
12:00:18 | INFO     | [12:00:18] ✅ DONE | RT | 00111/2025 | 314/422 (74.4%) | Falhas: 0
12:00:20 | INFO     | [12:00:20] ✅ DONE | RT | 00113/2025 | 315/422 (74.6%) | Falhas: 0
12:00:20 | INFO     | [12:00:20] ✅ DONE | RT | 00114/2025 | 316/422 (74.9%) | Falhas: 0
12:00:23 | INFO     | [12:00:23] ✅ DONE | RT | 00115/2025 | 317/422 (75.1%) | Falhas: 0
12:00:24 | INFO     | [12:00:24] ✅ DONE | RT | 00116/2025 | 318/422 (75.4%) | Falhas: 0
12:00:25 | INFO     | [12:00:25] ✅ DONE | RT | 00117/2025 | 319/422 (75.6%) | Falhas: 0
12:00:27 | INFO     | [12:00:27] ✅ DONE | RT | 00118/2025 | 320/422 (75.8%) | Falhas: 0
12:00:30 | INFO     | [12:00:30] ✅ DONE | RT | 00120/2025 | 321/422 (76.1%) | Falhas: 0
12:00:31 | INFO     | [12:00:31] ✅ DONE | RT | 00119/2025 | 322/422 (76.3%) | Falhas: 0
12:00:32 | INFO     | [12:00:32] ✅ DONE | RT | 00122/2025 | 323/422 (76.5%) | Falhas: 0
12:00:33 | INFO     | [12:00:33] ✅ DONE | RT | 00121/2025 | 324/422 (76.8%) | Falhas: 0
12:00:35 | INFO     | [12:00:35] ✅ DONE | RT | 00123/2025 | 325/422 (77.0%) | Falhas: 0
12:00:37 | INFO     | [12:00:37] ✅ DONE | RT | 00124/2025 | 326/422 (77.3%) | Falhas: 0
12:00:38 | INFO     | [12:00:38] ✅ DONE | RT | 00125/2025 | 327/422 (77.5%) | Falhas: 0
12:00:41 | INFO     | [12:00:41] ✅ DONE | RT | 00127/2025 | 328/422 (77.7%) | Falhas: 0
12:00:41 | INFO     | [12:00:41] ✅ DONE | RT | 00126/2025 | 329/422 (78.0%) | Falhas: 0
12:00:43 | INFO     | [12:00:43] ✅ DONE | RT | 00128/2025 | 330/422 (78.2%) | Falhas: 0
12:00:44 | INFO     | [12:00:44] ✅ DONE | RT | 00129/2025 | 331/422 (78.4%) | Falhas: 0
12:00:46 | INFO     | [12:00:46] ✅ DONE | RT | 00131/2023 | 332/422 (78.7%) | Falhas: 0
12:00:46 | INFO     | [12:00:46] ✅ DONE | RT | 00130/2025 | 333/422 (78.9%) | Falhas: 0
12:00:47 | INFO     | [12:00:47] ✅ DONE | RT | 00131/2025 | 334/422 (79.1%) | Falhas: 0
12:00:49 | INFO     | [12:00:49] ✅ DONE | RT | 00132/2025 | 335/422 (79.4%) | Falhas: 0
12:00:50 | INFO     | [12:00:50] ✅ DONE | RT | 00133/2025 | 336/422 (79.6%) | Falhas: 0
12:00:51 | INFO     | [12:00:51] ✅ DONE | RT | 00134/2025 | 337/422 (79.9%) | Falhas: 0
12:00:52 | INFO     | [12:00:52] ✅ DONE | RT | 00135/2025 | 338/422 (80.1%) | Falhas: 0
12:00:53 | INFO     | [12:00:53] ✅ DONE | RT | 00136/2025 | 339/422 (80.3%) | Falhas: 0
12:00:54 | INFO     | [12:00:54] ✅ DONE | RT | 00138/2025 | 340/422 (80.6%) | Falhas: 0
12:00:54 | INFO     | [12:00:54] ✅ DONE | RT | 00137/2025 | 341/422 (80.8%) | Falhas: 0
12:00:56 | INFO     | [12:00:56] ✅ DONE | RT | 00139/2025 | 342/422 (81.0%) | Falhas: 0
12:00:56 | INFO     | [12:00:56] ✅ DONE | RT | 00141/2025 | 343/422 (81.3%) | Falhas: 0
12:00:56 | INFO     | [12:00:56] ✅ DONE | RT | 00140/2025 | 344/422 (81.5%) | Falhas: 0
12:00:57 | INFO     | [12:00:57] ✅ DONE | RT | 00142/2025 | 345/422 (81.8%) | Falhas: 0
12:00:58 | INFO     | [12:00:58] ✅ DONE | RT | 00143/2025 | 346/422 (82.0%) | Falhas: 0
12:00:58 | INFO     | [12:00:58] ✅ DONE | RT | 00144/2025 | 347/422 (82.2%) | Falhas: 0
12:00:59 | INFO     | [12:00:59] ✅ DONE | RT | 00145/2025 | 348/422 (82.5%) | Falhas: 0
12:00:59 | INFO     | [12:00:59] ✅ DONE | RT | 00146/2025 | 349/422 (82.7%) | Falhas: 0
12:01:00 | INFO     | [12:01:00] ✅ DONE | RT | 00147/2025 | 350/422 (82.9%) | Falhas: 0
12:01:01 | INFO     | [12:01:01] ✅ DONE | RT | 00148/2025 | 351/422 (83.2%) | Falhas: 0
12:01:01 | INFO     | [12:01:01] ✅ DONE | RT | 00149/2025 | 352/422 (83.4%) | Falhas: 0
12:01:02 | INFO     | [12:01:02] ✅ DONE | RT | 00150/2025 | 353/422 (83.6%) | Falhas: 0
12:01:03 | INFO     | [12:01:03] ✅ DONE | RT | 00151/2025 | 354/422 (83.9%) | Falhas: 0
12:01:04 | INFO     | [12:01:04] ✅ DONE | RT | 00152/2025 | 355/422 (84.1%) | Falhas: 0
12:01:05 | INFO     | [12:01:05] ✅ DONE | RT | 00153/2025 | 356/422 (84.4%) | Falhas: 0
12:01:06 | INFO     | [12:01:06] ✅ DONE | RT | 00154/2025 | 357/422 (84.6%) | Falhas: 0
12:01:08 | INFO     | [12:01:08] ✅ DONE | RT | 00155/2025 | 358/422 (84.8%) | Falhas: 0
12:01:08 | INFO     | [12:01:08] ✅ DONE | RT | 00156/2025 | 359/422 (85.1%) | Falhas: 0
12:01:08 | INFO     | [12:01:08] ✅ DONE | RT | 00157/2025 | 360/422 (85.3%) | Falhas: 0
12:01:10 | INFO     | [12:01:10] ✅ DONE | RT | 00159/2025 | 361/422 (85.5%) | Falhas: 0
12:01:11 | INFO     | [12:01:11] ✅ DONE | RT | 00158/2025 | 362/422 (85.8%) | Falhas: 0
12:01:12 | INFO     | [12:01:12] ✅ DONE | RT | 00160/2025 | 363/422 (86.0%) | Falhas: 0
12:01:16 | INFO     | [12:01:16] ✅ DONE | RT | 00161/2025 | 364/422 (86.3%) | Falhas: 0
12:01:16 | INFO     | [12:01:16] ✅ DONE | RT | 00162/2025 | 365/422 (86.5%) | Falhas: 0
12:01:17 | INFO     | [12:01:17] ✅ DONE | RT | 00163/2025 | 366/422 (86.7%) | Falhas: 0
12:01:19 | INFO     | [12:01:19] ✅ DONE | RT | 00164/2025 | 367/422 (87.0%) | Falhas: 0
12:01:20 | INFO     | [12:01:20] ✅ DONE | RT | 00165/2025 | 368/422 (87.2%) | Falhas: 0
12:01:20 | INFO     | [12:01:20] ✅ DONE | RT | 00166/2025 | 369/422 (87.4%) | Falhas: 0
12:01:21 | INFO     | [12:01:21] ✅ DONE | RT | 00167/2025 | 370/422 (87.7%) | Falhas: 0
12:01:21 | INFO     | [12:01:21] ✅ DONE | RT | 00168/2025 | 371/422 (87.9%) | Falhas: 0
12:01:22 | INFO     | [12:01:22] ✅ DONE | RT | 00169/2025 | 372/422 (88.2%) | Falhas: 0
12:01:24 | INFO     | [12:01:24] ✅ DONE | RT | 00172/2025 | 373/422 (88.4%) | Falhas: 0
12:01:24 | INFO     | [12:01:24] ✅ DONE | RT | 00171/2025 | 374/422 (88.6%) | Falhas: 0
12:01:24 | INFO     | [12:01:24] ✅ DONE | RT | 00170/2025 | 375/422 (88.9%) | Falhas: 0
12:01:26 | INFO     | [12:01:26] ✅ DONE | RT | 00173/2025 | 376/422 (89.1%) | Falhas: 0
12:01:27 | INFO     | [12:01:27] ✅ DONE | RT | 00174/2025 | 377/422 (89.3%) | Falhas: 0
12:01:28 | INFO     | [12:01:28] ✅ DONE | RT | 00175/2025 | 378/422 (89.6%) | Falhas: 0
12:01:29 | INFO     | [12:01:29] ✅ DONE | RT | 00176/2025 | 379/422 (89.8%) | Falhas: 0
12:01:30 | INFO     | [12:01:30] ✅ DONE | RT | 00177/2025 | 380/422 (90.0%) | Falhas: 0
12:01:31 | INFO     | [12:01:31] ✅ DONE | RT | 00178/2025 | 381/422 (90.3%) | Falhas: 0
12:01:32 | INFO     | [12:01:32] ✅ DONE | RT | 00180/2025 | 382/422 (90.5%) | Falhas: 0
12:01:32 | INFO     | [12:01:32] ✅ DONE | RT | 00179/2025 | 383/422 (90.8%) | Falhas: 0
12:01:34 | INFO     | [12:01:34] ✅ DONE | RT | 00183/2025 | 384/422 (91.0%) | Falhas: 0
12:01:34 | INFO     | [12:01:34] ✅ DONE | RT | 00182/2025 | 385/422 (91.2%) | Falhas: 0
12:01:34 | INFO     | [12:01:34] ✅ DONE | RT | 00181/2025 | 386/422 (91.5%) | Falhas: 0
12:01:36 | INFO     | [12:01:36] ✅ DONE | RT | 00186/2025 | 387/422 (91.7%) | Falhas: 0
12:01:36 | INFO     | [12:01:36] ✅ DONE | RT | 00184/2025 | 388/422 (91.9%) | Falhas: 0
12:01:37 | INFO     | [12:01:37] ✅ DONE | RT | 00187/2025 | 389/422 (92.2%) | Falhas: 0
12:01:37 | INFO     | [12:01:37] ✅ DONE | RT | 00188/2025 | 390/422 (92.4%) | Falhas: 0
12:01:39 | INFO     | [12:01:39] ✅ DONE | RT | 00191/2025 | 391/422 (92.7%) | Falhas: 0
12:01:39 | INFO     | [12:01:39] ✅ DONE | RT | 00189/2025 | 392/422 (92.9%) | Falhas: 0
12:01:39 | INFO     | [12:01:39] ✅ DONE | RT | 00190/2025 | 393/422 (93.1%) | Falhas: 0
12:01:40 | INFO     | [12:01:40] ✅ DONE | RT | 00192/2025 | 394/422 (93.4%) | Falhas: 0
12:01:41 | INFO     | [12:01:41] ✅ DONE | RT | 00193/2025 | 395/422 (93.6%) | Falhas: 0
12:01:41 | INFO     | [12:01:41] ✅ DONE | RT | 00194/2025 | 396/422 (93.8%) | Falhas: 0
12:01:42 | INFO     | [12:01:42] ✅ DONE | RT | 00195/2025 | 397/422 (94.1%) | Falhas: 0
12:01:44 | INFO     | [12:01:44] ✅ DONE | RT | 00196/2025 | 398/422 (94.3%) | Falhas: 0
12:01:45 | INFO     | [12:01:45] ✅ DONE | RT | 00197/2025 | 399/422 (94.5%) | Falhas: 0
12:01:46 | INFO     | [12:01:46] ✅ DONE | RT | 00199/2025 | 400/422 (94.8%) | Falhas: 0
12:01:48 | INFO     | [12:01:48] ✅ DONE | RT | 00200/2025 | 401/422 (95.0%) | Falhas: 0
12:01:48 | INFO     | [12:01:48] ✅ DONE | RT | 00201/2025 | 402/422 (95.3%) | Falhas: 0
12:01:48 | INFO     | [12:01:48] ✅ DONE | RT | 00202/2025 | 403/422 (95.5%) | Falhas: 0
12:01:49 | INFO     | [12:01:49] ✅ DONE | RT | 00203/2025 | 404/422 (95.7%) | Falhas: 0
12:01:49 | INFO     | [12:01:49] ✅ DONE | RT | 00204/2025 | 405/422 (96.0%) | Falhas: 0
12:01:50 | INFO     | [12:01:50] ✅ DONE | RT | 00205/2025 | 406/422 (96.2%) | Falhas: 0
12:01:51 | INFO     | [12:01:51] ✅ DONE | RT | 00206/2025 | 407/422 (96.4%) | Falhas: 0
12:01:51 | INFO     | [12:01:51] ✅ DONE | RT | 00208/2025 | 408/422 (96.7%) | Falhas: 0
12:01:51 | INFO     | [12:01:51] ✅ DONE | RT | 00207/2025 | 409/422 (96.9%) | Falhas: 0
12:01:52 | INFO     | [12:01:52] ✅ DONE | RT | 00209/2025 | 410/422 (97.2%) | Falhas: 0
12:01:53 | INFO     | [12:01:53] ✅ DONE | RT | 00211/2025 | 411/422 (97.4%) | Falhas: 0
12:01:54 | INFO     | [12:01:54] ✅ DONE | RT | 00210/2025 | 412/422 (97.6%) | Falhas: 0
12:01:55 | INFO     | [12:01:55] ✅ DONE | RT | 00213/2025 | 413/422 (97.9%) | Falhas: 0
12:01:55 | INFO     | [12:01:55] ✅ DONE | RT | 00212/2025 | 414/422 (98.1%) | Falhas: 0
12:01:56 | INFO     | [12:01:56] ✅ DONE | RT | 00214/2025 | 415/422 (98.3%) | Falhas: 0
12:01:56 | INFO     | [12:01:56] ✅ DONE | RT | 00215/2025 | 416/422 (98.6%) | Falhas: 0
12:01:57 | INFO     | [12:01:57] ✅ DONE | RT | 00263/2025 | 417/422 (98.8%) | Falhas: 0
12:01:57 | INFO     | [12:01:57] ✅ DONE | RT | 00821/2024 | 418/422 (99.1%) | Falhas: 0
12:01:58 | INFO     | [12:01:58] ✅ DONE | RT | 90014/2024 | 419/422 (99.3%) | Falhas: 0
12:01:58 | INFO     | [12:01:58] ✅ DONE | RT | 90204/2025 | 420/422 (99.5%) | Falhas: 0
12:01:59 | INFO     | [12:01:59] ✅ DONE | RT | 91400/2024 | 421/422 (99.8%) | Falhas: 0
12:02:00 | INFO     | [12:02:00] ✅ DONE | RT | 99263/2025 | 422/422 (100.0%) | Falhas: 0
12:02:00 | INFO     | ✅ FIM | Falhas: 0 | SKIPs: 0
12:02:00 | INFO     | ============================================================
12:02:00 | INFO     | 📤 GERANDO atas_saldos.csv...
12:02:00 | INFO     | 📂 422 arquivo(s) de saldos encontrado(s). Processando...
12:02:03 | INFO     | ✅ CSV gerado: data\atas_saldos.csv
12:02:03 | INFO     | Registros        : 2165
12:02:03 | INFO     | Participantes    : 1918
12:02:03 | INFO     | Não participantes: 141
12:02:03 | INFO     | Colunas          : 12
12:02:03 | INFO     | ============================================================
12:02:03 | INFO     | 🏢 INICIANDO EXTRAÇÃO DE UNIDADES PARTICIPANTES
12:02:16 | INFO     | UASG        : RT (158132)
12:02:16 | INFO     | A extrair   : 796
12:02:16 | INFO     | 🚀 INICIANDO EXTRAÇÃO DE UNIDADES | WORKERS: 3 | TOTAL: 796
12:02:23 | INFO     | [12:02:23] ✅ DONE | 00054/2024 | item 00026 | 1/796 (0.1%) | Falhas: 0
12:02:23 | INFO     | [12:02:23] ✅ DONE | 00054/2024 | item 00019 | 2/796 (0.3%) | Falhas: 0
12:02:23 | INFO     | [12:02:23] ✅ DONE | 00054/2024 | item 00018 | 3/796 (0.4%) | Falhas: 0
12:02:24 | INFO     | [12:02:24] ✅ DONE | 00054/2024 | item 00044 | 4/796 (0.5%) | Falhas: 0
12:02:24 | INFO     | [12:02:24] ✅ DONE | 00055/2024 | item 00043 | 5/796 (0.6%) | Falhas: 0
12:02:24 | INFO     | [12:02:24] ✅ DONE | 00056/2024 | item 00024 | 6/796 (0.8%) | Falhas: 0
12:02:25 | INFO     | [12:02:25] ✅ DONE | 00056/2024 | item 00028 | 7/796 (0.9%) | Falhas: 0
12:02:25 | INFO     | [12:02:25] ✅ DONE | 00058/2024 | item 00041 | 8/796 (1.0%) | Falhas: 0
12:02:26 | INFO     | [12:02:26] ✅ DONE | 00057/2024 | item 00025 | 9/796 (1.1%) | Falhas: 0
12:02:27 | INFO     | [12:02:27] ✅ DONE | 00060/2024 | item 00040 | 10/796 (1.3%) | Falhas: 0
12:02:27 | INFO     | [12:02:27] ✅ DONE | 00060/2024 | item 00039 | 11/796 (1.4%) | Falhas: 0
12:02:27 | INFO     | [12:02:27] ✅ DONE | 00059/2024 | item 00077 | 12/796 (1.5%) | Falhas: 0
12:02:28 | INFO     | [12:02:28] ✅ DONE | 00061/2024 | item 00023 | 13/796 (1.6%) | Falhas: 0
12:02:29 | INFO     | [12:02:29] ✅ DONE | 00061/2024 | item 00005 | 14/796 (1.8%) | Falhas: 0
12:02:29 | INFO     | [12:02:29] ✅ DONE | 00061/2024 | item 00058 | 15/796 (1.9%) | Falhas: 0
12:02:30 | INFO     | [12:02:30] ✅ DONE | 00061/2024 | item 00088 | 16/796 (2.0%) | Falhas: 0
12:02:30 | INFO     | [12:02:30] ✅ DONE | 00061/2024 | item 00072 | 17/796 (2.1%) | Falhas: 0
12:02:31 | INFO     | [12:02:31] ✅ DONE | 00056/2024 | item 00029 | 18/796 (2.3%) | Falhas: 0
12:02:31 | INFO     | [12:02:31] ✅ DONE | 00061/2024 | item 00096 | 19/796 (2.4%) | Falhas: 0
12:02:32 | INFO     | [12:02:32] ✅ DONE | 00056/2024 | item 00030 | 20/796 (2.5%) | Falhas: 0
12:02:32 | INFO     | [12:02:32] ✅ DONE | 00062/2024 | item 00007 | 21/796 (2.6%) | Falhas: 0
12:02:33 | INFO     | [12:02:33] ✅ DONE | 00062/2024 | item 00008 | 22/796 (2.8%) | Falhas: 0
12:02:33 | INFO     | [12:02:33] ✅ DONE | 00062/2024 | item 00006 | 23/796 (2.9%) | Falhas: 0
12:02:34 | INFO     | [12:02:34] ✅ DONE | 00062/2024 | item 00010 | 24/796 (3.0%) | Falhas: 0
12:02:34 | INFO     | [12:02:34] ✅ DONE | 00062/2024 | item 00009 | 25/796 (3.1%) | Falhas: 0
12:02:34 | INFO     | [12:02:34] ✅ DONE | 00062/2024 | item 00011 | 26/796 (3.3%) | Falhas: 0
12:02:35 | INFO     | [12:02:35] ✅ DONE | 00062/2024 | item 00012 | 27/796 (3.4%) | Falhas: 0
12:02:35 | INFO     | [12:02:35] ✅ DONE | 00062/2024 | item 00014 | 28/796 (3.5%) | Falhas: 0
12:02:35 | INFO     | [12:02:35] ✅ DONE | 00062/2024 | item 00017 | 29/796 (3.6%) | Falhas: 0
12:02:36 | INFO     | [12:02:36] ✅ DONE | 00062/2024 | item 00116 | 30/796 (3.8%) | Falhas: 0
12:02:36 | INFO     | [12:02:36] ✅ DONE | 00063/2024 | item 00092 | 31/796 (3.9%) | Falhas: 0
12:02:36 | INFO     | [12:02:36] ✅ DONE | 00063/2024 | item 00093 | 32/796 (4.0%) | Falhas: 0
12:02:37 | INFO     | [12:02:37] ✅ DONE | 00063/2024 | item 00094 | 33/796 (4.1%) | Falhas: 0
12:02:37 | INFO     | [12:02:37] ✅ DONE | 00064/2024 | item 00003 | 34/796 (4.3%) | Falhas: 0
12:02:38 | INFO     | [12:02:38] ✅ DONE | 00064/2024 | item 00045 | 35/796 (4.4%) | Falhas: 0
12:02:38 | INFO     | [12:02:38] ✅ DONE | 00061/2024 | item 00105 | 36/796 (4.5%) | Falhas: 0
12:02:39 | INFO     | [12:02:39] ✅ DONE | 00061/2024 | item 00110 | 37/796 (4.6%) | Falhas: 0
12:02:39 | INFO     | [12:02:39] ✅ DONE | 00065/2024 | item 00001 | 38/796 (4.8%) | Falhas: 0
12:02:40 | INFO     | [12:02:40] ✅ DONE | 00065/2024 | item 00002 | 39/796 (4.9%) | Falhas: 0
12:02:40 | INFO     | [12:02:40] ✅ DONE | 00066/2024 | item 00021 | 40/796 (5.0%) | Falhas: 0
12:02:41 | INFO     | [12:02:41] ✅ DONE | 00064/2024 | item 00078 | 41/796 (5.2%) | Falhas: 0
12:02:42 | INFO     | [12:02:42] ✅ DONE | 00067/2024 | item 00062 | 42/796 (5.3%) | Falhas: 0
12:02:42 | INFO     | [12:02:42] ✅ DONE | 00067/2024 | item 00063 | 43/796 (5.4%) | Falhas: 0
12:02:42 | INFO     | [12:02:42] ✅ DONE | 00067/2024 | item 00118 | 44/796 (5.5%) | Falhas: 0
12:02:43 | INFO     | [12:02:43] ✅ DONE | 00068/2024 | item 00015 | 45/796 (5.7%) | Falhas: 0
12:02:44 | INFO     | [12:02:44] ✅ DONE | 00069/2024 | item 00013 | 46/796 (5.8%) | Falhas: 0
12:02:44 | INFO     | [12:02:44] ✅ DONE | 00066/2024 | item 00042 | 47/796 (5.9%) | Falhas: 0
12:02:45 | INFO     | [12:02:45] ✅ DONE | 00066/2024 | item 00047 | 48/796 (6.0%) | Falhas: 0
12:02:45 | INFO     | [12:02:45] ✅ DONE | 00066/2024 | item 00079 | 49/796 (6.2%) | Falhas: 0
12:02:46 | INFO     | [12:02:46] ✅ DONE | 00070/2024 | item 00048 | 50/796 (6.3%) | Falhas: 0
12:02:46 | INFO     | [12:02:46] ✅ DONE | 00070/2024 | item 00049 | 51/796 (6.4%) | Falhas: 0
12:02:46 | INFO     | [12:02:46] ✅ DONE | 00070/2024 | item 00050 | 52/796 (6.5%) | Falhas: 0
12:02:47 | INFO     | [12:02:47] ✅ DONE | 00070/2024 | item 00070 | 53/796 (6.7%) | Falhas: 0
12:02:47 | INFO     | [12:02:47] ✅ DONE | 00070/2024 | item 00107 | 54/796 (6.8%) | Falhas: 0
12:02:48 | INFO     | [12:02:48] ✅ DONE | 00070/2024 | item 00108 | 55/796 (6.9%) | Falhas: 0
12:02:48 | INFO     | [12:02:48] ✅ DONE | 00071/2024 | item 00001 | 56/796 (7.0%) | Falhas: 0
12:02:48 | INFO     | [12:02:48] ✅ DONE | 00072/2024 | item 00004 | 57/796 (7.2%) | Falhas: 0
12:02:49 | INFO     | [12:02:49] ✅ DONE | 00072/2024 | item 00006 | 58/796 (7.3%) | Falhas: 0
12:02:49 | INFO     | [12:02:49] ✅ DONE | 00072/2024 | item 00007 | 59/796 (7.4%) | Falhas: 0
12:02:49 | INFO     | [12:02:49] ✅ DONE | 00072/2024 | item 00005 | 60/796 (7.5%) | Falhas: 0
12:02:50 | INFO     | [12:02:50] ✅ DONE | 00072/2024 | item 00008 | 61/796 (7.7%) | Falhas: 0
12:02:51 | INFO     | [12:02:51] ✅ DONE | 00072/2024 | item 00009 | 62/796 (7.8%) | Falhas: 0
12:02:51 | INFO     | [12:02:51] ✅ DONE | 00072/2024 | item 00011 | 63/796 (7.9%) | Falhas: 0
12:02:51 | INFO     | [12:02:51] ✅ DONE | 00072/2024 | item 00010 | 64/796 (8.0%) | Falhas: 0
12:02:52 | INFO     | [12:02:52] ✅ DONE | 00072/2024 | item 00012 | 65/796 (8.2%) | Falhas: 0
12:02:52 | INFO     | [12:02:52] ✅ DONE | 00072/2024 | item 00014 | 66/796 (8.3%) | Falhas: 0
12:02:53 | INFO     | [12:02:53] ✅ DONE | 00072/2024 | item 00015 | 67/796 (8.4%) | Falhas: 0
12:02:53 | INFO     | [12:02:53] ✅ DONE | 00072/2024 | item 00013 | 68/796 (8.5%) | Falhas: 0
12:02:53 | INFO     | [12:02:53] ✅ DONE | 00072/2024 | item 00016 | 69/796 (8.7%) | Falhas: 0
12:02:53 | INFO     | [12:02:53] ✅ DONE | 00072/2024 | item 00017 | 70/796 (8.8%) | Falhas: 0
12:02:54 | INFO     | [12:02:54] ✅ DONE | 00072/2024 | item 00018 | 71/796 (8.9%) | Falhas: 0
12:02:55 | INFO     | [12:02:55] ✅ DONE | 00072/2024 | item 00019 | 72/796 (9.0%) | Falhas: 0
12:02:55 | INFO     | [12:02:55] ✅ DONE | 00072/2024 | item 00020 | 73/796 (9.2%) | Falhas: 0
12:02:55 | INFO     | [12:02:55] ✅ DONE | 00073/2024 | item 00001 | 74/796 (9.3%) | Falhas: 0
12:02:56 | INFO     | [12:02:56] ✅ DONE | 00073/2024 | item 00003 | 75/796 (9.4%) | Falhas: 0
12:02:56 | INFO     | [12:02:56] ✅ DONE | 00073/2024 | item 00002 | 76/796 (9.5%) | Falhas: 0
12:02:56 | INFO     | [12:02:56] ✅ DONE | 00073/2024 | item 00021 | 77/796 (9.7%) | Falhas: 0
12:02:57 | INFO     | [12:02:57] ✅ DONE | 00073/2024 | item 00022 | 78/796 (9.8%) | Falhas: 0
12:02:57 | INFO     | [12:02:57] ✅ DONE | 00073/2024 | item 00023 | 79/796 (9.9%) | Falhas: 0
12:02:57 | INFO     | [12:02:57] ✅ DONE | 00073/2024 | item 00024 | 80/796 (10.1%) | Falhas: 0
12:02:58 | INFO     | [12:02:58] ✅ DONE | 00073/2024 | item 00026 | 81/796 (10.2%) | Falhas: 0
12:02:58 | INFO     | [12:02:58] ✅ DONE | 00073/2024 | item 00025 | 82/796 (10.3%) | Falhas: 0
12:02:58 | INFO     | [12:02:58] ✅ DONE | 00073/2024 | item 00027 | 83/796 (10.4%) | Falhas: 0
12:02:59 | INFO     | [12:02:59] ✅ DONE | 00073/2024 | item 00028 | 84/796 (10.6%) | Falhas: 0
12:02:59 | INFO     | [12:02:59] ✅ DONE | 00073/2024 | item 00029 | 85/796 (10.7%) | Falhas: 0
12:02:59 | INFO     | [12:02:59] ✅ DONE | 00073/2024 | item 00030 | 86/796 (10.8%) | Falhas: 0
12:03:00 | INFO     | [12:03:00] ✅ DONE | 00074/2024 | item 00032 | 87/796 (10.9%) | Falhas: 0
12:03:00 | INFO     | [12:03:00] ✅ DONE | 00074/2024 | item 00031 | 88/796 (11.1%) | Falhas: 0
12:03:00 | INFO     | [12:03:00] ✅ DONE | 00074/2024 | item 00033 | 89/796 (11.2%) | Falhas: 0
12:03:01 | INFO     | [12:03:01] ✅ DONE | 00074/2024 | item 00034 | 90/796 (11.3%) | Falhas: 0
12:03:01 | INFO     | [12:03:01] ✅ DONE | 00074/2024 | item 00035 | 91/796 (11.4%) | Falhas: 0
12:03:01 | INFO     | [12:03:01] ✅ DONE | 00074/2024 | item 00036 | 92/796 (11.6%) | Falhas: 0
12:03:02 | INFO     | [12:03:02] ✅ DONE | 00074/2024 | item 00038 | 93/796 (11.7%) | Falhas: 0
12:03:02 | INFO     | [12:03:02] ✅ DONE | 00074/2024 | item 00037 | 94/796 (11.8%) | Falhas: 0
12:03:02 | INFO     | [12:03:02] ✅ DONE | 00074/2024 | item 00039 | 95/796 (11.9%) | Falhas: 0
12:03:03 | INFO     | [12:03:03] ✅ DONE | 00074/2024 | item 00040 | 96/796 (12.1%) | Falhas: 0
12:03:03 | INFO     | [12:03:03] ✅ DONE | 00074/2024 | item 00041 | 97/796 (12.2%) | Falhas: 0
12:03:03 | INFO     | [12:03:03] ✅ DONE | 00075/2024 | item 00038 | 98/796 (12.3%) | Falhas: 0
12:03:04 | INFO     | [12:03:04] ✅ DONE | 00075/2024 | item 00039 | 99/796 (12.4%) | Falhas: 0
12:03:04 | INFO     | [12:03:04] ✅ DONE | 00075/2024 | item 00040 | 100/796 (12.6%) | Falhas: 0
12:03:20 | INFO     | [12:03:20] ✅ DONE | 00075/2024 | item 00041 | 101/796 (12.7%) | Falhas: 0
12:03:20 | INFO     | [12:03:20] ✅ DONE | 00075/2024 | item 00042 | 102/796 (12.8%) | Falhas: 0
12:03:20 | INFO     | [12:03:20] ✅ DONE | 00075/2024 | item 00043 | 103/796 (12.9%) | Falhas: 0
12:03:36 | INFO     | [12:03:36] ✅ DONE | 00075/2024 | item 00044 | 104/796 (13.1%) | Falhas: 0
12:03:37 | INFO     | [12:03:37] ✅ DONE | 00075/2024 | item 00046 | 105/796 (13.2%) | Falhas: 0
12:03:37 | INFO     | [12:03:37] ✅ DONE | 00075/2024 | item 00045 | 106/796 (13.3%) | Falhas: 0
12:03:38 | INFO     | [12:03:38] ✅ DONE | 00076/2024 | item 00008 | 107/796 (13.4%) | Falhas: 0
12:03:38 | INFO     | [12:03:38] ✅ DONE | 00076/2024 | item 00010 | 108/796 (13.6%) | Falhas: 0
12:03:38 | INFO     | [12:03:38] ✅ DONE | 00076/2024 | item 00009 | 109/796 (13.7%) | Falhas: 0
12:03:39 | INFO     | [12:03:39] ✅ DONE | 00076/2024 | item 00012 | 110/796 (13.8%) | Falhas: 0
12:03:39 | INFO     | [12:03:39] ✅ DONE | 00076/2024 | item 00011 | 111/796 (13.9%) | Falhas: 0
12:03:40 | INFO     | [12:03:40] ✅ DONE | 00076/2024 | item 00014 | 112/796 (14.1%) | Falhas: 0
12:03:40 | INFO     | [12:03:40] ✅ DONE | 00076/2024 | item 00015 | 113/796 (14.2%) | Falhas: 0
12:03:40 | INFO     | [12:03:40] ✅ DONE | 00076/2024 | item 00013 | 114/796 (14.3%) | Falhas: 0
12:03:41 | INFO     | [12:03:41] ✅ DONE | 00076/2024 | item 00018 | 115/796 (14.4%) | Falhas: 0
12:03:41 | INFO     | [12:03:41] ✅ DONE | 00076/2024 | item 00017 | 116/796 (14.6%) | Falhas: 0
12:03:42 | INFO     | [12:03:42] ✅ DONE | 00076/2024 | item 00016 | 117/796 (14.7%) | Falhas: 0
12:03:42 | INFO     | [12:03:42] ✅ DONE | 00076/2024 | item 00020 | 118/796 (14.8%) | Falhas: 0
12:03:43 | INFO     | [12:03:43] ✅ DONE | 00076/2024 | item 00019 | 119/796 (14.9%) | Falhas: 0
12:03:43 | INFO     | [12:03:43] ✅ DONE | 00076/2024 | item 00021 | 120/796 (15.1%) | Falhas: 0
12:03:44 | INFO     | [12:03:44] ✅ DONE | 00076/2024 | item 00022 | 121/796 (15.2%) | Falhas: 0
12:03:45 | INFO     | [12:03:45] ✅ DONE | 00076/2024 | item 00023 | 122/796 (15.3%) | Falhas: 0
12:03:45 | INFO     | [12:03:45] ✅ DONE | 00076/2024 | item 00024 | 123/796 (15.5%) | Falhas: 0
12:03:46 | INFO     | [12:03:46] ✅ DONE | 00076/2024 | item 00025 | 124/796 (15.6%) | Falhas: 0
12:03:46 | INFO     | [12:03:46] ✅ DONE | 00076/2024 | item 00047 | 125/796 (15.7%) | Falhas: 0
12:03:47 | INFO     | [12:03:47] ✅ DONE | 00077/2024 | item 00001 | 126/796 (15.8%) | Falhas: 0
12:03:48 | INFO     | [12:03:48] ✅ DONE | 00077/2024 | item 00002 | 127/796 (16.0%) | Falhas: 0
12:03:48 | INFO     | [12:03:48] ✅ DONE | 00077/2024 | item 00004 | 128/796 (16.1%) | Falhas: 0
12:03:48 | INFO     | [12:03:48] ✅ DONE | 00077/2024 | item 00003 | 129/796 (16.2%) | Falhas: 0
12:03:49 | INFO     | [12:03:49] ✅ DONE | 00077/2024 | item 00006 | 130/796 (16.3%) | Falhas: 0
12:03:49 | INFO     | [12:03:49] ✅ DONE | 00077/2024 | item 00005 | 131/796 (16.5%) | Falhas: 0
12:03:49 | INFO     | [12:03:49] ✅ DONE | 00076/2024 | item 00048 | 132/796 (16.6%) | Falhas: 0
12:03:50 | INFO     | [12:03:50] ✅ DONE | 00076/2024 | item 00049 | 133/796 (16.7%) | Falhas: 0
12:03:50 | INFO     | [12:03:50] ✅ DONE | 00076/2024 | item 00050 | 134/796 (16.8%) | Falhas: 0
12:03:50 | INFO     | [12:03:50] ✅ DONE | 00076/2024 | item 00051 | 135/796 (17.0%) | Falhas: 0
12:03:50 | INFO     | [12:03:50] ✅ DONE | 00076/2024 | item 00052 | 136/796 (17.1%) | Falhas: 0
12:03:51 | INFO     | [12:03:51] ✅ DONE | 00078/2024 | item 00026 | 137/796 (17.2%) | Falhas: 0
12:03:51 | INFO     | [12:03:51] ✅ DONE | 00078/2024 | item 00027 | 138/796 (17.3%) | Falhas: 0
12:03:51 | INFO     | [12:03:51] ✅ DONE | 00077/2024 | item 00007 | 139/796 (17.5%) | Falhas: 0
12:03:52 | INFO     | [12:03:52] ✅ DONE | 00079/2024 | item 00032 | 140/796 (17.6%) | Falhas: 0
12:03:52 | INFO     | [12:03:52] ✅ DONE | 00079/2024 | item 00034 | 141/796 (17.7%) | Falhas: 0
12:03:52 | INFO     | [12:03:52] ✅ DONE | 00079/2024 | item 00033 | 142/796 (17.8%) | Falhas: 0
12:03:52 | INFO     | [12:03:52] ✅ DONE | 00079/2024 | item 00035 | 143/796 (18.0%) | Falhas: 0
12:03:53 | INFO     | [12:03:53] ✅ DONE | 00079/2024 | item 00036 | 144/796 (18.1%) | Falhas: 0
12:03:53 | INFO     | [12:03:53] ✅ DONE | 00078/2024 | item 00028 | 145/796 (18.2%) | Falhas: 0
12:03:54 | INFO     | [12:03:54] ✅ DONE | 00078/2024 | item 00029 | 146/796 (18.3%) | Falhas: 0
12:03:54 | INFO     | [12:03:54] ✅ DONE | 00078/2024 | item 00030 | 147/796 (18.5%) | Falhas: 0
12:03:55 | INFO     | [12:03:55] ✅ DONE | 00080/2024 | item 00001 | 148/796 (18.6%) | Falhas: 0
12:03:55 | INFO     | [12:03:55] ✅ DONE | 00078/2024 | item 00031 | 149/796 (18.7%) | Falhas: 0
12:03:57 | INFO     | [12:03:57] ✅ DONE | 00082/2024 | item 00002 | 150/796 (18.8%) | Falhas: 0
12:03:57 | INFO     | [12:03:57] ✅ DONE | 00082/2024 | item 00001 | 151/796 (19.0%) | Falhas: 0
12:03:57 | INFO     | [12:03:57] ✅ DONE | 00082/2024 | item 00004 | 152/796 (19.1%) | Falhas: 0
12:03:58 | INFO     | [12:03:58] ✅ DONE | 00082/2024 | item 00014 | 153/796 (19.2%) | Falhas: 0
12:03:58 | INFO     | [12:03:58] ✅ DONE | 00083/2024 | item 00001 | 154/796 (19.3%) | Falhas: 0
12:03:59 | INFO     | [12:03:59] ✅ DONE | 00082/2024 | item 00006 | 155/796 (19.5%) | Falhas: 0
12:04:00 | INFO     | [12:04:00] ✅ DONE | 00083/2024 | item 00003 | 156/796 (19.6%) | Falhas: 0
12:04:00 | INFO     | [12:04:00] ✅ DONE | 00083/2024 | item 00004 | 157/796 (19.7%) | Falhas: 0
12:04:00 | INFO     | [12:04:00] ✅ DONE | 00083/2024 | item 00002 | 158/796 (19.8%) | Falhas: 0
12:04:01 | INFO     | [12:04:01] ✅ DONE | 00083/2024 | item 00006 | 159/796 (20.0%) | Falhas: 0
12:04:01 | INFO     | [12:04:01] ✅ DONE | 00083/2024 | item 00005 | 160/796 (20.1%) | Falhas: 0
12:04:02 | INFO     | [12:04:02] ✅ DONE | 00083/2024 | item 00008 | 161/796 (20.2%) | Falhas: 0
12:04:02 | INFO     | [12:04:02] ✅ DONE | 00083/2024 | item 00007 | 162/796 (20.4%) | Falhas: 0
12:04:02 | INFO     | [12:04:02] ✅ DONE | 00083/2024 | item 00009 | 163/796 (20.5%) | Falhas: 0
12:04:03 | INFO     | [12:04:03] ✅ DONE | 00083/2024 | item 00010 | 164/796 (20.6%) | Falhas: 0
12:04:03 | INFO     | [12:04:03] ✅ DONE | 00083/2024 | item 00011 | 165/796 (20.7%) | Falhas: 0
12:04:03 | INFO     | [12:04:03] ✅ DONE | 00083/2024 | item 00012 | 166/796 (20.9%) | Falhas: 0
12:04:03 | INFO     | [12:04:03] ✅ DONE | 00083/2024 | item 00013 | 167/796 (21.0%) | Falhas: 0
12:04:04 | INFO     | [12:04:04] ✅ DONE | 00083/2024 | item 00014 | 168/796 (21.1%) | Falhas: 0
12:04:04 | INFO     | [12:04:04] ✅ DONE | 00083/2024 | item 00016 | 169/796 (21.2%) | Falhas: 0
12:04:04 | INFO     | [12:04:04] ✅ DONE | 00079/2024 | item 00037 | 170/796 (21.4%) | Falhas: 0
12:04:04 | INFO     | [12:04:04] ✅ DONE | 00083/2024 | item 00015 | 171/796 (21.5%) | Falhas: 0
12:04:05 | INFO     | [12:04:05] ✅ DONE | 00084/2024 | item 00030 | 172/796 (21.6%) | Falhas: 0
12:04:05 | INFO     | [12:04:05] ✅ DONE | 00081/2024 | item 00002 | 173/796 (21.7%) | Falhas: 0
12:04:06 | INFO     | [12:04:06] ✅ DONE | 00083/2024 | item 00017 | 174/796 (21.9%) | Falhas: 0
12:04:06 | INFO     | [12:04:06] ✅ DONE | 00084/2024 | item 00032 | 175/796 (22.0%) | Falhas: 0
12:04:06 | INFO     | [12:04:06] ✅ DONE | 00084/2024 | item 00061 | 176/796 (22.1%) | Falhas: 0
12:04:07 | INFO     | [12:04:07] ✅ DONE | 00083/2024 | item 00018 | 177/796 (22.2%) | Falhas: 0
12:04:08 | INFO     | [12:04:08] ✅ DONE | 00085/2024 | item 00022 | 178/796 (22.4%) | Falhas: 0
12:04:08 | INFO     | [12:04:08] ✅ DONE | 00085/2024 | item 00019 | 179/796 (22.5%) | Falhas: 0
12:04:09 | INFO     | [12:04:09] ✅ DONE | 00085/2024 | item 00024 | 180/796 (22.6%) | Falhas: 0
12:04:09 | INFO     | [12:04:09] ✅ DONE | 00084/2024 | item 00064 | 181/796 (22.7%) | Falhas: 0
12:04:09 | INFO     | [12:04:09] ✅ DONE | 00085/2024 | item 00025 | 182/796 (22.9%) | Falhas: 0
12:04:10 | INFO     | [12:04:10] ✅ DONE | 00086/2024 | item 00053 | 183/796 (23.0%) | Falhas: 0
12:04:10 | INFO     | [12:04:10] ✅ DONE | 00086/2024 | item 00054 | 184/796 (23.1%) | Falhas: 0
12:04:11 | INFO     | [12:04:11] ✅ DONE | 00086/2024 | item 00055 | 185/796 (23.2%) | Falhas: 0
12:04:11 | INFO     | [12:04:11] ✅ DONE | 00087/2024 | item 00060 | 186/796 (23.4%) | Falhas: 0
12:04:11 | INFO     | [12:04:11] ✅ DONE | 00085/2024 | item 00038 | 187/796 (23.5%) | Falhas: 0
12:04:12 | INFO     | [12:04:12] ✅ DONE | 00085/2024 | item 00039 | 188/796 (23.6%) | Falhas: 0
12:04:12 | INFO     | [12:04:12] ✅ DONE | 00085/2024 | item 00056 | 189/796 (23.7%) | Falhas: 0
12:04:13 | INFO     | [12:04:13] ✅ DONE | 00088/2024 | item 00042 | 190/796 (23.9%) | Falhas: 0
12:04:13 | INFO     | [12:04:13] ✅ DONE | 00088/2024 | item 00049 | 191/796 (24.0%) | Falhas: 0
12:04:13 | INFO     | [12:04:13] ✅ DONE | 00088/2024 | item 00050 | 192/796 (24.1%) | Falhas: 0
12:04:14 | INFO     | [12:04:14] ✅ DONE | 00089/2024 | item 00016 | 193/796 (24.2%) | Falhas: 0
12:04:14 | INFO     | [12:04:14] ✅ DONE | 00091/2024 | item 00011 | 194/796 (24.4%) | Falhas: 0
12:04:15 | INFO     | [12:04:15] ✅ DONE | 00092/2024 | item 00001 | 195/796 (24.5%) | Falhas: 0
12:04:15 | INFO     | [12:04:15] ✅ DONE | 00094/2024 | item 00005 | 196/796 (24.6%) | Falhas: 0
12:04:15 | INFO     | [12:04:15] ✅ DONE | 00093/2024 | item 00014 | 197/796 (24.7%) | Falhas: 0
12:04:16 | INFO     | [12:04:16] ✅ DONE | 00095/2024 | item 00017 | 198/796 (24.9%) | Falhas: 0
12:04:16 | INFO     | [12:04:16] ✅ DONE | 00096/2024 | item 00012 | 199/796 (25.0%) | Falhas: 0
12:04:16 | INFO     | [12:04:16] ✅ DONE | 00096/2024 | item 00013 | 200/796 (25.1%) | Falhas: 0
12:04:33 | INFO     | [12:04:33] ✅ DONE | 00096/2024 | item 00015 | 201/796 (25.3%) | Falhas: 0
12:04:33 | INFO     | [12:04:33] ✅ DONE | 00096/2024 | item 00027 | 202/796 (25.4%) | Falhas: 0
12:04:33 | INFO     | [12:04:33] ✅ DONE | 00096/2024 | item 00018 | 203/796 (25.5%) | Falhas: 0
12:04:50 | INFO     | [12:04:50] ✅ DONE | 00097/2024 | item 00005 | 204/796 (25.6%) | Falhas: 0
12:04:50 | INFO     | [12:04:50] ✅ DONE | 00098/2024 | item 00012 | 205/796 (25.8%) | Falhas: 0
12:04:50 | INFO     | [12:04:50] ✅ DONE | 00098/2024 | item 00010 | 206/796 (25.9%) | Falhas: 0
12:04:51 | INFO     | [12:04:51] ✅ DONE | 00099/2024 | item 00007 | 207/796 (26.0%) | Falhas: 0
12:04:51 | INFO     | [12:04:51] ✅ DONE | 00087/2024 | item 00062 | 208/796 (26.1%) | Falhas: 0
12:04:52 | INFO     | [12:04:52] ✅ DONE | 00087/2024 | item 00063 | 209/796 (26.3%) | Falhas: 0
12:04:52 | INFO     | [12:04:52] ✅ DONE | 00090/2024 | item 00020 | 210/796 (26.4%) | Falhas: 0
12:04:53 | INFO     | [12:04:53] ✅ DONE | 00100/2024 | item 00013 | 211/796 (26.5%) | Falhas: 0
12:04:54 | INFO     | [12:04:54] ✅ DONE | 00101/2024 | item 00003 | 212/796 (26.6%) | Falhas: 0
12:04:55 | INFO     | [12:04:55] ✅ DONE | 00102/2024 | item 00001 | 213/796 (26.8%) | Falhas: 0
12:04:55 | INFO     | [12:04:55] ✅ DONE | 00102/2024 | item 00002 | 214/796 (26.9%) | Falhas: 0
12:04:56 | INFO     | [12:04:56] ✅ DONE | 00102/2024 | item 00003 | 215/796 (27.0%) | Falhas: 0
12:04:57 | INFO     | [12:04:57] ✅ DONE | 00102/2024 | item 00004 | 216/796 (27.1%) | Falhas: 0
12:04:57 | INFO     | [12:04:57] ✅ DONE | 00102/2024 | item 00006 | 217/796 (27.3%) | Falhas: 0
12:04:58 | INFO     | [12:04:58] ✅ DONE | 00102/2024 | item 00005 | 218/796 (27.4%) | Falhas: 0
12:04:58 | INFO     | [12:04:58] ✅ DONE | 00102/2024 | item 00007 | 219/796 (27.5%) | Falhas: 0
12:04:59 | INFO     | [12:04:59] ✅ DONE | 00102/2024 | item 00009 | 220/796 (27.6%) | Falhas: 0
12:04:59 | INFO     | [12:04:59] ✅ DONE | 00102/2024 | item 00008 | 221/796 (27.8%) | Falhas: 0
12:05:00 | INFO     | [12:05:00] ✅ DONE | 00102/2024 | item 00010 | 222/796 (27.9%) | Falhas: 0
12:05:00 | INFO     | [12:05:00] ✅ DONE | 00131/2023 | item 00001 | 223/796 (28.0%) | Falhas: 0
12:05:01 | INFO     | [12:05:01] ✅ DONE | 00131/2023 | item 00002 | 224/796 (28.1%) | Falhas: 0
12:05:01 | INFO     | [12:05:01] ✅ DONE | 00131/2023 | item 00003 | 225/796 (28.3%) | Falhas: 0
12:05:01 | INFO     | [12:05:01] ✅ DONE | 00131/2023 | item 00005 | 226/796 (28.4%) | Falhas: 0
12:05:02 | INFO     | [12:05:02] ✅ DONE | 00131/2023 | item 00006 | 227/796 (28.5%) | Falhas: 0
12:05:02 | INFO     | [12:05:02] ✅ DONE | 00131/2023 | item 00004 | 228/796 (28.6%) | Falhas: 0
12:05:03 | INFO     | [12:05:03] ✅ DONE | 00131/2023 | item 00007 | 229/796 (28.8%) | Falhas: 0
12:05:03 | INFO     | [12:05:03] ✅ DONE | 00131/2023 | item 00008 | 230/796 (28.9%) | Falhas: 0
12:05:03 | INFO     | [12:05:03] ✅ DONE | 00131/2023 | item 00009 | 231/796 (29.0%) | Falhas: 0
12:05:04 | INFO     | [12:05:04] ✅ DONE | 00131/2023 | item 00010 | 232/796 (29.1%) | Falhas: 0
12:05:04 | INFO     | [12:05:04] ✅ DONE | 00131/2023 | item 00012 | 233/796 (29.3%) | Falhas: 0
12:05:05 | INFO     | [12:05:05] ✅ DONE | 00131/2023 | item 00011 | 234/796 (29.4%) | Falhas: 0
12:05:05 | INFO     | [12:05:05] ✅ DONE | 00131/2023 | item 00013 | 235/796 (29.5%) | Falhas: 0
12:05:05 | INFO     | [12:05:05] ✅ DONE | 00131/2023 | item 00014 | 236/796 (29.6%) | Falhas: 0
12:05:05 | INFO     | [12:05:05] ✅ DONE | 00131/2023 | item 00015 | 237/796 (29.8%) | Falhas: 0
12:05:06 | INFO     | [12:05:06] ✅ DONE | 00131/2023 | item 00016 | 238/796 (29.9%) | Falhas: 0
12:05:06 | INFO     | [12:05:06] ✅ DONE | 00131/2023 | item 00017 | 239/796 (30.0%) | Falhas: 0
12:05:06 | INFO     | [12:05:06] ✅ DONE | 00131/2023 | item 00018 | 240/796 (30.2%) | Falhas: 0
12:05:07 | INFO     | [12:05:07] ✅ DONE | 00131/2023 | item 00022 | 241/796 (30.3%) | Falhas: 0
12:05:07 | INFO     | [12:05:07] ✅ DONE | 00131/2023 | item 00023 | 242/796 (30.4%) | Falhas: 0
12:05:07 | INFO     | [12:05:07] ✅ DONE | 00131/2023 | item 00024 | 243/796 (30.5%) | Falhas: 0
12:05:08 | INFO     | [12:05:08] ✅ DONE | 00131/2023 | item 00025 | 244/796 (30.7%) | Falhas: 0
12:05:08 | INFO     | [12:05:08] ✅ DONE | 00131/2023 | item 00026 | 245/796 (30.8%) | Falhas: 0
12:05:08 | INFO     | [12:05:08] ✅ DONE | 00131/2023 | item 00027 | 246/796 (30.9%) | Falhas: 0
12:05:08 | INFO     | [12:05:08] ✅ DONE | 00131/2023 | item 00032 | 247/796 (31.0%) | Falhas: 0
12:05:09 | INFO     | [12:05:09] ✅ DONE | 00131/2023 | item 00033 | 248/796 (31.2%) | Falhas: 0
12:05:09 | INFO     | [12:05:09] ✅ DONE | 00131/2023 | item 00034 | 249/796 (31.3%) | Falhas: 0
12:05:09 | INFO     | [12:05:09] ✅ DONE | 00131/2023 | item 00035 | 250/796 (31.4%) | Falhas: 0
12:05:10 | INFO     | [12:05:10] ✅ DONE | 00131/2023 | item 00036 | 251/796 (31.5%) | Falhas: 0
12:05:10 | INFO     | [12:05:10] ✅ DONE | 00131/2023 | item 00037 | 252/796 (31.7%) | Falhas: 0
12:05:11 | INFO     | [12:05:11] ✅ DONE | 00131/2023 | item 00039 | 253/796 (31.8%) | Falhas: 0
12:05:11 | INFO     | [12:05:11] ✅ DONE | 00131/2023 | item 00038 | 254/796 (31.9%) | Falhas: 0
12:05:11 | INFO     | [12:05:11] ✅ DONE | 00131/2023 | item 00040 | 255/796 (32.0%) | Falhas: 0
12:05:12 | INFO     | [12:05:12] ✅ DONE | 00131/2023 | item 00042 | 256/796 (32.2%) | Falhas: 0
12:05:12 | INFO     | [12:05:12] ✅ DONE | 00131/2023 | item 00041 | 257/796 (32.3%) | Falhas: 0
12:05:12 | INFO     | [12:05:12] ✅ DONE | 00131/2023 | item 00043 | 258/796 (32.4%) | Falhas: 0
12:05:12 | INFO     | [12:05:12] ✅ DONE | 00131/2023 | item 00045 | 259/796 (32.5%) | Falhas: 0
12:05:12 | INFO     | [12:05:12] ✅ DONE | 00131/2023 | item 00044 | 260/796 (32.7%) | Falhas: 0
12:05:13 | INFO     | [12:05:13] ✅ DONE | 00131/2023 | item 00046 | 261/796 (32.8%) | Falhas: 0
12:05:13 | INFO     | [12:05:13] ✅ DONE | 00131/2023 | item 00047 | 262/796 (32.9%) | Falhas: 0
12:05:14 | INFO     | [12:05:14] ✅ DONE | 00131/2023 | item 00048 | 263/796 (33.0%) | Falhas: 0
12:05:14 | INFO     | [12:05:14] ✅ DONE | 00131/2023 | item 00049 | 264/796 (33.2%) | Falhas: 0
12:05:14 | INFO     | [12:05:14] ✅ DONE | 00131/2023 | item 00050 | 265/796 (33.3%) | Falhas: 0
12:05:15 | INFO     | [12:05:15] ✅ DONE | 00131/2023 | item 00051 | 266/796 (33.4%) | Falhas: 0
12:05:15 | INFO     | [12:05:15] ✅ DONE | 00131/2023 | item 00052 | 267/796 (33.5%) | Falhas: 0
12:05:16 | INFO     | [12:05:16] ✅ DONE | 00131/2023 | item 00053 | 268/796 (33.7%) | Falhas: 0
12:05:16 | INFO     | [12:05:16] ✅ DONE | 00131/2023 | item 00054 | 269/796 (33.8%) | Falhas: 0
12:05:17 | INFO     | [12:05:17] ✅ DONE | 00131/2023 | item 00055 | 270/796 (33.9%) | Falhas: 0
12:05:18 | INFO     | [12:05:18] ✅ DONE | 00131/2023 | item 00056 | 271/796 (34.0%) | Falhas: 0
12:05:18 | INFO     | [12:05:18] ✅ DONE | 00131/2023 | item 00058 | 272/796 (34.2%) | Falhas: 0
12:05:18 | INFO     | [12:05:18] ✅ DONE | 00131/2023 | item 00057 | 273/796 (34.3%) | Falhas: 0
12:05:19 | INFO     | [12:05:19] ✅ DONE | 00131/2023 | item 00059 | 274/796 (34.4%) | Falhas: 0
12:05:20 | INFO     | [12:05:20] ✅ DONE | 00131/2023 | item 00062 | 275/796 (34.5%) | Falhas: 0
12:05:20 | INFO     | [12:05:20] ✅ DONE | 00131/2023 | item 00061 | 276/796 (34.7%) | Falhas: 0
12:05:21 | INFO     | [12:05:21] ✅ DONE | 00131/2023 | item 00064 | 277/796 (34.8%) | Falhas: 0
12:05:21 | INFO     | [12:05:21] ✅ DONE | 00131/2023 | item 00063 | 278/796 (34.9%) | Falhas: 0
12:05:21 | INFO     | [12:05:21] ✅ DONE | 00131/2023 | item 00065 | 279/796 (35.1%) | Falhas: 0
12:05:22 | INFO     | [12:05:22] ✅ DONE | 00131/2023 | item 00066 | 280/796 (35.2%) | Falhas: 0
12:05:22 | INFO     | [12:05:22] ✅ DONE | 00131/2023 | item 00068 | 281/796 (35.3%) | Falhas: 0
12:05:22 | INFO     | [12:05:22] ✅ DONE | 00131/2023 | item 00067 | 282/796 (35.4%) | Falhas: 0
12:05:23 | INFO     | [12:05:23] ✅ DONE | 00131/2023 | item 00070 | 283/796 (35.6%) | Falhas: 0
12:05:23 | INFO     | [12:05:23] ✅ DONE | 00131/2023 | item 00069 | 284/796 (35.7%) | Falhas: 0
12:05:24 | INFO     | [12:05:24] ✅ DONE | 00131/2023 | item 00071 | 285/796 (35.8%) | Falhas: 0
12:05:24 | INFO     | [12:05:24] ✅ DONE | 00131/2023 | item 00072 | 286/796 (35.9%) | Falhas: 0
12:05:25 | INFO     | [12:05:25] ✅ DONE | 00131/2023 | item 00073 | 287/796 (36.1%) | Falhas: 0
12:05:25 | INFO     | [12:05:25] ✅ DONE | 00131/2023 | item 00074 | 288/796 (36.2%) | Falhas: 0
12:05:25 | INFO     | [12:05:25] ✅ DONE | 00131/2023 | item 00075 | 289/796 (36.3%) | Falhas: 0
12:05:26 | INFO     | [12:05:26] ✅ DONE | 00131/2023 | item 00076 | 290/796 (36.4%) | Falhas: 0
12:05:26 | INFO     | [12:05:26] ✅ DONE | 00131/2023 | item 00078 | 291/796 (36.6%) | Falhas: 0
12:05:26 | INFO     | [12:05:26] ✅ DONE | 00131/2023 | item 00077 | 292/796 (36.7%) | Falhas: 0
12:05:27 | INFO     | [12:05:27] ✅ DONE | 00131/2023 | item 00079 | 293/796 (36.8%) | Falhas: 0
12:05:27 | INFO     | [12:05:27] ✅ DONE | 00131/2023 | item 00081 | 294/796 (36.9%) | Falhas: 0
12:05:27 | INFO     | [12:05:27] ✅ DONE | 00131/2023 | item 00080 | 295/796 (37.1%) | Falhas: 0
12:05:27 | INFO     | [12:05:27] ✅ DONE | 00131/2023 | item 00082 | 296/796 (37.2%) | Falhas: 0
12:05:28 | INFO     | [12:05:28] ✅ DONE | 00131/2023 | item 00083 | 297/796 (37.3%) | Falhas: 0
12:05:28 | INFO     | [12:05:28] ✅ DONE | 00131/2023 | item 00084 | 298/796 (37.4%) | Falhas: 0
12:05:28 | INFO     | [12:05:28] ✅ DONE | 00131/2023 | item 00087 | 299/796 (37.6%) | Falhas: 0
12:05:30 | INFO     | [12:05:30] ✅ DONE | 00131/2023 | item 00088 | 300/796 (37.7%) | Falhas: 0
12:05:45 | INFO     | [12:05:45] ✅ DONE | 00131/2023 | item 00090 | 301/796 (37.8%) | Falhas: 0
12:05:46 | INFO     | [12:05:46] ✅ DONE | 00131/2023 | item 00089 | 302/796 (37.9%) | Falhas: 0
12:05:47 | INFO     | [12:05:47] ✅ DONE | 00131/2023 | item 00091 | 303/796 (38.1%) | Falhas: 0
12:06:03 | INFO     | [12:06:03] ✅ DONE | 00131/2023 | item 00093 | 304/796 (38.2%) | Falhas: 0
12:06:03 | INFO     | [12:06:03] ✅ DONE | 00131/2023 | item 00094 | 305/796 (38.3%) | Falhas: 0
12:06:04 | INFO     | [12:06:04] ✅ DONE | 00131/2023 | item 00097 | 306/796 (38.4%) | Falhas: 0
12:06:04 | INFO     | [12:06:04] ✅ DONE | 00131/2023 | item 00096 | 307/796 (38.6%) | Falhas: 0
12:06:05 | INFO     | [12:06:05] ✅ DONE | 00131/2023 | item 00098 | 308/796 (38.7%) | Falhas: 0
12:06:05 | INFO     | [12:06:05] ✅ DONE | 00131/2023 | item 00099 | 309/796 (38.8%) | Falhas: 0
12:06:05 | INFO     | [12:06:05] ✅ DONE | 00131/2023 | item 00100 | 310/796 (38.9%) | Falhas: 0
12:06:06 | INFO     | [12:06:06] ✅ DONE | 00131/2023 | item 00101 | 311/796 (39.1%) | Falhas: 0
12:06:06 | INFO     | [12:06:06] ✅ DONE | 00131/2023 | item 00102 | 312/796 (39.2%) | Falhas: 0
12:06:07 | INFO     | [12:06:07] ✅ DONE | 00131/2023 | item 00103 | 313/796 (39.3%) | Falhas: 0
12:06:07 | INFO     | [12:06:07] ✅ DONE | 00131/2023 | item 00104 | 314/796 (39.4%) | Falhas: 0
12:06:07 | INFO     | [12:06:07] ✅ DONE | 00131/2023 | item 00106 | 315/796 (39.6%) | Falhas: 0
12:06:08 | INFO     | [12:06:08] ✅ DONE | 00131/2023 | item 00107 | 316/796 (39.7%) | Falhas: 0
12:06:08 | INFO     | [12:06:08] ✅ DONE | 00131/2023 | item 00108 | 317/796 (39.8%) | Falhas: 0
12:06:09 | INFO     | [12:06:09] ✅ DONE | 00131/2023 | item 00111 | 318/796 (39.9%) | Falhas: 0
12:06:10 | INFO     | [12:06:10] ✅ DONE | 00131/2023 | item 00115 | 319/796 (40.1%) | Falhas: 0
12:06:11 | INFO     | [12:06:11] ✅ DONE | 00131/2023 | item 00114 | 320/796 (40.2%) | Falhas: 0
12:06:11 | INFO     | [12:06:11] ✅ DONE | 00131/2023 | item 00118 | 321/796 (40.3%) | Falhas: 0
12:06:12 | INFO     | [12:06:12] ✅ DONE | 00131/2023 | item 00119 | 322/796 (40.5%) | Falhas: 0
12:06:13 | INFO     | [12:06:13] ✅ DONE | 00131/2023 | item 00124 | 323/796 (40.6%) | Falhas: 0
12:06:13 | INFO     | [12:06:13] ✅ DONE | 00131/2023 | item 00123 | 324/796 (40.7%) | Falhas: 0
12:06:13 | INFO     | [12:06:13] ✅ DONE | 00131/2023 | item 00126 | 325/796 (40.8%) | Falhas: 0
12:06:14 | INFO     | [12:06:14] ✅ DONE | 00131/2023 | item 00127 | 326/796 (41.0%) | Falhas: 0
12:06:14 | INFO     | [12:06:14] ✅ DONE | 00131/2023 | item 00128 | 327/796 (41.1%) | Falhas: 0
12:06:15 | INFO     | [12:06:15] ✅ DONE | 00821/2024 | item 00015 | 328/796 (41.2%) | Falhas: 0
12:06:15 | INFO     | [12:06:15] ✅ DONE | 90014/2024 | item 00001 | 329/796 (41.3%) | Falhas: 0
12:06:15 | INFO     | [12:06:15] ✅ DONE | 90014/2024 | item 00002 | 330/796 (41.5%) | Falhas: 0
12:06:16 | INFO     | [12:06:16] ✅ DONE | 90014/2024 | item 00016 | 331/796 (41.6%) | Falhas: 0
12:06:16 | INFO     | [12:06:16] ✅ DONE | 90014/2024 | item 00015 | 332/796 (41.7%) | Falhas: 0
12:06:17 | INFO     | [12:06:17] ✅ DONE | 90014/2024 | item 00010 | 333/796 (41.8%) | Falhas: 0
12:06:17 | INFO     | [12:06:17] ✅ DONE | 91400/2024 | item 00003 | 334/796 (42.0%) | Falhas: 0
12:06:18 | INFO     | [12:06:18] ✅ DONE | 91400/2024 | item 00005 | 335/796 (42.1%) | Falhas: 0
12:06:18 | INFO     | [12:06:18] ✅ DONE | 91400/2024 | item 00004 | 336/796 (42.2%) | Falhas: 0
12:06:18 | INFO     | [12:06:18] ✅ DONE | 91400/2024 | item 00006 | 337/796 (42.3%) | Falhas: 0
12:06:20 | INFO     | [12:06:20] ✅ DONE | 91400/2024 | item 00007 | 338/796 (42.5%) | Falhas: 0
12:06:20 | INFO     | [12:06:20] ✅ DONE | 91400/2024 | item 00009 | 339/796 (42.6%) | Falhas: 0
12:06:21 | INFO     | [12:06:21] ✅ DONE | 91400/2024 | item 00008 | 340/796 (42.7%) | Falhas: 0
12:06:22 | INFO     | [12:06:22] ✅ DONE | 91400/2024 | item 00012 | 341/796 (42.8%) | Falhas: 0
12:06:22 | INFO     | [12:06:22] ✅ DONE | 91400/2024 | item 00011 | 342/796 (43.0%) | Falhas: 0
12:06:23 | INFO     | [12:06:23] ✅ DONE | 91400/2024 | item 00013 | 343/796 (43.1%) | Falhas: 0
12:06:24 | INFO     | [12:06:24] ✅ DONE | 91400/2024 | item 00017 | 344/796 (43.2%) | Falhas: 0
12:06:24 | INFO     | [12:06:24] ✅ DONE | 91400/2024 | item 00014 | 345/796 (43.3%) | Falhas: 0
12:06:25 | INFO     | [12:06:25] ✅ DONE | 91400/2024 | item 00018 | 346/796 (43.5%) | Falhas: 0
12:06:26 | INFO     | [12:06:26] ✅ DONE | 91400/2024 | item 00020 | 347/796 (43.6%) | Falhas: 0
12:06:27 | INFO     | [12:06:27] ✅ DONE | 91400/2024 | item 00021 | 348/796 (43.7%) | Falhas: 0
12:06:27 | INFO     | [12:06:27] ✅ DONE | 91400/2024 | item 00019 | 349/796 (43.8%) | Falhas: 0
12:06:29 | INFO     | [12:06:29] ✅ DONE | 91400/2024 | item 00022 | 350/796 (44.0%) | Falhas: 0
12:06:30 | INFO     | [12:06:30] ✅ DONE | 00210/2025 | item 00053 | 351/796 (44.1%) | Falhas: 0
12:06:30 | INFO     | [12:06:30] ✅ DONE | 00210/2025 | item 00052 | 352/796 (44.2%) | Falhas: 0
12:06:30 | INFO     | [12:06:30] ✅ DONE | 00210/2025 | item 00054 | 353/796 (44.3%) | Falhas: 0
12:06:33 | INFO     | [12:06:33] ✅ DONE | 00210/2025 | item 00055 | 354/796 (44.5%) | Falhas: 0
12:06:34 | INFO     | [12:06:34] ✅ DONE | 00210/2025 | item 00056 | 355/796 (44.6%) | Falhas: 0
12:06:34 | INFO     | [12:06:34] ✅ DONE | 00210/2025 | item 00057 | 356/796 (44.7%) | Falhas: 0
12:06:35 | INFO     | [12:06:35] ✅ DONE | 00210/2025 | item 00058 | 357/796 (44.8%) | Falhas: 0
12:06:37 | INFO     | [12:06:37] ✅ DONE | 00210/2025 | item 00059 | 358/796 (45.0%) | Falhas: 0
12:06:37 | INFO     | [12:06:37] ✅ DONE | 00210/2025 | item 00061 | 359/796 (45.1%) | Falhas: 0
12:06:37 | INFO     | [12:06:37] ✅ DONE | 00210/2025 | item 00060 | 360/796 (45.2%) | Falhas: 0
12:06:39 | INFO     | [12:06:39] ✅ DONE | 00210/2025 | item 00063 | 361/796 (45.4%) | Falhas: 0
12:06:39 | INFO     | [12:06:39] ✅ DONE | 00210/2025 | item 00062 | 362/796 (45.5%) | Falhas: 0
12:06:40 | INFO     | [12:06:40] ✅ DONE | 00210/2025 | item 00064 | 363/796 (45.6%) | Falhas: 0
12:06:41 | INFO     | [12:06:41] ✅ DONE | 00210/2025 | item 00066 | 364/796 (45.7%) | Falhas: 0
12:06:42 | INFO     | [12:06:42] ✅ DONE | 00210/2025 | item 00067 | 365/796 (45.9%) | Falhas: 0
12:06:43 | INFO     | [12:06:43] ✅ DONE | 00210/2025 | item 00065 | 366/796 (46.0%) | Falhas: 0
12:06:44 | INFO     | [12:06:44] ✅ DONE | 00210/2025 | item 00068 | 367/796 (46.1%) | Falhas: 0
12:06:45 | INFO     | [12:06:45] ✅ DONE | 00210/2025 | item 00069 | 368/796 (46.2%) | Falhas: 0
12:06:46 | INFO     | [12:06:46] ✅ DONE | 00210/2025 | item 00070 | 369/796 (46.4%) | Falhas: 0
12:06:46 | INFO     | [12:06:46] ✅ DONE | 00210/2025 | item 00071 | 370/796 (46.5%) | Falhas: 0
12:06:48 | INFO     | [12:06:48] ✅ DONE | 00210/2025 | item 00072 | 371/796 (46.6%) | Falhas: 0
12:06:48 | INFO     | [12:06:48] ✅ DONE | 00210/2025 | item 00073 | 372/796 (46.7%) | Falhas: 0
12:06:49 | INFO     | [12:06:49] ✅ DONE | 00210/2025 | item 00074 | 373/796 (46.9%) | Falhas: 0
12:06:50 | INFO     | [12:06:50] ✅ DONE | 00210/2025 | item 00075 | 374/796 (47.0%) | Falhas: 0
12:06:50 | INFO     | [12:06:50] ✅ DONE | 00210/2025 | item 00077 | 375/796 (47.1%) | Falhas: 0
12:06:51 | INFO     | [12:06:51] ✅ DONE | 00210/2025 | item 00076 | 376/796 (47.2%) | Falhas: 0
12:06:52 | INFO     | [12:06:52] ✅ DONE | 00210/2025 | item 00079 | 377/796 (47.4%) | Falhas: 0
12:06:53 | INFO     | [12:06:53] ✅ DONE | 00210/2025 | item 00080 | 378/796 (47.5%) | Falhas: 0
12:06:54 | INFO     | [12:06:54] ✅ DONE | 00210/2025 | item 00078 | 379/796 (47.6%) | Falhas: 0
12:06:55 | INFO     | [12:06:55] ✅ DONE | 00210/2025 | item 00081 | 380/796 (47.7%) | Falhas: 0
12:06:56 | INFO     | [12:06:56] ✅ DONE | 00210/2025 | item 00082 | 381/796 (47.9%) | Falhas: 0
12:06:59 | INFO     | [12:06:59] ✅ DONE | 00210/2025 | item 00083 | 382/796 (48.0%) | Falhas: 0
12:06:59 | INFO     | [12:06:59] ✅ DONE | 00210/2025 | item 00085 | 383/796 (48.1%) | Falhas: 0
12:07:00 | INFO     | [12:07:00] ✅ DONE | 00210/2025 | item 00084 | 384/796 (48.2%) | Falhas: 0
12:07:01 | INFO     | [12:07:01] ✅ DONE | 00210/2025 | item 00087 | 385/796 (48.4%) | Falhas: 0
12:07:03 | INFO     | [12:07:03] ✅ DONE | 00210/2025 | item 00088 | 386/796 (48.5%) | Falhas: 0
12:07:03 | INFO     | [12:07:03] ✅ DONE | 00210/2025 | item 00086 | 387/796 (48.6%) | Falhas: 0
12:07:04 | INFO     | [12:07:04] ✅ DONE | 00210/2025 | item 00090 | 388/796 (48.7%) | Falhas: 0
12:07:05 | INFO     | [12:07:05] ✅ DONE | 00210/2025 | item 00089 | 389/796 (48.9%) | Falhas: 0
12:07:06 | INFO     | [12:07:06] ✅ DONE | 00210/2025 | item 00091 | 390/796 (49.0%) | Falhas: 0
12:07:07 | INFO     | [12:07:07] ✅ DONE | 00210/2025 | item 00092 | 391/796 (49.1%) | Falhas: 0
12:07:08 | INFO     | [12:07:08] ✅ DONE | 00210/2025 | item 00093 | 392/796 (49.2%) | Falhas: 0
12:07:10 | INFO     | [12:07:10] ✅ DONE | 00210/2025 | item 00094 | 393/796 (49.4%) | Falhas: 0
12:07:10 | INFO     | [12:07:10] ✅ DONE | 00210/2025 | item 00095 | 394/796 (49.5%) | Falhas: 0
12:07:11 | INFO     | [12:07:11] ✅ DONE | 00210/2025 | item 00096 | 395/796 (49.6%) | Falhas: 0
12:07:13 | INFO     | [12:07:13] ✅ DONE | 00210/2025 | item 00099 | 396/796 (49.7%) | Falhas: 0
12:07:13 | INFO     | [12:07:13] ✅ DONE | 00210/2025 | item 00097 | 397/796 (49.9%) | Falhas: 0
12:07:13 | INFO     | [12:07:13] ✅ DONE | 00210/2025 | item 00098 | 398/796 (50.0%) | Falhas: 0
12:07:15 | INFO     | [12:07:15] ✅ DONE | 00210/2025 | item 00102 | 399/796 (50.1%) | Falhas: 0
12:07:16 | INFO     | [12:07:16] ✅ DONE | 00210/2025 | item 00100 | 400/796 (50.3%) | Falhas: 0
12:07:17 | INFO     | [12:07:17] ✅ DONE | 00210/2025 | item 00101 | 401/796 (50.4%) | Falhas: 0
12:07:17 | INFO     | [12:07:17] ✅ DONE | 00210/2025 | item 00104 | 402/796 (50.5%) | Falhas: 0
12:07:18 | INFO     | [12:07:18] ✅ DONE | 00210/2025 | item 00103 | 403/796 (50.6%) | Falhas: 0
12:07:19 | INFO     | [12:07:19] ✅ DONE | 00210/2025 | item 00106 | 404/796 (50.8%) | Falhas: 0
12:07:20 | INFO     | [12:07:20] ✅ DONE | 00210/2025 | item 00105 | 405/796 (50.9%) | Falhas: 0
12:07:21 | INFO     | [12:07:21] ✅ DONE | 00210/2025 | item 00107 | 406/796 (51.0%) | Falhas: 0
12:07:22 | INFO     | [12:07:22] ✅ DONE | 00210/2025 | item 00109 | 407/796 (51.1%) | Falhas: 0
12:07:23 | INFO     | [12:07:23] ✅ DONE | 00210/2025 | item 00110 | 408/796 (51.3%) | Falhas: 0
12:07:23 | INFO     | [12:07:23] ✅ DONE | 00210/2025 | item 00108 | 409/796 (51.4%) | Falhas: 0
12:07:25 | INFO     | [12:07:25] ✅ DONE | 00211/2025 | item 00002 | 410/796 (51.5%) | Falhas: 0
12:07:26 | INFO     | [12:07:26] ✅ DONE | 00211/2025 | item 00001 | 411/796 (51.6%) | Falhas: 0
12:07:26 | INFO     | [12:07:26] ✅ DONE | 00210/2025 | item 00111 | 412/796 (51.8%) | Falhas: 0
12:07:28 | INFO     | [12:07:28] ✅ DONE | 00212/2025 | item 00002 | 413/796 (51.9%) | Falhas: 0
12:07:29 | INFO     | [12:07:29] ✅ DONE | 00212/2025 | item 00001 | 414/796 (52.0%) | Falhas: 0
12:07:29 | INFO     | [12:07:29] ✅ DONE | 00212/2025 | item 00003 | 415/796 (52.1%) | Falhas: 0
12:07:30 | INFO     | [12:07:30] ✅ DONE | 00212/2025 | item 00004 | 416/796 (52.3%) | Falhas: 0
12:07:30 | INFO     | [12:07:30] ✅ DONE | 00212/2025 | item 00006 | 417/796 (52.4%) | Falhas: 0
12:07:31 | INFO     | [12:07:31] ✅ DONE | 00212/2025 | item 00005 | 418/796 (52.5%) | Falhas: 0
12:07:32 | INFO     | [12:07:32] ✅ DONE | 00212/2025 | item 00007 | 419/796 (52.6%) | Falhas: 0
12:07:33 | INFO     | [12:07:33] ✅ DONE | 00212/2025 | item 00008 | 420/796 (52.8%) | Falhas: 0
12:07:33 | INFO     | [12:07:33] ✅ DONE | 00212/2025 | item 00009 | 421/796 (52.9%) | Falhas: 0
12:07:34 | INFO     | [12:07:34] ✅ DONE | 00212/2025 | item 00010 | 422/796 (53.0%) | Falhas: 0
12:07:35 | INFO     | [12:07:35] ✅ DONE | 00212/2025 | item 00011 | 423/796 (53.1%) | Falhas: 0
12:07:36 | INFO     | [12:07:36] ✅ DONE | 00212/2025 | item 00012 | 424/796 (53.3%) | Falhas: 0
12:07:36 | INFO     | [12:07:36] ✅ DONE | 00212/2025 | item 00013 | 425/796 (53.4%) | Falhas: 0
12:07:37 | INFO     | [12:07:37] ✅ DONE | 00212/2025 | item 00014 | 426/796 (53.5%) | Falhas: 0
12:07:37 | INFO     | [12:07:37] ✅ DONE | 00212/2025 | item 00015 | 427/796 (53.6%) | Falhas: 0
12:07:38 | INFO     | [12:07:38] ✅ DONE | 00212/2025 | item 00016 | 428/796 (53.8%) | Falhas: 0
12:07:38 | INFO     | [12:07:38] ✅ DONE | 00212/2025 | item 00017 | 429/796 (53.9%) | Falhas: 0
12:07:39 | INFO     | [12:07:39] ✅ DONE | 00212/2025 | item 00019 | 430/796 (54.0%) | Falhas: 0
12:07:40 | INFO     | [12:07:40] ✅ DONE | 00212/2025 | item 00018 | 431/796 (54.1%) | Falhas: 0
12:07:40 | INFO     | [12:07:40] ✅ DONE | 00212/2025 | item 00020 | 432/796 (54.3%) | Falhas: 0
12:07:41 | INFO     | [12:07:41] ✅ DONE | 00212/2025 | item 00021 | 433/796 (54.4%) | Falhas: 0
12:07:42 | INFO     | [12:07:42] ✅ DONE | 00212/2025 | item 00023 | 434/796 (54.5%) | Falhas: 0
12:07:42 | INFO     | [12:07:42] ✅ DONE | 00212/2025 | item 00022 | 435/796 (54.6%) | Falhas: 0
12:07:42 | INFO     | [12:07:42] ✅ DONE | 00212/2025 | item 00024 | 436/796 (54.8%) | Falhas: 0
12:07:43 | INFO     | [12:07:43] ✅ DONE | 00212/2025 | item 00025 | 437/796 (54.9%) | Falhas: 0
12:07:43 | INFO     | [12:07:43] ✅ DONE | 00212/2025 | item 00026 | 438/796 (55.0%) | Falhas: 0
12:07:44 | INFO     | [12:07:44] ✅ DONE | 00212/2025 | item 00027 | 439/796 (55.2%) | Falhas: 0
12:07:45 | INFO     | [12:07:45] ✅ DONE | 00212/2025 | item 00029 | 440/796 (55.3%) | Falhas: 0
12:07:46 | INFO     | [12:07:46] ✅ DONE | 00212/2025 | item 00030 | 441/796 (55.4%) | Falhas: 0
12:07:46 | INFO     | [12:07:46] ✅ DONE | 00212/2025 | item 00028 | 442/796 (55.5%) | Falhas: 0
12:07:47 | INFO     | [12:07:47] ✅ DONE | 00212/2025 | item 00031 | 443/796 (55.7%) | Falhas: 0
12:07:48 | INFO     | [12:07:48] ✅ DONE | 00212/2025 | item 00033 | 444/796 (55.8%) | Falhas: 0
12:07:48 | INFO     | [12:07:48] ✅ DONE | 00212/2025 | item 00032 | 445/796 (55.9%) | Falhas: 0
12:07:49 | INFO     | [12:07:49] ✅ DONE | 00212/2025 | item 00034 | 446/796 (56.0%) | Falhas: 0
12:07:51 | INFO     | [12:07:51] ✅ DONE | 00212/2025 | item 00036 | 447/796 (56.2%) | Falhas: 0
12:07:51 | INFO     | [12:07:51] ✅ DONE | 00212/2025 | item 00037 | 448/796 (56.3%) | Falhas: 0
12:07:51 | INFO     | [12:07:51] ✅ DONE | 00212/2025 | item 00035 | 449/796 (56.4%) | Falhas: 0
12:07:53 | INFO     | [12:07:53] ✅ DONE | 00212/2025 | item 00039 | 450/796 (56.5%) | Falhas: 0
12:07:54 | INFO     | [12:07:54] ✅ DONE | 00212/2025 | item 00038 | 451/796 (56.7%) | Falhas: 0
12:07:54 | INFO     | [12:07:54] ✅ DONE | 00212/2025 | item 00040 | 452/796 (56.8%) | Falhas: 0
12:07:55 | INFO     | [12:07:55] ✅ DONE | 00212/2025 | item 00041 | 453/796 (56.9%) | Falhas: 0
12:07:56 | INFO     | [12:07:56] ✅ DONE | 00212/2025 | item 00042 | 454/796 (57.0%) | Falhas: 0
12:07:56 | INFO     | [12:07:56] ✅ DONE | 00212/2025 | item 00043 | 455/796 (57.2%) | Falhas: 0
12:07:57 | INFO     | [12:07:57] ✅ DONE | 00212/2025 | item 00044 | 456/796 (57.3%) | Falhas: 0
12:07:57 | INFO     | [12:07:57] ✅ DONE | 00212/2025 | item 00046 | 457/796 (57.4%) | Falhas: 0
12:07:59 | INFO     | [12:07:59] ✅ DONE | 00212/2025 | item 00047 | 458/796 (57.5%) | Falhas: 0
12:07:59 | INFO     | [12:07:59] ✅ DONE | 00212/2025 | item 00045 | 459/796 (57.7%) | Falhas: 0
12:07:59 | INFO     | [12:07:59] ✅ DONE | 00212/2025 | item 00048 | 460/796 (57.8%) | Falhas: 0
12:08:00 | INFO     | [12:08:00] ✅ DONE | 00212/2025 | item 00049 | 461/796 (57.9%) | Falhas: 0
12:08:01 | INFO     | [12:08:01] ✅ DONE | 00212/2025 | item 00051 | 462/796 (58.0%) | Falhas: 0
12:08:01 | INFO     | [12:08:01] ✅ DONE | 00212/2025 | item 00050 | 463/796 (58.2%) | Falhas: 0
12:08:02 | INFO     | [12:08:02] ✅ DONE | 00212/2025 | item 00052 | 464/796 (58.3%) | Falhas: 0
12:08:02 | INFO     | [12:08:02] ✅ DONE | 00212/2025 | item 00054 | 465/796 (58.4%) | Falhas: 0
12:08:03 | INFO     | [12:08:03] ✅ DONE | 00212/2025 | item 00053 | 466/796 (58.5%) | Falhas: 0
12:08:03 | INFO     | [12:08:03] ✅ DONE | 00212/2025 | item 00055 | 467/796 (58.7%) | Falhas: 0
12:08:04 | INFO     | [12:08:04] ✅ DONE | 00212/2025 | item 00056 | 468/796 (58.8%) | Falhas: 0
12:08:04 | INFO     | [12:08:04] ✅ DONE | 00212/2025 | item 00057 | 469/796 (58.9%) | Falhas: 0
12:08:04 | INFO     | [12:08:04] ✅ DONE | 00212/2025 | item 00058 | 470/796 (59.0%) | Falhas: 0
12:08:05 | INFO     | [12:08:05] ✅ DONE | 00212/2025 | item 00060 | 471/796 (59.2%) | Falhas: 0
12:08:05 | INFO     | [12:08:05] ✅ DONE | 00212/2025 | item 00061 | 472/796 (59.3%) | Falhas: 0
12:08:06 | INFO     | [12:08:06] ✅ DONE | 00212/2025 | item 00059 | 473/796 (59.4%) | Falhas: 0
12:08:07 | INFO     | [12:08:07] ✅ DONE | 00212/2025 | item 00064 | 474/796 (59.5%) | Falhas: 0
12:08:07 | INFO     | [12:08:07] ✅ DONE | 00212/2025 | item 00063 | 475/796 (59.7%) | Falhas: 0
12:08:07 | INFO     | [12:08:07] ✅ DONE | 00212/2025 | item 00062 | 476/796 (59.8%) | Falhas: 0
12:08:08 | INFO     | [12:08:08] ✅ DONE | 00212/2025 | item 00065 | 477/796 (59.9%) | Falhas: 0
12:08:10 | INFO     | [12:08:10] ✅ DONE | 00212/2025 | item 00067 | 478/796 (60.1%) | Falhas: 0
12:08:10 | INFO     | [12:08:10] ✅ DONE | 00212/2025 | item 00066 | 479/796 (60.2%) | Falhas: 0
12:08:11 | INFO     | [12:08:11] ✅ DONE | 00212/2025 | item 00068 | 480/796 (60.3%) | Falhas: 0
12:08:12 | INFO     | [12:08:12] ✅ DONE | 00212/2025 | item 00069 | 481/796 (60.4%) | Falhas: 0
12:08:13 | INFO     | [12:08:13] ✅ DONE | 00212/2025 | item 00070 | 482/796 (60.6%) | Falhas: 0
12:08:14 | INFO     | [12:08:14] ✅ DONE | 00212/2025 | item 00072 | 483/796 (60.7%) | Falhas: 0
12:08:14 | INFO     | [12:08:14] ✅ DONE | 00212/2025 | item 00071 | 484/796 (60.8%) | Falhas: 0
12:08:15 | INFO     | [12:08:15] ✅ DONE | 00212/2025 | item 00073 | 485/796 (60.9%) | Falhas: 0
12:08:16 | INFO     | [12:08:16] ✅ DONE | 00212/2025 | item 00074 | 486/796 (61.1%) | Falhas: 0
12:08:16 | INFO     | [12:08:16] ✅ DONE | 00212/2025 | item 00075 | 487/796 (61.2%) | Falhas: 0
12:08:17 | INFO     | [12:08:17] ✅ DONE | 00212/2025 | item 00081 | 488/796 (61.3%) | Falhas: 0
12:08:17 | INFO     | [12:08:17] ✅ DONE | 00212/2025 | item 00082 | 489/796 (61.4%) | Falhas: 0
12:08:19 | INFO     | [12:08:19] ✅ DONE | 00212/2025 | item 00084 | 490/796 (61.6%) | Falhas: 0
12:08:19 | INFO     | [12:08:19] ✅ DONE | 00212/2025 | item 00088 | 491/796 (61.7%) | Falhas: 0
12:08:20 | INFO     | [12:08:20] ✅ DONE | 00212/2025 | item 00089 | 492/796 (61.8%) | Falhas: 0
12:08:21 | INFO     | [12:08:21] ✅ DONE | 00212/2025 | item 00091 | 493/796 (61.9%) | Falhas: 0
12:08:21 | INFO     | [12:08:21] ✅ DONE | 00212/2025 | item 00092 | 494/796 (62.1%) | Falhas: 0
12:08:22 | INFO     | [12:08:22] ✅ DONE | 00212/2025 | item 00090 | 495/796 (62.2%) | Falhas: 0
12:08:23 | INFO     | [12:08:23] ✅ DONE | 00212/2025 | item 00093 | 496/796 (62.3%) | Falhas: 0
12:08:23 | INFO     | [12:08:23] ✅ DONE | 00212/2025 | item 00095 | 497/796 (62.4%) | Falhas: 0
12:08:23 | INFO     | [12:08:23] ✅ DONE | 00212/2025 | item 00094 | 498/796 (62.6%) | Falhas: 0
12:08:24 | INFO     | [12:08:24] ✅ DONE | 00212/2025 | item 00096 | 499/796 (62.7%) | Falhas: 0
12:08:25 | INFO     | [12:08:25] ✅ DONE | 00212/2025 | item 00098 | 500/796 (62.8%) | Falhas: 0
12:08:26 | INFO     | [12:08:26] ✅ DONE | 00212/2025 | item 00097 | 501/796 (62.9%) | Falhas: 0
12:08:26 | INFO     | [12:08:26] ✅ DONE | 00212/2025 | item 00099 | 502/796 (63.1%) | Falhas: 0
12:08:26 | INFO     | [12:08:26] ✅ DONE | 00212/2025 | item 00100 | 503/796 (63.2%) | Falhas: 0
12:08:27 | INFO     | [12:08:27] ✅ DONE | 00212/2025 | item 00102 | 504/796 (63.3%) | Falhas: 0
12:08:27 | INFO     | [12:08:27] ✅ DONE | 00212/2025 | item 00101 | 505/796 (63.4%) | Falhas: 0
12:08:28 | INFO     | [12:08:28] ✅ DONE | 00212/2025 | item 00103 | 506/796 (63.6%) | Falhas: 0
12:08:29 | INFO     | [12:08:29] ✅ DONE | 00212/2025 | item 00105 | 507/796 (63.7%) | Falhas: 0
12:08:29 | INFO     | [12:08:29] ✅ DONE | 00212/2025 | item 00104 | 508/796 (63.8%) | Falhas: 0
12:08:30 | INFO     | [12:08:30] ✅ DONE | 00212/2025 | item 00106 | 509/796 (63.9%) | Falhas: 0
12:08:30 | INFO     | [12:08:30] ✅ DONE | 00212/2025 | item 00119 | 510/796 (64.1%) | Falhas: 0
12:08:30 | INFO     | [12:08:30] ✅ DONE | 00212/2025 | item 00107 | 511/796 (64.2%) | Falhas: 0
12:08:31 | INFO     | [12:08:31] ✅ DONE | 00212/2025 | item 00120 | 512/796 (64.3%) | Falhas: 0
12:08:31 | INFO     | [12:08:31] ✅ DONE | 00212/2025 | item 00122 | 513/796 (64.4%) | Falhas: 0
12:08:32 | INFO     | [12:08:32] ✅ DONE | 00212/2025 | item 00121 | 514/796 (64.6%) | Falhas: 0
12:08:32 | INFO     | [12:08:32] ✅ DONE | 00212/2025 | item 00123 | 515/796 (64.7%) | Falhas: 0
12:08:33 | INFO     | [12:08:33] ✅ DONE | 00212/2025 | item 00126 | 516/796 (64.8%) | Falhas: 0
12:08:33 | INFO     | [12:08:33] ✅ DONE | 00212/2025 | item 00125 | 517/796 (64.9%) | Falhas: 0
12:08:33 | INFO     | [12:08:33] ✅ DONE | 00212/2025 | item 00124 | 518/796 (65.1%) | Falhas: 0
12:08:34 | INFO     | [12:08:34] ✅ DONE | 00212/2025 | item 00128 | 519/796 (65.2%) | Falhas: 0
12:08:34 | INFO     | [12:08:34] ✅ DONE | 00212/2025 | item 00127 | 520/796 (65.3%) | Falhas: 0
12:08:35 | INFO     | [12:08:35] ✅ DONE | 00212/2025 | item 00129 | 521/796 (65.5%) | Falhas: 0
12:08:35 | INFO     | [12:08:35] ✅ DONE | 00212/2025 | item 00130 | 522/796 (65.6%) | Falhas: 0
12:08:35 | INFO     | [12:08:35] ✅ DONE | 00212/2025 | item 00131 | 523/796 (65.7%) | Falhas: 0
12:08:36 | INFO     | [12:08:36] ✅ DONE | 00212/2025 | item 00132 | 524/796 (65.8%) | Falhas: 0
12:08:36 | INFO     | [12:08:36] ✅ DONE | 00212/2025 | item 00133 | 525/796 (66.0%) | Falhas: 0
12:08:37 | INFO     | [12:08:37] ✅ DONE | 00212/2025 | item 00135 | 526/796 (66.1%) | Falhas: 0
12:08:37 | INFO     | [12:08:37] ✅ DONE | 00212/2025 | item 00136 | 527/796 (66.2%) | Falhas: 0
12:08:38 | INFO     | [12:08:38] ✅ DONE | 00212/2025 | item 00137 | 528/796 (66.3%) | Falhas: 0
12:08:39 | INFO     | [12:08:39] ✅ DONE | 00212/2025 | item 00138 | 529/796 (66.5%) | Falhas: 0
12:08:40 | INFO     | [12:08:40] ✅ DONE | 00212/2025 | item 00139 | 530/796 (66.6%) | Falhas: 0
12:08:40 | INFO     | [12:08:40] ✅ DONE | 00212/2025 | item 00140 | 531/796 (66.7%) | Falhas: 0
12:08:41 | INFO     | [12:08:41] ✅ DONE | 00212/2025 | item 00141 | 532/796 (66.8%) | Falhas: 0
12:08:41 | INFO     | [12:08:41] ✅ DONE | 00212/2025 | item 00142 | 533/796 (67.0%) | Falhas: 0
12:08:42 | INFO     | [12:08:42] ✅ DONE | 00212/2025 | item 00143 | 534/796 (67.1%) | Falhas: 0
12:08:42 | INFO     | [12:08:42] ✅ DONE | 00212/2025 | item 00144 | 535/796 (67.2%) | Falhas: 0
12:08:43 | INFO     | [12:08:43] ✅ DONE | 00212/2025 | item 00145 | 536/796 (67.3%) | Falhas: 0
12:08:43 | INFO     | [12:08:43] ✅ DONE | 00212/2025 | item 00146 | 537/796 (67.5%) | Falhas: 0
12:08:44 | INFO     | [12:08:44] ✅ DONE | 00212/2025 | item 00147 | 538/796 (67.6%) | Falhas: 0
12:08:44 | INFO     | [12:08:44] ✅ DONE | 00212/2025 | item 00148 | 539/796 (67.7%) | Falhas: 0
12:08:45 | INFO     | [12:08:45] ✅ DONE | 00212/2025 | item 00149 | 540/796 (67.8%) | Falhas: 0
12:08:45 | INFO     | [12:08:45] ✅ DONE | 00212/2025 | item 00150 | 541/796 (68.0%) | Falhas: 0
12:08:47 | INFO     | [12:08:47] ✅ DONE | 00212/2025 | item 00151 | 542/796 (68.1%) | Falhas: 0
12:08:48 | INFO     | [12:08:48] ✅ DONE | 00212/2025 | item 00154 | 543/796 (68.2%) | Falhas: 0
12:08:49 | INFO     | [12:08:49] ✅ DONE | 00212/2025 | item 00155 | 544/796 (68.3%) | Falhas: 0
12:08:51 | INFO     | [12:08:51] ✅ DONE | 00212/2025 | item 00156 | 545/796 (68.5%) | Falhas: 0
12:08:52 | INFO     | [12:08:52] ✅ DONE | 00212/2025 | item 00157 | 546/796 (68.6%) | Falhas: 0
12:08:53 | INFO     | [12:08:53] ✅ DONE | 00212/2025 | item 00134 | 547/796 (68.7%) | Falhas: 0
12:08:54 | INFO     | [12:08:54] ✅ DONE | 00212/2025 | item 00158 | 548/796 (68.8%) | Falhas: 0
12:08:55 | INFO     | [12:08:55] ✅ DONE | 00212/2025 | item 00159 | 549/796 (69.0%) | Falhas: 0
12:08:55 | INFO     | [12:08:55] ✅ DONE | 00212/2025 | item 00160 | 550/796 (69.1%) | Falhas: 0
12:08:56 | INFO     | [12:08:56] ✅ DONE | 00212/2025 | item 00161 | 551/796 (69.2%) | Falhas: 0
12:08:56 | INFO     | [12:08:56] ✅ DONE | 00212/2025 | item 00162 | 552/796 (69.3%) | Falhas: 0
12:08:57 | INFO     | [12:08:57] ✅ DONE | 00212/2025 | item 00163 | 553/796 (69.5%) | Falhas: 0
12:08:58 | INFO     | [12:08:58] ✅ DONE | 00212/2025 | item 00164 | 554/796 (69.6%) | Falhas: 0
12:08:59 | INFO     | [12:08:59] ✅ DONE | 00212/2025 | item 00166 | 555/796 (69.7%) | Falhas: 0
12:08:59 | INFO     | [12:08:59] ✅ DONE | 00212/2025 | item 00165 | 556/796 (69.8%) | Falhas: 0
12:09:01 | INFO     | [12:09:01] ✅ DONE | 00212/2025 | item 00167 | 557/796 (70.0%) | Falhas: 0
12:09:01 | INFO     | [12:09:01] ✅ DONE | 00212/2025 | item 00168 | 558/796 (70.1%) | Falhas: 0
12:09:01 | INFO     | [12:09:01] ✅ DONE | 00212/2025 | item 00152 | 559/796 (70.2%) | Falhas: 0
12:09:02 | INFO     | [12:09:02] ✅ DONE | 00212/2025 | item 00169 | 560/796 (70.4%) | Falhas: 0
12:09:02 | INFO     | [12:09:02] ✅ DONE | 00212/2025 | item 00170 | 561/796 (70.5%) | Falhas: 0
12:09:03 | INFO     | [12:09:03] ✅ DONE | 00212/2025 | item 00171 | 562/796 (70.6%) | Falhas: 0
12:09:03 | INFO     | [12:09:03] ✅ DONE | 00212/2025 | item 00174 | 563/796 (70.7%) | Falhas: 0
12:09:04 | INFO     | [12:09:04] ✅ DONE | 00212/2025 | item 00175 | 564/796 (70.9%) | Falhas: 0
12:09:04 | INFO     | [12:09:04] ✅ DONE | 00212/2025 | item 00172 | 565/796 (71.0%) | Falhas: 0
12:09:05 | INFO     | [12:09:05] ✅ DONE | 00212/2025 | item 00176 | 566/796 (71.1%) | Falhas: 0
12:09:05 | INFO     | [12:09:05] ✅ DONE | 00212/2025 | item 00178 | 567/796 (71.2%) | Falhas: 0
12:09:05 | INFO     | [12:09:05] ✅ DONE | 00212/2025 | item 00177 | 568/796 (71.4%) | Falhas: 0
12:09:06 | INFO     | [12:09:06] ✅ DONE | 00212/2025 | item 00179 | 569/796 (71.5%) | Falhas: 0
12:09:06 | INFO     | [12:09:06] ✅ DONE | 00212/2025 | item 00180 | 570/796 (71.6%) | Falhas: 0
12:09:06 | INFO     | [12:09:06] ✅ DONE | 00212/2025 | item 00181 | 571/796 (71.7%) | Falhas: 0
12:09:07 | INFO     | [12:09:07] ✅ DONE | 00212/2025 | item 00182 | 572/796 (71.9%) | Falhas: 0
12:09:07 | INFO     | [12:09:07] ✅ DONE | 00212/2025 | item 00185 | 573/796 (72.0%) | Falhas: 0
12:09:08 | INFO     | [12:09:08] ✅ DONE | 00212/2025 | item 00187 | 574/796 (72.1%) | Falhas: 0
12:09:09 | INFO     | [12:09:09] ✅ DONE | 00212/2025 | item 00188 | 575/796 (72.2%) | Falhas: 0
12:09:09 | INFO     | [12:09:09] ✅ DONE | 00212/2025 | item 00186 | 576/796 (72.4%) | Falhas: 0
12:09:10 | INFO     | [12:09:10] ✅ DONE | 00212/2025 | item 00199 | 577/796 (72.5%) | Falhas: 0
12:09:11 | INFO     | [12:09:11] ✅ DONE | 00212/2025 | item 00210 | 578/796 (72.6%) | Falhas: 0
12:09:11 | INFO     | [12:09:11] ✅ DONE | 00212/2025 | item 00200 | 579/796 (72.7%) | Falhas: 0
12:09:11 | INFO     | [12:09:11] ✅ DONE | 00212/2025 | item 00211 | 580/796 (72.9%) | Falhas: 0
12:09:13 | INFO     | [12:09:13] ✅ DONE | 00212/2025 | item 00271 | 581/796 (73.0%) | Falhas: 0
12:09:13 | INFO     | [12:09:13] ✅ DONE | 00212/2025 | item 00272 | 582/796 (73.1%) | Falhas: 0
12:09:13 | INFO     | [12:09:13] ✅ DONE | 00212/2025 | item 00273 | 583/796 (73.2%) | Falhas: 0
12:09:14 | INFO     | [12:09:14] ✅ DONE | 00212/2025 | item 00274 | 584/796 (73.4%) | Falhas: 0
12:09:14 | INFO     | [12:09:14] ✅ DONE | 00212/2025 | item 00275 | 585/796 (73.5%) | Falhas: 0
12:09:16 | INFO     | [12:09:16] ✅ DONE | 00212/2025 | item 00277 | 586/796 (73.6%) | Falhas: 0
12:09:16 | INFO     | [12:09:16] ✅ DONE | 00212/2025 | item 00279 | 587/796 (73.7%) | Falhas: 0
12:09:17 | INFO     | [12:09:17] ✅ DONE | 00212/2025 | item 00280 | 588/796 (73.9%) | Falhas: 0
12:09:18 | INFO     | [12:09:18] ✅ DONE | 00212/2025 | item 00308 | 589/796 (74.0%) | Falhas: 0
12:09:19 | INFO     | [12:09:19] ✅ DONE | 00212/2025 | item 00341 | 590/796 (74.1%) | Falhas: 0
12:09:21 | INFO     | [12:09:21] ✅ DONE | 00212/2025 | item 00342 | 591/796 (74.2%) | Falhas: 0
12:09:21 | INFO     | [12:09:21] ✅ DONE | 00212/2025 | item 00343 | 592/796 (74.4%) | Falhas: 0
12:09:22 | INFO     | [12:09:22] ✅ DONE | 00212/2025 | item 00344 | 593/796 (74.5%) | Falhas: 0
12:09:23 | INFO     | [12:09:23] ✅ DONE | 00212/2025 | item 00345 | 594/796 (74.6%) | Falhas: 0
12:09:24 | INFO     | [12:09:24] ✅ DONE | 00212/2025 | item 00346 | 595/796 (74.7%) | Falhas: 0
12:09:25 | INFO     | [12:09:25] ✅ DONE | 00212/2025 | item 00347 | 596/796 (74.9%) | Falhas: 0
12:09:26 | INFO     | [12:09:26] ✅ DONE | 00212/2025 | item 00348 | 597/796 (75.0%) | Falhas: 0
12:09:27 | INFO     | [12:09:27] ✅ DONE | 00212/2025 | item 00349 | 598/796 (75.1%) | Falhas: 0
12:09:28 | INFO     | [12:09:28] ✅ DONE | 00212/2025 | item 00350 | 599/796 (75.3%) | Falhas: 0
12:09:29 | INFO     | [12:09:29] ✅ DONE | 00212/2025 | item 00351 | 600/796 (75.4%) | Falhas: 0
12:09:30 | INFO     | [12:09:30] ✅ DONE | 00212/2025 | item 00276 | 601/796 (75.5%) | Falhas: 0
12:09:31 | INFO     | [12:09:31] ✅ DONE | 00212/2025 | item 00353 | 602/796 (75.6%) | Falhas: 0
12:09:31 | INFO     | [12:09:31] ✅ DONE | 00212/2025 | item 00352 | 603/796 (75.8%) | Falhas: 0
12:09:31 | INFO     | [12:09:31] ✅ DONE | 00212/2025 | item 00278 | 604/796 (75.9%) | Falhas: 0
12:09:32 | INFO     | [12:09:32] ✅ DONE | 00212/2025 | item 00354 | 605/796 (76.0%) | Falhas: 0
12:09:32 | INFO     | [12:09:32] ✅ DONE | 00205/2025 | item 00080 | 606/796 (76.1%) | Falhas: 0
12:09:33 | INFO     | [12:09:33] ✅ DONE | 00205/2025 | item 00077 | 607/796 (76.3%) | Falhas: 0
12:09:34 | INFO     | [12:09:34] ✅ DONE | 00205/2025 | item 00083 | 608/796 (76.4%) | Falhas: 0
12:09:34 | INFO     | [12:09:34] ✅ DONE | 00212/2025 | item 00356 | 609/796 (76.5%) | Falhas: 0
12:09:34 | INFO     | [12:09:34] ✅ DONE | 00212/2025 | item 00355 | 610/796 (76.6%) | Falhas: 0
12:09:35 | INFO     | [12:09:35] ✅ DONE | 00212/2025 | item 00359 | 611/796 (76.8%) | Falhas: 0
12:09:36 | INFO     | [12:09:36] ✅ DONE | 00212/2025 | item 00358 | 612/796 (76.9%) | Falhas: 0
12:09:36 | INFO     | [12:09:36] ✅ DONE | 00212/2025 | item 00357 | 613/796 (77.0%) | Falhas: 0
12:09:36 | INFO     | [12:09:36] ✅ DONE | 00212/2025 | item 00360 | 614/796 (77.1%) | Falhas: 0
12:09:37 | INFO     | [12:09:37] ✅ DONE | 00205/2025 | item 00089 | 615/796 (77.3%) | Falhas: 0
12:09:37 | INFO     | [12:09:37] ✅ DONE | 00205/2025 | item 00091 | 616/796 (77.4%) | Falhas: 0
12:09:38 | INFO     | [12:09:38] ✅ DONE | 00205/2025 | item 00092 | 617/796 (77.5%) | Falhas: 0
12:09:38 | INFO     | [12:09:38] ✅ DONE | 00205/2025 | item 00093 | 618/796 (77.6%) | Falhas: 0
12:09:38 | INFO     | [12:09:38] ✅ DONE | 00205/2025 | item 00095 | 619/796 (77.8%) | Falhas: 0
12:09:39 | INFO     | [12:09:39] ✅ DONE | 00205/2025 | item 00097 | 620/796 (77.9%) | Falhas: 0
12:09:39 | INFO     | [12:09:39] ✅ DONE | 00205/2025 | item 00096 | 621/796 (78.0%) | Falhas: 0
12:09:39 | INFO     | [12:09:39] ✅ DONE | 00205/2025 | item 00098 | 622/796 (78.1%) | Falhas: 0
12:09:40 | INFO     | [12:09:40] ✅ DONE | 00212/2025 | item 00361 | 623/796 (78.3%) | Falhas: 0
12:09:40 | INFO     | [12:09:40] ✅ DONE | 00212/2025 | item 00362 | 624/796 (78.4%) | Falhas: 0
12:09:41 | INFO     | [12:09:41] ✅ DONE | 00212/2025 | item 00363 | 625/796 (78.5%) | Falhas: 0
12:09:42 | INFO     | [12:09:42] ✅ DONE | 00212/2025 | item 00365 | 626/796 (78.6%) | Falhas: 0
12:09:42 | INFO     | [12:09:42] ✅ DONE | 00212/2025 | item 00364 | 627/796 (78.8%) | Falhas: 0
12:09:42 | INFO     | [12:09:42] ✅ DONE | 00212/2025 | item 00366 | 628/796 (78.9%) | Falhas: 0
12:09:43 | INFO     | [12:09:43] ✅ DONE | 00212/2025 | item 00367 | 629/796 (79.0%) | Falhas: 0
12:09:43 | INFO     | [12:09:43] ✅ DONE | 00212/2025 | item 00369 | 630/796 (79.1%) | Falhas: 0
12:09:44 | INFO     | [12:09:44] ✅ DONE | 00212/2025 | item 00368 | 631/796 (79.3%) | Falhas: 0
12:09:44 | INFO     | [12:09:44] ✅ DONE | 00212/2025 | item 00370 | 632/796 (79.4%) | Falhas: 0
12:09:45 | INFO     | [12:09:45] ✅ DONE | 00212/2025 | item 00371 | 633/796 (79.5%) | Falhas: 0
12:09:45 | INFO     | [12:09:45] ✅ DONE | 00212/2025 | item 00372 | 634/796 (79.6%) | Falhas: 0
12:09:45 | INFO     | [12:09:45] ✅ DONE | 00212/2025 | item 00373 | 635/796 (79.8%) | Falhas: 0
12:09:46 | INFO     | [12:09:46] ✅ DONE | 00212/2025 | item 00374 | 636/796 (79.9%) | Falhas: 0
12:09:47 | INFO     | [12:09:47] ✅ DONE | 00212/2025 | item 00375 | 637/796 (80.0%) | Falhas: 0
12:09:47 | INFO     | [12:09:47] ✅ DONE | 00212/2025 | item 00377 | 638/796 (80.2%) | Falhas: 0
12:09:47 | INFO     | [12:09:47] ✅ DONE | 00212/2025 | item 00376 | 639/796 (80.3%) | Falhas: 0
12:09:48 | INFO     | [12:09:48] ✅ DONE | 00212/2025 | item 00380 | 640/796 (80.4%) | Falhas: 0
12:09:48 | INFO     | [12:09:48] ✅ DONE | 00212/2025 | item 00379 | 641/796 (80.5%) | Falhas: 0
12:09:48 | INFO     | [12:09:48] ✅ DONE | 00212/2025 | item 00378 | 642/796 (80.7%) | Falhas: 0
12:09:49 | INFO     | [12:09:49] ✅ DONE | 00212/2025 | item 00381 | 643/796 (80.8%) | Falhas: 0
12:09:49 | INFO     | [12:09:49] ✅ DONE | 00212/2025 | item 00382 | 644/796 (80.9%) | Falhas: 0
12:10:05 | INFO     | [12:10:05] ✅ DONE | 00212/2025 | item 00383 | 645/796 (81.0%) | Falhas: 0
12:10:06 | INFO     | [12:10:06] ✅ DONE | 00212/2025 | item 00384 | 646/796 (81.2%) | Falhas: 0
12:10:06 | INFO     | [12:10:06] ✅ DONE | 00212/2025 | item 00389 | 647/796 (81.3%) | Falhas: 0
12:10:06 | INFO     | [12:10:06] ✅ DONE | 00212/2025 | item 00390 | 648/796 (81.4%) | Falhas: 0
12:10:07 | INFO     | [12:10:07] ✅ DONE | 00212/2025 | item 00392 | 649/796 (81.5%) | Falhas: 0
12:10:07 | INFO     | [12:10:07] ✅ DONE | 00212/2025 | item 00391 | 650/796 (81.7%) | Falhas: 0
12:10:08 | INFO     | [12:10:08] ✅ DONE | 00212/2025 | item 00394 | 651/796 (81.8%) | Falhas: 0
12:10:08 | INFO     | [12:10:08] ✅ DONE | 00212/2025 | item 00395 | 652/796 (81.9%) | Falhas: 0
12:10:08 | INFO     | [12:10:08] ✅ DONE | 00212/2025 | item 00393 | 653/796 (82.0%) | Falhas: 0
12:10:09 | INFO     | [12:10:09] ✅ DONE | 00212/2025 | item 00396 | 654/796 (82.2%) | Falhas: 0
12:10:09 | INFO     | [12:10:09] ✅ DONE | 00212/2025 | item 00397 | 655/796 (82.3%) | Falhas: 0
12:10:10 | INFO     | [12:10:10] ✅ DONE | 00212/2025 | item 00398 | 656/796 (82.4%) | Falhas: 0
12:10:10 | INFO     | [12:10:10] ✅ DONE | 00212/2025 | item 00399 | 657/796 (82.5%) | Falhas: 0
12:10:10 | INFO     | [12:10:10] ✅ DONE | 00212/2025 | item 00400 | 658/796 (82.7%) | Falhas: 0
12:10:11 | INFO     | [12:10:11] ✅ DONE | 00212/2025 | item 00401 | 659/796 (82.8%) | Falhas: 0
12:10:11 | INFO     | [12:10:11] ✅ DONE | 00212/2025 | item 00403 | 660/796 (82.9%) | Falhas: 0
12:10:11 | INFO     | [12:10:11] ✅ DONE | 00212/2025 | item 00402 | 661/796 (83.0%) | Falhas: 0
12:10:12 | INFO     | [12:10:12] ✅ DONE | 00205/2025 | item 00099 | 662/796 (83.2%) | Falhas: 0
12:10:12 | INFO     | [12:10:12] ✅ DONE | 00205/2025 | item 00106 | 663/796 (83.3%) | Falhas: 0
12:10:12 | INFO     | [12:10:12] ✅ DONE | 00205/2025 | item 00107 | 664/796 (83.4%) | Falhas: 0
12:10:13 | INFO     | [12:10:13] ✅ DONE | 00205/2025 | item 00109 | 665/796 (83.5%) | Falhas: 0
12:10:13 | INFO     | [12:10:13] ✅ DONE | 00205/2025 | item 00108 | 666/796 (83.7%) | Falhas: 0
12:10:13 | INFO     | [12:10:13] ✅ DONE | 00214/2025 | item 00083 | 667/796 (83.8%) | Falhas: 0
12:10:14 | INFO     | [12:10:14] ✅ DONE | 00214/2025 | item 00076 | 668/796 (83.9%) | Falhas: 0
12:10:14 | INFO     | [12:10:14] ✅ DONE | 00212/2025 | item 00404 | 669/796 (84.0%) | Falhas: 0
12:10:15 | INFO     | [12:10:15] ✅ DONE | 00212/2025 | item 00405 | 670/796 (84.2%) | Falhas: 0
12:10:15 | INFO     | [12:10:15] ✅ DONE | 00212/2025 | item 00406 | 671/796 (84.3%) | Falhas: 0
12:10:15 | INFO     | [12:10:15] ✅ DONE | 00212/2025 | item 00407 | 672/796 (84.4%) | Falhas: 0
12:10:16 | INFO     | [12:10:16] ✅ DONE | 00212/2025 | item 00408 | 673/796 (84.5%) | Falhas: 0
12:10:16 | INFO     | [12:10:16] ✅ DONE | 00212/2025 | item 00409 | 674/796 (84.7%) | Falhas: 0
12:10:16 | INFO     | [12:10:16] ✅ DONE | 00212/2025 | item 00410 | 675/796 (84.8%) | Falhas: 0
12:10:17 | INFO     | [12:10:17] ✅ DONE | 00212/2025 | item 00411 | 676/796 (84.9%) | Falhas: 0
12:10:17 | INFO     | [12:10:17] ✅ DONE | 00212/2025 | item 00412 | 677/796 (85.1%) | Falhas: 0
12:10:17 | INFO     | [12:10:17] ✅ DONE | 00212/2025 | item 00413 | 678/796 (85.2%) | Falhas: 0
12:10:18 | INFO     | [12:10:18] ✅ DONE | 00212/2025 | item 00415 | 679/796 (85.3%) | Falhas: 0
12:10:18 | INFO     | [12:10:18] ✅ DONE | 00212/2025 | item 00416 | 680/796 (85.4%) | Falhas: 0
12:10:18 | INFO     | [12:10:18] ✅ DONE | 00212/2025 | item 00414 | 681/796 (85.6%) | Falhas: 0
12:10:19 | INFO     | [12:10:19] ✅ DONE | 00212/2025 | item 00417 | 682/796 (85.7%) | Falhas: 0
12:10:19 | INFO     | [12:10:19] ✅ DONE | 00212/2025 | item 00419 | 683/796 (85.8%) | Falhas: 0
12:10:19 | INFO     | [12:10:19] ✅ DONE | 00212/2025 | item 00418 | 684/796 (85.9%) | Falhas: 0
12:10:19 | INFO     | [12:10:19] ✅ DONE | 00212/2025 | item 00420 | 685/796 (86.1%) | Falhas: 0
12:10:20 | INFO     | [12:10:20] ✅ DONE | 00212/2025 | item 00421 | 686/796 (86.2%) | Falhas: 0
12:10:20 | INFO     | [12:10:20] ✅ DONE | 00212/2025 | item 00423 | 687/796 (86.3%) | Falhas: 0
12:10:20 | INFO     | [12:10:20] ✅ DONE | 00212/2025 | item 00422 | 688/796 (86.4%) | Falhas: 0
12:10:21 | INFO     | [12:10:21] ✅ DONE | 00212/2025 | item 00424 | 689/796 (86.6%) | Falhas: 0
12:10:21 | INFO     | [12:10:21] ✅ DONE | 00212/2025 | item 00425 | 690/796 (86.7%) | Falhas: 0
12:10:21 | INFO     | [12:10:21] ✅ DONE | 00212/2025 | item 00426 | 691/796 (86.8%) | Falhas: 0
12:10:22 | INFO     | [12:10:22] ✅ DONE | 00212/2025 | item 00427 | 692/796 (86.9%) | Falhas: 0
12:10:23 | INFO     | [12:10:23] ✅ DONE | 00212/2025 | item 00430 | 693/796 (87.1%) | Falhas: 0
12:10:24 | INFO     | [12:10:24] ✅ DONE | 00212/2025 | item 00431 | 694/796 (87.2%) | Falhas: 0
12:10:25 | INFO     | [12:10:25] ✅ DONE | 00212/2025 | item 00432 | 695/796 (87.3%) | Falhas: 0
12:10:26 | INFO     | [12:10:26] ✅ DONE | 00212/2025 | item 00433 | 696/796 (87.4%) | Falhas: 0
12:10:27 | INFO     | [12:10:27] ✅ DONE | 00213/2025 | item 00204 | 697/796 (87.6%) | Falhas: 0
12:10:28 | INFO     | [12:10:28] ✅ DONE | 00213/2025 | item 00205 | 698/796 (87.7%) | Falhas: 0
12:10:29 | INFO     | [12:10:29] ✅ DONE | 00213/2025 | item 00216 | 699/796 (87.8%) | Falhas: 0
12:10:38 | INFO     | [12:10:38] ✅ DONE | 00212/2025 | item 00429 | 700/796 (87.9%) | Falhas: 0
12:10:38 | INFO     | [12:10:38] ✅ DONE | 00212/2025 | item 00428 | 701/796 (88.1%) | Falhas: 0
12:10:39 | INFO     | [12:10:39] ✅ DONE | 00213/2025 | item 00219 | 702/796 (88.2%) | Falhas: 0
12:10:39 | INFO     | [12:10:39] ✅ DONE | 00213/2025 | item 00218 | 703/796 (88.3%) | Falhas: 0
12:10:39 | INFO     | [12:10:39] ✅ DONE | 00213/2025 | item 00220 | 704/796 (88.4%) | Falhas: 0
12:10:40 | INFO     | [12:10:40] ✅ DONE | 00213/2025 | item 00221 | 705/796 (88.6%) | Falhas: 0
12:10:40 | INFO     | [12:10:40] ✅ DONE | 00213/2025 | item 00223 | 706/796 (88.7%) | Falhas: 0
12:10:41 | INFO     | [12:10:41] ✅ DONE | 00213/2025 | item 00222 | 707/796 (88.8%) | Falhas: 0
12:10:42 | INFO     | [12:10:42] ✅ DONE | 00213/2025 | item 00224 | 708/796 (88.9%) | Falhas: 0
12:10:42 | INFO     | [12:10:42] ✅ DONE | 00213/2025 | item 00225 | 709/796 (89.1%) | Falhas: 0
12:10:43 | INFO     | [12:10:43] ✅ DONE | 00213/2025 | item 00226 | 710/796 (89.2%) | Falhas: 0
12:10:43 | INFO     | [12:10:43] ✅ DONE | 00213/2025 | item 00227 | 711/796 (89.3%) | Falhas: 0
12:10:44 | INFO     | [12:10:44] ✅ DONE | 00213/2025 | item 00228 | 712/796 (89.4%) | Falhas: 0
12:10:44 | INFO     | [12:10:44] ✅ DONE | 00213/2025 | item 00229 | 713/796 (89.6%) | Falhas: 0
12:10:45 | INFO     | [12:10:45] ✅ DONE | 00213/2025 | item 00217 | 714/796 (89.7%) | Falhas: 0
12:10:45 | INFO     | [12:10:45] ✅ DONE | 00213/2025 | item 00231 | 715/796 (89.8%) | Falhas: 0
12:10:45 | INFO     | [12:10:45] ✅ DONE | 00213/2025 | item 00230 | 716/796 (89.9%) | Falhas: 0
12:10:46 | INFO     | [12:10:46] ✅ DONE | 00213/2025 | item 00234 | 717/796 (90.1%) | Falhas: 0
12:10:46 | INFO     | [12:10:46] ✅ DONE | 00213/2025 | item 00232 | 718/796 (90.2%) | Falhas: 0
12:10:47 | INFO     | [12:10:47] ✅ DONE | 00213/2025 | item 00233 | 719/796 (90.3%) | Falhas: 0
12:10:47 | INFO     | [12:10:47] ✅ DONE | 00213/2025 | item 00236 | 720/796 (90.5%) | Falhas: 0
12:10:47 | INFO     | [12:10:47] ✅ DONE | 00213/2025 | item 00237 | 721/796 (90.6%) | Falhas: 0
12:10:47 | INFO     | [12:10:47] ✅ DONE | 00213/2025 | item 00235 | 722/796 (90.7%) | Falhas: 0
12:10:48 | INFO     | [12:10:48] ✅ DONE | 00213/2025 | item 00238 | 723/796 (90.8%) | Falhas: 0
12:10:48 | INFO     | [12:10:48] ✅ DONE | 00213/2025 | item 00239 | 724/796 (91.0%) | Falhas: 0
12:10:49 | INFO     | [12:10:49] ✅ DONE | 00213/2025 | item 00240 | 725/796 (91.1%) | Falhas: 0
12:10:49 | INFO     | [12:10:49] ✅ DONE | 00213/2025 | item 00241 | 726/796 (91.2%) | Falhas: 0
12:10:49 | INFO     | [12:10:49] ✅ DONE | 00213/2025 | item 00242 | 727/796 (91.3%) | Falhas: 0
12:10:51 | INFO     | [12:10:51] ✅ DONE | 00213/2025 | item 00243 | 728/796 (91.5%) | Falhas: 0
12:10:51 | INFO     | [12:10:51] ✅ DONE | 00213/2025 | item 00245 | 729/796 (91.6%) | Falhas: 0
12:10:51 | INFO     | [12:10:51] ✅ DONE | 00213/2025 | item 00244 | 730/796 (91.7%) | Falhas: 0
12:10:52 | INFO     | [12:10:52] ✅ DONE | 00213/2025 | item 00246 | 731/796 (91.8%) | Falhas: 0
12:10:52 | INFO     | [12:10:52] ✅ DONE | 00213/2025 | item 00247 | 732/796 (92.0%) | Falhas: 0
12:10:52 | INFO     | [12:10:52] ✅ DONE | 00213/2025 | item 00248 | 733/796 (92.1%) | Falhas: 0
12:10:53 | INFO     | [12:10:53] ✅ DONE | 00213/2025 | item 00249 | 734/796 (92.2%) | Falhas: 0
12:10:53 | INFO     | [12:10:53] ✅ DONE | 00213/2025 | item 00250 | 735/796 (92.3%) | Falhas: 0
12:10:53 | INFO     | [12:10:53] ✅ DONE | 00213/2025 | item 00251 | 736/796 (92.5%) | Falhas: 0
12:10:54 | INFO     | [12:10:54] ✅ DONE | 00213/2025 | item 00252 | 737/796 (92.6%) | Falhas: 0
12:10:54 | INFO     | [12:10:54] ✅ DONE | 00213/2025 | item 00253 | 738/796 (92.7%) | Falhas: 0
12:10:54 | INFO     | [12:10:54] ✅ DONE | 00213/2025 | item 00254 | 739/796 (92.8%) | Falhas: 0
12:10:55 | INFO     | [12:10:55] ✅ DONE | 00213/2025 | item 00256 | 740/796 (93.0%) | Falhas: 0
12:10:55 | INFO     | [12:10:55] ✅ DONE | 00213/2025 | item 00255 | 741/796 (93.1%) | Falhas: 0
12:10:55 | INFO     | [12:10:55] ✅ DONE | 00213/2025 | item 00257 | 742/796 (93.2%) | Falhas: 0
12:10:56 | INFO     | [12:10:56] ✅ DONE | 00213/2025 | item 00259 | 743/796 (93.3%) | Falhas: 0
12:10:56 | INFO     | [12:10:56] ✅ DONE | 00213/2025 | item 00260 | 744/796 (93.5%) | Falhas: 0
12:10:56 | INFO     | [12:10:56] ✅ DONE | 00213/2025 | item 00258 | 745/796 (93.6%) | Falhas: 0
12:11:13 | INFO     | [12:11:13] ✅ DONE | 00213/2025 | item 00262 | 746/796 (93.7%) | Falhas: 0
12:11:13 | INFO     | [12:11:13] ✅ DONE | 00213/2025 | item 00263 | 747/796 (93.8%) | Falhas: 0
12:11:14 | INFO     | [12:11:14] ✅ DONE | 00213/2025 | item 00261 | 748/796 (94.0%) | Falhas: 0
12:11:14 | INFO     | [12:11:14] ✅ DONE | 00213/2025 | item 00265 | 749/796 (94.1%) | Falhas: 0
12:11:15 | INFO     | [12:11:15] ✅ DONE | 00213/2025 | item 00266 | 750/796 (94.2%) | Falhas: 0
12:11:15 | INFO     | [12:11:15] ✅ DONE | 00213/2025 | item 00264 | 751/796 (94.3%) | Falhas: 0
12:11:15 | INFO     | [12:11:15] ✅ DONE | 00213/2025 | item 00267 | 752/796 (94.5%) | Falhas: 0
12:11:15 | INFO     | [12:11:15] ✅ DONE | 00213/2025 | item 00268 | 753/796 (94.6%) | Falhas: 0
12:11:16 | INFO     | [12:11:16] ✅ DONE | 00213/2025 | item 00303 | 754/796 (94.7%) | Falhas: 0
12:11:16 | INFO     | [12:11:16] ✅ DONE | 00213/2025 | item 00304 | 755/796 (94.8%) | Falhas: 0
12:11:16 | INFO     | [12:11:16] ✅ DONE | 00214/2025 | item 00085 | 756/796 (95.0%) | Falhas: 0
12:11:16 | INFO     | [12:11:16] ✅ DONE | 00214/2025 | item 00087 | 757/796 (95.1%) | Falhas: 0
12:11:16 | INFO     | [12:11:16] ✅ DONE | 00214/2025 | item 00086 | 758/796 (95.2%) | Falhas: 0
12:11:17 | INFO     | [12:11:17] ✅ DONE | 00214/2025 | item 00108 | 759/796 (95.4%) | Falhas: 0
12:11:17 | INFO     | [12:11:17] ✅ DONE | 00214/2025 | item 00109 | 760/796 (95.5%) | Falhas: 0
12:11:17 | INFO     | [12:11:17] ✅ DONE | 00214/2025 | item 00110 | 761/796 (95.6%) | Falhas: 0
12:11:18 | INFO     | [12:11:18] ✅ DONE | 00214/2025 | item 00111 | 762/796 (95.7%) | Falhas: 0
12:11:18 | INFO     | [12:11:18] ✅ DONE | 00214/2025 | item 00112 | 763/796 (95.9%) | Falhas: 0
12:11:18 | INFO     | [12:11:18] ✅ DONE | 00214/2025 | item 00113 | 764/796 (96.0%) | Falhas: 0
12:11:18 | INFO     | [12:11:18] ✅ DONE | 00214/2025 | item 00114 | 765/796 (96.1%) | Falhas: 0
12:11:19 | INFO     | [12:11:19] ✅ DONE | 00214/2025 | item 00115 | 766/796 (96.2%) | Falhas: 0
12:11:19 | INFO     | [12:11:19] ✅ DONE | 00214/2025 | item 00116 | 767/796 (96.4%) | Falhas: 0
12:11:19 | INFO     | [12:11:19] ✅ DONE | 00214/2025 | item 00117 | 768/796 (96.5%) | Falhas: 0
12:11:20 | INFO     | [12:11:20] ✅ DONE | 00214/2025 | item 00118 | 769/796 (96.6%) | Falhas: 0
12:11:20 | INFO     | [12:11:20] ✅ DONE | 00214/2025 | item 00173 | 770/796 (96.7%) | Falhas: 0
12:11:20 | INFO     | [12:11:20] ✅ DONE | 00214/2025 | item 00385 | 771/796 (96.9%) | Falhas: 0
12:11:21 | INFO     | [12:11:21] ✅ DONE | 00214/2025 | item 00387 | 772/796 (97.0%) | Falhas: 0
12:11:21 | INFO     | [12:11:21] ✅ DONE | 00214/2025 | item 00386 | 773/796 (97.1%) | Falhas: 0
12:11:21 | INFO     | [12:11:21] ✅ DONE | 00214/2025 | item 00388 | 774/796 (97.2%) | Falhas: 0
12:11:21 | INFO     | [12:11:21] ✅ DONE | 00215/2025 | item 00281 | 775/796 (97.4%) | Falhas: 0
12:11:21 | INFO     | [12:11:21] ✅ DONE | 00213/2025 | item 00305 | 776/796 (97.5%) | Falhas: 0
12:11:22 | INFO     | [12:11:22] ✅ DONE | 00213/2025 | item 00309 | 777/796 (97.6%) | Falhas: 0
12:11:22 | INFO     | [12:11:22] ✅ DONE | 00213/2025 | item 00340 | 778/796 (97.7%) | Falhas: 0
12:11:22 | INFO     | [12:11:22] ✅ DONE | 00213/2025 | item 00339 | 779/796 (97.9%) | Falhas: 0
12:11:22 | INFO     | [12:11:22] ✅ DONE | 00263/2025 | item 00001 | 780/796 (98.0%) | Falhas: 0
12:11:23 | INFO     | [12:11:23] ✅ DONE | 00263/2025 | item 00003 | 781/796 (98.1%) | Falhas: 0
12:11:23 | INFO     | [12:11:23] ✅ DONE | 00263/2025 | item 00002 | 782/796 (98.2%) | Falhas: 0
12:11:24 | INFO     | [12:11:24] ✅ DONE | 00263/2025 | item 00004 | 783/796 (98.4%) | Falhas: 0
12:11:25 | INFO     | [12:11:25] ✅ DONE | 00263/2025 | item 00006 | 784/796 (98.5%) | Falhas: 0
12:11:25 | INFO     | [12:11:25] ✅ DONE | 00263/2025 | item 00005 | 785/796 (98.6%) | Falhas: 0
12:11:25 | INFO     | [12:11:25] ✅ DONE | 00263/2025 | item 00007 | 786/796 (98.7%) | Falhas: 0
12:11:26 | INFO     | [12:11:26] ✅ DONE | 00263/2025 | item 00008 | 787/796 (98.9%) | Falhas: 0
12:11:26 | INFO     | [12:11:26] ✅ DONE | 00263/2025 | item 00009 | 788/796 (99.0%) | Falhas: 0
12:11:26 | INFO     | [12:11:26] ✅ DONE | 00263/2025 | item 00010 | 789/796 (99.1%) | Falhas: 0
12:11:27 | INFO     | [12:11:27] ✅ DONE | 00215/2025 | item 00282 | 790/796 (99.2%) | Falhas: 0
12:11:27 | INFO     | [12:11:27] ✅ DONE | 00215/2025 | item 00283 | 791/796 (99.4%) | Falhas: 0
12:11:28 | INFO     | [12:11:28] ✅ DONE | 00215/2025 | item 00307 | 792/796 (99.5%) | Falhas: 0
12:11:28 | INFO     | [12:11:28] ✅ DONE | 00215/2025 | item 00310 | 793/796 (99.6%) | Falhas: 0
12:11:29 | INFO     | [12:11:29] ✅ DONE | 99263/2025 | item 00011 | 794/796 (99.7%) | Falhas: 0
12:11:29 | INFO     | [12:11:29] ✅ DONE | 00215/2025 | item 00311 | 795/796 (99.9%) | Falhas: 0
12:11:29 | INFO     | [12:11:29] ✅ DONE | 99263/2025 | item 00012 | 796/796 (100.0%) | Falhas: 0
12:11:29 | INFO     | ✅ FIM | Falhas: 0 | SKIPs: 0
12:11:29 | INFO     | ============================================================
12:11:29 | INFO     | 📤 GERANDO atas_unidades.csv...
12:11:29 | INFO     | 📂 3100 arquivo(s) de unidades encontrado(s). Processando...
12:11:34 | INFO     | ✅ CSV gerado: data\atas_unidades.csv
12:11:34 | INFO     | Registros        : 10223
12:11:34 | INFO     | Participantes    : 7138
12:11:34 | INFO     | Não participantes: 3085
12:11:34 | INFO     | Aceita adesão    : 4302
12:11:34 | INFO     | Colunas          : 27
12:11:34 | INFO     | ============================================================
12:11:34 | INFO     | 📄 INICIANDO EXTRAÇÃO DE CONTRATOS
12:11:34 | INFO     | UASGs       : 11
12:11:34 | INFO     | Validade    : 1 dia(s)
12:11:34 | INFO     | 🚀 INICIANDO EXTRAÇÃO DE CONTRATOS | WORKERS: 5 | TOTAL: 11
12:11:35 | INFO     | [12:11:35] ✅ DONE | AQ | 62 contratos | 1/11 (9.1%) | Falhas: 0
12:11:36 | INFO     | [12:11:36] ✅ DONE | CX | 124 contratos | 2/11 (18.2%) | Falhas: 0
12:11:37 | INFO     | [12:11:37] ✅ DONE | CB | 147 contratos | 3/11 (27.3%) | Falhas: 0
12:11:37 | INFO     | [12:11:37] ✅ DONE | CG | 140 contratos | 4/11 (36.4%) | Falhas: 0
12:11:37 | INFO     | [12:11:37] ✅ DONE | DR | 80 contratos | 5/11 (45.5%) | Falhas: 0
12:11:38 | INFO     | [12:11:38] ✅ DONE | JD | 102 contratos | 6/11 (54.5%) | Falhas: 0
12:11:39 | INFO     | [12:11:39] ✅ DONE | NA | 121 contratos | 7/11 (63.6%) | Falhas: 0
12:11:39 | INFO     | [12:11:39] ✅ DONE | NV | 95 contratos | 8/11 (72.7%) | Falhas: 0
12:11:39 | INFO     | [12:11:39] ✅ DONE | PP | 104 contratos | 9/11 (81.8%) | Falhas: 0
12:11:41 | INFO     | [12:11:41] ✅ DONE | TL | 172 contratos | 10/11 (90.9%) | Falhas: 0
12:11:49 | INFO     | [12:11:49] ✅ DONE | RT | 560 contratos | 11/11 (100.0%) | Falhas: 0
12:11:49 | INFO     | ✅ FIM | Falhas: 0 | SKIPs: 0
12:11:49 | INFO     | ============================================================
12:11:49 | INFO     | 📤 GERANDO contratos.csv...
12:11:49 | INFO     | 📂 11 arquivo(s) de contratos encontrado(s). Processando...
12:11:49 | INFO     | ✅ CSV gerado: data\contratos.csv
12:11:49 | INFO     | Contratos    : 1707
12:11:49 | INFO     | Prorrogáveis : 432
12:11:49 | INFO     | Colunas      : 21
12:11:49 | INFO     | ============================================================
12:11:49 | INFO     | 👥 INICIANDO EXTRAÇÃO DE RESPONSÁVEIS DOS CONTRATOS
12:11:49 | INFO     | Contratos na fila : 1707
12:11:49 | INFO     | Validade cache    : 1 dia(s)
12:11:49 | INFO     | 🚀 INICIANDO EXTRAÇÃO DE RESPONSÁVEIS | WORKERS: 15 | TOTAL: 1707
12:11:50 | INFO     | [12:11:50] ✅ DONE | 152269 | 0 responsáveis | 1/1707 (0.1%) | Falhas: 0
12:11:50 | INFO     | [12:11:50] ✅ DONE | 71643 | 0 responsáveis | 2/1707 (0.1%) | Falhas: 0
12:11:50 | INFO     | [12:11:50] ✅ DONE | 58629 | 0 responsáveis | 3/1707 (0.2%) | Falhas: 0
12:11:50 | INFO     | [12:11:50] ✅ DONE | 127408 | 0 responsáveis | 4/1707 (0.2%) | Falhas: 0
12:11:50 | INFO     | [12:11:50] ✅ DONE | 29922 | 0 responsáveis | 5/1707 (0.3%) | Falhas: 0
12:11:50 | INFO     | [12:11:50] ✅ DONE | 126729 | 0 responsáveis | 6/1707 (0.4%) | Falhas: 0
12:11:50 | INFO     | [12:11:50] ✅ DONE | 127108 | 0 responsáveis | 7/1707 (0.4%) | Falhas: 0
12:11:50 | INFO     | [12:11:50] ✅ DONE | 43651 | 0 responsáveis | 8/1707 (0.5%) | Falhas: 0
12:11:50 | INFO     | [12:11:50] ✅ DONE | 156982 | 0 responsáveis | 9/1707 (0.5%) | Falhas: 0
12:11:50 | INFO     | [12:11:50] ✅ DONE | 20509 | 0 responsáveis | 10/1707 (0.6%) | Falhas: 0
12:11:50 | INFO     | [12:11:50] ✅ DONE | 77092 | 0 responsáveis | 11/1707 (0.6%) | Falhas: 0
12:11:50 | INFO     | [12:11:50] ✅ DONE | 127116 | 0 responsáveis | 12/1707 (0.7%) | Falhas: 0
12:11:50 | INFO     | [12:11:50] ✅ DONE | 156980 | 0 responsáveis | 13/1707 (0.8%) | Falhas: 0
12:11:50 | INFO     | [12:11:50] ✅ DONE | 14606 | 0 responsáveis | 14/1707 (0.8%) | Falhas: 0
12:11:50 | INFO     | [12:11:50] ✅ DONE | 127095 | 0 responsáveis | 15/1707 (0.9%) | Falhas: 0
12:11:51 | INFO     | [12:11:51] ✅ DONE | 191044 | 4 responsáveis | 16/1707 (0.9%) | Falhas: 0
12:11:51 | INFO     | [12:11:51] ✅ DONE | 169790 | 0 responsáveis | 17/1707 (1.0%) | Falhas: 0
12:11:51 | INFO     | [12:11:51] ✅ DONE | 164836 | 0 responsáveis | 18/1707 (1.1%) | Falhas: 0
12:11:51 | INFO     | [12:11:51] ✅ DONE | 206596 | 2 responsáveis | 19/1707 (1.1%) | Falhas: 0
12:11:51 | INFO     | [12:11:51] ✅ DONE | 253880 | 0 responsáveis | 20/1707 (1.2%) | Falhas: 0
12:11:51 | INFO     | [12:11:51] ✅ DONE | 253616 | 4 responsáveis | 21/1707 (1.2%) | Falhas: 0
12:11:51 | INFO     | [12:11:51] ✅ DONE | 253917 | 4 responsáveis | 22/1707 (1.3%) | Falhas: 0
12:11:51 | INFO     | [12:11:51] ✅ DONE | 258517 | 2 responsáveis | 23/1707 (1.3%) | Falhas: 0
12:11:51 | INFO     | [12:11:51] ✅ DONE | 311869 | 0 responsáveis | 24/1707 (1.4%) | Falhas: 0
12:11:51 | INFO     | [12:11:51] ✅ DONE | 289070 | 4 responsáveis | 25/1707 (1.5%) | Falhas: 0
12:11:51 | INFO     | [12:11:51] ✅ DONE | 291371 | 4 responsáveis | 26/1707 (1.5%) | Falhas: 0
12:11:51 | INFO     | [12:11:51] ✅ DONE | 313459 | 0 responsáveis | 27/1707 (1.6%) | Falhas: 0
12:11:51 | INFO     | [12:11:51] ✅ DONE | 290337 | 4 responsáveis | 28/1707 (1.6%) | Falhas: 0
12:11:51 | INFO     | [12:11:51] ✅ DONE | 323053 | 3 responsáveis | 29/1707 (1.7%) | Falhas: 0
12:11:51 | INFO     | [12:11:51] ✅ DONE | 327666 | 4 responsáveis | 30/1707 (1.8%) | Falhas: 0
12:11:52 | INFO     | [12:11:52] ✅ DONE | 417621 | 0 responsáveis | 31/1707 (1.8%) | Falhas: 0
12:11:52 | INFO     | [12:11:52] ✅ DONE | 329160 | 4 responsáveis | 32/1707 (1.9%) | Falhas: 0
12:11:52 | INFO     | [12:11:52] ✅ DONE | 421834 | 0 responsáveis | 33/1707 (1.9%) | Falhas: 0
12:11:52 | INFO     | [12:11:52] ✅ DONE | 419213 | 4 responsáveis | 34/1707 (2.0%) | Falhas: 0
12:11:52 | INFO     | [12:11:52] ✅ DONE | 431495 | 0 responsáveis | 35/1707 (2.1%) | Falhas: 0
12:11:52 | INFO     | [12:11:52] ✅ DONE | 453929 | 0 responsáveis | 36/1707 (2.1%) | Falhas: 0
12:11:52 | INFO     | [12:11:52] ✅ DONE | 442481 | 0 responsáveis | 37/1707 (2.2%) | Falhas: 0
12:11:52 | INFO     | [12:11:52] ✅ DONE | 445036 | 0 responsáveis | 38/1707 (2.2%) | Falhas: 0
12:11:52 | INFO     | [12:11:52] ✅ DONE | 454044 | 0 responsáveis | 39/1707 (2.3%) | Falhas: 0
12:11:52 | INFO     | [12:11:52] ✅ DONE | 454046 | 0 responsáveis | 40/1707 (2.3%) | Falhas: 0
12:11:52 | INFO     | [12:11:52] ✅ DONE | 454253 | 0 responsáveis | 41/1707 (2.4%) | Falhas: 0
12:11:52 | INFO     | [12:11:52] ✅ DONE | 466311 | 0 responsáveis | 42/1707 (2.5%) | Falhas: 0
12:11:52 | INFO     | [12:11:52] ✅ DONE | 464554 | 0 responsáveis | 43/1707 (2.5%) | Falhas: 0
12:11:52 | INFO     | [12:11:52] ✅ DONE | 509688 | 5 responsáveis | 44/1707 (2.6%) | Falhas: 0
12:11:52 | INFO     | [12:11:52] ✅ DONE | 508197 | 0 responsáveis | 45/1707 (2.6%) | Falhas: 0
12:11:52 | INFO     | [12:11:52] ✅ DONE | 510167 | 0 responsáveis | 46/1707 (2.7%) | Falhas: 0
12:11:52 | INFO     | [12:11:52] ✅ DONE | 520135 | 0 responsáveis | 47/1707 (2.8%) | Falhas: 0
12:11:52 | INFO     | [12:11:52] ✅ DONE | 520280 | 0 responsáveis | 48/1707 (2.8%) | Falhas: 0
12:11:52 | INFO     | [12:11:52] ✅ DONE | 526360 | 0 responsáveis | 49/1707 (2.9%) | Falhas: 0
12:11:53 | INFO     | [12:11:53] ✅ DONE | 537343 | 4 responsáveis | 50/1707 (2.9%) | Falhas: 0
12:11:53 | INFO     | [12:11:53] ✅ DONE | 541845 | 3 responsáveis | 51/1707 (3.0%) | Falhas: 0
12:11:53 | INFO     | [12:11:53] ✅ DONE | 580560 | 0 responsáveis | 52/1707 (3.0%) | Falhas: 0
12:11:53 | INFO     | [12:11:53] ✅ DONE | 567900 | 0 responsáveis | 53/1707 (3.1%) | Falhas: 0
12:11:53 | INFO     | [12:11:53] ✅ DONE | 588057 | 0 responsáveis | 54/1707 (3.2%) | Falhas: 0
12:11:53 | INFO     | [12:11:53] ✅ DONE | 628974 | 1 responsáveis | 55/1707 (3.2%) | Falhas: 0
12:11:53 | INFO     | [12:11:53] ✅ DONE | 747906 | 0 responsáveis | 56/1707 (3.3%) | Falhas: 0
12:11:53 | INFO     | [12:11:53] ✅ DONE | 649772 | 5 responsáveis | 57/1707 (3.3%) | Falhas: 0
12:11:53 | INFO     | [12:11:53] ✅ DONE | 761292 | 0 responsáveis | 58/1707 (3.4%) | Falhas: 0
12:11:53 | INFO     | [12:11:53] ✅ DONE | 769728 | 0 responsáveis | 59/1707 (3.5%) | Falhas: 0
12:11:53 | INFO     | [12:11:53] ✅ DONE | 706194 | 1 responsáveis | 60/1707 (3.5%) | Falhas: 0
12:11:53 | INFO     | [12:11:53] ✅ DONE | 872300 | 0 responsáveis | 61/1707 (3.6%) | Falhas: 0
12:11:53 | INFO     | [12:11:53] ✅ DONE | 948646 | 0 responsáveis | 62/1707 (3.6%) | Falhas: 0
12:11:53 | INFO     | [12:11:53] ✅ DONE | 21146 | 0 responsáveis | 63/1707 (3.7%) | Falhas: 0
12:11:53 | INFO     | [12:11:53] ✅ DONE | 10344 | 0 responsáveis | 64/1707 (3.7%) | Falhas: 0
12:11:54 | INFO     | [12:11:54] ✅ DONE | 21256 | 0 responsáveis | 65/1707 (3.8%) | Falhas: 0
12:11:54 | INFO     | [12:11:54] ✅ DONE | 29920 | 0 responsáveis | 66/1707 (3.9%) | Falhas: 0
12:11:54 | INFO     | [12:11:54] ✅ DONE | 42806 | 0 responsáveis | 67/1707 (3.9%) | Falhas: 0
12:11:54 | INFO     | [12:11:54] ✅ DONE | 42742 | 0 responsáveis | 68/1707 (4.0%) | Falhas: 0
12:11:54 | INFO     | [12:11:54] ✅ DONE | 43650 | 0 responsáveis | 69/1707 (4.0%) | Falhas: 0
12:11:54 | INFO     | [12:11:54] ✅ DONE | 91170 | 0 responsáveis | 70/1707 (4.1%) | Falhas: 0
12:11:54 | INFO     | [12:11:54] ✅ DONE | 133253 | 0 responsáveis | 71/1707 (4.2%) | Falhas: 0
12:11:54 | INFO     | [12:11:54] ✅ DONE | 148652 | 0 responsáveis | 72/1707 (4.2%) | Falhas: 0
12:11:54 | INFO     | [12:11:54] ✅ DONE | 91810 | 0 responsáveis | 73/1707 (4.3%) | Falhas: 0
12:11:54 | INFO     | [12:11:54] ✅ DONE | 140347 | 3 responsáveis | 74/1707 (4.3%) | Falhas: 0
12:11:54 | INFO     | [12:11:54] ✅ DONE | 134936 | 4 responsáveis | 75/1707 (4.4%) | Falhas: 0
12:11:54 | INFO     | [12:11:54] ✅ DONE | 160015 | 0 responsáveis | 76/1707 (4.5%) | Falhas: 0
12:11:54 | INFO     | [12:11:54] ✅ DONE | 164479 | 0 responsáveis | 77/1707 (4.5%) | Falhas: 0
12:11:54 | INFO     | [12:11:54] ✅ DONE | 164491 | 0 responsáveis | 78/1707 (4.6%) | Falhas: 0
12:11:54 | INFO     | [12:11:54] ✅ DONE | 164482 | 0 responsáveis | 79/1707 (4.6%) | Falhas: 0
12:11:54 | INFO     | [12:11:54] ✅ DONE | 164493 | 0 responsáveis | 80/1707 (4.7%) | Falhas: 0
12:11:54 | INFO     | [12:11:54] ✅ DONE | 164503 | 0 responsáveis | 81/1707 (4.7%) | Falhas: 0
12:11:54 | INFO     | [12:11:54] ✅ DONE | 164506 | 0 responsáveis | 82/1707 (4.8%) | Falhas: 0
12:11:54 | INFO     | [12:11:54] ✅ DONE | 164510 | 0 responsáveis | 83/1707 (4.9%) | Falhas: 0
12:11:55 | INFO     | [12:11:55] ✅ DONE | 173783 | 0 responsáveis | 84/1707 (4.9%) | Falhas: 0
12:11:55 | INFO     | [12:11:55] ✅ DONE | 179106 | 0 responsáveis | 85/1707 (5.0%) | Falhas: 0
12:11:55 | INFO     | [12:11:55] ✅ DONE | 179112 | 0 responsáveis | 86/1707 (5.0%) | Falhas: 0
12:11:55 | INFO     | [12:11:55] ✅ DONE | 179107 | 0 responsáveis | 87/1707 (5.1%) | Falhas: 0
12:11:55 | INFO     | [12:11:55] ✅ DONE | 223018 | 4 responsáveis | 88/1707 (5.2%) | Falhas: 0
12:11:55 | INFO     | [12:11:55] ✅ DONE | 301195 | 4 responsáveis | 89/1707 (5.2%) | Falhas: 0
12:11:55 | INFO     | [12:11:55] ✅ DONE | 297126 | 4 responsáveis | 90/1707 (5.3%) | Falhas: 0
12:11:55 | INFO     | [12:11:55] ✅ DONE | 337387 | 3 responsáveis | 91/1707 (5.3%) | Falhas: 0
12:11:55 | INFO     | [12:11:55] ✅ DONE | 341560 | 3 responsáveis | 92/1707 (5.4%) | Falhas: 0
12:11:55 | INFO     | [12:11:55] ✅ DONE | 337421 | 0 responsáveis | 93/1707 (5.4%) | Falhas: 0
12:11:55 | INFO     | [12:11:55] ✅ DONE | 357420 | 6 responsáveis | 94/1707 (5.5%) | Falhas: 0
12:11:55 | INFO     | [12:11:55] ✅ DONE | 359090 | 2 responsáveis | 95/1707 (5.6%) | Falhas: 0
12:11:55 | INFO     | [12:11:55] ✅ DONE | 364294 | 2 responsáveis | 96/1707 (5.6%) | Falhas: 0
12:11:55 | INFO     | [12:11:55] ✅ DONE | 394751 | 2 responsáveis | 97/1707 (5.7%) | Falhas: 0
12:11:55 | INFO     | [12:11:55] ✅ DONE | 402414 | 0 responsáveis | 98/1707 (5.7%) | Falhas: 0
12:11:55 | INFO     | [12:11:55] ✅ DONE | 408398 | 0 responsáveis | 99/1707 (5.8%) | Falhas: 0
12:11:55 | INFO     | [12:11:55] ✅ DONE | 408219 | 0 responsáveis | 100/1707 (5.9%) | Falhas: 0
12:11:56 | INFO     | [12:11:56] ✅ DONE | 408399 | 0 responsáveis | 101/1707 (5.9%) | Falhas: 0
12:11:56 | INFO     | [12:11:56] ✅ DONE | 408400 | 0 responsáveis | 102/1707 (6.0%) | Falhas: 0
12:11:56 | INFO     | [12:11:56] ✅ DONE | 408401 | 0 responsáveis | 103/1707 (6.0%) | Falhas: 0
12:11:56 | INFO     | [12:11:56] ✅ DONE | 408402 | 0 responsáveis | 104/1707 (6.1%) | Falhas: 0
12:11:56 | INFO     | [12:11:56] ✅ DONE | 412212 | 2 responsáveis | 105/1707 (6.2%) | Falhas: 0
12:11:56 | INFO     | [12:11:56] ✅ DONE | 412297 | 0 responsáveis | 106/1707 (6.2%) | Falhas: 0
12:11:56 | INFO     | [12:11:56] ✅ DONE | 414342 | 0 responsáveis | 107/1707 (6.3%) | Falhas: 0
12:11:56 | INFO     | [12:11:56] ✅ DONE | 414344 | 0 responsáveis | 108/1707 (6.3%) | Falhas: 0
12:11:56 | INFO     | [12:11:56] ✅ DONE | 414343 | 0 responsáveis | 109/1707 (6.4%) | Falhas: 0
12:11:56 | INFO     | [12:11:56] ✅ DONE | 414349 | 0 responsáveis | 110/1707 (6.4%) | Falhas: 0
12:11:56 | INFO     | [12:11:56] ✅ DONE | 414345 | 0 responsáveis | 111/1707 (6.5%) | Falhas: 0
12:11:56 | INFO     | [12:11:56] ✅ DONE | 414350 | 0 responsáveis | 112/1707 (6.6%) | Falhas: 0
12:11:56 | INFO     | [12:11:56] ✅ DONE | 414351 | 0 responsáveis | 113/1707 (6.6%) | Falhas: 0
12:11:56 | INFO     | [12:11:56] ✅ DONE | 414352 | 0 responsáveis | 114/1707 (6.7%) | Falhas: 0
12:11:56 | INFO     | [12:11:56] ✅ DONE | 414353 | 0 responsáveis | 115/1707 (6.7%) | Falhas: 0
12:11:56 | INFO     | [12:11:56] ✅ DONE | 414354 | 0 responsáveis | 116/1707 (6.8%) | Falhas: 0
12:11:56 | INFO     | [12:11:56] ✅ DONE | 414355 | 0 responsáveis | 117/1707 (6.9%) | Falhas: 0
12:11:56 | INFO     | [12:11:56] ✅ DONE | 414357 | 0 responsáveis | 118/1707 (6.9%) | Falhas: 0
12:11:57 | INFO     | [12:11:57] ✅ DONE | 414356 | 0 responsáveis | 119/1707 (7.0%) | Falhas: 0
12:11:57 | INFO     | [12:11:57] ✅ DONE | 414364 | 0 responsáveis | 120/1707 (7.0%) | Falhas: 0
12:11:57 | INFO     | [12:11:57] ✅ DONE | 414362 | 0 responsáveis | 121/1707 (7.1%) | Falhas: 0
12:11:57 | INFO     | [12:11:57] ✅ DONE | 414363 | 0 responsáveis | 122/1707 (7.1%) | Falhas: 0
12:11:57 | INFO     | [12:11:57] ✅ DONE | 414365 | 0 responsáveis | 123/1707 (7.2%) | Falhas: 0
12:11:57 | INFO     | [12:11:57] ✅ DONE | 414366 | 0 responsáveis | 124/1707 (7.3%) | Falhas: 0
12:11:57 | INFO     | [12:11:57] ✅ DONE | 414367 | 0 responsáveis | 125/1707 (7.3%) | Falhas: 0
12:11:57 | INFO     | [12:11:57] ✅ DONE | 414368 | 0 responsáveis | 126/1707 (7.4%) | Falhas: 0
12:11:57 | INFO     | [12:11:57] ✅ DONE | 414369 | 0 responsáveis | 127/1707 (7.4%) | Falhas: 0
12:11:57 | INFO     | [12:11:57] ✅ DONE | 414370 | 0 responsáveis | 128/1707 (7.5%) | Falhas: 0
12:11:57 | INFO     | [12:11:57] ✅ DONE | 414377 | 0 responsáveis | 129/1707 (7.6%) | Falhas: 0
12:11:57 | INFO     | [12:11:57] ✅ DONE | 414378 | 0 responsáveis | 130/1707 (7.6%) | Falhas: 0
12:11:57 | INFO     | [12:11:57] ✅ DONE | 414379 | 0 responsáveis | 131/1707 (7.7%) | Falhas: 0
12:11:57 | INFO     | [12:11:57] ✅ DONE | 414380 | 0 responsáveis | 132/1707 (7.7%) | Falhas: 0
12:11:57 | INFO     | [12:11:57] ✅ DONE | 414381 | 0 responsáveis | 133/1707 (7.8%) | Falhas: 0
12:11:57 | INFO     | [12:11:57] ✅ DONE | 414383 | 0 responsáveis | 134/1707 (7.9%) | Falhas: 0
12:11:57 | INFO     | [12:11:57] ✅ DONE | 414382 | 0 responsáveis | 135/1707 (7.9%) | Falhas: 0
12:11:57 | INFO     | [12:11:57] ✅ DONE | 414384 | 0 responsáveis | 136/1707 (8.0%) | Falhas: 0
12:11:57 | INFO     | [12:11:57] ✅ DONE | 414385 | 0 responsáveis | 137/1707 (8.0%) | Falhas: 0
12:11:57 | INFO     | [12:11:57] ✅ DONE | 414386 | 0 responsáveis | 138/1707 (8.1%) | Falhas: 0
12:11:57 | INFO     | [12:11:57] ✅ DONE | 414387 | 0 responsáveis | 139/1707 (8.1%) | Falhas: 0
12:11:57 | INFO     | [12:11:57] ✅ DONE | 414388 | 0 responsáveis | 140/1707 (8.2%) | Falhas: 0
12:11:58 | INFO     | [12:11:58] ✅ DONE | 414389 | 0 responsáveis | 141/1707 (8.3%) | Falhas: 0
12:11:58 | INFO     | [12:11:58] ✅ DONE | 414390 | 0 responsáveis | 142/1707 (8.3%) | Falhas: 0
12:11:58 | INFO     | [12:11:58] ✅ DONE | 414391 | 0 responsáveis | 143/1707 (8.4%) | Falhas: 0
12:11:58 | INFO     | [12:11:58] ✅ DONE | 414392 | 0 responsáveis | 144/1707 (8.4%) | Falhas: 0
12:11:58 | INFO     | [12:11:58] ✅ DONE | 414393 | 0 responsáveis | 145/1707 (8.5%) | Falhas: 0
12:11:58 | INFO     | [12:11:58] ✅ DONE | 414394 | 0 responsáveis | 146/1707 (8.6%) | Falhas: 0
12:11:58 | INFO     | [12:11:58] ✅ DONE | 414396 | 0 responsáveis | 147/1707 (8.6%) | Falhas: 0
12:11:58 | INFO     | [12:11:58] ✅ DONE | 414395 | 0 responsáveis | 148/1707 (8.7%) | Falhas: 0
12:11:58 | INFO     | [12:11:58] ✅ DONE | 414398 | 0 responsáveis | 149/1707 (8.7%) | Falhas: 0
12:11:58 | INFO     | [12:11:58] ✅ DONE | 414399 | 0 responsáveis | 150/1707 (8.8%) | Falhas: 0
12:11:58 | INFO     | [12:11:58] ✅ DONE | 414397 | 0 responsáveis | 151/1707 (8.8%) | Falhas: 0
12:11:58 | INFO     | [12:11:58] ✅ DONE | 414400 | 0 responsáveis | 152/1707 (8.9%) | Falhas: 0
12:11:58 | INFO     | [12:11:58] ✅ DONE | 414402 | 0 responsáveis | 153/1707 (9.0%) | Falhas: 0
12:11:58 | INFO     | [12:11:58] ✅ DONE | 414401 | 0 responsáveis | 154/1707 (9.0%) | Falhas: 0
12:11:58 | INFO     | [12:11:58] ✅ DONE | 420318 | 0 responsáveis | 155/1707 (9.1%) | Falhas: 0
12:11:58 | INFO     | [12:11:58] ✅ DONE | 439873 | 0 responsáveis | 156/1707 (9.1%) | Falhas: 0
12:11:58 | INFO     | [12:11:58] ✅ DONE | 443239 | 0 responsáveis | 157/1707 (9.2%) | Falhas: 0
12:11:59 | INFO     | [12:11:59] ✅ DONE | 443904 | 0 responsáveis | 158/1707 (9.3%) | Falhas: 0
12:11:59 | INFO     | [12:11:59] ✅ DONE | 443905 | 0 responsáveis | 159/1707 (9.3%) | Falhas: 0
12:11:59 | INFO     | [12:11:59] ✅ DONE | 497651 | 2 responsáveis | 160/1707 (9.4%) | Falhas: 0
12:11:59 | INFO     | [12:11:59] ✅ DONE | 529777 | 0 responsáveis | 161/1707 (9.4%) | Falhas: 0
12:11:59 | INFO     | [12:11:59] ✅ DONE | 541118 | 0 responsáveis | 162/1707 (9.5%) | Falhas: 0
12:11:59 | INFO     | [12:11:59] ✅ DONE | 541044 | 0 responsáveis | 163/1707 (9.5%) | Falhas: 0
12:11:59 | INFO     | [12:11:59] ✅ DONE | 578780 | 0 responsáveis | 164/1707 (9.6%) | Falhas: 0
12:11:59 | INFO     | [12:11:59] ✅ DONE | 541049 | 0 responsáveis | 165/1707 (9.7%) | Falhas: 0
12:11:59 | INFO     | [12:11:59] ✅ DONE | 578781 | 0 responsáveis | 166/1707 (9.7%) | Falhas: 0
12:11:59 | INFO     | [12:11:59] ✅ DONE | 586172 | 0 responsáveis | 167/1707 (9.8%) | Falhas: 0
12:11:59 | INFO     | [12:11:59] ✅ DONE | 578782 | 0 responsáveis | 168/1707 (9.8%) | Falhas: 0
12:11:59 | INFO     | [12:11:59] ✅ DONE | 603609 | 6 responsáveis | 169/1707 (9.9%) | Falhas: 0
12:11:59 | INFO     | [12:11:59] ✅ DONE | 603603 | 4 responsáveis | 170/1707 (10.0%) | Falhas: 0
12:11:59 | INFO     | [12:11:59] ✅ DONE | 603611 | 6 responsáveis | 171/1707 (10.0%) | Falhas: 0
12:11:59 | INFO     | [12:11:59] ✅ DONE | 603614 | 6 responsáveis | 172/1707 (10.1%) | Falhas: 0
12:11:59 | INFO     | [12:11:59] ✅ DONE | 414371 | 0 responsáveis | 173/1707 (10.1%) | Falhas: 0
12:12:00 | INFO     | [12:12:00] ✅ DONE | 603615 | 6 responsáveis | 174/1707 (10.2%) | Falhas: 0
12:12:00 | INFO     | [12:12:00] ✅ DONE | 603618 | 7 responsáveis | 175/1707 (10.3%) | Falhas: 0
12:12:00 | INFO     | [12:12:00] ✅ DONE | 607879 | 6 responsáveis | 176/1707 (10.3%) | Falhas: 0
12:12:00 | INFO     | [12:12:00] ✅ DONE | 609947 | 6 responsáveis | 177/1707 (10.4%) | Falhas: 0
12:12:00 | INFO     | [12:12:00] ✅ DONE | 604271 | 6 responsáveis | 178/1707 (10.4%) | Falhas: 0
12:12:00 | INFO     | [12:12:00] ✅ DONE | 603620 | 6 responsáveis | 179/1707 (10.5%) | Falhas: 0
12:12:00 | INFO     | [12:12:00] ✅ DONE | 608337 | 4 responsáveis | 180/1707 (10.5%) | Falhas: 0
12:12:00 | INFO     | [12:12:00] ✅ DONE | 638940 | 0 responsáveis | 181/1707 (10.6%) | Falhas: 0
12:12:00 | INFO     | [12:12:00] ✅ DONE | 643724 | 4 responsáveis | 182/1707 (10.7%) | Falhas: 0
12:12:00 | INFO     | [12:12:00] ✅ DONE | 695743 | 0 responsáveis | 183/1707 (10.7%) | Falhas: 0
12:12:00 | INFO     | [12:12:00] ✅ DONE | 682791 | 4 responsáveis | 184/1707 (10.8%) | Falhas: 0
12:12:00 | INFO     | [12:12:00] ✅ DONE | 724887 | 0 responsáveis | 185/1707 (10.8%) | Falhas: 0
12:12:00 | INFO     | [12:12:00] ✅ DONE | 708541 | 0 responsáveis | 186/1707 (10.9%) | Falhas: 0
12:12:00 | INFO     | [12:12:00] ✅ DONE | 695744 | 0 responsáveis | 187/1707 (11.0%) | Falhas: 0
12:12:00 | INFO     | [12:12:00] ✅ DONE | 720345 | 7 responsáveis | 188/1707 (11.0%) | Falhas: 0
12:12:00 | INFO     | [12:12:00] ✅ DONE | 724888 | 0 responsáveis | 189/1707 (11.1%) | Falhas: 0
12:12:01 | INFO     | [12:12:01] ✅ DONE | 724889 | 0 responsáveis | 190/1707 (11.1%) | Falhas: 0
12:12:01 | INFO     | [12:12:01] ✅ DONE | 724890 | 0 responsáveis | 191/1707 (11.2%) | Falhas: 0
12:12:01 | INFO     | [12:12:01] ✅ DONE | 724893 | 0 responsáveis | 192/1707 (11.2%) | Falhas: 0
12:12:01 | INFO     | [12:12:01] ✅ DONE | 724891 | 0 responsáveis | 193/1707 (11.3%) | Falhas: 0
12:12:01 | INFO     | [12:12:01] ✅ DONE | 804441 | 0 responsáveis | 194/1707 (11.4%) | Falhas: 0
12:12:01 | INFO     | [12:12:01] ✅ DONE | 804523 | 0 responsáveis | 195/1707 (11.4%) | Falhas: 0
12:12:01 | INFO     | [12:12:01] ✅ DONE | 787881 | 3 responsáveis | 196/1707 (11.5%) | Falhas: 0
12:12:01 | INFO     | [12:12:01] ✅ DONE | 804524 | 0 responsáveis | 197/1707 (11.5%) | Falhas: 0
12:12:01 | INFO     | [12:12:01] ✅ DONE | 804525 | 0 responsáveis | 198/1707 (11.6%) | Falhas: 0
12:12:01 | INFO     | [12:12:01] ✅ DONE | 804528 | 0 responsáveis | 199/1707 (11.7%) | Falhas: 0
12:12:01 | INFO     | [12:12:01] ✅ DONE | 804530 | 0 responsáveis | 200/1707 (11.7%) | Falhas: 0
12:12:01 | INFO     | [12:12:01] ✅ DONE | 804532 | 0 responsáveis | 201/1707 (11.8%) | Falhas: 0
12:12:01 | INFO     | [12:12:01] ✅ DONE | 804529 | 0 responsáveis | 202/1707 (11.8%) | Falhas: 0
12:12:01 | INFO     | [12:12:01] ✅ DONE | 804533 | 0 responsáveis | 203/1707 (11.9%) | Falhas: 0
12:12:01 | INFO     | [12:12:01] ✅ DONE | 804534 | 0 responsáveis | 204/1707 (12.0%) | Falhas: 0
12:12:01 | INFO     | [12:12:01] ✅ DONE | 804535 | 0 responsáveis | 205/1707 (12.0%) | Falhas: 0
12:12:02 | INFO     | [12:12:02] ✅ DONE | 811966 | 4 responsáveis | 206/1707 (12.1%) | Falhas: 0
12:12:02 | INFO     | [12:12:02] ✅ DONE | 947703 | 0 responsáveis | 207/1707 (12.1%) | Falhas: 0
12:12:02 | INFO     | [12:12:02] ✅ DONE | 870019 | 3 responsáveis | 208/1707 (12.2%) | Falhas: 0
12:12:02 | INFO     | [12:12:02] ✅ DONE | 867000 | 0 responsáveis | 209/1707 (12.2%) | Falhas: 0
12:12:02 | INFO     | [12:12:02] ✅ DONE | 10436 | 0 responsáveis | 210/1707 (12.3%) | Falhas: 0
12:12:02 | INFO     | [12:12:02] ✅ DONE | 10345 | 0 responsáveis | 211/1707 (12.4%) | Falhas: 0
12:12:02 | INFO     | [12:12:02] ✅ DONE | 14878 | 0 responsáveis | 212/1707 (12.4%) | Falhas: 0
12:12:02 | INFO     | [12:12:02] ✅ DONE | 21144 | 0 responsáveis | 213/1707 (12.5%) | Falhas: 0
12:12:02 | INFO     | [12:12:02] ✅ DONE | 21261 | 0 responsáveis | 214/1707 (12.5%) | Falhas: 0
12:12:02 | INFO     | [12:12:02] ✅ DONE | 29448 | 0 responsáveis | 215/1707 (12.6%) | Falhas: 0
12:12:02 | INFO     | [12:12:02] ✅ DONE | 21811 | 0 responsáveis | 216/1707 (12.7%) | Falhas: 0
12:12:02 | INFO     | [12:12:02] ✅ DONE | 29637 | 0 responsáveis | 217/1707 (12.7%) | Falhas: 0
12:12:02 | INFO     | [12:12:02] ✅ DONE | 29921 | 0 responsáveis | 218/1707 (12.8%) | Falhas: 0
12:12:02 | INFO     | [12:12:02] ✅ DONE | 36476 | 0 responsáveis | 219/1707 (12.8%) | Falhas: 0
12:12:02 | INFO     | [12:12:02] ✅ DONE | 42956 | 0 responsáveis | 220/1707 (12.9%) | Falhas: 0
12:12:03 | INFO     | [12:12:03] ✅ DONE | 43708 | 0 responsáveis | 221/1707 (12.9%) | Falhas: 0
12:12:03 | INFO     | [12:12:03] ✅ DONE | 43763 | 0 responsáveis | 222/1707 (13.0%) | Falhas: 0
12:12:03 | INFO     | [12:12:03] ✅ DONE | 57424 | 0 responsáveis | 223/1707 (13.1%) | Falhas: 0
12:12:03 | INFO     | [12:12:03] ✅ DONE | 71894 | 0 responsáveis | 224/1707 (13.1%) | Falhas: 0
12:12:03 | INFO     | [12:12:03] ✅ DONE | 57478 | 0 responsáveis | 225/1707 (13.2%) | Falhas: 0
12:12:03 | INFO     | [12:12:03] ✅ DONE | 71895 | 0 responsáveis | 226/1707 (13.2%) | Falhas: 0
12:12:03 | INFO     | [12:12:03] ✅ DONE | 71855 | 0 responsáveis | 227/1707 (13.3%) | Falhas: 0
12:12:03 | INFO     | [12:12:03] ✅ DONE | 71957 | 0 responsáveis | 228/1707 (13.4%) | Falhas: 0
12:12:03 | INFO     | [12:12:03] ✅ DONE | 72002 | 0 responsáveis | 229/1707 (13.4%) | Falhas: 0
12:12:03 | INFO     | [12:12:03] ✅ DONE | 91332 | 0 responsáveis | 230/1707 (13.5%) | Falhas: 0
12:12:03 | INFO     | [12:12:03] ✅ DONE | 107889 | 0 responsáveis | 231/1707 (13.5%) | Falhas: 0
12:12:03 | INFO     | [12:12:03] ✅ DONE | 102613 | 0 responsáveis | 232/1707 (13.6%) | Falhas: 0
12:12:03 | INFO     | [12:12:03] ✅ DONE | 128221 | 0 responsáveis | 233/1707 (13.6%) | Falhas: 0
12:12:03 | INFO     | [12:12:03] ✅ DONE | 115316 | 0 responsáveis | 234/1707 (13.7%) | Falhas: 0
12:12:03 | INFO     | [12:12:03] ✅ DONE | 119883 | 0 responsáveis | 235/1707 (13.8%) | Falhas: 0
12:12:03 | INFO     | [12:12:03] ✅ DONE | 135617 | 0 responsáveis | 236/1707 (13.8%) | Falhas: 0
12:12:04 | INFO     | [12:12:04] ✅ DONE | 150107 | 0 responsáveis | 237/1707 (13.9%) | Falhas: 0
12:12:04 | INFO     | [12:12:04] ✅ DONE | 155962 | 0 responsáveis | 238/1707 (13.9%) | Falhas: 0
12:12:04 | INFO     | [12:12:04] ✅ DONE | 160016 | 0 responsáveis | 239/1707 (14.0%) | Falhas: 0
12:12:04 | INFO     | [12:12:04] ✅ DONE | 178154 | 0 responsáveis | 240/1707 (14.1%) | Falhas: 0
12:12:04 | INFO     | [12:12:04] ✅ DONE | 189936 | 1 responsáveis | 241/1707 (14.1%) | Falhas: 0
12:12:04 | INFO     | [12:12:04] ✅ DONE | 226989 | 0 responsáveis | 242/1707 (14.2%) | Falhas: 0
12:12:04 | INFO     | [12:12:04] ✅ DONE | 202011 | 8 responsáveis | 243/1707 (14.2%) | Falhas: 0
12:12:04 | INFO     | [12:12:04] ✅ DONE | 243966 | 0 responsáveis | 244/1707 (14.3%) | Falhas: 0
12:12:04 | INFO     | [12:12:04] ✅ DONE | 264135 | 0 responsáveis | 245/1707 (14.4%) | Falhas: 0
12:12:04 | INFO     | [12:12:04] ✅ DONE | 394596 | 0 responsáveis | 246/1707 (14.4%) | Falhas: 0
12:12:04 | INFO     | [12:12:04] ✅ DONE | 261726 | 0 responsáveis | 247/1707 (14.5%) | Falhas: 0
12:12:04 | INFO     | [12:12:04] ✅ DONE | 337103 | 4 responsáveis | 248/1707 (14.5%) | Falhas: 0
12:12:04 | INFO     | [12:12:04] ✅ DONE | 412725 | 0 responsáveis | 249/1707 (14.6%) | Falhas: 0
12:12:04 | INFO     | [12:12:04] ✅ DONE | 413767 | 0 responsáveis | 250/1707 (14.6%) | Falhas: 0
12:12:04 | INFO     | [12:12:04] ✅ DONE | 430728 | 0 responsáveis | 251/1707 (14.7%) | Falhas: 0
12:12:04 | INFO     | [12:12:04] ✅ DONE | 438873 | 2 responsáveis | 252/1707 (14.8%) | Falhas: 0
12:12:04 | INFO     | [12:12:04] ✅ DONE | 439074 | 0 responsáveis | 253/1707 (14.8%) | Falhas: 0
12:12:05 | INFO     | [12:12:05] ✅ DONE | 439513 | 0 responsáveis | 254/1707 (14.9%) | Falhas: 0
12:12:05 | INFO     | [12:12:05] ✅ DONE | 439447 | 0 responsáveis | 255/1707 (14.9%) | Falhas: 0
12:12:05 | INFO     | [12:12:05] ✅ DONE | 439757 | 0 responsáveis | 256/1707 (15.0%) | Falhas: 0
12:12:05 | INFO     | [12:12:05] ✅ DONE | 439960 | 0 responsáveis | 257/1707 (15.1%) | Falhas: 0
12:12:05 | INFO     | [12:12:05] ✅ DONE | 443915 | 0 responsáveis | 258/1707 (15.1%) | Falhas: 0
12:12:05 | INFO     | [12:12:05] ✅ DONE | 443955 | 0 responsáveis | 259/1707 (15.2%) | Falhas: 0
12:12:05 | INFO     | [12:12:05] ✅ DONE | 464052 | 0 responsáveis | 260/1707 (15.2%) | Falhas: 0
12:12:05 | INFO     | [12:12:05] ✅ DONE | 482217 | 0 responsáveis | 261/1707 (15.3%) | Falhas: 0
12:12:05 | INFO     | [12:12:05] ✅ DONE | 476603 | 0 responsáveis | 262/1707 (15.3%) | Falhas: 0
12:12:05 | INFO     | [12:12:05] ✅ DONE | 479202 | 0 responsáveis | 263/1707 (15.4%) | Falhas: 0
12:12:05 | INFO     | [12:12:05] ✅ DONE | 477319 | 0 responsáveis | 264/1707 (15.5%) | Falhas: 0
12:12:05 | INFO     | [12:12:05] ✅ DONE | 473280 | 3 responsáveis | 265/1707 (15.5%) | Falhas: 0
12:12:05 | INFO     | [12:12:05] ✅ DONE | 482218 | 0 responsáveis | 266/1707 (15.6%) | Falhas: 0
12:12:05 | INFO     | [12:12:05] ✅ DONE | 482219 | 0 responsáveis | 267/1707 (15.6%) | Falhas: 0
12:12:05 | INFO     | [12:12:05] ✅ DONE | 482220 | 0 responsáveis | 268/1707 (15.7%) | Falhas: 0
12:12:05 | INFO     | [12:12:05] ✅ DONE | 482585 | 0 responsáveis | 269/1707 (15.8%) | Falhas: 0
12:12:05 | INFO     | [12:12:05] ✅ DONE | 484154 | 0 responsáveis | 270/1707 (15.8%) | Falhas: 0
12:12:05 | INFO     | [12:12:05] ✅ DONE | 493729 | 0 responsáveis | 271/1707 (15.9%) | Falhas: 0
12:12:06 | INFO     | [12:12:06] ✅ DONE | 496526 | 0 responsáveis | 272/1707 (15.9%) | Falhas: 0
12:12:06 | INFO     | [12:12:06] ✅ DONE | 498198 | 0 responsáveis | 273/1707 (16.0%) | Falhas: 0
12:12:06 | INFO     | [12:12:06] ✅ DONE | 500603 | 2 responsáveis | 274/1707 (16.1%) | Falhas: 0
12:12:06 | INFO     | [12:12:06] ✅ DONE | 500719 | 0 responsáveis | 275/1707 (16.1%) | Falhas: 0
12:12:06 | INFO     | [12:12:06] ✅ DONE | 506254 | 0 responsáveis | 276/1707 (16.2%) | Falhas: 0
12:12:06 | INFO     | [12:12:06] ✅ DONE | 500687 | 0 responsáveis | 277/1707 (16.2%) | Falhas: 0
12:12:06 | INFO     | [12:12:06] ✅ DONE | 520342 | 2 responsáveis | 278/1707 (16.3%) | Falhas: 0
12:12:06 | INFO     | [12:12:06] ✅ DONE | 508396 | 0 responsáveis | 279/1707 (16.3%) | Falhas: 0
12:12:06 | INFO     | [12:12:06] ✅ DONE | 501823 | 0 responsáveis | 280/1707 (16.4%) | Falhas: 0
12:12:06 | INFO     | [12:12:06] ✅ DONE | 522603 | 0 responsáveis | 281/1707 (16.5%) | Falhas: 0
12:12:06 | INFO     | [12:12:06] ✅ DONE | 532704 | 0 responsáveis | 282/1707 (16.5%) | Falhas: 0
12:12:06 | INFO     | [12:12:06] ✅ DONE | 534550 | 0 responsáveis | 283/1707 (16.6%) | Falhas: 0
12:12:06 | INFO     | [12:12:06] ✅ DONE | 536897 | 0 responsáveis | 284/1707 (16.6%) | Falhas: 0
12:12:06 | INFO     | [12:12:06] ✅ DONE | 559731 | 0 responsáveis | 285/1707 (16.7%) | Falhas: 0
12:12:06 | INFO     | [12:12:06] ✅ DONE | 559772 | 0 responsáveis | 286/1707 (16.8%) | Falhas: 0
12:12:06 | INFO     | [12:12:06] ✅ DONE | 561554 | 0 responsáveis | 287/1707 (16.8%) | Falhas: 0
12:12:06 | INFO     | [12:12:06] ✅ DONE | 561582 | 0 responsáveis | 288/1707 (16.9%) | Falhas: 0
12:12:07 | INFO     | [12:12:07] ✅ DONE | 582850 | 0 responsáveis | 289/1707 (16.9%) | Falhas: 0
12:12:07 | INFO     | [12:12:07] ✅ DONE | 582820 | 0 responsáveis | 290/1707 (17.0%) | Falhas: 0
12:12:07 | INFO     | [12:12:07] ✅ DONE | 582872 | 0 responsáveis | 291/1707 (17.0%) | Falhas: 0
12:12:07 | INFO     | [12:12:07] ✅ DONE | 582889 | 0 responsáveis | 292/1707 (17.1%) | Falhas: 0
12:12:07 | INFO     | [12:12:07] ✅ DONE | 580361 | 0 responsáveis | 293/1707 (17.2%) | Falhas: 0
12:12:07 | INFO     | [12:12:07] ✅ DONE | 600008 | 0 responsáveis | 294/1707 (17.2%) | Falhas: 0
12:12:07 | INFO     | [12:12:07] ✅ DONE | 609600 | 0 responsáveis | 295/1707 (17.3%) | Falhas: 0
12:12:07 | INFO     | [12:12:07] ✅ DONE | 591352 | 0 responsáveis | 296/1707 (17.3%) | Falhas: 0
12:12:07 | INFO     | [12:12:07] ✅ DONE | 609607 | 0 responsáveis | 297/1707 (17.4%) | Falhas: 0
12:12:07 | INFO     | [12:12:07] ✅ DONE | 635357 | 0 responsáveis | 298/1707 (17.5%) | Falhas: 0
12:12:07 | INFO     | [12:12:07] ✅ DONE | 635716 | 0 responsáveis | 299/1707 (17.5%) | Falhas: 0
12:12:07 | INFO     | [12:12:07] ✅ DONE | 638445 | 0 responsáveis | 300/1707 (17.6%) | Falhas: 0
12:12:07 | INFO     | [12:12:07] ✅ DONE | 651546 | 0 responsáveis | 301/1707 (17.6%) | Falhas: 0
12:12:07 | INFO     | [12:12:07] ✅ DONE | 678031 | 0 responsáveis | 302/1707 (17.7%) | Falhas: 0
12:12:07 | INFO     | [12:12:07] ✅ DONE | 687119 | 0 responsáveis | 303/1707 (17.8%) | Falhas: 0
12:12:07 | INFO     | [12:12:07] ✅ DONE | 690056 | 0 responsáveis | 304/1707 (17.8%) | Falhas: 0
12:12:07 | INFO     | [12:12:07] ✅ DONE | 750024 | 0 responsáveis | 305/1707 (17.9%) | Falhas: 0
12:12:07 | INFO     | [12:12:07] ✅ DONE | 708477 | 0 responsáveis | 306/1707 (17.9%) | Falhas: 0
12:12:07 | INFO     | [12:12:07] ✅ DONE | 775503 | 0 responsáveis | 307/1707 (18.0%) | Falhas: 0
12:12:07 | INFO     | [12:12:07] ✅ DONE | 775071 | 4 responsáveis | 308/1707 (18.0%) | Falhas: 0
12:12:08 | INFO     | [12:12:08] ✅ DONE | 800300 | 0 responsáveis | 309/1707 (18.1%) | Falhas: 0
12:12:08 | INFO     | [12:12:08] ✅ DONE | 787841 | 0 responsáveis | 310/1707 (18.2%) | Falhas: 0
12:12:08 | INFO     | [12:12:08] ✅ DONE | 784356 | 0 responsáveis | 311/1707 (18.2%) | Falhas: 0
12:12:08 | INFO     | [12:12:08] ✅ DONE | 803509 | 0 responsáveis | 312/1707 (18.3%) | Falhas: 0
12:12:08 | INFO     | [12:12:08] ✅ DONE | 813766 | 0 responsáveis | 313/1707 (18.3%) | Falhas: 0
12:12:08 | INFO     | [12:12:08] ✅ DONE | 828694 | 0 responsáveis | 314/1707 (18.4%) | Falhas: 0
12:12:08 | INFO     | [12:12:08] ✅ DONE | 831360 | 0 responsáveis | 315/1707 (18.5%) | Falhas: 0
12:12:08 | INFO     | [12:12:08] ✅ DONE | 833659 | 0 responsáveis | 316/1707 (18.5%) | Falhas: 0
12:12:08 | INFO     | [12:12:08] ✅ DONE | 854815 | 0 responsáveis | 317/1707 (18.6%) | Falhas: 0
12:12:08 | INFO     | [12:12:08] ✅ DONE | 854871 | 0 responsáveis | 318/1707 (18.6%) | Falhas: 0
12:12:08 | INFO     | [12:12:08] ✅ DONE | 865495 | 0 responsáveis | 319/1707 (18.7%) | Falhas: 0
12:12:08 | INFO     | [12:12:08] ✅ DONE | 861945 | 0 responsáveis | 320/1707 (18.7%) | Falhas: 0
12:12:08 | INFO     | [12:12:08] ✅ DONE | 856720 | 0 responsáveis | 321/1707 (18.8%) | Falhas: 0
12:12:08 | INFO     | [12:12:08] ✅ DONE | 865536 | 0 responsáveis | 322/1707 (18.9%) | Falhas: 0
12:12:08 | INFO     | [12:12:08] ✅ DONE | 865554 | 0 responsáveis | 323/1707 (18.9%) | Falhas: 0
12:12:08 | INFO     | [12:12:08] ✅ DONE | 867060 | 0 responsáveis | 324/1707 (19.0%) | Falhas: 0
12:12:08 | INFO     | [12:12:08] ✅ DONE | 868671 | 0 responsáveis | 325/1707 (19.0%) | Falhas: 0
12:12:08 | INFO     | [12:12:08] ✅ DONE | 865980 | 0 responsáveis | 326/1707 (19.1%) | Falhas: 0
12:12:08 | INFO     | [12:12:08] ✅ DONE | 869093 | 0 responsáveis | 327/1707 (19.2%) | Falhas: 0
12:12:08 | INFO     | [12:12:08] ✅ DONE | 869114 | 0 responsáveis | 328/1707 (19.2%) | Falhas: 0
12:12:08 | INFO     | [12:12:08] ✅ DONE | 869131 | 0 responsáveis | 329/1707 (19.3%) | Falhas: 0
12:12:09 | INFO     | [12:12:09] ✅ DONE | 871095 | 0 responsáveis | 330/1707 (19.3%) | Falhas: 0
12:12:09 | INFO     | [12:12:09] ✅ DONE | 873570 | 0 responsáveis | 331/1707 (19.4%) | Falhas: 0
12:12:09 | INFO     | [12:12:09] ✅ DONE | 882687 | 0 responsáveis | 332/1707 (19.4%) | Falhas: 0
12:12:09 | INFO     | [12:12:09] ✅ DONE | 897575 | 0 responsáveis | 333/1707 (19.5%) | Falhas: 0
12:12:09 | INFO     | [12:12:09] ✅ DONE | 904642 | 0 responsáveis | 334/1707 (19.6%) | Falhas: 0
12:12:09 | INFO     | [12:12:09] ✅ DONE | 914631 | 0 responsáveis | 335/1707 (19.6%) | Falhas: 0
12:12:09 | INFO     | [12:12:09] ✅ DONE | 933364 | 0 responsáveis | 336/1707 (19.7%) | Falhas: 0
12:12:09 | INFO     | [12:12:09] ✅ DONE | 933959 | 0 responsáveis | 337/1707 (19.7%) | Falhas: 0
12:12:09 | INFO     | [12:12:09] ✅ DONE | 934522 | 0 responsáveis | 338/1707 (19.8%) | Falhas: 0
12:12:09 | INFO     | [12:12:09] ✅ DONE | 935272 | 0 responsáveis | 339/1707 (19.9%) | Falhas: 0
12:12:09 | INFO     | [12:12:09] ✅ DONE | 947397 | 0 responsáveis | 340/1707 (19.9%) | Falhas: 0
12:12:09 | INFO     | [12:12:09] ✅ DONE | 942149 | 0 responsáveis | 341/1707 (20.0%) | Falhas: 0
12:12:09 | INFO     | [12:12:09] ✅ DONE | 944979 | 0 responsáveis | 342/1707 (20.0%) | Falhas: 0
12:12:09 | INFO     | [12:12:09] ✅ DONE | 947398 | 0 responsáveis | 343/1707 (20.1%) | Falhas: 0
12:12:09 | INFO     | [12:12:09] ✅ DONE | 948472 | 0 responsáveis | 344/1707 (20.2%) | Falhas: 0
12:12:09 | INFO     | [12:12:09] ✅ DONE | 947980 | 0 responsáveis | 345/1707 (20.2%) | Falhas: 0
12:12:09 | INFO     | [12:12:09] ✅ DONE | 961451 | 0 responsáveis | 346/1707 (20.3%) | Falhas: 0
12:12:09 | INFO     | [12:12:09] ✅ DONE | 961452 | 0 responsáveis | 347/1707 (20.3%) | Falhas: 0
12:12:10 | INFO     | [12:12:10] ✅ DONE | 961453 | 0 responsáveis | 348/1707 (20.4%) | Falhas: 0
12:12:10 | INFO     | [12:12:10] ✅ DONE | 974987 | 0 responsáveis | 349/1707 (20.4%) | Falhas: 0
12:12:10 | INFO     | [12:12:10] ✅ DONE | 43360 | 0 responsáveis | 350/1707 (20.5%) | Falhas: 0
12:12:10 | INFO     | [12:12:10] ✅ DONE | 42823 | 3 responsáveis | 351/1707 (20.6%) | Falhas: 0
12:12:10 | INFO     | [12:12:10] ✅ DONE | 44357 | 4 responsáveis | 352/1707 (20.6%) | Falhas: 0
12:12:10 | INFO     | [12:12:10] ✅ DONE | 71644 | 4 responsáveis | 353/1707 (20.7%) | Falhas: 0
12:12:10 | INFO     | [12:12:10] ✅ DONE | 71866 | 5 responsáveis | 354/1707 (20.7%) | Falhas: 0
12:12:10 | INFO     | [12:12:10] ✅ DONE | 71854 | 7 responsáveis | 355/1707 (20.8%) | Falhas: 0
12:12:10 | INFO     | [12:12:10] ✅ DONE | 71986 | 4 responsáveis | 356/1707 (20.9%) | Falhas: 0
12:12:10 | INFO     | [12:12:10] ✅ DONE | 71836 | 7 responsáveis | 357/1707 (20.9%) | Falhas: 0
12:12:10 | INFO     | [12:12:10] ✅ DONE | 71940 | 5 responsáveis | 358/1707 (21.0%) | Falhas: 0
12:12:10 | INFO     | [12:12:10] ✅ DONE | 71812 | 2 responsáveis | 359/1707 (21.0%) | Falhas: 0
12:12:10 | INFO     | [12:12:10] ✅ DONE | 90822 | 6 responsáveis | 360/1707 (21.1%) | Falhas: 0
12:12:10 | INFO     | [12:12:10] ✅ DONE | 127956 | 3 responsáveis | 361/1707 (21.1%) | Falhas: 0
12:12:10 | INFO     | [12:12:10] ✅ DONE | 326097 | 5 responsáveis | 362/1707 (21.2%) | Falhas: 0
12:12:10 | INFO     | [12:12:10] ✅ DONE | 317345 | 7 responsáveis | 363/1707 (21.3%) | Falhas: 0
12:12:10 | INFO     | [12:12:10] ✅ DONE | 326116 | 5 responsáveis | 364/1707 (21.3%) | Falhas: 0
12:12:10 | INFO     | [12:12:10] ✅ DONE | 326127 | 5 responsáveis | 365/1707 (21.4%) | Falhas: 0
12:12:11 | INFO     | [12:12:11] ✅ DONE | 326138 | 5 responsáveis | 366/1707 (21.4%) | Falhas: 0
12:12:11 | INFO     | [12:12:11] ✅ DONE | 327832 | 4 responsáveis | 367/1707 (21.5%) | Falhas: 0
12:12:11 | INFO     | [12:12:11] ✅ DONE | 343275 | 4 responsáveis | 368/1707 (21.6%) | Falhas: 0
12:12:11 | INFO     | [12:12:11] ✅ DONE | 407097 | 0 responsáveis | 369/1707 (21.6%) | Falhas: 0
12:12:11 | INFO     | [12:12:11] ✅ DONE | 414358 | 0 responsáveis | 370/1707 (21.7%) | Falhas: 0
12:12:11 | INFO     | [12:12:11] ✅ DONE | 401686 | 5 responsáveis | 371/1707 (21.7%) | Falhas: 0
12:12:11 | INFO     | [12:12:11] ✅ DONE | 415606 | 0 responsáveis | 372/1707 (21.8%) | Falhas: 0
12:12:11 | INFO     | [12:12:11] ✅ DONE | 417715 | 6 responsáveis | 373/1707 (21.9%) | Falhas: 0
12:12:11 | INFO     | [12:12:11] ✅ DONE | 414324 | 0 responsáveis | 374/1707 (21.9%) | Falhas: 0
12:12:11 | INFO     | [12:12:11] ✅ DONE | 417757 | 0 responsáveis | 375/1707 (22.0%) | Falhas: 0
12:12:11 | INFO     | [12:12:11] ✅ DONE | 417925 | 0 responsáveis | 376/1707 (22.0%) | Falhas: 0
12:12:11 | INFO     | [12:12:11] ✅ DONE | 419618 | 0 responsáveis | 377/1707 (22.1%) | Falhas: 0
12:12:11 | INFO     | [12:12:11] ✅ DONE | 420254 | 0 responsáveis | 378/1707 (22.1%) | Falhas: 0
12:12:11 | INFO     | [12:12:11] ✅ DONE | 421190 | 0 responsáveis | 379/1707 (22.2%) | Falhas: 0
12:12:11 | INFO     | [12:12:11] ✅ DONE | 421902 | 0 responsáveis | 380/1707 (22.3%) | Falhas: 0
12:12:11 | INFO     | [12:12:11] ✅ DONE | 423393 | 0 responsáveis | 381/1707 (22.3%) | Falhas: 0
12:12:11 | INFO     | [12:12:11] ✅ DONE | 425431 | 0 responsáveis | 382/1707 (22.4%) | Falhas: 0
12:12:11 | INFO     | [12:12:11] ✅ DONE | 428194 | 0 responsáveis | 383/1707 (22.4%) | Falhas: 0
12:12:12 | INFO     | [12:12:12] ✅ DONE | 428350 | 0 responsáveis | 384/1707 (22.5%) | Falhas: 0
12:12:12 | INFO     | [12:12:12] ✅ DONE | 430235 | 0 responsáveis | 385/1707 (22.6%) | Falhas: 0
12:12:12 | INFO     | [12:12:12] ✅ DONE | 430891 | 0 responsáveis | 386/1707 (22.6%) | Falhas: 0
12:12:12 | INFO     | [12:12:12] ✅ DONE | 432844 | 0 responsáveis | 387/1707 (22.7%) | Falhas: 0
12:12:12 | INFO     | [12:12:12] ✅ DONE | 431204 | 0 responsáveis | 388/1707 (22.7%) | Falhas: 0
12:12:12 | INFO     | [12:12:12] ✅ DONE | 439455 | 0 responsáveis | 389/1707 (22.8%) | Falhas: 0
12:12:12 | INFO     | [12:12:12] ✅ DONE | 440085 | 0 responsáveis | 390/1707 (22.8%) | Falhas: 0
12:12:12 | INFO     | [12:12:12] ✅ DONE | 440152 | 0 responsáveis | 391/1707 (22.9%) | Falhas: 0
12:12:12 | INFO     | [12:12:12] ✅ DONE | 440796 | 0 responsáveis | 392/1707 (23.0%) | Falhas: 0
12:12:12 | INFO     | [12:12:12] ✅ DONE | 440828 | 0 responsáveis | 393/1707 (23.0%) | Falhas: 0
12:12:12 | INFO     | [12:12:12] ✅ DONE | 443995 | 0 responsáveis | 394/1707 (23.1%) | Falhas: 0
12:12:12 | INFO     | [12:12:12] ✅ DONE | 445482 | 0 responsáveis | 395/1707 (23.1%) | Falhas: 0
12:12:12 | INFO     | [12:12:12] ✅ DONE | 447476 | 0 responsáveis | 396/1707 (23.2%) | Falhas: 0
12:12:12 | INFO     | [12:12:12] ✅ DONE | 447573 | 0 responsáveis | 397/1707 (23.3%) | Falhas: 0
12:12:12 | INFO     | [12:12:12] ✅ DONE | 445452 | 0 responsáveis | 398/1707 (23.3%) | Falhas: 0
12:12:13 | INFO     | [12:12:13] ✅ DONE | 449073 | 0 responsáveis | 399/1707 (23.4%) | Falhas: 0
12:12:13 | INFO     | [12:12:13] ✅ DONE | 448049 | 0 responsáveis | 400/1707 (23.4%) | Falhas: 0
12:12:13 | INFO     | [12:12:13] ✅ DONE | 455926 | 0 responsáveis | 401/1707 (23.5%) | Falhas: 0
12:12:13 | INFO     | [12:12:13] ✅ DONE | 449988 | 0 responsáveis | 402/1707 (23.6%) | Falhas: 0
12:12:13 | INFO     | [12:12:13] ✅ DONE | 456805 | 0 responsáveis | 403/1707 (23.6%) | Falhas: 0
12:12:13 | INFO     | [12:12:13] ✅ DONE | 457591 | 0 responsáveis | 404/1707 (23.7%) | Falhas: 0
12:12:13 | INFO     | [12:12:13] ✅ DONE | 461851 | 0 responsáveis | 405/1707 (23.7%) | Falhas: 0
12:12:13 | INFO     | [12:12:13] ✅ DONE | 464201 | 0 responsáveis | 406/1707 (23.8%) | Falhas: 0
12:12:13 | INFO     | [12:12:13] ✅ DONE | 465222 | 0 responsáveis | 407/1707 (23.8%) | Falhas: 0
12:12:13 | INFO     | [12:12:13] ✅ DONE | 465210 | 0 responsáveis | 408/1707 (23.9%) | Falhas: 0
12:12:13 | INFO     | [12:12:13] ✅ DONE | 469772 | 0 responsáveis | 409/1707 (24.0%) | Falhas: 0
12:12:13 | INFO     | [12:12:13] ✅ DONE | 470981 | 0 responsáveis | 410/1707 (24.0%) | Falhas: 0
12:12:13 | INFO     | [12:12:13] ✅ DONE | 471358 | 0 responsáveis | 411/1707 (24.1%) | Falhas: 0
12:12:13 | INFO     | [12:12:13] ✅ DONE | 471351 | 0 responsáveis | 412/1707 (24.1%) | Falhas: 0
12:12:13 | INFO     | [12:12:13] ✅ DONE | 470967 | 0 responsáveis | 413/1707 (24.2%) | Falhas: 0
12:12:13 | INFO     | [12:12:13] ✅ DONE | 473005 | 0 responsáveis | 414/1707 (24.3%) | Falhas: 0
12:12:13 | INFO     | [12:12:13] ✅ DONE | 473236 | 0 responsáveis | 415/1707 (24.3%) | Falhas: 0
12:12:14 | INFO     | [12:12:14] ✅ DONE | 474003 | 0 responsáveis | 416/1707 (24.4%) | Falhas: 0
12:12:14 | INFO     | [12:12:14] ✅ DONE | 474020 | 0 responsáveis | 417/1707 (24.4%) | Falhas: 0
12:12:14 | INFO     | [12:12:14] ✅ DONE | 474903 | 0 responsáveis | 418/1707 (24.5%) | Falhas: 0
12:12:14 | INFO     | [12:12:14] ✅ DONE | 477259 | 0 responsáveis | 419/1707 (24.5%) | Falhas: 0
12:12:14 | INFO     | [12:12:14] ✅ DONE | 477710 | 0 responsáveis | 420/1707 (24.6%) | Falhas: 0
12:12:14 | INFO     | [12:12:14] ✅ DONE | 479070 | 0 responsáveis | 421/1707 (24.7%) | Falhas: 0
12:12:14 | INFO     | [12:12:14] ✅ DONE | 479049 | 0 responsáveis | 422/1707 (24.7%) | Falhas: 0
12:12:14 | INFO     | [12:12:14] ✅ DONE | 483897 | 0 responsáveis | 423/1707 (24.8%) | Falhas: 0
12:12:14 | INFO     | [12:12:14] ✅ DONE | 485595 | 0 responsáveis | 424/1707 (24.8%) | Falhas: 0
12:12:14 | INFO     | [12:12:14] ✅ DONE | 487118 | 4 responsáveis | 425/1707 (24.9%) | Falhas: 0
12:12:14 | INFO     | [12:12:14] ✅ DONE | 488859 | 0 responsáveis | 426/1707 (25.0%) | Falhas: 0
12:12:14 | INFO     | [12:12:14] ✅ DONE | 488860 | 0 responsáveis | 427/1707 (25.0%) | Falhas: 0
12:12:14 | INFO     | [12:12:14] ✅ DONE | 489191 | 0 responsáveis | 428/1707 (25.1%) | Falhas: 0
12:12:14 | INFO     | [12:12:14] ✅ DONE | 504580 | 0 responsáveis | 429/1707 (25.1%) | Falhas: 0
12:12:14 | INFO     | [12:12:14] ✅ DONE | 504749 | 0 responsáveis | 430/1707 (25.2%) | Falhas: 0
12:12:14 | INFO     | [12:12:14] ✅ DONE | 508033 | 0 responsáveis | 431/1707 (25.2%) | Falhas: 0
12:12:14 | INFO     | [12:12:14] ✅ DONE | 519999 | 0 responsáveis | 432/1707 (25.3%) | Falhas: 0
12:12:14 | INFO     | [12:12:14] ✅ DONE | 522201 | 6 responsáveis | 433/1707 (25.4%) | Falhas: 0
12:12:15 | INFO     | [12:12:15] ✅ DONE | 531017 | 0 responsáveis | 434/1707 (25.4%) | Falhas: 0
12:12:15 | INFO     | [12:12:15] ✅ DONE | 531021 | 0 responsáveis | 435/1707 (25.5%) | Falhas: 0
12:12:15 | INFO     | [12:12:15] ✅ DONE | 560141 | 0 responsáveis | 436/1707 (25.5%) | Falhas: 0
12:12:15 | INFO     | [12:12:15] ✅ DONE | 560676 | 0 responsáveis | 437/1707 (25.6%) | Falhas: 0
12:12:15 | INFO     | [12:12:15] ✅ DONE | 531917 | 0 responsáveis | 438/1707 (25.7%) | Falhas: 0
12:12:15 | INFO     | [12:12:15] ✅ DONE | 579634 | 0 responsáveis | 439/1707 (25.7%) | Falhas: 0
12:12:15 | INFO     | [12:12:15] ✅ DONE | 591523 | 0 responsáveis | 440/1707 (25.8%) | Falhas: 0
12:12:15 | INFO     | [12:12:15] ✅ DONE | 595492 | 4 responsáveis | 441/1707 (25.8%) | Falhas: 0
12:12:15 | INFO     | [12:12:15] ✅ DONE | 600240 | 0 responsáveis | 442/1707 (25.9%) | Falhas: 0
12:12:15 | INFO     | [12:12:15] ✅ DONE | 596659 | 0 responsáveis | 443/1707 (26.0%) | Falhas: 0
12:12:15 | INFO     | [12:12:15] ✅ DONE | 602133 | 0 responsáveis | 444/1707 (26.0%) | Falhas: 0
12:12:15 | INFO     | [12:12:15] ✅ DONE | 608477 | 4 responsáveis | 445/1707 (26.1%) | Falhas: 0
12:12:15 | INFO     | [12:12:15] ✅ DONE | 609344 | 0 responsáveis | 446/1707 (26.1%) | Falhas: 0
12:12:15 | INFO     | [12:12:15] ✅ DONE | 612961 | 0 responsáveis | 447/1707 (26.2%) | Falhas: 0
12:12:15 | INFO     | [12:12:15] ✅ DONE | 614184 | 0 responsáveis | 448/1707 (26.2%) | Falhas: 0
12:12:15 | INFO     | [12:12:15] ✅ DONE | 629452 | 0 responsáveis | 449/1707 (26.3%) | Falhas: 0
12:12:16 | INFO     | [12:12:16] ✅ DONE | 646974 | 0 responsáveis | 450/1707 (26.4%) | Falhas: 0
12:12:16 | INFO     | [12:12:16] ✅ DONE | 675397 | 0 responsáveis | 451/1707 (26.4%) | Falhas: 0
12:12:16 | INFO     | [12:12:16] ✅ DONE | 694687 | 0 responsáveis | 452/1707 (26.5%) | Falhas: 0
12:12:16 | INFO     | [12:12:16] ✅ DONE | 660346 | 4 responsáveis | 453/1707 (26.5%) | Falhas: 0
12:12:16 | INFO     | [12:12:16] ✅ DONE | 730365 | 4 responsáveis | 454/1707 (26.6%) | Falhas: 0
12:12:16 | INFO     | [12:12:16] ✅ DONE | 748083 | 6 responsáveis | 455/1707 (26.7%) | Falhas: 0
12:12:16 | INFO     | [12:12:16] ✅ DONE | 767798 | 6 responsáveis | 456/1707 (26.7%) | Falhas: 0
12:12:16 | INFO     | [12:12:16] ✅ DONE | 870200 | 6 responsáveis | 457/1707 (26.8%) | Falhas: 0
12:12:16 | INFO     | [12:12:16] ✅ DONE | 749015 | 7 responsáveis | 458/1707 (26.8%) | Falhas: 0
12:12:16 | INFO     | [12:12:16] ✅ DONE | 902727 | 4 responsáveis | 459/1707 (26.9%) | Falhas: 0
12:12:16 | INFO     | [12:12:16] ✅ DONE | 902769 | 4 responsáveis | 460/1707 (26.9%) | Falhas: 0
12:12:16 | INFO     | [12:12:16] ✅ DONE | 902774 | 4 responsáveis | 461/1707 (27.0%) | Falhas: 0
12:12:16 | INFO     | [12:12:16] ✅ DONE | 902838 | 4 responsáveis | 462/1707 (27.1%) | Falhas: 0
12:12:16 | INFO     | [12:12:16] ✅ DONE | 902842 | 4 responsáveis | 463/1707 (27.1%) | Falhas: 0
12:12:16 | INFO     | [12:12:16] ✅ DONE | 935587 | 0 responsáveis | 464/1707 (27.2%) | Falhas: 0
12:12:16 | INFO     | [12:12:16] ✅ DONE | 969353 | 0 responsáveis | 465/1707 (27.2%) | Falhas: 0
12:12:16 | INFO     | [12:12:16] ✅ DONE | 974642 | 0 responsáveis | 466/1707 (27.3%) | Falhas: 0
12:12:16 | INFO     | [12:12:16] ✅ DONE | 974918 | 0 responsáveis | 467/1707 (27.4%) | Falhas: 0
12:12:16 | INFO     | [12:12:16] ✅ DONE | 976308 | 0 responsáveis | 468/1707 (27.4%) | Falhas: 0
12:12:16 | INFO     | [12:12:16] ✅ DONE | 976309 | 0 responsáveis | 469/1707 (27.5%) | Falhas: 0
12:12:17 | INFO     | [12:12:17] ✅ DONE | 978642 | 0 responsáveis | 470/1707 (27.5%) | Falhas: 0
12:12:17 | INFO     | [12:12:17] ✅ DONE | 979764 | 0 responsáveis | 471/1707 (27.6%) | Falhas: 0
12:12:17 | INFO     | [12:12:17] ✅ DONE | 979776 | 0 responsáveis | 472/1707 (27.7%) | Falhas: 0
12:12:17 | INFO     | [12:12:17] ✅ DONE | 981262 | 0 responsáveis | 473/1707 (27.7%) | Falhas: 0
12:12:17 | INFO     | [12:12:17] ✅ DONE | 29636 | 0 responsáveis | 474/1707 (27.8%) | Falhas: 0
12:12:17 | INFO     | [12:12:17] ✅ DONE | 29918 | 0 responsáveis | 475/1707 (27.8%) | Falhas: 0
12:12:17 | INFO     | [12:12:17] ✅ DONE | 44224 | 0 responsáveis | 476/1707 (27.9%) | Falhas: 0
12:12:17 | INFO     | [12:12:17] ✅ DONE | 57426 | 0 responsáveis | 477/1707 (27.9%) | Falhas: 0
12:12:17 | INFO     | [12:12:17] ✅ DONE | 57551 | 0 responsáveis | 478/1707 (28.0%) | Falhas: 0
12:12:17 | INFO     | [12:12:17] ✅ DONE | 57612 | 0 responsáveis | 479/1707 (28.1%) | Falhas: 0
12:12:17 | INFO     | [12:12:17] ✅ DONE | 57890 | 0 responsáveis | 480/1707 (28.1%) | Falhas: 0
12:12:17 | INFO     | [12:12:17] ✅ DONE | 57961 | 0 responsáveis | 481/1707 (28.2%) | Falhas: 0
12:12:17 | INFO     | [12:12:17] ✅ DONE | 58362 | 0 responsáveis | 482/1707 (28.2%) | Falhas: 0
12:12:17 | INFO     | [12:12:17] ✅ DONE | 58021 | 0 responsáveis | 483/1707 (28.3%) | Falhas: 0
12:12:17 | INFO     | [12:12:17] ✅ DONE | 58627 | 0 responsáveis | 484/1707 (28.4%) | Falhas: 0
12:12:17 | INFO     | [12:12:17] ✅ DONE | 58688 | 0 responsáveis | 485/1707 (28.4%) | Falhas: 0
12:12:17 | INFO     | [12:12:17] ✅ DONE | 65548 | 0 responsáveis | 486/1707 (28.5%) | Falhas: 0
12:12:17 | INFO     | [12:12:17] ✅ DONE | 66167 | 0 responsáveis | 487/1707 (28.5%) | Falhas: 0
12:12:17 | INFO     | [12:12:17] ✅ DONE | 70315 | 0 responsáveis | 488/1707 (28.6%) | Falhas: 0
12:12:18 | INFO     | [12:12:18] ✅ DONE | 96439 | 0 responsáveis | 489/1707 (28.6%) | Falhas: 0
12:12:18 | INFO     | [12:12:18] ✅ DONE | 109518 | 0 responsáveis | 490/1707 (28.7%) | Falhas: 0
12:12:18 | INFO     | [12:12:18] ✅ DONE | 132086 | 0 responsáveis | 491/1707 (28.8%) | Falhas: 0
12:12:18 | INFO     | [12:12:18] ✅ DONE | 149719 | 0 responsáveis | 492/1707 (28.8%) | Falhas: 0
12:12:18 | INFO     | [12:12:18] ✅ DONE | 150365 | 0 responsáveis | 493/1707 (28.9%) | Falhas: 0
12:12:18 | INFO     | [12:12:18] ✅ DONE | 218384 | 0 responsáveis | 494/1707 (28.9%) | Falhas: 0
12:12:18 | INFO     | [12:12:18] ✅ DONE | 257710 | 0 responsáveis | 495/1707 (29.0%) | Falhas: 0
12:12:18 | INFO     | [12:12:18] ✅ DONE | 259817 | 0 responsáveis | 496/1707 (29.1%) | Falhas: 0
12:12:18 | INFO     | [12:12:18] ✅ DONE | 340799 | 0 responsáveis | 497/1707 (29.1%) | Falhas: 0
12:12:18 | INFO     | [12:12:18] ✅ DONE | 401769 | 0 responsáveis | 498/1707 (29.2%) | Falhas: 0
12:12:18 | INFO     | [12:12:18] ✅ DONE | 486346 | 0 responsáveis | 499/1707 (29.2%) | Falhas: 0
12:12:18 | INFO     | [12:12:18] ✅ DONE | 414374 | 0 responsáveis | 500/1707 (29.3%) | Falhas: 0
12:12:18 | INFO     | [12:12:18] ✅ DONE | 486558 | 0 responsáveis | 501/1707 (29.3%) | Falhas: 0
12:12:18 | INFO     | [12:12:18] ✅ DONE | 486964 | 0 responsáveis | 502/1707 (29.4%) | Falhas: 0
12:12:18 | INFO     | [12:12:18] ✅ DONE | 487688 | 0 responsáveis | 503/1707 (29.5%) | Falhas: 0
12:12:18 | INFO     | [12:12:18] ✅ DONE | 494471 | 0 responsáveis | 504/1707 (29.5%) | Falhas: 0
12:12:18 | INFO     | [12:12:18] ✅ DONE | 510300 | 0 responsáveis | 505/1707 (29.6%) | Falhas: 0
12:12:18 | INFO     | [12:12:18] ✅ DONE | 521786 | 0 responsáveis | 506/1707 (29.6%) | Falhas: 0
12:12:18 | INFO     | [12:12:18] ✅ DONE | 509673 | 0 responsáveis | 507/1707 (29.7%) | Falhas: 0
12:12:18 | INFO     | [12:12:18] ✅ DONE | 520392 | 0 responsáveis | 508/1707 (29.8%) | Falhas: 0
12:12:18 | INFO     | [12:12:18] ✅ DONE | 521859 | 0 responsáveis | 509/1707 (29.8%) | Falhas: 0
12:12:19 | INFO     | [12:12:19] ✅ DONE | 521948 | 0 responsáveis | 510/1707 (29.9%) | Falhas: 0
12:12:19 | INFO     | [12:12:19] ✅ DONE | 522058 | 0 responsáveis | 511/1707 (29.9%) | Falhas: 0
12:12:19 | INFO     | [12:12:19] ✅ DONE | 526948 | 0 responsáveis | 512/1707 (30.0%) | Falhas: 0
12:12:19 | INFO     | [12:12:19] ✅ DONE | 530328 | 0 responsáveis | 513/1707 (30.1%) | Falhas: 0
12:12:19 | INFO     | [12:12:19] ✅ DONE | 531780 | 0 responsáveis | 514/1707 (30.1%) | Falhas: 0
12:12:19 | INFO     | [12:12:19] ✅ DONE | 531781 | 0 responsáveis | 515/1707 (30.2%) | Falhas: 0
12:12:19 | INFO     | [12:12:19] ✅ DONE | 535654 | 0 responsáveis | 516/1707 (30.2%) | Falhas: 0
12:12:19 | INFO     | [12:12:19] ✅ DONE | 541027 | 0 responsáveis | 517/1707 (30.3%) | Falhas: 0
12:12:19 | INFO     | [12:12:19] ✅ DONE | 541037 | 0 responsáveis | 518/1707 (30.3%) | Falhas: 0
12:12:19 | INFO     | [12:12:19] ✅ DONE | 541047 | 0 responsáveis | 519/1707 (30.4%) | Falhas: 0
12:12:19 | INFO     | [12:12:19] ✅ DONE | 569657 | 0 responsáveis | 520/1707 (30.5%) | Falhas: 0
12:12:19 | INFO     | [12:12:19] ✅ DONE | 559642 | 0 responsáveis | 521/1707 (30.5%) | Falhas: 0
12:12:19 | INFO     | [12:12:19] ✅ DONE | 572389 | 0 responsáveis | 522/1707 (30.6%) | Falhas: 0
12:12:19 | INFO     | [12:12:19] ✅ DONE | 581522 | 0 responsáveis | 523/1707 (30.6%) | Falhas: 0
12:12:19 | INFO     | [12:12:19] ✅ DONE | 549428 | 0 responsáveis | 524/1707 (30.7%) | Falhas: 0
12:12:19 | INFO     | [12:12:19] ✅ DONE | 581834 | 0 responsáveis | 525/1707 (30.8%) | Falhas: 0
12:12:20 | INFO     | [12:12:20] ✅ DONE | 593298 | 0 responsáveis | 526/1707 (30.8%) | Falhas: 0
12:12:20 | INFO     | [12:12:20] ✅ DONE | 596711 | 0 responsáveis | 527/1707 (30.9%) | Falhas: 0
12:12:20 | INFO     | [12:12:20] ✅ DONE | 614690 | 0 responsáveis | 528/1707 (30.9%) | Falhas: 0
12:12:20 | INFO     | [12:12:20] ✅ DONE | 682339 | 0 responsáveis | 529/1707 (31.0%) | Falhas: 0
12:12:20 | INFO     | [12:12:20] ✅ DONE | 682623 | 0 responsáveis | 530/1707 (31.0%) | Falhas: 0
12:12:20 | INFO     | [12:12:20] ✅ DONE | 696315 | 0 responsáveis | 531/1707 (31.1%) | Falhas: 0
12:12:20 | INFO     | [12:12:20] ✅ DONE | 698181 | 0 responsáveis | 532/1707 (31.2%) | Falhas: 0
12:12:20 | INFO     | [12:12:20] ✅ DONE | 799911 | 0 responsáveis | 533/1707 (31.2%) | Falhas: 0
12:12:20 | INFO     | [12:12:20] ✅ DONE | 798909 | 0 responsáveis | 534/1707 (31.3%) | Falhas: 0
12:12:20 | INFO     | [12:12:20] ✅ DONE | 805052 | 0 responsáveis | 535/1707 (31.3%) | Falhas: 0
12:12:20 | INFO     | [12:12:20] ✅ DONE | 799923 | 0 responsáveis | 536/1707 (31.4%) | Falhas: 0
12:12:20 | INFO     | [12:12:20] ✅ DONE | 805730 | 0 responsáveis | 537/1707 (31.5%) | Falhas: 0
12:12:20 | INFO     | [12:12:20] ✅ DONE | 809916 | 0 responsáveis | 538/1707 (31.5%) | Falhas: 0
12:12:20 | INFO     | [12:12:20] ✅ DONE | 810297 | 0 responsáveis | 539/1707 (31.6%) | Falhas: 0
12:12:20 | INFO     | [12:12:20] ✅ DONE | 830813 | 0 responsáveis | 540/1707 (31.6%) | Falhas: 0
12:12:20 | INFO     | [12:12:20] ✅ DONE | 832969 | 0 responsáveis | 541/1707 (31.7%) | Falhas: 0
12:12:20 | INFO     | [12:12:20] ✅ DONE | 860757 | 0 responsáveis | 542/1707 (31.8%) | Falhas: 0
12:12:20 | INFO     | [12:12:20] ✅ DONE | 833095 | 0 responsáveis | 543/1707 (31.8%) | Falhas: 0
12:12:20 | INFO     | [12:12:20] ✅ DONE | 860785 | 0 responsáveis | 544/1707 (31.9%) | Falhas: 0
12:12:20 | INFO     | [12:12:20] ✅ DONE | 870652 | 0 responsáveis | 545/1707 (31.9%) | Falhas: 0
12:12:21 | INFO     | [12:12:21] ✅ DONE | 870757 | 0 responsáveis | 546/1707 (32.0%) | Falhas: 0
12:12:21 | INFO     | [12:12:21] ✅ DONE | 871399 | 0 responsáveis | 547/1707 (32.0%) | Falhas: 0
12:12:21 | INFO     | [12:12:21] ✅ DONE | 950347 | 0 responsáveis | 548/1707 (32.1%) | Falhas: 0
12:12:21 | INFO     | [12:12:21] ✅ DONE | 960532 | 0 responsáveis | 549/1707 (32.2%) | Falhas: 0
12:12:21 | INFO     | [12:12:21] ✅ DONE | 965585 | 0 responsáveis | 550/1707 (32.2%) | Falhas: 0
12:12:21 | INFO     | [12:12:21] ✅ DONE | 971231 | 0 responsáveis | 551/1707 (32.3%) | Falhas: 0
12:12:21 | INFO     | [12:12:21] ✅ DONE | 981418 | 0 responsáveis | 552/1707 (32.3%) | Falhas: 0
12:12:21 | INFO     | [12:12:21] ✅ DONE | 982890 | 0 responsáveis | 553/1707 (32.4%) | Falhas: 0
12:12:21 | INFO     | [12:12:21] ✅ DONE | 19735 | 0 responsáveis | 554/1707 (32.5%) | Falhas: 0
12:12:21 | INFO     | [12:12:21] ✅ DONE | 44226 | 0 responsáveis | 555/1707 (32.5%) | Falhas: 0
12:12:21 | INFO     | [12:12:21] ✅ DONE | 57891 | 0 responsáveis | 556/1707 (32.6%) | Falhas: 0
12:12:21 | INFO     | [12:12:21] ✅ DONE | 85096 | 0 responsáveis | 557/1707 (32.6%) | Falhas: 0
12:12:21 | INFO     | [12:12:21] ✅ DONE | 67440 | 0 responsáveis | 558/1707 (32.7%) | Falhas: 0
12:12:21 | INFO     | [12:12:21] ✅ DONE | 85612 | 1 responsáveis | 559/1707 (32.7%) | Falhas: 0
12:12:21 | INFO     | [12:12:21] ✅ DONE | 93401 | 0 responsáveis | 560/1707 (32.8%) | Falhas: 0
12:12:21 | INFO     | [12:12:21] ✅ DONE | 182540 | 0 responsáveis | 561/1707 (32.9%) | Falhas: 0
12:12:21 | INFO     | [12:12:21] ✅ DONE | 127864 | 0 responsáveis | 562/1707 (32.9%) | Falhas: 0
12:12:22 | INFO     | [12:12:22] ✅ DONE | 185451 | 0 responsáveis | 563/1707 (33.0%) | Falhas: 0
12:12:22 | INFO     | [12:12:22] ✅ DONE | 258331 | 0 responsáveis | 564/1707 (33.0%) | Falhas: 0
12:12:22 | INFO     | [12:12:22] ✅ DONE | 412300 | 0 responsáveis | 565/1707 (33.1%) | Falhas: 0
12:12:22 | INFO     | [12:12:22] ✅ DONE | 260522 | 0 responsáveis | 566/1707 (33.2%) | Falhas: 0
12:12:22 | INFO     | [12:12:22] ✅ DONE | 418708 | 2 responsáveis | 567/1707 (33.2%) | Falhas: 0
12:12:22 | INFO     | [12:12:22] ✅ DONE | 412311 | 0 responsáveis | 568/1707 (33.3%) | Falhas: 0
12:12:22 | INFO     | [12:12:22] ✅ DONE | 445050 | 0 responsáveis | 569/1707 (33.3%) | Falhas: 0
12:12:22 | INFO     | [12:12:22] ✅ DONE | 475800 | 0 responsáveis | 570/1707 (33.4%) | Falhas: 0
12:12:22 | INFO     | [12:12:22] ✅ DONE | 482449 | 0 responsáveis | 571/1707 (33.5%) | Falhas: 0
12:12:22 | INFO     | [12:12:22] ✅ DONE | 482435 | 0 responsáveis | 572/1707 (33.5%) | Falhas: 0
12:12:22 | INFO     | [12:12:22] ✅ DONE | 482471 | 0 responsáveis | 573/1707 (33.6%) | Falhas: 0
12:12:22 | INFO     | [12:12:22] ✅ DONE | 482474 | 0 responsáveis | 574/1707 (33.6%) | Falhas: 0
12:12:22 | INFO     | [12:12:22] ✅ DONE | 482487 | 0 responsáveis | 575/1707 (33.7%) | Falhas: 0
12:12:22 | INFO     | [12:12:22] ✅ DONE | 482497 | 0 responsáveis | 576/1707 (33.7%) | Falhas: 0
12:12:22 | INFO     | [12:12:22] ✅ DONE | 482509 | 0 responsáveis | 577/1707 (33.8%) | Falhas: 0
12:12:22 | INFO     | [12:12:22] ✅ DONE | 488119 | 0 responsáveis | 578/1707 (33.9%) | Falhas: 0
12:12:22 | INFO     | [12:12:22] ✅ DONE | 488128 | 0 responsáveis | 579/1707 (33.9%) | Falhas: 0
12:12:23 | INFO     | [12:12:23] ✅ DONE | 498605 | 0 responsáveis | 580/1707 (34.0%) | Falhas: 0
12:12:23 | INFO     | [12:12:23] ✅ DONE | 507281 | 0 responsáveis | 581/1707 (34.0%) | Falhas: 0
12:12:23 | INFO     | [12:12:23] ✅ DONE | 510253 | 0 responsáveis | 582/1707 (34.1%) | Falhas: 0
12:12:23 | INFO     | [12:12:23] ✅ DONE | 510303 | 0 responsáveis | 583/1707 (34.2%) | Falhas: 0
12:12:23 | INFO     | [12:12:23] ✅ DONE | 511783 | 1 responsáveis | 584/1707 (34.2%) | Falhas: 0
12:12:23 | INFO     | [12:12:23] ✅ DONE | 522689 | 0 responsáveis | 585/1707 (34.3%) | Falhas: 0
12:12:23 | INFO     | [12:12:23] ✅ DONE | 525747 | 0 responsáveis | 586/1707 (34.3%) | Falhas: 0
12:12:23 | INFO     | [12:12:23] ✅ DONE | 533740 | 0 responsáveis | 587/1707 (34.4%) | Falhas: 0
12:12:23 | INFO     | [12:12:23] ✅ DONE | 534659 | 0 responsáveis | 588/1707 (34.4%) | Falhas: 0
12:12:23 | INFO     | [12:12:23] ✅ DONE | 534662 | 0 responsáveis | 589/1707 (34.5%) | Falhas: 0
12:12:23 | INFO     | [12:12:23] ✅ DONE | 534673 | 0 responsáveis | 590/1707 (34.6%) | Falhas: 0
12:12:23 | INFO     | [12:12:23] ✅ DONE | 534685 | 0 responsáveis | 591/1707 (34.6%) | Falhas: 0
12:12:23 | INFO     | [12:12:23] ✅ DONE | 534681 | 0 responsáveis | 592/1707 (34.7%) | Falhas: 0
12:12:23 | INFO     | [12:12:23] ✅ DONE | 535033 | 0 responsáveis | 593/1707 (34.7%) | Falhas: 0
12:12:23 | INFO     | [12:12:23] ✅ DONE | 535878 | 8 responsáveis | 594/1707 (34.8%) | Falhas: 0
12:12:23 | INFO     | [12:12:23] ✅ DONE | 538916 | 1 responsáveis | 595/1707 (34.9%) | Falhas: 0
12:12:24 | INFO     | [12:12:24] ✅ DONE | 569256 | 0 responsáveis | 596/1707 (34.9%) | Falhas: 0
12:12:24 | INFO     | [12:12:24] ✅ DONE | 580924 | 0 responsáveis | 597/1707 (35.0%) | Falhas: 0
12:12:24 | INFO     | [12:12:24] ✅ DONE | 569393 | 0 responsáveis | 598/1707 (35.0%) | Falhas: 0
12:12:24 | INFO     | [12:12:24] ✅ DONE | 586533 | 0 responsáveis | 599/1707 (35.1%) | Falhas: 0
12:12:24 | INFO     | [12:12:24] ✅ DONE | 580985 | 0 responsáveis | 600/1707 (35.1%) | Falhas: 0
12:12:24 | INFO     | [12:12:24] ✅ DONE | 596331 | 0 responsáveis | 601/1707 (35.2%) | Falhas: 0
12:12:24 | INFO     | [12:12:24] ✅ DONE | 586564 | 0 responsáveis | 602/1707 (35.3%) | Falhas: 0
12:12:24 | INFO     | [12:12:24] ✅ DONE | 596862 | 0 responsáveis | 603/1707 (35.3%) | Falhas: 0
12:12:24 | INFO     | [12:12:24] ✅ DONE | 587802 | 3 responsáveis | 604/1707 (35.4%) | Falhas: 0
12:12:24 | INFO     | [12:12:24] ✅ DONE | 622910 | 0 responsáveis | 605/1707 (35.4%) | Falhas: 0
12:12:24 | INFO     | [12:12:24] ✅ DONE | 621695 | 0 responsáveis | 606/1707 (35.5%) | Falhas: 0
12:12:24 | INFO     | [12:12:24] ✅ DONE | 621698 | 0 responsáveis | 607/1707 (35.6%) | Falhas: 0
12:12:24 | INFO     | [12:12:24] ✅ DONE | 622911 | 0 responsáveis | 608/1707 (35.6%) | Falhas: 0
12:12:24 | INFO     | [12:12:24] ✅ DONE | 622912 | 0 responsáveis | 609/1707 (35.7%) | Falhas: 0
12:12:24 | INFO     | [12:12:24] ✅ DONE | 622913 | 0 responsáveis | 610/1707 (35.7%) | Falhas: 0
12:12:24 | INFO     | [12:12:24] ✅ DONE | 622914 | 0 responsáveis | 611/1707 (35.8%) | Falhas: 0
12:12:24 | INFO     | [12:12:24] ✅ DONE | 622916 | 0 responsáveis | 612/1707 (35.9%) | Falhas: 0
12:12:24 | INFO     | [12:12:24] ✅ DONE | 622915 | 0 responsáveis | 613/1707 (35.9%) | Falhas: 0
12:12:25 | INFO     | [12:12:25] ✅ DONE | 622917 | 0 responsáveis | 614/1707 (36.0%) | Falhas: 0
12:12:25 | INFO     | [12:12:25] ✅ DONE | 622918 | 0 responsáveis | 615/1707 (36.0%) | Falhas: 0
12:12:25 | INFO     | [12:12:25] ✅ DONE | 622919 | 0 responsáveis | 616/1707 (36.1%) | Falhas: 0
12:12:25 | INFO     | [12:12:25] ✅ DONE | 622920 | 0 responsáveis | 617/1707 (36.1%) | Falhas: 0
12:12:25 | INFO     | [12:12:25] ✅ DONE | 622921 | 0 responsáveis | 618/1707 (36.2%) | Falhas: 0
12:12:25 | INFO     | [12:12:25] ✅ DONE | 631832 | 0 responsáveis | 619/1707 (36.3%) | Falhas: 0
12:12:25 | INFO     | [12:12:25] ✅ DONE | 631852 | 0 responsáveis | 620/1707 (36.3%) | Falhas: 0
12:12:25 | INFO     | [12:12:25] ✅ DONE | 631861 | 0 responsáveis | 621/1707 (36.4%) | Falhas: 0
12:12:25 | INFO     | [12:12:25] ✅ DONE | 631879 | 0 responsáveis | 622/1707 (36.4%) | Falhas: 0
12:12:25 | INFO     | [12:12:25] ✅ DONE | 631913 | 0 responsáveis | 623/1707 (36.5%) | Falhas: 0
12:12:25 | INFO     | [12:12:25] ✅ DONE | 631923 | 0 responsáveis | 624/1707 (36.6%) | Falhas: 0
12:12:25 | INFO     | [12:12:25] ✅ DONE | 632069 | 0 responsáveis | 625/1707 (36.6%) | Falhas: 0
12:12:25 | INFO     | [12:12:25] ✅ DONE | 632071 | 0 responsáveis | 626/1707 (36.7%) | Falhas: 0
12:12:25 | INFO     | [12:12:25] ✅ DONE | 632076 | 0 responsáveis | 627/1707 (36.7%) | Falhas: 0
12:12:25 | INFO     | [12:12:25] ✅ DONE | 632299 | 0 responsáveis | 628/1707 (36.8%) | Falhas: 0
12:12:25 | INFO     | [12:12:25] ✅ DONE | 632316 | 0 responsáveis | 629/1707 (36.8%) | Falhas: 0
12:12:25 | INFO     | [12:12:25] ✅ DONE | 632352 | 0 responsáveis | 630/1707 (36.9%) | Falhas: 0
12:12:26 | INFO     | [12:12:26] ✅ DONE | 632364 | 0 responsáveis | 631/1707 (37.0%) | Falhas: 0
12:12:26 | INFO     | [12:12:26] ✅ DONE | 632359 | 0 responsáveis | 632/1707 (37.0%) | Falhas: 0
12:12:26 | INFO     | [12:12:26] ✅ DONE | 647263 | 0 responsáveis | 633/1707 (37.1%) | Falhas: 0
12:12:26 | INFO     | [12:12:26] ✅ DONE | 632418 | 0 responsáveis | 634/1707 (37.1%) | Falhas: 0
12:12:26 | INFO     | [12:12:26] ✅ DONE | 697077 | 0 responsáveis | 635/1707 (37.2%) | Falhas: 0
12:12:26 | INFO     | [12:12:26] ✅ DONE | 632385 | 0 responsáveis | 636/1707 (37.3%) | Falhas: 0
12:12:26 | INFO     | [12:12:26] ✅ DONE | 632428 | 0 responsáveis | 637/1707 (37.3%) | Falhas: 0
12:12:26 | INFO     | [12:12:26] ✅ DONE | 684007 | 0 responsáveis | 638/1707 (37.4%) | Falhas: 0
12:12:26 | INFO     | [12:12:26] ✅ DONE | 715784 | 0 responsáveis | 639/1707 (37.4%) | Falhas: 0
12:12:26 | INFO     | [12:12:26] ✅ DONE | 760489 | 0 responsáveis | 640/1707 (37.5%) | Falhas: 0
12:12:26 | INFO     | [12:12:26] ✅ DONE | 782430 | 0 responsáveis | 641/1707 (37.6%) | Falhas: 0
12:12:26 | INFO     | [12:12:26] ✅ DONE | 782466 | 0 responsáveis | 642/1707 (37.6%) | Falhas: 0
12:12:26 | INFO     | [12:12:26] ✅ DONE | 782522 | 0 responsáveis | 643/1707 (37.7%) | Falhas: 0
12:12:26 | INFO     | [12:12:26] ✅ DONE | 782526 | 0 responsáveis | 644/1707 (37.7%) | Falhas: 0
12:12:26 | INFO     | [12:12:26] ✅ DONE | 782538 | 0 responsáveis | 645/1707 (37.8%) | Falhas: 0
12:12:26 | INFO     | [12:12:26] ✅ DONE | 782564 | 0 responsáveis | 646/1707 (37.8%) | Falhas: 0
12:12:26 | INFO     | [12:12:26] ✅ DONE | 782568 | 0 responsáveis | 647/1707 (37.9%) | Falhas: 0
12:12:26 | INFO     | [12:12:26] ✅ DONE | 782571 | 0 responsáveis | 648/1707 (38.0%) | Falhas: 0
12:12:26 | INFO     | [12:12:26] ✅ DONE | 782578 | 0 responsáveis | 649/1707 (38.0%) | Falhas: 0
12:12:26 | INFO     | [12:12:26] ✅ DONE | 782600 | 0 responsáveis | 650/1707 (38.1%) | Falhas: 0
12:12:26 | INFO     | [12:12:26] ✅ DONE | 782615 | 0 responsáveis | 651/1707 (38.1%) | Falhas: 0
12:12:27 | INFO     | [12:12:27] ✅ DONE | 787725 | 0 responsáveis | 652/1707 (38.2%) | Falhas: 0
12:12:27 | INFO     | [12:12:27] ✅ DONE | 855625 | 0 responsáveis | 653/1707 (38.3%) | Falhas: 0
12:12:27 | INFO     | [12:12:27] ✅ DONE | 870188 | 0 responsáveis | 654/1707 (38.3%) | Falhas: 0
12:12:27 | INFO     | [12:12:27] ✅ DONE | 950216 | 0 responsáveis | 655/1707 (38.4%) | Falhas: 0
12:12:27 | INFO     | [12:12:27] ✅ DONE | 10341 | 0 responsáveis | 656/1707 (38.4%) | Falhas: 0
12:12:27 | INFO     | [12:12:27] ✅ DONE | 29912 | 0 responsáveis | 657/1707 (38.5%) | Falhas: 0
12:12:27 | INFO     | [12:12:27] ✅ DONE | 20780 | 0 responsáveis | 658/1707 (38.5%) | Falhas: 0
12:12:27 | INFO     | [12:12:27] ✅ DONE | 43166 | 0 responsáveis | 659/1707 (38.6%) | Falhas: 0
12:12:27 | INFO     | [12:12:27] ✅ DONE | 43652 | 0 responsáveis | 660/1707 (38.7%) | Falhas: 0
12:12:27 | INFO     | [12:12:27] ✅ DONE | 43981 | 0 responsáveis | 661/1707 (38.7%) | Falhas: 0
12:12:27 | INFO     | [12:12:27] ✅ DONE | 44098 | 0 responsáveis | 662/1707 (38.8%) | Falhas: 0
12:12:27 | INFO     | [12:12:27] ✅ DONE | 44225 | 0 responsáveis | 663/1707 (38.8%) | Falhas: 0
12:12:27 | INFO     | [12:12:27] ✅ DONE | 58093 | 0 responsáveis | 664/1707 (38.9%) | Falhas: 0
12:12:27 | INFO     | [12:12:27] ✅ DONE | 57613 | 0 responsáveis | 665/1707 (39.0%) | Falhas: 0
12:12:27 | INFO     | [12:12:27] ✅ DONE | 66168 | 1 responsáveis | 666/1707 (39.0%) | Falhas: 0
12:12:27 | INFO     | [12:12:27] ✅ DONE | 71773 | 0 responsáveis | 667/1707 (39.1%) | Falhas: 0
12:12:27 | INFO     | [12:12:27] ✅ DONE | 71928 | 0 responsáveis | 668/1707 (39.1%) | Falhas: 0
12:12:27 | INFO     | [12:12:27] ✅ DONE | 112143 | 2 responsáveis | 669/1707 (39.2%) | Falhas: 0
12:12:27 | INFO     | [12:12:27] ✅ DONE | 113680 | 0 responsáveis | 670/1707 (39.3%) | Falhas: 0
12:12:27 | INFO     | [12:12:27] ✅ DONE | 112178 | 1 responsáveis | 671/1707 (39.3%) | Falhas: 0
12:12:28 | INFO     | [12:12:28] ✅ DONE | 119923 | 0 responsáveis | 672/1707 (39.4%) | Falhas: 0
12:12:28 | INFO     | [12:12:28] ✅ DONE | 119920 | 1 responsáveis | 673/1707 (39.4%) | Falhas: 0
12:12:28 | INFO     | [12:12:28] ✅ DONE | 125761 | 0 responsáveis | 674/1707 (39.5%) | Falhas: 0
12:12:28 | INFO     | [12:12:28] ✅ DONE | 129632 | 0 responsáveis | 675/1707 (39.5%) | Falhas: 0
12:12:28 | INFO     | [12:12:28] ✅ DONE | 132961 | 0 responsáveis | 676/1707 (39.6%) | Falhas: 0
12:12:28 | INFO     | [12:12:28] ✅ DONE | 148393 | 2 responsáveis | 677/1707 (39.7%) | Falhas: 0
12:12:28 | INFO     | [12:12:28] ✅ DONE | 156820 | 2 responsáveis | 678/1707 (39.7%) | Falhas: 0
12:12:28 | INFO     | [12:12:28] ✅ DONE | 158780 | 1 responsáveis | 679/1707 (39.8%) | Falhas: 0
12:12:28 | INFO     | [12:12:28] ✅ DONE | 172217 | 1 responsáveis | 680/1707 (39.8%) | Falhas: 0
12:12:28 | INFO     | [12:12:28] ✅ DONE | 179009 | 0 responsáveis | 681/1707 (39.9%) | Falhas: 0
12:12:28 | INFO     | [12:12:28] ✅ DONE | 174935 | 0 responsáveis | 682/1707 (40.0%) | Falhas: 0
12:12:28 | INFO     | [12:12:28] ✅ DONE | 198178 | 0 responsáveis | 683/1707 (40.0%) | Falhas: 0
12:12:28 | INFO     | [12:12:28] ✅ DONE | 202015 | 0 responsáveis | 684/1707 (40.1%) | Falhas: 0
12:12:28 | INFO     | [12:12:28] ✅ DONE | 205876 | 0 responsáveis | 685/1707 (40.1%) | Falhas: 0
12:12:28 | INFO     | [12:12:28] ✅ DONE | 222460 | 0 responsáveis | 686/1707 (40.2%) | Falhas: 0
12:12:28 | INFO     | [12:12:28] ✅ DONE | 219219 | 0 responsáveis | 687/1707 (40.2%) | Falhas: 0
12:12:28 | INFO     | [12:12:28] ✅ DONE | 243448 | 1 responsáveis | 688/1707 (40.3%) | Falhas: 0
12:12:28 | INFO     | [12:12:28] ✅ DONE | 243664 | 0 responsáveis | 689/1707 (40.4%) | Falhas: 0
12:12:28 | INFO     | [12:12:28] ✅ DONE | 245500 | 0 responsáveis | 690/1707 (40.4%) | Falhas: 0
12:12:29 | INFO     | [12:12:29] ✅ DONE | 258558 | 1 responsáveis | 691/1707 (40.5%) | Falhas: 0
12:12:29 | INFO     | [12:12:29] ✅ DONE | 314143 | 2 responsáveis | 692/1707 (40.5%) | Falhas: 0
12:12:29 | INFO     | [12:12:29] ✅ DONE | 369035 | 0 responsáveis | 693/1707 (40.6%) | Falhas: 0
12:12:29 | INFO     | [12:12:29] ✅ DONE | 425036 | 1 responsáveis | 694/1707 (40.7%) | Falhas: 0
12:12:29 | INFO     | [12:12:29] ✅ DONE | 425039 | 1 responsáveis | 695/1707 (40.7%) | Falhas: 0
12:12:29 | INFO     | [12:12:29] ✅ DONE | 430044 | 1 responsáveis | 696/1707 (40.8%) | Falhas: 0
12:12:29 | INFO     | [12:12:29] ✅ DONE | 425040 | 1 responsáveis | 697/1707 (40.8%) | Falhas: 0
12:12:29 | INFO     | [12:12:29] ✅ DONE | 438903 | 1 responsáveis | 698/1707 (40.9%) | Falhas: 0
12:12:29 | INFO     | [12:12:29] ✅ DONE | 439247 | 0 responsáveis | 699/1707 (40.9%) | Falhas: 0
12:12:29 | INFO     | [12:12:29] ✅ DONE | 446241 | 1 responsáveis | 700/1707 (41.0%) | Falhas: 0
12:12:29 | INFO     | [12:12:29] ✅ DONE | 444856 | 0 responsáveis | 701/1707 (41.1%) | Falhas: 0
12:12:29 | INFO     | [12:12:29] ✅ DONE | 446240 | 1 responsáveis | 702/1707 (41.1%) | Falhas: 0
12:12:29 | INFO     | [12:12:29] ✅ DONE | 442930 | 0 responsáveis | 703/1707 (41.2%) | Falhas: 0
12:12:29 | INFO     | [12:12:29] ✅ DONE | 446242 | 1 responsáveis | 704/1707 (41.2%) | Falhas: 0
12:12:29 | INFO     | [12:12:29] ✅ DONE | 449901 | 0 responsáveis | 705/1707 (41.3%) | Falhas: 0
12:12:29 | INFO     | [12:12:29] ✅ DONE | 451084 | 0 responsáveis | 706/1707 (41.4%) | Falhas: 0
12:12:30 | INFO     | [12:12:30] ✅ DONE | 465880 | 1 responsáveis | 707/1707 (41.4%) | Falhas: 0
12:12:30 | INFO     | [12:12:30] ✅ DONE | 476289 | 1 responsáveis | 708/1707 (41.5%) | Falhas: 0
12:12:30 | INFO     | [12:12:30] ✅ DONE | 482228 | 0 responsáveis | 709/1707 (41.5%) | Falhas: 0
12:12:30 | INFO     | [12:12:30] ✅ DONE | 482496 | 0 responsáveis | 710/1707 (41.6%) | Falhas: 0
12:12:30 | INFO     | [12:12:30] ✅ DONE | 482816 | 0 responsáveis | 711/1707 (41.7%) | Falhas: 0
12:12:30 | INFO     | [12:12:30] ✅ DONE | 487966 | 0 responsáveis | 712/1707 (41.7%) | Falhas: 0
12:12:30 | INFO     | [12:12:30] ✅ DONE | 488496 | 0 responsáveis | 713/1707 (41.8%) | Falhas: 0
12:12:30 | INFO     | [12:12:30] ✅ DONE | 491260 | 0 responsáveis | 714/1707 (41.8%) | Falhas: 0
12:12:30 | INFO     | [12:12:30] ✅ DONE | 509833 | 0 responsáveis | 715/1707 (41.9%) | Falhas: 0
12:12:30 | INFO     | [12:12:30] ✅ DONE | 494259 | 0 responsáveis | 716/1707 (41.9%) | Falhas: 0
12:12:30 | INFO     | [12:12:30] ✅ DONE | 495321 | 0 responsáveis | 717/1707 (42.0%) | Falhas: 0
12:12:30 | INFO     | [12:12:30] ✅ DONE | 494283 | 0 responsáveis | 718/1707 (42.1%) | Falhas: 0
12:12:30 | INFO     | [12:12:30] ✅ DONE | 504447 | 0 responsáveis | 719/1707 (42.1%) | Falhas: 0
12:12:30 | INFO     | [12:12:30] ✅ DONE | 522210 | 3 responsáveis | 720/1707 (42.2%) | Falhas: 0
12:12:30 | INFO     | [12:12:30] ✅ DONE | 532707 | 0 responsáveis | 721/1707 (42.2%) | Falhas: 0
12:12:30 | INFO     | [12:12:30] ✅ DONE | 547109 | 0 responsáveis | 722/1707 (42.3%) | Falhas: 0
12:12:31 | INFO     | [12:12:31] ✅ DONE | 564674 | 0 responsáveis | 723/1707 (42.4%) | Falhas: 0
12:12:31 | INFO     | [12:12:31] ✅ DONE | 591049 | 0 responsáveis | 724/1707 (42.4%) | Falhas: 0
12:12:31 | INFO     | [12:12:31] ✅ DONE | 591373 | 0 responsáveis | 725/1707 (42.5%) | Falhas: 0
12:12:31 | INFO     | [12:12:31] ✅ DONE | 597488 | 0 responsáveis | 726/1707 (42.5%) | Falhas: 0
12:12:31 | INFO     | [12:12:31] ✅ DONE | 596518 | 0 responsáveis | 727/1707 (42.6%) | Falhas: 0
12:12:31 | INFO     | [12:12:31] ✅ DONE | 605556 | 0 responsáveis | 728/1707 (42.6%) | Falhas: 0
12:12:31 | INFO     | [12:12:31] ✅ DONE | 636955 | 0 responsáveis | 729/1707 (42.7%) | Falhas: 0
12:12:31 | INFO     | [12:12:31] ✅ DONE | 665281 | 0 responsáveis | 730/1707 (42.8%) | Falhas: 0
12:12:31 | INFO     | [12:12:31] ✅ DONE | 698023 | 0 responsáveis | 731/1707 (42.8%) | Falhas: 0
12:12:31 | INFO     | [12:12:31] ✅ DONE | 665391 | 0 responsáveis | 732/1707 (42.9%) | Falhas: 0
12:12:31 | INFO     | [12:12:31] ✅ DONE | 700662 | 0 responsáveis | 733/1707 (42.9%) | Falhas: 0
12:12:31 | INFO     | [12:12:31] ✅ DONE | 690248 | 0 responsáveis | 734/1707 (43.0%) | Falhas: 0
12:12:31 | INFO     | [12:12:31] ✅ DONE | 704639 | 0 responsáveis | 735/1707 (43.1%) | Falhas: 0
12:12:31 | INFO     | [12:12:31] ✅ DONE | 743110 | 0 responsáveis | 736/1707 (43.1%) | Falhas: 0
12:12:31 | INFO     | [12:12:31] ✅ DONE | 757511 | 0 responsáveis | 737/1707 (43.2%) | Falhas: 0
12:12:31 | INFO     | [12:12:31] ✅ DONE | 764393 | 0 responsáveis | 738/1707 (43.2%) | Falhas: 0
12:12:31 | INFO     | [12:12:31] ✅ DONE | 785536 | 0 responsáveis | 739/1707 (43.3%) | Falhas: 0
12:12:32 | INFO     | [12:12:32] ✅ DONE | 791398 | 0 responsáveis | 740/1707 (43.4%) | Falhas: 0
12:12:32 | INFO     | [12:12:32] ✅ DONE | 791399 | 0 responsáveis | 741/1707 (43.4%) | Falhas: 0
12:12:32 | INFO     | [12:12:32] ✅ DONE | 791400 | 0 responsáveis | 742/1707 (43.5%) | Falhas: 0
12:12:32 | INFO     | [12:12:32] ✅ DONE | 793927 | 0 responsáveis | 743/1707 (43.5%) | Falhas: 0
12:12:32 | INFO     | [12:12:32] ✅ DONE | 793928 | 0 responsáveis | 744/1707 (43.6%) | Falhas: 0
12:12:32 | INFO     | [12:12:32] ✅ DONE | 795761 | 0 responsáveis | 745/1707 (43.6%) | Falhas: 0
12:12:32 | INFO     | [12:12:32] ✅ DONE | 806376 | 0 responsáveis | 746/1707 (43.7%) | Falhas: 0
12:12:32 | INFO     | [12:12:32] ✅ DONE | 806377 | 0 responsáveis | 747/1707 (43.8%) | Falhas: 0
12:12:32 | INFO     | [12:12:32] ✅ DONE | 802994 | 0 responsáveis | 748/1707 (43.8%) | Falhas: 0
12:12:32 | INFO     | [12:12:32] ✅ DONE | 806378 | 0 responsáveis | 749/1707 (43.9%) | Falhas: 0
12:12:32 | INFO     | [12:12:32] ✅ DONE | 815513 | 0 responsáveis | 750/1707 (43.9%) | Falhas: 0
12:12:32 | INFO     | [12:12:32] ✅ DONE | 806379 | 0 responsáveis | 751/1707 (44.0%) | Falhas: 0
12:12:32 | INFO     | [12:12:32] ✅ DONE | 815514 | 0 responsáveis | 752/1707 (44.1%) | Falhas: 0
12:12:32 | INFO     | [12:12:32] ✅ DONE | 823229 | 0 responsáveis | 753/1707 (44.1%) | Falhas: 0
12:12:32 | INFO     | [12:12:32] ✅ DONE | 823230 | 0 responsáveis | 754/1707 (44.2%) | Falhas: 0
12:12:32 | INFO     | [12:12:32] ✅ DONE | 823232 | 0 responsáveis | 755/1707 (44.2%) | Falhas: 0
12:12:32 | INFO     | [12:12:32] ✅ DONE | 823231 | 0 responsáveis | 756/1707 (44.3%) | Falhas: 0
12:12:32 | INFO     | [12:12:32] ✅ DONE | 836281 | 0 responsáveis | 757/1707 (44.3%) | Falhas: 0
12:12:33 | INFO     | [12:12:33] ✅ DONE | 836282 | 0 responsáveis | 758/1707 (44.4%) | Falhas: 0
12:12:33 | INFO     | [12:12:33] ✅ DONE | 836283 | 0 responsáveis | 759/1707 (44.5%) | Falhas: 0
12:12:33 | INFO     | [12:12:33] ✅ DONE | 838415 | 0 responsáveis | 760/1707 (44.5%) | Falhas: 0
12:12:33 | INFO     | [12:12:33] ✅ DONE | 867078 | 1 responsáveis | 761/1707 (44.6%) | Falhas: 0
12:12:33 | INFO     | [12:12:33] ✅ DONE | 895832 | 0 responsáveis | 762/1707 (44.6%) | Falhas: 0
12:12:33 | INFO     | [12:12:33] ✅ DONE | 857289 | 0 responsáveis | 763/1707 (44.7%) | Falhas: 0
12:12:33 | INFO     | [12:12:33] ✅ DONE | 857287 | 0 responsáveis | 764/1707 (44.8%) | Falhas: 0
12:12:33 | INFO     | [12:12:33] ✅ DONE | 902859 | 0 responsáveis | 765/1707 (44.8%) | Falhas: 0
12:12:33 | INFO     | [12:12:33] ✅ DONE | 857288 | 0 responsáveis | 766/1707 (44.9%) | Falhas: 0
12:12:33 | INFO     | [12:12:33] ✅ DONE | 902894 | 0 responsáveis | 767/1707 (44.9%) | Falhas: 0
12:12:33 | INFO     | [12:12:33] ✅ DONE | 902904 | 0 responsáveis | 768/1707 (45.0%) | Falhas: 0
12:12:33 | INFO     | [12:12:33] ✅ DONE | 907788 | 0 responsáveis | 769/1707 (45.0%) | Falhas: 0
12:12:33 | INFO     | [12:12:33] ✅ DONE | 920294 | 0 responsáveis | 770/1707 (45.1%) | Falhas: 0
12:12:33 | INFO     | [12:12:33] ✅ DONE | 922010 | 0 responsáveis | 771/1707 (45.2%) | Falhas: 0
12:12:33 | INFO     | [12:12:33] ✅ DONE | 926556 | 0 responsáveis | 772/1707 (45.2%) | Falhas: 0
12:12:33 | INFO     | [12:12:33] ✅ DONE | 932457 | 0 responsáveis | 773/1707 (45.3%) | Falhas: 0
12:12:33 | INFO     | [12:12:33] ✅ DONE | 942592 | 0 responsáveis | 774/1707 (45.3%) | Falhas: 0
12:12:34 | INFO     | [12:12:34] ✅ DONE | 951563 | 0 responsáveis | 775/1707 (45.4%) | Falhas: 0
12:12:34 | INFO     | [12:12:34] ✅ DONE | 29365 | 0 responsáveis | 776/1707 (45.5%) | Falhas: 0
12:12:34 | INFO     | [12:12:34] ✅ DONE | 975172 | 0 responsáveis | 777/1707 (45.5%) | Falhas: 0
12:12:34 | INFO     | [12:12:34] ✅ DONE | 168940 | 0 responsáveis | 778/1707 (45.6%) | Falhas: 0
12:12:34 | INFO     | [12:12:34] ✅ DONE | 88680 | 0 responsáveis | 779/1707 (45.6%) | Falhas: 0
12:12:34 | INFO     | [12:12:34] ✅ DONE | 113995 | 6 responsáveis | 780/1707 (45.7%) | Falhas: 0
12:12:34 | INFO     | [12:12:34] ✅ DONE | 164359 | 25 responsáveis | 781/1707 (45.8%) | Falhas: 0
12:12:34 | INFO     | [12:12:34] ✅ DONE | 189314 | 7 responsáveis | 782/1707 (45.8%) | Falhas: 0
12:12:34 | INFO     | [12:12:34] ✅ DONE | 208144 | 6 responsáveis | 783/1707 (45.9%) | Falhas: 0
12:12:34 | INFO     | [12:12:34] ✅ DONE | 233894 | 14 responsáveis | 784/1707 (45.9%) | Falhas: 0
12:12:34 | INFO     | [12:12:34] ✅ DONE | 259545 | 16 responsáveis | 785/1707 (46.0%) | Falhas: 0
12:12:34 | INFO     | [12:12:34] ✅ DONE | 258935 | 24 responsáveis | 786/1707 (46.0%) | Falhas: 0
12:12:34 | INFO     | [12:12:34] ✅ DONE | 309915 | 5 responsáveis | 787/1707 (46.1%) | Falhas: 0
12:12:34 | INFO     | [12:12:34] ✅ DONE | 317330 | 19 responsáveis | 788/1707 (46.2%) | Falhas: 0
12:12:34 | INFO     | [12:12:34] ✅ DONE | 399523 | 0 responsáveis | 789/1707 (46.2%) | Falhas: 0
12:12:35 | INFO     | [12:12:35] ✅ DONE | 446442 | 0 responsáveis | 790/1707 (46.3%) | Falhas: 0
12:12:35 | INFO     | [12:12:35] ✅ DONE | 446616 | 0 responsáveis | 791/1707 (46.3%) | Falhas: 0
12:12:35 | INFO     | [12:12:35] ✅ DONE | 447567 | 0 responsáveis | 792/1707 (46.4%) | Falhas: 0
12:12:35 | INFO     | [12:12:35] ✅ DONE | 430157 | 15 responsáveis | 793/1707 (46.5%) | Falhas: 0
12:12:35 | INFO     | [12:12:35] ✅ DONE | 447575 | 0 responsáveis | 794/1707 (46.5%) | Falhas: 0
12:12:35 | INFO     | [12:12:35] ✅ DONE | 447576 | 0 responsáveis | 795/1707 (46.6%) | Falhas: 0
12:12:35 | INFO     | [12:12:35] ✅ DONE | 447577 | 0 responsáveis | 796/1707 (46.6%) | Falhas: 0
12:12:35 | INFO     | [12:12:35] ✅ DONE | 447579 | 0 responsáveis | 797/1707 (46.7%) | Falhas: 0
12:12:35 | INFO     | [12:12:35] ✅ DONE | 447580 | 0 responsáveis | 798/1707 (46.7%) | Falhas: 0
12:12:35 | INFO     | [12:12:35] ✅ DONE | 447578 | 0 responsáveis | 799/1707 (46.8%) | Falhas: 0
12:12:35 | INFO     | [12:12:35] ✅ DONE | 447581 | 0 responsáveis | 800/1707 (46.9%) | Falhas: 0
12:12:35 | INFO     | [12:12:35] ✅ DONE | 447582 | 0 responsáveis | 801/1707 (46.9%) | Falhas: 0
12:12:35 | INFO     | [12:12:35] ✅ DONE | 447583 | 0 responsáveis | 802/1707 (47.0%) | Falhas: 0
12:12:35 | INFO     | [12:12:35] ✅ DONE | 447584 | 0 responsáveis | 803/1707 (47.0%) | Falhas: 0
12:12:35 | INFO     | [12:12:35] ✅ DONE | 447585 | 0 responsáveis | 804/1707 (47.1%) | Falhas: 0
12:12:35 | INFO     | [12:12:35] ✅ DONE | 447586 | 0 responsáveis | 805/1707 (47.2%) | Falhas: 0
12:12:35 | INFO     | [12:12:35] ✅ DONE | 447587 | 0 responsáveis | 806/1707 (47.2%) | Falhas: 0
12:12:35 | INFO     | [12:12:35] ✅ DONE | 457721 | 0 responsáveis | 807/1707 (47.3%) | Falhas: 0
12:12:35 | INFO     | [12:12:35] ✅ DONE | 456003 | 0 responsáveis | 808/1707 (47.3%) | Falhas: 0
12:12:35 | INFO     | [12:12:35] ✅ DONE | 461486 | 0 responsáveis | 809/1707 (47.4%) | Falhas: 0
12:12:36 | INFO     | [12:12:36] ✅ DONE | 484998 | 0 responsáveis | 810/1707 (47.5%) | Falhas: 0
12:12:36 | INFO     | [12:12:36] ✅ DONE | 485091 | 0 responsáveis | 811/1707 (47.5%) | Falhas: 0
12:12:36 | INFO     | [12:12:36] ✅ DONE | 475903 | 0 responsáveis | 812/1707 (47.6%) | Falhas: 0
12:12:36 | INFO     | [12:12:36] ✅ DONE | 485403 | 0 responsáveis | 813/1707 (47.6%) | Falhas: 0
12:12:36 | INFO     | [12:12:36] ✅ DONE | 485557 | 0 responsáveis | 814/1707 (47.7%) | Falhas: 0
12:12:36 | INFO     | [12:12:36] ✅ DONE | 488264 | 0 responsáveis | 815/1707 (47.7%) | Falhas: 0
12:12:36 | INFO     | [12:12:36] ✅ DONE | 480080 | 25 responsáveis | 816/1707 (47.8%) | Falhas: 0
12:12:36 | INFO     | [12:12:36] ✅ DONE | 491846 | 0 responsáveis | 817/1707 (47.9%) | Falhas: 0
12:12:36 | INFO     | [12:12:36] ✅ DONE | 500090 | 0 responsáveis | 818/1707 (47.9%) | Falhas: 0
12:12:36 | INFO     | [12:12:36] ✅ DONE | 501416 | 0 responsáveis | 819/1707 (48.0%) | Falhas: 0
12:12:36 | INFO     | [12:12:36] ✅ DONE | 506115 | 0 responsáveis | 820/1707 (48.0%) | Falhas: 0
12:12:36 | INFO     | [12:12:36] ✅ DONE | 532473 | 0 responsáveis | 821/1707 (48.1%) | Falhas: 0
12:12:36 | INFO     | [12:12:36] ✅ DONE | 523118 | 0 responsáveis | 822/1707 (48.2%) | Falhas: 0
12:12:36 | INFO     | [12:12:36] ✅ DONE | 532566 | 0 responsáveis | 823/1707 (48.2%) | Falhas: 0
12:12:36 | INFO     | [12:12:36] ✅ DONE | 513653 | 6 responsáveis | 824/1707 (48.3%) | Falhas: 0
12:12:36 | INFO     | [12:12:36] ✅ DONE | 540287 | 0 responsáveis | 825/1707 (48.3%) | Falhas: 0
12:12:36 | INFO     | [12:12:36] ✅ DONE | 541291 | 0 responsáveis | 826/1707 (48.4%) | Falhas: 0
12:12:36 | INFO     | [12:12:36] ✅ DONE | 548082 | 0 responsáveis | 827/1707 (48.4%) | Falhas: 0
12:12:37 | INFO     | [12:12:37] ✅ DONE | 559042 | 0 responsáveis | 828/1707 (48.5%) | Falhas: 0
12:12:37 | INFO     | [12:12:37] ✅ DONE | 561633 | 0 responsáveis | 829/1707 (48.6%) | Falhas: 0
12:12:37 | INFO     | [12:12:37] ✅ DONE | 568908 | 4 responsáveis | 830/1707 (48.6%) | Falhas: 0
12:12:37 | INFO     | [12:12:37] ✅ DONE | 568906 | 4 responsáveis | 831/1707 (48.7%) | Falhas: 0
12:12:37 | INFO     | [12:12:37] ✅ DONE | 573272 | 0 responsáveis | 832/1707 (48.7%) | Falhas: 0
12:12:37 | INFO     | [12:12:37] ✅ DONE | 575301 | 0 responsáveis | 833/1707 (48.8%) | Falhas: 0
12:12:37 | INFO     | [12:12:37] ✅ DONE | 568904 | 4 responsáveis | 834/1707 (48.9%) | Falhas: 0
12:12:37 | INFO     | [12:12:37] ✅ DONE | 575316 | 0 responsáveis | 835/1707 (48.9%) | Falhas: 0
12:12:37 | INFO     | [12:12:37] ✅ DONE | 580338 | 0 responsáveis | 836/1707 (49.0%) | Falhas: 0
12:12:37 | INFO     | [12:12:37] ✅ DONE | 584182 | 0 responsáveis | 837/1707 (49.0%) | Falhas: 0
12:12:37 | INFO     | [12:12:37] ✅ DONE | 591501 | 0 responsáveis | 838/1707 (49.1%) | Falhas: 0
12:12:37 | INFO     | [12:12:37] ✅ DONE | 594201 | 0 responsáveis | 839/1707 (49.2%) | Falhas: 0
12:12:37 | INFO     | [12:12:37] ✅ DONE | 706202 | 0 responsáveis | 840/1707 (49.2%) | Falhas: 0
12:12:37 | INFO     | [12:12:37] ✅ DONE | 616289 | 4 responsáveis | 841/1707 (49.3%) | Falhas: 0
12:12:37 | INFO     | [12:12:37] ✅ DONE | 712318 | 0 responsáveis | 842/1707 (49.3%) | Falhas: 0
12:12:37 | INFO     | [12:12:37] ✅ DONE | 725107 | 0 responsáveis | 843/1707 (49.4%) | Falhas: 0
12:12:37 | INFO     | [12:12:37] ✅ DONE | 729792 | 0 responsáveis | 844/1707 (49.4%) | Falhas: 0
12:12:37 | INFO     | [12:12:37] ✅ DONE | 736665 | 0 responsáveis | 845/1707 (49.5%) | Falhas: 0
12:12:37 | INFO     | [12:12:37] ✅ DONE | 724134 | 8 responsáveis | 846/1707 (49.6%) | Falhas: 0
12:12:37 | INFO     | [12:12:37] ✅ DONE | 734369 | 0 responsáveis | 847/1707 (49.6%) | Falhas: 0
12:12:37 | INFO     | [12:12:37] ✅ DONE | 751128 | 0 responsáveis | 848/1707 (49.7%) | Falhas: 0
12:12:37 | INFO     | [12:12:37] ✅ DONE | 752615 | 0 responsáveis | 849/1707 (49.7%) | Falhas: 0
12:12:38 | INFO     | [12:12:38] ✅ DONE | 773226 | 0 responsáveis | 850/1707 (49.8%) | Falhas: 0
12:12:38 | INFO     | [12:12:38] ✅ DONE | 776797 | 0 responsáveis | 851/1707 (49.9%) | Falhas: 0
12:12:38 | INFO     | [12:12:38] ✅ DONE | 773305 | 0 responsáveis | 852/1707 (49.9%) | Falhas: 0
12:12:38 | INFO     | [12:12:38] ✅ DONE | 778433 | 0 responsáveis | 853/1707 (50.0%) | Falhas: 0
12:12:38 | INFO     | [12:12:38] ✅ DONE | 809741 | 4 responsáveis | 854/1707 (50.0%) | Falhas: 0
12:12:38 | INFO     | [12:12:38] ✅ DONE | 822185 | 0 responsáveis | 855/1707 (50.1%) | Falhas: 0
12:12:38 | INFO     | [12:12:38] ✅ DONE | 826022 | 0 responsáveis | 856/1707 (50.1%) | Falhas: 0
12:12:38 | INFO     | [12:12:38] ✅ DONE | 837285 | 4 responsáveis | 857/1707 (50.2%) | Falhas: 0
12:12:38 | INFO     | [12:12:38] ✅ DONE | 833219 | 4 responsáveis | 858/1707 (50.3%) | Falhas: 0
12:12:38 | INFO     | [12:12:38] ✅ DONE | 833230 | 4 responsáveis | 859/1707 (50.3%) | Falhas: 0
12:12:38 | INFO     | [12:12:38] ✅ DONE | 842989 | 4 responsáveis | 860/1707 (50.4%) | Falhas: 0
12:12:38 | INFO     | [12:12:38] ✅ DONE | 850260 | 4 responsáveis | 861/1707 (50.4%) | Falhas: 0
12:12:38 | INFO     | [12:12:38] ✅ DONE | 848634 | 4 responsáveis | 862/1707 (50.5%) | Falhas: 0
12:12:38 | INFO     | [12:12:38] ✅ DONE | 860456 | 4 responsáveis | 863/1707 (50.6%) | Falhas: 0
12:12:38 | INFO     | [12:12:38] ✅ DONE | 871620 | 6 responsáveis | 864/1707 (50.6%) | Falhas: 0
12:12:38 | INFO     | [12:12:38] ✅ DONE | 894610 | 0 responsáveis | 865/1707 (50.7%) | Falhas: 0
12:12:39 | INFO     | [12:12:39] ✅ DONE | 929226 | 0 responsáveis | 866/1707 (50.7%) | Falhas: 0
12:12:39 | INFO     | [12:12:39] ✅ DONE | 929537 | 0 responsáveis | 867/1707 (50.8%) | Falhas: 0
12:12:39 | INFO     | [12:12:39] ✅ DONE | 934137 | 0 responsáveis | 868/1707 (50.8%) | Falhas: 0
12:12:39 | INFO     | [12:12:39] ✅ DONE | 943831 | 0 responsáveis | 869/1707 (50.9%) | Falhas: 0
12:12:39 | INFO     | [12:12:39] ✅ DONE | 948323 | 0 responsáveis | 870/1707 (51.0%) | Falhas: 0
12:12:39 | INFO     | [12:12:39] ✅ DONE | 952575 | 0 responsáveis | 871/1707 (51.0%) | Falhas: 0
12:12:39 | INFO     | [12:12:39] ✅ DONE | 26827 | 0 responsáveis | 872/1707 (51.1%) | Falhas: 0
12:12:39 | INFO     | [12:12:39] ✅ DONE | 14953 | 0 responsáveis | 873/1707 (51.1%) | Falhas: 0
12:12:39 | INFO     | [12:12:39] ✅ DONE | 10342 | 2 responsáveis | 874/1707 (51.2%) | Falhas: 0
12:12:39 | INFO     | [12:12:39] ✅ DONE | 72020 | 0 responsáveis | 875/1707 (51.3%) | Falhas: 0
12:12:39 | INFO     | [12:12:39] ✅ DONE | 29851 | 0 responsáveis | 876/1707 (51.3%) | Falhas: 0
12:12:39 | INFO     | [12:12:39] ✅ DONE | 20559 | 0 responsáveis | 877/1707 (51.4%) | Falhas: 0
12:12:39 | INFO     | [12:12:39] ✅ DONE | 29852 | 0 responsáveis | 878/1707 (51.4%) | Falhas: 0
12:12:39 | INFO     | [12:12:39] ✅ DONE | 21812 | 4 responsáveis | 879/1707 (51.5%) | Falhas: 0
12:12:39 | INFO     | [12:12:39] ✅ DONE | 29915 | 0 responsáveis | 880/1707 (51.6%) | Falhas: 0
12:12:39 | INFO     | [12:12:39] ✅ DONE | 82432 | 2 responsáveis | 881/1707 (51.6%) | Falhas: 0
12:12:39 | INFO     | [12:12:39] ✅ DONE | 119715 | 5 responsáveis | 882/1707 (51.7%) | Falhas: 0
12:12:39 | INFO     | [12:12:39] ✅ DONE | 120576 | 0 responsáveis | 883/1707 (51.7%) | Falhas: 0
12:12:39 | INFO     | [12:12:39] ✅ DONE | 144476 | 0 responsáveis | 884/1707 (51.8%) | Falhas: 0
12:12:40 | INFO     | [12:12:40] ✅ DONE | 145634 | 0 responsáveis | 885/1707 (51.8%) | Falhas: 0
12:12:40 | INFO     | [12:12:40] ✅ DONE | 147490 | 0 responsáveis | 886/1707 (51.9%) | Falhas: 0
12:12:40 | INFO     | [12:12:40] ✅ DONE | 157052 | 2 responsáveis | 887/1707 (52.0%) | Falhas: 0
12:12:40 | INFO     | [12:12:40] ✅ DONE | 174778 | 4 responsáveis | 888/1707 (52.0%) | Falhas: 0
12:12:40 | INFO     | [12:12:40] ✅ DONE | 173787 | 0 responsáveis | 889/1707 (52.1%) | Falhas: 0
12:12:40 | INFO     | [12:12:40] ✅ DONE | 254798 | 1 responsáveis | 890/1707 (52.1%) | Falhas: 0
12:12:40 | INFO     | [12:12:40] ✅ DONE | 446209 | 1 responsáveis | 891/1707 (52.2%) | Falhas: 0
12:12:40 | INFO     | [12:12:40] ✅ DONE | 206208 | 4 responsáveis | 892/1707 (52.3%) | Falhas: 0
12:12:40 | INFO     | [12:12:40] ✅ DONE | 446589 | 2 responsáveis | 893/1707 (52.3%) | Falhas: 0
12:12:40 | INFO     | [12:12:40] ✅ DONE | 450466 | 0 responsáveis | 894/1707 (52.4%) | Falhas: 0
12:12:40 | INFO     | [12:12:40] ✅ DONE | 451530 | 0 responsáveis | 895/1707 (52.4%) | Falhas: 0
12:12:40 | INFO     | [12:12:40] ✅ DONE | 451662 | 0 responsáveis | 896/1707 (52.5%) | Falhas: 0
12:12:40 | INFO     | [12:12:40] ✅ DONE | 451742 | 0 responsáveis | 897/1707 (52.5%) | Falhas: 0
12:12:40 | INFO     | [12:12:40] ✅ DONE | 451963 | 0 responsáveis | 898/1707 (52.6%) | Falhas: 0
12:12:40 | INFO     | [12:12:40] ✅ DONE | 451874 | 0 responsáveis | 899/1707 (52.7%) | Falhas: 0
12:12:40 | INFO     | [12:12:40] ✅ DONE | 452131 | 0 responsáveis | 900/1707 (52.7%) | Falhas: 0
12:12:40 | INFO     | [12:12:40] ✅ DONE | 452708 | 0 responsáveis | 901/1707 (52.8%) | Falhas: 0
12:12:41 | INFO     | [12:12:41] ✅ DONE | 452712 | 0 responsáveis | 902/1707 (52.8%) | Falhas: 0
12:12:41 | INFO     | [12:12:41] ✅ DONE | 471390 | 0 responsáveis | 903/1707 (52.9%) | Falhas: 0
12:12:41 | INFO     | [12:12:41] ✅ DONE | 479340 | 0 responsáveis | 904/1707 (53.0%) | Falhas: 0
12:12:41 | INFO     | [12:12:41] ✅ DONE | 471443 | 0 responsáveis | 905/1707 (53.0%) | Falhas: 0
12:12:41 | INFO     | [12:12:41] ✅ DONE | 479725 | 0 responsáveis | 906/1707 (53.1%) | Falhas: 0
12:12:41 | INFO     | [12:12:41] ✅ DONE | 484344 | 0 responsáveis | 907/1707 (53.1%) | Falhas: 0
12:12:41 | INFO     | [12:12:41] ✅ DONE | 483875 | 1 responsáveis | 908/1707 (53.2%) | Falhas: 0
12:12:41 | INFO     | [12:12:41] ✅ DONE | 483888 | 0 responsáveis | 909/1707 (53.3%) | Falhas: 0
12:12:41 | INFO     | [12:12:41] ✅ DONE | 486149 | 1 responsáveis | 910/1707 (53.3%) | Falhas: 0
12:12:41 | INFO     | [12:12:41] ✅ DONE | 495093 | 0 responsáveis | 911/1707 (53.4%) | Falhas: 0
12:12:41 | INFO     | [12:12:41] ✅ DONE | 499114 | 0 responsáveis | 912/1707 (53.4%) | Falhas: 0
12:12:41 | INFO     | [12:12:41] ✅ DONE | 500050 | 0 responsáveis | 913/1707 (53.5%) | Falhas: 0
12:12:41 | INFO     | [12:12:41] ✅ DONE | 500213 | 0 responsáveis | 914/1707 (53.5%) | Falhas: 0
12:12:41 | INFO     | [12:12:41] ✅ DONE | 520408 | 2 responsáveis | 915/1707 (53.6%) | Falhas: 0
12:12:41 | INFO     | [12:12:41] ✅ DONE | 531486 | 0 responsáveis | 916/1707 (53.7%) | Falhas: 0
12:12:42 | INFO     | [12:12:42] ✅ DONE | 559219 | 0 responsáveis | 917/1707 (53.7%) | Falhas: 0
12:12:42 | INFO     | [12:12:42] ✅ DONE | 566432 | 0 responsáveis | 918/1707 (53.8%) | Falhas: 0
12:12:42 | INFO     | [12:12:42] ✅ DONE | 577169 | 0 responsáveis | 919/1707 (53.8%) | Falhas: 0
12:12:42 | INFO     | [12:12:42] ✅ DONE | 577280 | 0 responsáveis | 920/1707 (53.9%) | Falhas: 0
12:12:42 | INFO     | [12:12:42] ✅ DONE | 565567 | 0 responsáveis | 921/1707 (54.0%) | Falhas: 0
12:12:42 | INFO     | [12:12:42] ✅ DONE | 609937 | 0 responsáveis | 922/1707 (54.0%) | Falhas: 0
12:12:42 | INFO     | [12:12:42] ✅ DONE | 585317 | 2 responsáveis | 923/1707 (54.1%) | Falhas: 0
12:12:42 | INFO     | [12:12:42] ✅ DONE | 615323 | 0 responsáveis | 924/1707 (54.1%) | Falhas: 0
12:12:42 | INFO     | [12:12:42] ✅ DONE | 639389 | 0 responsáveis | 925/1707 (54.2%) | Falhas: 0
12:12:42 | INFO     | [12:12:42] ✅ DONE | 669647 | 0 responsáveis | 926/1707 (54.2%) | Falhas: 0
12:12:42 | INFO     | [12:12:42] ✅ DONE | 656499 | 0 responsáveis | 927/1707 (54.3%) | Falhas: 0
12:12:42 | INFO     | [12:12:42] ✅ DONE | 694791 | 0 responsáveis | 928/1707 (54.4%) | Falhas: 0
12:12:42 | INFO     | [12:12:42] ✅ DONE | 694909 | 0 responsáveis | 929/1707 (54.4%) | Falhas: 0
12:12:42 | INFO     | [12:12:42] ✅ DONE | 702157 | 0 responsáveis | 930/1707 (54.5%) | Falhas: 0
12:12:42 | INFO     | [12:12:42] ✅ DONE | 702189 | 0 responsáveis | 931/1707 (54.5%) | Falhas: 0
12:12:42 | INFO     | [12:12:42] ✅ DONE | 702552 | 0 responsáveis | 932/1707 (54.6%) | Falhas: 0
12:12:43 | INFO     | [12:12:43] ✅ DONE | 702602 | 0 responsáveis | 933/1707 (54.7%) | Falhas: 0
12:12:43 | INFO     | [12:12:43] ✅ DONE | 702645 | 0 responsáveis | 934/1707 (54.7%) | Falhas: 0
12:12:43 | INFO     | [12:12:43] ✅ DONE | 702752 | 0 responsáveis | 935/1707 (54.8%) | Falhas: 0
12:12:43 | INFO     | [12:12:43] ✅ DONE | 702819 | 0 responsáveis | 936/1707 (54.8%) | Falhas: 0
12:12:43 | INFO     | [12:12:43] ✅ DONE | 702682 | 0 responsáveis | 937/1707 (54.9%) | Falhas: 0
12:12:43 | INFO     | [12:12:43] ✅ DONE | 745005 | 0 responsáveis | 938/1707 (55.0%) | Falhas: 0
12:12:43 | INFO     | [12:12:43] ✅ DONE | 732884 | 0 responsáveis | 939/1707 (55.0%) | Falhas: 0
12:12:43 | INFO     | [12:12:43] ✅ DONE | 745029 | 0 responsáveis | 940/1707 (55.1%) | Falhas: 0
12:12:43 | INFO     | [12:12:43] ✅ DONE | 751322 | 0 responsáveis | 941/1707 (55.1%) | Falhas: 0
12:12:43 | INFO     | [12:12:43] ✅ DONE | 748263 | 0 responsáveis | 942/1707 (55.2%) | Falhas: 0
12:12:43 | INFO     | [12:12:43] ✅ DONE | 758104 | 0 responsáveis | 943/1707 (55.2%) | Falhas: 0
12:12:43 | INFO     | [12:12:43] ✅ DONE | 758619 | 2 responsáveis | 944/1707 (55.3%) | Falhas: 0
12:12:43 | INFO     | [12:12:43] ✅ DONE | 761771 | 0 responsáveis | 945/1707 (55.4%) | Falhas: 0
12:12:43 | INFO     | [12:12:43] ✅ DONE | 761773 | 0 responsáveis | 946/1707 (55.4%) | Falhas: 0
12:12:43 | INFO     | [12:12:43] ✅ DONE | 806579 | 0 responsáveis | 947/1707 (55.5%) | Falhas: 0
12:12:44 | INFO     | [12:12:44] ✅ DONE | 806617 | 0 responsáveis | 948/1707 (55.5%) | Falhas: 0
12:12:44 | INFO     | [12:12:44] ✅ DONE | 806665 | 0 responsáveis | 949/1707 (55.6%) | Falhas: 0
12:12:44 | INFO     | [12:12:44] ✅ DONE | 807721 | 0 responsáveis | 950/1707 (55.7%) | Falhas: 0
12:12:44 | INFO     | [12:12:44] ✅ DONE | 807730 | 0 responsáveis | 951/1707 (55.7%) | Falhas: 0
12:12:44 | INFO     | [12:12:44] ✅ DONE | 807839 | 0 responsáveis | 952/1707 (55.8%) | Falhas: 0
12:12:44 | INFO     | [12:12:44] ✅ DONE | 809514 | 0 responsáveis | 953/1707 (55.8%) | Falhas: 0
12:12:44 | INFO     | [12:12:44] ✅ DONE | 811947 | 0 responsáveis | 954/1707 (55.9%) | Falhas: 0
12:12:44 | INFO     | [12:12:44] ✅ DONE | 811963 | 0 responsáveis | 955/1707 (55.9%) | Falhas: 0
12:12:44 | INFO     | [12:12:44] ✅ DONE | 828387 | 0 responsáveis | 956/1707 (56.0%) | Falhas: 0
12:12:44 | INFO     | [12:12:44] ✅ DONE | 823043 | 0 responsáveis | 957/1707 (56.1%) | Falhas: 0
12:12:44 | INFO     | [12:12:44] ✅ DONE | 811977 | 0 responsáveis | 958/1707 (56.1%) | Falhas: 0
12:12:44 | INFO     | [12:12:44] ✅ DONE | 811981 | 0 responsáveis | 959/1707 (56.2%) | Falhas: 0
12:12:44 | INFO     | [12:12:44] ✅ DONE | 827376 | 0 responsáveis | 960/1707 (56.2%) | Falhas: 0
12:12:44 | INFO     | [12:12:44] ✅ DONE | 829788 | 2 responsáveis | 961/1707 (56.3%) | Falhas: 0
12:12:44 | INFO     | [12:12:44] ✅ DONE | 833172 | 0 responsáveis | 962/1707 (56.4%) | Falhas: 0
12:12:44 | INFO     | [12:12:44] ✅ DONE | 835534 | 0 responsáveis | 963/1707 (56.4%) | Falhas: 0
12:12:44 | INFO     | [12:12:44] ✅ DONE | 849547 | 0 responsáveis | 964/1707 (56.5%) | Falhas: 0
12:12:45 | INFO     | [12:12:45] ✅ DONE | 849721 | 0 responsáveis | 965/1707 (56.5%) | Falhas: 0
12:12:45 | INFO     | [12:12:45] ✅ DONE | 867070 | 0 responsáveis | 966/1707 (56.6%) | Falhas: 0
12:12:45 | INFO     | [12:12:45] ✅ DONE | 863851 | 0 responsáveis | 967/1707 (56.6%) | Falhas: 0
12:12:45 | INFO     | [12:12:45] ✅ DONE | 922375 | 0 responsáveis | 968/1707 (56.7%) | Falhas: 0
12:12:45 | INFO     | [12:12:45] ✅ DONE | 868399 | 0 responsáveis | 969/1707 (56.8%) | Falhas: 0
12:12:45 | INFO     | [12:12:45] ✅ DONE | 870783 | 0 responsáveis | 970/1707 (56.8%) | Falhas: 0
12:12:45 | INFO     | [12:12:45] ✅ DONE | 918482 | 0 responsáveis | 971/1707 (56.9%) | Falhas: 0
12:12:45 | INFO     | [12:12:45] ✅ DONE | 978644 | 0 responsáveis | 972/1707 (56.9%) | Falhas: 0
12:12:45 | INFO     | [12:12:45] ✅ DONE | 952563 | 0 responsáveis | 973/1707 (57.0%) | Falhas: 0
12:12:45 | INFO     | [12:12:45] ✅ DONE | 978484 | 0 responsáveis | 974/1707 (57.1%) | Falhas: 0
12:12:45 | INFO     | [12:12:45] ✅ DONE | 940753 | 0 responsáveis | 975/1707 (57.1%) | Falhas: 0
12:12:45 | INFO     | [12:12:45] ✅ DONE | 29919 | 0 responsáveis | 976/1707 (57.2%) | Falhas: 0
12:12:45 | INFO     | [12:12:45] ✅ DONE | 43163 | 0 responsáveis | 977/1707 (57.2%) | Falhas: 0
12:12:45 | INFO     | [12:12:45] ✅ DONE | 44097 | 0 responsáveis | 978/1707 (57.3%) | Falhas: 0
12:12:45 | INFO     | [12:12:45] ✅ DONE | 58223 | 6 responsáveis | 979/1707 (57.4%) | Falhas: 0
12:12:46 | INFO     | [12:12:46] ✅ DONE | 66166 | 0 responsáveis | 980/1707 (57.4%) | Falhas: 0
12:12:46 | INFO     | [12:12:46] ✅ DONE | 58494 | 0 responsáveis | 981/1707 (57.5%) | Falhas: 0
12:12:46 | INFO     | [12:12:46] ✅ DONE | 70569 | 0 responsáveis | 982/1707 (57.5%) | Falhas: 0
12:12:46 | INFO     | [12:12:46] ✅ DONE | 70590 | 0 responsáveis | 983/1707 (57.6%) | Falhas: 0
12:12:46 | INFO     | [12:12:46] ✅ DONE | 70599 | 0 responsáveis | 984/1707 (57.6%) | Falhas: 0
12:12:46 | INFO     | [12:12:46] ✅ DONE | 87430 | 0 responsáveis | 985/1707 (57.7%) | Falhas: 0
12:12:46 | INFO     | [12:12:46] ✅ DONE | 89041 | 0 responsáveis | 986/1707 (57.8%) | Falhas: 0
12:12:46 | INFO     | [12:12:46] ✅ DONE | 126839 | 0 responsáveis | 987/1707 (57.8%) | Falhas: 0
12:12:46 | INFO     | [12:12:46] ✅ DONE | 129005 | 1 responsáveis | 988/1707 (57.9%) | Falhas: 0
12:12:46 | INFO     | [12:12:46] ✅ DONE | 124020 | 0 responsáveis | 989/1707 (57.9%) | Falhas: 0
12:12:46 | INFO     | [12:12:46] ✅ DONE | 131999 | 0 responsáveis | 990/1707 (58.0%) | Falhas: 0
12:12:46 | INFO     | [12:12:46] ✅ DONE | 132571 | 8 responsáveis | 991/1707 (58.1%) | Falhas: 0
12:12:46 | INFO     | [12:12:46] ✅ DONE | 133054 | 1 responsáveis | 992/1707 (58.1%) | Falhas: 0
12:12:46 | INFO     | [12:12:46] ✅ DONE | 110076 | 47 responsáveis | 993/1707 (58.2%) | Falhas: 0
12:12:46 | INFO     | [12:12:46] ✅ DONE | 133252 | 27 responsáveis | 994/1707 (58.2%) | Falhas: 0
12:12:46 | INFO     | [12:12:46] ✅ DONE | 134993 | 0 responsáveis | 995/1707 (58.3%) | Falhas: 0
12:12:46 | INFO     | [12:12:46] ✅ DONE | 135664 | 0 responsáveis | 996/1707 (58.3%) | Falhas: 0
12:12:46 | INFO     | [12:12:46] ✅ DONE | 136610 | 0 responsáveis | 997/1707 (58.4%) | Falhas: 0
12:12:47 | INFO     | [12:12:47] ✅ DONE | 136741 | 0 responsáveis | 998/1707 (58.5%) | Falhas: 0
12:12:47 | INFO     | [12:12:47] ✅ DONE | 139144 | 0 responsáveis | 999/1707 (58.5%) | Falhas: 0
12:12:47 | INFO     | [12:12:47] ✅ DONE | 136750 | 0 responsáveis | 1000/1707 (58.6%) | Falhas: 0
12:12:47 | INFO     | [12:12:47] ✅ DONE | 139666 | 0 responsáveis | 1001/1707 (58.6%) | Falhas: 0
12:12:47 | INFO     | [12:12:47] ✅ DONE | 137395 | 0 responsáveis | 1002/1707 (58.7%) | Falhas: 0
12:12:47 | INFO     | [12:12:47] ✅ DONE | 144649 | 2 responsáveis | 1003/1707 (58.8%) | Falhas: 0
12:12:47 | INFO     | [12:12:47] ✅ DONE | 145506 | 0 responsáveis | 1004/1707 (58.8%) | Falhas: 0
12:12:47 | INFO     | [12:12:47] ✅ DONE | 156065 | 0 responsáveis | 1005/1707 (58.9%) | Falhas: 0
12:12:47 | INFO     | [12:12:47] ✅ DONE | 145522 | 2 responsáveis | 1006/1707 (58.9%) | Falhas: 0
12:12:47 | INFO     | [12:12:47] ✅ DONE | 151777 | 2 responsáveis | 1007/1707 (59.0%) | Falhas: 0
12:12:47 | INFO     | [12:12:47] ✅ DONE | 156214 | 0 responsáveis | 1008/1707 (59.1%) | Falhas: 0
12:12:47 | INFO     | [12:12:47] ✅ DONE | 158521 | 4 responsáveis | 1009/1707 (59.1%) | Falhas: 0
12:12:47 | INFO     | [12:12:47] ✅ DONE | 161186 | 0 responsáveis | 1010/1707 (59.2%) | Falhas: 0
12:12:47 | INFO     | [12:12:47] ✅ DONE | 160257 | 27 responsáveis | 1011/1707 (59.2%) | Falhas: 0
12:12:47 | INFO     | [12:12:47] ✅ DONE | 162891 | 0 responsáveis | 1012/1707 (59.3%) | Falhas: 0
12:12:47 | INFO     | [12:12:47] ✅ DONE | 163844 | 2 responsáveis | 1013/1707 (59.3%) | Falhas: 0
12:12:47 | INFO     | [12:12:47] ✅ DONE | 163107 | 0 responsáveis | 1014/1707 (59.4%) | Falhas: 0
12:12:48 | INFO     | [12:12:48] ✅ DONE | 163343 | 0 responsáveis | 1015/1707 (59.5%) | Falhas: 0
12:12:48 | INFO     | [12:12:48] ✅ DONE | 166962 | 0 responsáveis | 1016/1707 (59.5%) | Falhas: 0
12:12:48 | INFO     | [12:12:48] ✅ DONE | 163856 | 6 responsáveis | 1017/1707 (59.6%) | Falhas: 0
12:12:48 | INFO     | [12:12:48] ✅ DONE | 171989 | 0 responsáveis | 1018/1707 (59.6%) | Falhas: 0
12:12:48 | INFO     | [12:12:48] ✅ DONE | 172446 | 0 responsáveis | 1019/1707 (59.7%) | Falhas: 0
12:12:48 | INFO     | [12:12:48] ✅ DONE | 173910 | 0 responsáveis | 1020/1707 (59.8%) | Falhas: 0
12:12:48 | INFO     | [12:12:48] ✅ DONE | 181350 | 0 responsáveis | 1021/1707 (59.8%) | Falhas: 0
12:12:48 | INFO     | [12:12:48] ✅ DONE | 178950 | 0 responsáveis | 1022/1707 (59.9%) | Falhas: 0
12:12:48 | INFO     | [12:12:48] ✅ DONE | 179490 | 2 responsáveis | 1023/1707 (59.9%) | Falhas: 0
12:12:48 | INFO     | [12:12:48] ✅ DONE | 181506 | 0 responsáveis | 1024/1707 (60.0%) | Falhas: 0
12:12:48 | INFO     | [12:12:48] ✅ DONE | 181658 | 0 responsáveis | 1025/1707 (60.0%) | Falhas: 0
12:12:48 | INFO     | [12:12:48] ✅ DONE | 181745 | 0 responsáveis | 1026/1707 (60.1%) | Falhas: 0
12:12:48 | INFO     | [12:12:48] ✅ DONE | 182139 | 0 responsáveis | 1027/1707 (60.2%) | Falhas: 0
12:12:48 | INFO     | [12:12:48] ✅ DONE | 183990 | 0 responsáveis | 1028/1707 (60.2%) | Falhas: 0
12:12:48 | INFO     | [12:12:48] ✅ DONE | 183939 | 0 responsáveis | 1029/1707 (60.3%) | Falhas: 0
12:12:48 | INFO     | [12:12:48] ✅ DONE | 182154 | 0 responsáveis | 1030/1707 (60.3%) | Falhas: 0
12:12:48 | INFO     | [12:12:48] ✅ DONE | 184010 | 0 responsáveis | 1031/1707 (60.4%) | Falhas: 0
12:12:48 | INFO     | [12:12:48] ✅ DONE | 184019 | 0 responsáveis | 1032/1707 (60.5%) | Falhas: 0
12:12:48 | INFO     | [12:12:48] ✅ DONE | 186461 | 0 responsáveis | 1033/1707 (60.5%) | Falhas: 0
12:12:48 | INFO     | [12:12:48] ✅ DONE | 188966 | 0 responsáveis | 1034/1707 (60.6%) | Falhas: 0
12:12:48 | INFO     | [12:12:48] ✅ DONE | 186876 | 2 responsáveis | 1035/1707 (60.6%) | Falhas: 0
12:12:48 | INFO     | [12:12:48] ✅ DONE | 185707 | 2 responsáveis | 1036/1707 (60.7%) | Falhas: 0
12:12:49 | INFO     | [12:12:49] ✅ DONE | 189079 | 0 responsáveis | 1037/1707 (60.7%) | Falhas: 0
12:12:49 | INFO     | [12:12:49] ✅ DONE | 189095 | 4 responsáveis | 1038/1707 (60.8%) | Falhas: 0
12:12:49 | INFO     | [12:12:49] ✅ DONE | 189260 | 0 responsáveis | 1039/1707 (60.9%) | Falhas: 0
12:12:49 | INFO     | [12:12:49] ✅ DONE | 189318 | 0 responsáveis | 1040/1707 (60.9%) | Falhas: 0
12:12:49 | INFO     | [12:12:49] ✅ DONE | 189331 | 2 responsáveis | 1041/1707 (61.0%) | Falhas: 0
12:12:49 | INFO     | [12:12:49] ✅ DONE | 191318 | 4 responsáveis | 1042/1707 (61.0%) | Falhas: 0
12:12:49 | INFO     | [12:12:49] ✅ DONE | 192460 | 0 responsáveis | 1043/1707 (61.1%) | Falhas: 0
12:12:49 | INFO     | [12:12:49] ✅ DONE | 193505 | 4 responsáveis | 1044/1707 (61.2%) | Falhas: 0
12:12:49 | INFO     | [12:12:49] ✅ DONE | 192467 | 6 responsáveis | 1045/1707 (61.2%) | Falhas: 0
12:12:49 | INFO     | [12:12:49] ✅ DONE | 199358 | 0 responsáveis | 1046/1707 (61.3%) | Falhas: 0
12:12:49 | INFO     | [12:12:49] ✅ DONE | 202019 | 5 responsáveis | 1047/1707 (61.3%) | Falhas: 0
12:12:49 | INFO     | [12:12:49] ✅ DONE | 218161 | 0 responsáveis | 1048/1707 (61.4%) | Falhas: 0
12:12:49 | INFO     | [12:12:49] ✅ DONE | 220756 | 0 responsáveis | 1049/1707 (61.5%) | Falhas: 0
12:12:49 | INFO     | [12:12:49] ✅ DONE | 207044 | 0 responsáveis | 1050/1707 (61.5%) | Falhas: 0
12:12:49 | INFO     | [12:12:49] ✅ DONE | 227860 | 0 responsáveis | 1051/1707 (61.6%) | Falhas: 0
12:12:49 | INFO     | [12:12:49] ✅ DONE | 204632 | 8 responsáveis | 1052/1707 (61.6%) | Falhas: 0
12:12:49 | INFO     | [12:12:49] ✅ DONE | 225977 | 0 responsáveis | 1053/1707 (61.7%) | Falhas: 0
12:12:49 | INFO     | [12:12:49] ✅ DONE | 229546 | 5 responsáveis | 1054/1707 (61.7%) | Falhas: 0
12:12:49 | INFO     | [12:12:49] ✅ DONE | 235728 | 4 responsáveis | 1055/1707 (61.8%) | Falhas: 0
12:12:50 | INFO     | [12:12:50] ✅ DONE | 242123 | 2 responsáveis | 1056/1707 (61.9%) | Falhas: 0
12:12:50 | INFO     | [12:12:50] ✅ DONE | 243125 | 22 responsáveis | 1057/1707 (61.9%) | Falhas: 0
12:12:50 | INFO     | [12:12:50] ✅ DONE | 245845 | 0 responsáveis | 1058/1707 (62.0%) | Falhas: 0
12:12:50 | INFO     | [12:12:50] ✅ DONE | 247412 | 0 responsáveis | 1059/1707 (62.0%) | Falhas: 0
12:12:50 | INFO     | [12:12:50] ✅ DONE | 247338 | 0 responsáveis | 1060/1707 (62.1%) | Falhas: 0
12:12:50 | INFO     | [12:12:50] ✅ DONE | 250820 | 0 responsáveis | 1061/1707 (62.2%) | Falhas: 0
12:12:50 | INFO     | [12:12:50] ✅ DONE | 255911 | 3 responsáveis | 1062/1707 (62.2%) | Falhas: 0
12:12:50 | INFO     | [12:12:50] ✅ DONE | 258095 | 6 responsáveis | 1063/1707 (62.3%) | Falhas: 0
12:12:50 | INFO     | [12:12:50] ✅ DONE | 265149 | 0 responsáveis | 1064/1707 (62.3%) | Falhas: 0
12:12:50 | INFO     | [12:12:50] ✅ DONE | 265150 | 0 responsáveis | 1065/1707 (62.4%) | Falhas: 0
12:12:50 | INFO     | [12:12:50] ✅ DONE | 260775 | 0 responsáveis | 1066/1707 (62.4%) | Falhas: 0
12:12:50 | INFO     | [12:12:50] ✅ DONE | 300103 | 0 responsáveis | 1067/1707 (62.5%) | Falhas: 0
12:12:50 | INFO     | [12:12:50] ✅ DONE | 299993 | 0 responsáveis | 1068/1707 (62.6%) | Falhas: 0
12:12:50 | INFO     | [12:12:50] ✅ DONE | 258829 | 6 responsáveis | 1069/1707 (62.6%) | Falhas: 0
12:12:50 | INFO     | [12:12:50] ✅ DONE | 300116 | 0 responsáveis | 1070/1707 (62.7%) | Falhas: 0
12:12:50 | INFO     | [12:12:50] ✅ DONE | 286018 | 11 responsáveis | 1071/1707 (62.7%) | Falhas: 0
12:12:50 | INFO     | [12:12:50] ✅ DONE | 322665 | 0 responsáveis | 1072/1707 (62.8%) | Falhas: 0
12:12:51 | INFO     | [12:12:51] ✅ DONE | 322760 | 0 responsáveis | 1073/1707 (62.9%) | Falhas: 0
12:12:51 | INFO     | [12:12:51] ✅ DONE | 322761 | 0 responsáveis | 1074/1707 (62.9%) | Falhas: 0
12:12:51 | INFO     | [12:12:51] ✅ DONE | 333750 | 0 responsáveis | 1075/1707 (63.0%) | Falhas: 0
12:12:51 | INFO     | [12:12:51] ✅ DONE | 333791 | 0 responsáveis | 1076/1707 (63.0%) | Falhas: 0
12:12:51 | INFO     | [12:12:51] ✅ DONE | 346024 | 0 responsáveis | 1077/1707 (63.1%) | Falhas: 0
12:12:51 | INFO     | [12:12:51] ✅ DONE | 357259 | 0 responsáveis | 1078/1707 (63.2%) | Falhas: 0
12:12:51 | INFO     | [12:12:51] ✅ DONE | 351153 | 2 responsáveis | 1079/1707 (63.2%) | Falhas: 0
12:12:51 | INFO     | [12:12:51] ✅ DONE | 357227 | 0 responsáveis | 1080/1707 (63.3%) | Falhas: 0
12:12:51 | INFO     | [12:12:51] ✅ DONE | 359814 | 0 responsáveis | 1081/1707 (63.3%) | Falhas: 0
12:12:51 | INFO     | [12:12:51] ✅ DONE | 362445 | 0 responsáveis | 1082/1707 (63.4%) | Falhas: 0
12:12:51 | INFO     | [12:12:51] ✅ DONE | 362431 | 0 responsáveis | 1083/1707 (63.4%) | Falhas: 0
12:12:51 | INFO     | [12:12:51] ✅ DONE | 366177 | 0 responsáveis | 1084/1707 (63.5%) | Falhas: 0
12:12:51 | INFO     | [12:12:51] ✅ DONE | 394239 | 0 responsáveis | 1085/1707 (63.6%) | Falhas: 0
12:12:51 | INFO     | [12:12:51] ✅ DONE | 362408 | 2 responsáveis | 1086/1707 (63.6%) | Falhas: 0
12:12:51 | INFO     | [12:12:51] ✅ DONE | 362397 | 2 responsáveis | 1087/1707 (63.7%) | Falhas: 0
12:12:52 | INFO     | [12:12:52] ✅ DONE | 401047 | 0 responsáveis | 1088/1707 (63.7%) | Falhas: 0
12:12:52 | INFO     | [12:12:52] ✅ DONE | 403522 | 0 responsáveis | 1089/1707 (63.8%) | Falhas: 0
12:12:52 | INFO     | [12:12:52] ✅ DONE | 405437 | 0 responsáveis | 1090/1707 (63.9%) | Falhas: 0
12:12:52 | INFO     | [12:12:52] ✅ DONE | 401293 | 7 responsáveis | 1091/1707 (63.9%) | Falhas: 0
12:12:52 | INFO     | [12:12:52] ✅ DONE | 404330 | 0 responsáveis | 1092/1707 (64.0%) | Falhas: 0
12:12:52 | INFO     | [12:12:52] ✅ DONE | 407357 | 0 responsáveis | 1093/1707 (64.0%) | Falhas: 0
12:12:52 | INFO     | [12:12:52] ✅ DONE | 413928 | 0 responsáveis | 1094/1707 (64.1%) | Falhas: 0
12:12:52 | INFO     | [12:12:52] ✅ DONE | 418721 | 0 responsáveis | 1095/1707 (64.1%) | Falhas: 0
12:12:52 | INFO     | [12:12:52] ✅ DONE | 419151 | 0 responsáveis | 1096/1707 (64.2%) | Falhas: 0
12:12:52 | INFO     | [12:12:52] ✅ DONE | 423401 | 0 responsáveis | 1097/1707 (64.3%) | Falhas: 0
12:12:52 | INFO     | [12:12:52] ✅ DONE | 430007 | 0 responsáveis | 1098/1707 (64.3%) | Falhas: 0
12:12:52 | INFO     | [12:12:52] ✅ DONE | 430739 | 1 responsáveis | 1099/1707 (64.4%) | Falhas: 0
12:12:52 | INFO     | [12:12:52] ✅ DONE | 439866 | 0 responsáveis | 1100/1707 (64.4%) | Falhas: 0
12:12:52 | INFO     | [12:12:52] ✅ DONE | 421971 | 0 responsáveis | 1101/1707 (64.5%) | Falhas: 0
12:12:52 | INFO     | [12:12:52] ✅ DONE | 447521 | 0 responsáveis | 1102/1707 (64.6%) | Falhas: 0
12:12:53 | INFO     | [12:12:53] ✅ DONE | 447546 | 0 responsáveis | 1103/1707 (64.6%) | Falhas: 0
12:12:53 | INFO     | [12:12:53] ✅ DONE | 451017 | 0 responsáveis | 1104/1707 (64.7%) | Falhas: 0
12:12:53 | INFO     | [12:12:53] ✅ DONE | 455314 | 0 responsáveis | 1105/1707 (64.7%) | Falhas: 0
12:12:53 | INFO     | [12:12:53] ✅ DONE | 457621 | 2 responsáveis | 1106/1707 (64.8%) | Falhas: 0
12:12:53 | INFO     | [12:12:53] ✅ DONE | 471007 | 0 responsáveis | 1107/1707 (64.9%) | Falhas: 0
12:12:53 | INFO     | [12:12:53] ✅ DONE | 471308 | 0 responsáveis | 1108/1707 (64.9%) | Falhas: 0
12:12:53 | INFO     | [12:12:53] ✅ DONE | 471366 | 0 responsáveis | 1109/1707 (65.0%) | Falhas: 0
12:12:53 | INFO     | [12:12:53] ✅ DONE | 485292 | 0 responsáveis | 1110/1707 (65.0%) | Falhas: 0
12:12:53 | INFO     | [12:12:53] ✅ DONE | 477887 | 0 responsáveis | 1111/1707 (65.1%) | Falhas: 0
12:12:53 | INFO     | [12:12:53] ✅ DONE | 471604 | 1 responsáveis | 1112/1707 (65.1%) | Falhas: 0
12:12:53 | INFO     | [12:12:53] ✅ DONE | 496972 | 0 responsáveis | 1113/1707 (65.2%) | Falhas: 0
12:12:53 | INFO     | [12:12:53] ✅ DONE | 484388 | 0 responsáveis | 1114/1707 (65.3%) | Falhas: 0
12:12:53 | INFO     | [12:12:53] ✅ DONE | 484671 | 0 responsáveis | 1115/1707 (65.3%) | Falhas: 0
12:12:53 | INFO     | [12:12:53] ✅ DONE | 485855 | 0 responsáveis | 1116/1707 (65.4%) | Falhas: 0
12:12:53 | INFO     | [12:12:53] ✅ DONE | 491081 | 7 responsáveis | 1117/1707 (65.4%) | Falhas: 0
12:12:53 | INFO     | [12:12:53] ✅ DONE | 500958 | 0 responsáveis | 1118/1707 (65.5%) | Falhas: 0
12:12:54 | INFO     | [12:12:54] ✅ DONE | 502738 | 0 responsáveis | 1119/1707 (65.6%) | Falhas: 0
12:12:54 | INFO     | [12:12:54] ✅ DONE | 504034 | 0 responsáveis | 1120/1707 (65.6%) | Falhas: 0
12:12:54 | INFO     | [12:12:54] ✅ DONE | 502749 | 0 responsáveis | 1121/1707 (65.7%) | Falhas: 0
12:12:54 | INFO     | [12:12:54] ✅ DONE | 505238 | 0 responsáveis | 1122/1707 (65.7%) | Falhas: 0
12:12:54 | INFO     | [12:12:54] ✅ DONE | 506731 | 0 responsáveis | 1123/1707 (65.8%) | Falhas: 0
12:12:54 | INFO     | [12:12:54] ✅ DONE | 521527 | 0 responsáveis | 1124/1707 (65.8%) | Falhas: 0
12:12:54 | INFO     | [12:12:54] ✅ DONE | 524606 | 0 responsáveis | 1125/1707 (65.9%) | Falhas: 0
12:12:54 | INFO     | [12:12:54] ✅ DONE | 507290 | 0 responsáveis | 1126/1707 (66.0%) | Falhas: 0
12:12:54 | INFO     | [12:12:54] ✅ DONE | 521494 | 0 responsáveis | 1127/1707 (66.0%) | Falhas: 0
12:12:54 | INFO     | [12:12:54] ✅ DONE | 521565 | 0 responsáveis | 1128/1707 (66.1%) | Falhas: 0
12:12:54 | INFO     | [12:12:54] ✅ DONE | 524621 | 0 responsáveis | 1129/1707 (66.1%) | Falhas: 0
12:12:54 | INFO     | [12:12:54] ✅ DONE | 545273 | 8 responsáveis | 1130/1707 (66.2%) | Falhas: 0
12:12:54 | INFO     | [12:12:54] ✅ DONE | 538915 | 0 responsáveis | 1131/1707 (66.3%) | Falhas: 0
12:12:54 | INFO     | [12:12:54] ✅ DONE | 564411 | 0 responsáveis | 1132/1707 (66.3%) | Falhas: 0
12:12:54 | INFO     | [12:12:54] ✅ DONE | 563557 | 4 responsáveis | 1133/1707 (66.4%) | Falhas: 0
12:12:54 | INFO     | [12:12:54] ✅ DONE | 565001 | 0 responsáveis | 1134/1707 (66.4%) | Falhas: 0
12:12:55 | INFO     | [12:12:55] ✅ DONE | 565318 | 0 responsáveis | 1135/1707 (66.5%) | Falhas: 0
12:12:55 | INFO     | [12:12:55] ✅ DONE | 565359 | 0 responsáveis | 1136/1707 (66.5%) | Falhas: 0
12:12:55 | INFO     | [12:12:55] ✅ DONE | 566212 | 0 responsáveis | 1137/1707 (66.6%) | Falhas: 0
12:12:55 | INFO     | [12:12:55] ✅ DONE | 568228 | 2 responsáveis | 1138/1707 (66.7%) | Falhas: 0
12:12:55 | INFO     | [12:12:55] ✅ DONE | 582998 | 0 responsáveis | 1139/1707 (66.7%) | Falhas: 0
12:12:55 | INFO     | [12:12:55] ✅ DONE | 578420 | 0 responsáveis | 1140/1707 (66.8%) | Falhas: 0
12:12:55 | INFO     | [12:12:55] ✅ DONE | 582478 | 0 responsáveis | 1141/1707 (66.8%) | Falhas: 0
12:12:55 | INFO     | [12:12:55] ✅ DONE | 579676 | 0 responsáveis | 1142/1707 (66.9%) | Falhas: 0
12:12:55 | INFO     | [12:12:55] ✅ DONE | 585488 | 0 responsáveis | 1143/1707 (67.0%) | Falhas: 0
12:12:55 | INFO     | [12:12:55] ✅ DONE | 585050 | 0 responsáveis | 1144/1707 (67.0%) | Falhas: 0
12:12:55 | INFO     | [12:12:55] ✅ DONE | 585585 | 0 responsáveis | 1145/1707 (67.1%) | Falhas: 0
12:12:55 | INFO     | [12:12:55] ✅ DONE | 585657 | 0 responsáveis | 1146/1707 (67.1%) | Falhas: 0
12:12:55 | INFO     | [12:12:55] ✅ DONE | 589639 | 0 responsáveis | 1147/1707 (67.2%) | Falhas: 0
12:12:55 | INFO     | [12:12:55] ✅ DONE | 589617 | 0 responsáveis | 1148/1707 (67.3%) | Falhas: 0
12:12:55 | INFO     | [12:12:55] ✅ DONE | 590178 | 0 responsáveis | 1149/1707 (67.3%) | Falhas: 0
12:12:55 | INFO     | [12:12:55] ✅ DONE | 597556 | 0 responsáveis | 1150/1707 (67.4%) | Falhas: 0
12:12:55 | INFO     | [12:12:55] ✅ DONE | 600539 | 0 responsáveis | 1151/1707 (67.4%) | Falhas: 0
12:12:56 | INFO     | [12:12:56] ✅ DONE | 600568 | 7 responsáveis | 1152/1707 (67.5%) | Falhas: 0
12:12:56 | INFO     | [12:12:56] ✅ DONE | 600700 | 0 responsáveis | 1153/1707 (67.5%) | Falhas: 0
12:12:56 | INFO     | [12:12:56] ✅ DONE | 609350 | 0 responsáveis | 1154/1707 (67.6%) | Falhas: 0
12:12:56 | INFO     | [12:12:56] ✅ DONE | 603917 | 0 responsáveis | 1155/1707 (67.7%) | Falhas: 0
12:12:56 | INFO     | [12:12:56] ✅ DONE | 600586 | 8 responsáveis | 1156/1707 (67.7%) | Falhas: 0
12:12:56 | INFO     | [12:12:56] ✅ DONE | 609469 | 0 responsáveis | 1157/1707 (67.8%) | Falhas: 0
12:12:56 | INFO     | [12:12:56] ✅ DONE | 609575 | 0 responsáveis | 1158/1707 (67.8%) | Falhas: 0
12:12:56 | INFO     | [12:12:56] ✅ DONE | 619253 | 0 responsáveis | 1159/1707 (67.9%) | Falhas: 0
12:12:56 | INFO     | [12:12:56] ✅ DONE | 627279 | 0 responsáveis | 1160/1707 (68.0%) | Falhas: 0
12:12:56 | INFO     | [12:12:56] ✅ DONE | 628977 | 0 responsáveis | 1161/1707 (68.0%) | Falhas: 0
12:12:56 | INFO     | [12:12:56] ✅ DONE | 632635 | 0 responsáveis | 1162/1707 (68.1%) | Falhas: 0
12:12:56 | INFO     | [12:12:56] ✅ DONE | 633270 | 0 responsáveis | 1163/1707 (68.1%) | Falhas: 0
12:12:56 | INFO     | [12:12:56] ✅ DONE | 635910 | 0 responsáveis | 1164/1707 (68.2%) | Falhas: 0
12:12:56 | INFO     | [12:12:56] ✅ DONE | 649368 | 0 responsáveis | 1165/1707 (68.2%) | Falhas: 0
12:12:56 | INFO     | [12:12:56] ✅ DONE | 652096 | 0 responsáveis | 1166/1707 (68.3%) | Falhas: 0
12:12:57 | INFO     | [12:12:57] ✅ DONE | 657774 | 0 responsáveis | 1167/1707 (68.4%) | Falhas: 0
12:12:57 | INFO     | [12:12:57] ✅ DONE | 661307 | 0 responsáveis | 1168/1707 (68.4%) | Falhas: 0
12:12:57 | INFO     | [12:12:57] ✅ DONE | 664989 | 0 responsáveis | 1169/1707 (68.5%) | Falhas: 0
12:12:57 | INFO     | [12:12:57] ✅ DONE | 669064 | 0 responsáveis | 1170/1707 (68.5%) | Falhas: 0
12:12:57 | INFO     | [12:12:57] ✅ DONE | 674361 | 0 responsáveis | 1171/1707 (68.6%) | Falhas: 0
12:12:57 | INFO     | [12:12:57] ✅ DONE | 673180 | 0 responsáveis | 1172/1707 (68.7%) | Falhas: 0
12:12:57 | INFO     | [12:12:57] ✅ DONE | 671581 | 0 responsáveis | 1173/1707 (68.7%) | Falhas: 0
12:12:57 | INFO     | [12:12:57] ✅ DONE | 678713 | 0 responsáveis | 1174/1707 (68.8%) | Falhas: 0
12:12:57 | INFO     | [12:12:57] ✅ DONE | 679134 | 0 responsáveis | 1175/1707 (68.8%) | Falhas: 0
12:12:57 | INFO     | [12:12:57] ✅ DONE | 688900 | 0 responsáveis | 1176/1707 (68.9%) | Falhas: 0
12:12:57 | INFO     | [12:12:57] ✅ DONE | 689995 | 0 responsáveis | 1177/1707 (69.0%) | Falhas: 0
12:12:57 | INFO     | [12:12:57] ✅ DONE | 605832 | 12 responsáveis | 1178/1707 (69.0%) | Falhas: 0
12:12:57 | INFO     | [12:12:57] ✅ DONE | 693264 | 0 responsáveis | 1179/1707 (69.1%) | Falhas: 0
12:12:57 | INFO     | [12:12:57] ✅ DONE | 696457 | 0 responsáveis | 1180/1707 (69.1%) | Falhas: 0
12:12:57 | INFO     | [12:12:57] ✅ DONE | 701717 | 0 responsáveis | 1181/1707 (69.2%) | Falhas: 0
12:12:58 | INFO     | [12:12:58] ✅ DONE | 707316 | 0 responsáveis | 1182/1707 (69.2%) | Falhas: 0
12:12:58 | INFO     | [12:12:58] ✅ DONE | 705528 | 0 responsáveis | 1183/1707 (69.3%) | Falhas: 0
12:12:58 | INFO     | [12:12:58] ✅ DONE | 707317 | 0 responsáveis | 1184/1707 (69.4%) | Falhas: 0
12:12:58 | INFO     | [12:12:58] ✅ DONE | 707318 | 0 responsáveis | 1185/1707 (69.4%) | Falhas: 0
12:12:58 | INFO     | [12:12:58] ✅ DONE | 707322 | 0 responsáveis | 1186/1707 (69.5%) | Falhas: 0
12:12:58 | INFO     | [12:12:58] ✅ DONE | 707321 | 0 responsáveis | 1187/1707 (69.5%) | Falhas: 0
12:12:58 | INFO     | [12:12:58] ✅ DONE | 707320 | 0 responsáveis | 1188/1707 (69.6%) | Falhas: 0
12:12:58 | INFO     | [12:12:58] ✅ DONE | 707319 | 0 responsáveis | 1189/1707 (69.7%) | Falhas: 0
12:12:58 | INFO     | [12:12:58] ✅ DONE | 707323 | 0 responsáveis | 1190/1707 (69.7%) | Falhas: 0
12:12:58 | INFO     | [12:12:58] ✅ DONE | 707324 | 0 responsáveis | 1191/1707 (69.8%) | Falhas: 0
12:12:58 | INFO     | [12:12:58] ✅ DONE | 707325 | 0 responsáveis | 1192/1707 (69.8%) | Falhas: 0
12:12:58 | INFO     | [12:12:58] ✅ DONE | 707326 | 0 responsáveis | 1193/1707 (69.9%) | Falhas: 0
12:12:58 | INFO     | [12:12:58] ✅ DONE | 707327 | 0 responsáveis | 1194/1707 (69.9%) | Falhas: 0
12:12:58 | INFO     | [12:12:58] ✅ DONE | 707328 | 0 responsáveis | 1195/1707 (70.0%) | Falhas: 0
12:12:58 | INFO     | [12:12:58] ✅ DONE | 707329 | 0 responsáveis | 1196/1707 (70.1%) | Falhas: 0
12:12:58 | INFO     | [12:12:58] ✅ DONE | 707330 | 0 responsáveis | 1197/1707 (70.1%) | Falhas: 0
12:12:58 | INFO     | [12:12:58] ✅ DONE | 707331 | 0 responsáveis | 1198/1707 (70.2%) | Falhas: 0
12:12:58 | INFO     | [12:12:58] ✅ DONE | 707332 | 0 responsáveis | 1199/1707 (70.2%) | Falhas: 0
12:12:59 | INFO     | [12:12:59] ✅ DONE | 707333 | 0 responsáveis | 1200/1707 (70.3%) | Falhas: 0
12:12:59 | INFO     | [12:12:59] ✅ DONE | 707337 | 0 responsáveis | 1201/1707 (70.4%) | Falhas: 0
12:12:59 | INFO     | [12:12:59] ✅ DONE | 707335 | 0 responsáveis | 1202/1707 (70.4%) | Falhas: 0
12:12:59 | INFO     | [12:12:59] ✅ DONE | 707336 | 0 responsáveis | 1203/1707 (70.5%) | Falhas: 0
12:12:59 | INFO     | [12:12:59] ✅ DONE | 707334 | 0 responsáveis | 1204/1707 (70.5%) | Falhas: 0
12:12:59 | INFO     | [12:12:59] ✅ DONE | 707338 | 0 responsáveis | 1205/1707 (70.6%) | Falhas: 0
12:12:59 | INFO     | [12:12:59] ✅ DONE | 707340 | 0 responsáveis | 1206/1707 (70.7%) | Falhas: 0
12:12:59 | INFO     | [12:12:59] ✅ DONE | 707341 | 0 responsáveis | 1207/1707 (70.7%) | Falhas: 0
12:12:59 | INFO     | [12:12:59] ✅ DONE | 707342 | 0 responsáveis | 1208/1707 (70.8%) | Falhas: 0
12:12:59 | INFO     | [12:12:59] ✅ DONE | 707339 | 0 responsáveis | 1209/1707 (70.8%) | Falhas: 0
12:12:59 | INFO     | [12:12:59] ✅ DONE | 707344 | 0 responsáveis | 1210/1707 (70.9%) | Falhas: 0
12:12:59 | INFO     | [12:12:59] ✅ DONE | 707343 | 0 responsáveis | 1211/1707 (70.9%) | Falhas: 0
12:12:59 | INFO     | [12:12:59] ✅ DONE | 707345 | 0 responsáveis | 1212/1707 (71.0%) | Falhas: 0
12:12:59 | INFO     | [12:12:59] ✅ DONE | 707346 | 0 responsáveis | 1213/1707 (71.1%) | Falhas: 0
12:12:59 | INFO     | [12:12:59] ✅ DONE | 707347 | 0 responsáveis | 1214/1707 (71.1%) | Falhas: 0
12:12:59 | INFO     | [12:12:59] ✅ DONE | 707348 | 0 responsáveis | 1215/1707 (71.2%) | Falhas: 0
12:13:00 | INFO     | [12:13:00] ✅ DONE | 707350 | 0 responsáveis | 1216/1707 (71.2%) | Falhas: 0
12:13:00 | INFO     | [12:13:00] ✅ DONE | 707358 | 0 responsáveis | 1217/1707 (71.3%) | Falhas: 0
12:13:00 | INFO     | [12:13:00] ✅ DONE | 707355 | 0 responsáveis | 1218/1707 (71.4%) | Falhas: 0
12:13:00 | INFO     | [12:13:00] ✅ DONE | 707359 | 0 responsáveis | 1219/1707 (71.4%) | Falhas: 0
12:13:00 | INFO     | [12:13:00] ✅ DONE | 707356 | 0 responsáveis | 1220/1707 (71.5%) | Falhas: 0
12:13:00 | INFO     | [12:13:00] ✅ DONE | 707353 | 0 responsáveis | 1221/1707 (71.5%) | Falhas: 0
12:13:00 | INFO     | [12:13:00] ✅ DONE | 707357 | 0 responsáveis | 1222/1707 (71.6%) | Falhas: 0
12:13:00 | INFO     | [12:13:00] ✅ DONE | 707349 | 0 responsáveis | 1223/1707 (71.6%) | Falhas: 0
12:13:00 | INFO     | [12:13:00] ✅ DONE | 707351 | 0 responsáveis | 1224/1707 (71.7%) | Falhas: 0
12:13:00 | INFO     | [12:13:00] ✅ DONE | 707352 | 0 responsáveis | 1225/1707 (71.8%) | Falhas: 0
12:13:00 | INFO     | [12:13:00] ✅ DONE | 707354 | 0 responsáveis | 1226/1707 (71.8%) | Falhas: 0
12:13:00 | INFO     | [12:13:00] ✅ DONE | 707361 | 0 responsáveis | 1227/1707 (71.9%) | Falhas: 0
12:13:00 | INFO     | [12:13:00] ✅ DONE | 707360 | 0 responsáveis | 1228/1707 (71.9%) | Falhas: 0
12:13:00 | INFO     | [12:13:00] ✅ DONE | 707362 | 0 responsáveis | 1229/1707 (72.0%) | Falhas: 0
12:13:00 | INFO     | [12:13:00] ✅ DONE | 707363 | 0 responsáveis | 1230/1707 (72.1%) | Falhas: 0
12:13:01 | INFO     | [12:13:01] ✅ DONE | 707371 | 0 responsáveis | 1231/1707 (72.1%) | Falhas: 0
12:13:01 | INFO     | [12:13:01] ✅ DONE | 707364 | 0 responsáveis | 1232/1707 (72.2%) | Falhas: 0
12:13:01 | INFO     | [12:13:01] ✅ DONE | 707366 | 0 responsáveis | 1233/1707 (72.2%) | Falhas: 0
12:13:01 | INFO     | [12:13:01] ✅ DONE | 707365 | 0 responsáveis | 1234/1707 (72.3%) | Falhas: 0
12:13:01 | INFO     | [12:13:01] ✅ DONE | 707367 | 0 responsáveis | 1235/1707 (72.3%) | Falhas: 0
12:13:01 | INFO     | [12:13:01] ✅ DONE | 707372 | 0 responsáveis | 1236/1707 (72.4%) | Falhas: 0
12:13:01 | INFO     | [12:13:01] ✅ DONE | 707368 | 0 responsáveis | 1237/1707 (72.5%) | Falhas: 0
12:13:01 | INFO     | [12:13:01] ✅ DONE | 707369 | 0 responsáveis | 1238/1707 (72.5%) | Falhas: 0
12:13:01 | INFO     | [12:13:01] ✅ DONE | 707373 | 0 responsáveis | 1239/1707 (72.6%) | Falhas: 0
12:13:01 | INFO     | [12:13:01] ✅ DONE | 707370 | 0 responsáveis | 1240/1707 (72.6%) | Falhas: 0
12:13:01 | INFO     | [12:13:01] ✅ DONE | 707374 | 0 responsáveis | 1241/1707 (72.7%) | Falhas: 0
12:13:01 | INFO     | [12:13:01] ✅ DONE | 707375 | 0 responsáveis | 1242/1707 (72.8%) | Falhas: 0
12:13:01 | INFO     | [12:13:01] ✅ DONE | 707376 | 0 responsáveis | 1243/1707 (72.8%) | Falhas: 0
12:13:01 | INFO     | [12:13:01] ✅ DONE | 707377 | 0 responsáveis | 1244/1707 (72.9%) | Falhas: 0
12:13:01 | INFO     | [12:13:01] ✅ DONE | 707378 | 0 responsáveis | 1245/1707 (72.9%) | Falhas: 0
12:13:02 | INFO     | [12:13:02] ✅ DONE | 707379 | 0 responsáveis | 1246/1707 (73.0%) | Falhas: 0
12:13:02 | INFO     | [12:13:02] ✅ DONE | 707380 | 0 responsáveis | 1247/1707 (73.1%) | Falhas: 0
12:13:02 | INFO     | [12:13:02] ✅ DONE | 707382 | 0 responsáveis | 1248/1707 (73.1%) | Falhas: 0
12:13:02 | INFO     | [12:13:02] ✅ DONE | 707387 | 0 responsáveis | 1249/1707 (73.2%) | Falhas: 0
12:13:02 | INFO     | [12:13:02] ✅ DONE | 707384 | 0 responsáveis | 1250/1707 (73.2%) | Falhas: 0
12:13:02 | INFO     | [12:13:02] ✅ DONE | 707383 | 0 responsáveis | 1251/1707 (73.3%) | Falhas: 0
12:13:02 | INFO     | [12:13:02] ✅ DONE | 707381 | 0 responsáveis | 1252/1707 (73.3%) | Falhas: 0
12:13:02 | INFO     | [12:13:02] ✅ DONE | 707385 | 0 responsáveis | 1253/1707 (73.4%) | Falhas: 0
12:13:02 | INFO     | [12:13:02] ✅ DONE | 707386 | 0 responsáveis | 1254/1707 (73.5%) | Falhas: 0
12:13:02 | INFO     | [12:13:02] ✅ DONE | 707389 | 0 responsáveis | 1255/1707 (73.5%) | Falhas: 0
12:13:02 | INFO     | [12:13:02] ✅ DONE | 707390 | 0 responsáveis | 1256/1707 (73.6%) | Falhas: 0
12:13:02 | INFO     | [12:13:02] ✅ DONE | 707388 | 0 responsáveis | 1257/1707 (73.6%) | Falhas: 0
12:13:02 | INFO     | [12:13:02] ✅ DONE | 707391 | 0 responsáveis | 1258/1707 (73.7%) | Falhas: 0
12:13:02 | INFO     | [12:13:02] ✅ DONE | 707392 | 0 responsáveis | 1259/1707 (73.8%) | Falhas: 0
12:13:02 | INFO     | [12:13:02] ✅ DONE | 707393 | 0 responsáveis | 1260/1707 (73.8%) | Falhas: 0
12:13:03 | INFO     | [12:13:03] ✅ DONE | 707394 | 0 responsáveis | 1261/1707 (73.9%) | Falhas: 0
12:13:03 | INFO     | [12:13:03] ✅ DONE | 707401 | 0 responsáveis | 1262/1707 (73.9%) | Falhas: 0
12:13:03 | INFO     | [12:13:03] ✅ DONE | 707403 | 0 responsáveis | 1263/1707 (74.0%) | Falhas: 0
12:13:03 | INFO     | [12:13:03] ✅ DONE | 707406 | 0 responsáveis | 1264/1707 (74.0%) | Falhas: 0
12:13:03 | INFO     | [12:13:03] ✅ DONE | 707402 | 0 responsáveis | 1265/1707 (74.1%) | Falhas: 0
12:13:03 | INFO     | [12:13:03] ✅ DONE | 707395 | 0 responsáveis | 1266/1707 (74.2%) | Falhas: 0
12:13:03 | INFO     | [12:13:03] ✅ DONE | 707398 | 0 responsáveis | 1267/1707 (74.2%) | Falhas: 0
12:13:03 | INFO     | [12:13:03] ✅ DONE | 707405 | 0 responsáveis | 1268/1707 (74.3%) | Falhas: 0
12:13:03 | INFO     | [12:13:03] ✅ DONE | 707399 | 0 responsáveis | 1269/1707 (74.3%) | Falhas: 0
12:13:03 | INFO     | [12:13:03] ✅ DONE | 707396 | 0 responsáveis | 1270/1707 (74.4%) | Falhas: 0
12:13:03 | INFO     | [12:13:03] ✅ DONE | 707408 | 0 responsáveis | 1271/1707 (74.5%) | Falhas: 0
12:13:03 | INFO     | [12:13:03] ✅ DONE | 707404 | 0 responsáveis | 1272/1707 (74.5%) | Falhas: 0
12:13:03 | INFO     | [12:13:03] ✅ DONE | 707397 | 0 responsáveis | 1273/1707 (74.6%) | Falhas: 0
12:13:03 | INFO     | [12:13:03] ✅ DONE | 707407 | 0 responsáveis | 1274/1707 (74.6%) | Falhas: 0
12:13:03 | INFO     | [12:13:03] ✅ DONE | 707400 | 0 responsáveis | 1275/1707 (74.7%) | Falhas: 0
12:13:03 | INFO     | [12:13:03] ✅ DONE | 707409 | 0 responsáveis | 1276/1707 (74.8%) | Falhas: 0
12:13:04 | INFO     | [12:13:04] ✅ DONE | 707410 | 0 responsáveis | 1277/1707 (74.8%) | Falhas: 0
12:13:04 | INFO     | [12:13:04] ✅ DONE | 707414 | 0 responsáveis | 1278/1707 (74.9%) | Falhas: 0
12:13:04 | INFO     | [12:13:04] ✅ DONE | 707412 | 0 responsáveis | 1279/1707 (74.9%) | Falhas: 0
12:13:04 | INFO     | [12:13:04] ✅ DONE | 707416 | 0 responsáveis | 1280/1707 (75.0%) | Falhas: 0
12:13:04 | INFO     | [12:13:04] ✅ DONE | 707417 | 0 responsáveis | 1281/1707 (75.0%) | Falhas: 0
12:13:04 | INFO     | [12:13:04] ✅ DONE | 707421 | 0 responsáveis | 1282/1707 (75.1%) | Falhas: 0
12:13:04 | INFO     | [12:13:04] ✅ DONE | 707411 | 0 responsáveis | 1283/1707 (75.2%) | Falhas: 0
12:13:04 | INFO     | [12:13:04] ✅ DONE | 707422 | 0 responsáveis | 1284/1707 (75.2%) | Falhas: 0
12:13:04 | INFO     | [12:13:04] ✅ DONE | 707413 | 0 responsáveis | 1285/1707 (75.3%) | Falhas: 0
12:13:04 | INFO     | [12:13:04] ✅ DONE | 707420 | 0 responsáveis | 1286/1707 (75.3%) | Falhas: 0
12:13:04 | INFO     | [12:13:04] ✅ DONE | 707418 | 0 responsáveis | 1287/1707 (75.4%) | Falhas: 0
12:13:04 | INFO     | [12:13:04] ✅ DONE | 707419 | 0 responsáveis | 1288/1707 (75.5%) | Falhas: 0
12:13:04 | INFO     | [12:13:04] ✅ DONE | 707423 | 0 responsáveis | 1289/1707 (75.5%) | Falhas: 0
12:13:04 | INFO     | [12:13:04] ✅ DONE | 707415 | 0 responsáveis | 1290/1707 (75.6%) | Falhas: 0
12:13:04 | INFO     | ⚠️  Tentativa 1 (https://contratos.comprasnet.gov.br/api/contrato/707435/responsaveis): HTTPSConnectionPool(host='contratos.comprasnet.gov.br', port=443): Max retries exceeded with url: /api/contrato/707435/responsaveis (Caused by NewConnectionError("HTTPSConnection(host='contratos.comprasnet.gov.br', port=443): Failed to establish a new connection: [WinError 10048] Normalmente é permitida apenas uma utilização de cada endereço de soquete (protocolo/endereço de rede/porta)"))
12:13:04 | INFO     | [12:13:04] ✅ DONE | 707424 | 0 responsáveis | 1291/1707 (75.6%) | Falhas: 0
12:13:05 | INFO     | [12:13:05] ✅ DONE | 707431 | 0 responsáveis | 1292/1707 (75.7%) | Falhas: 0
12:13:05 | INFO     | [12:13:05] ✅ DONE | 707428 | 0 responsáveis | 1293/1707 (75.7%) | Falhas: 0
12:13:05 | INFO     | [12:13:05] ✅ DONE | 707427 | 0 responsáveis | 1294/1707 (75.8%) | Falhas: 0
12:13:05 | INFO     | [12:13:05] ✅ DONE | 707425 | 0 responsáveis | 1295/1707 (75.9%) | Falhas: 0
12:13:05 | INFO     | [12:13:05] ✅ DONE | 707430 | 0 responsáveis | 1296/1707 (75.9%) | Falhas: 0
12:13:05 | INFO     | [12:13:05] ✅ DONE | 707426 | 0 responsáveis | 1297/1707 (76.0%) | Falhas: 0
12:13:05 | INFO     | [12:13:05] ✅ DONE | 707429 | 0 responsáveis | 1298/1707 (76.0%) | Falhas: 0
12:13:05 | INFO     | [12:13:05] ✅ DONE | 707432 | 0 responsáveis | 1299/1707 (76.1%) | Falhas: 0
12:13:05 | INFO     | [12:13:05] ✅ DONE | 707433 | 0 responsáveis | 1300/1707 (76.2%) | Falhas: 0
12:13:05 | INFO     | [12:13:05] ✅ DONE | 707434 | 0 responsáveis | 1301/1707 (76.2%) | Falhas: 0
12:13:05 | INFO     | [12:13:05] ✅ DONE | 707437 | 0 responsáveis | 1302/1707 (76.3%) | Falhas: 0
12:13:05 | INFO     | [12:13:05] ✅ DONE | 707436 | 0 responsáveis | 1303/1707 (76.3%) | Falhas: 0
12:13:05 | INFO     | [12:13:05] ✅ DONE | 707438 | 0 responsáveis | 1304/1707 (76.4%) | Falhas: 0
12:13:05 | INFO     | [12:13:05] ✅ DONE | 707439 | 0 responsáveis | 1305/1707 (76.4%) | Falhas: 0
12:13:06 | INFO     | [12:13:06] ✅ DONE | 707445 | 0 responsáveis | 1306/1707 (76.5%) | Falhas: 0
12:13:06 | INFO     | [12:13:06] ✅ DONE | 707440 | 0 responsáveis | 1307/1707 (76.6%) | Falhas: 0
12:13:06 | INFO     | [12:13:06] ✅ DONE | 707449 | 0 responsáveis | 1308/1707 (76.6%) | Falhas: 0
12:13:06 | INFO     | [12:13:06] ✅ DONE | 707443 | 0 responsáveis | 1309/1707 (76.7%) | Falhas: 0
12:13:06 | INFO     | [12:13:06] ✅ DONE | 707442 | 0 responsáveis | 1310/1707 (76.7%) | Falhas: 0
12:13:06 | INFO     | [12:13:06] ✅ DONE | 707441 | 0 responsáveis | 1311/1707 (76.8%) | Falhas: 0
12:13:06 | INFO     | [12:13:06] ✅ DONE | 707450 | 0 responsáveis | 1312/1707 (76.9%) | Falhas: 0
12:13:06 | INFO     | [12:13:06] ✅ DONE | 707446 | 0 responsáveis | 1313/1707 (76.9%) | Falhas: 0
12:13:06 | INFO     | [12:13:06] ✅ DONE | 707444 | 0 responsáveis | 1314/1707 (77.0%) | Falhas: 0
12:13:06 | INFO     | [12:13:06] ✅ DONE | 707447 | 0 responsáveis | 1315/1707 (77.0%) | Falhas: 0
12:13:06 | INFO     | [12:13:06] ✅ DONE | 707453 | 0 responsáveis | 1316/1707 (77.1%) | Falhas: 0
12:13:06 | INFO     | [12:13:06] ✅ DONE | 707448 | 0 responsáveis | 1317/1707 (77.2%) | Falhas: 0
12:13:06 | INFO     | [12:13:06] ✅ DONE | 707452 | 0 responsáveis | 1318/1707 (77.2%) | Falhas: 0
12:13:06 | INFO     | [12:13:06] ✅ DONE | 707454 | 0 responsáveis | 1319/1707 (77.3%) | Falhas: 0
12:13:07 | INFO     | [12:13:07] ✅ DONE | 707468 | 0 responsáveis | 1320/1707 (77.3%) | Falhas: 0
12:13:07 | INFO     | [12:13:07] ✅ DONE | 707455 | 0 responsáveis | 1321/1707 (77.4%) | Falhas: 0
12:13:07 | INFO     | [12:13:07] ✅ DONE | 707464 | 0 responsáveis | 1322/1707 (77.4%) | Falhas: 0
12:13:07 | INFO     | [12:13:07] ✅ DONE | 707460 | 0 responsáveis | 1323/1707 (77.5%) | Falhas: 0
12:13:07 | INFO     | [12:13:07] ✅ DONE | 707456 | 0 responsáveis | 1324/1707 (77.6%) | Falhas: 0
12:13:07 | INFO     | [12:13:07] ✅ DONE | 707459 | 0 responsáveis | 1325/1707 (77.6%) | Falhas: 0
12:13:07 | INFO     | [12:13:07] ✅ DONE | 707463 | 0 responsáveis | 1326/1707 (77.7%) | Falhas: 0
12:13:07 | INFO     | [12:13:07] ✅ DONE | 707465 | 0 responsáveis | 1327/1707 (77.7%) | Falhas: 0
12:13:07 | INFO     | [12:13:07] ✅ DONE | 707462 | 0 responsáveis | 1328/1707 (77.8%) | Falhas: 0
12:13:07 | INFO     | [12:13:07] ✅ DONE | 707458 | 0 responsáveis | 1329/1707 (77.9%) | Falhas: 0
12:13:07 | INFO     | [12:13:07] ✅ DONE | 707461 | 0 responsáveis | 1330/1707 (77.9%) | Falhas: 0
12:13:07 | INFO     | [12:13:07] ✅ DONE | 707467 | 0 responsáveis | 1331/1707 (78.0%) | Falhas: 0
12:13:07 | INFO     | [12:13:07] ✅ DONE | 707457 | 0 responsáveis | 1332/1707 (78.0%) | Falhas: 0
12:13:07 | INFO     | [12:13:07] ✅ DONE | 707466 | 0 responsáveis | 1333/1707 (78.1%) | Falhas: 0
12:13:08 | INFO     | [12:13:08] ✅ DONE | 707469 | 0 responsáveis | 1334/1707 (78.1%) | Falhas: 0
12:13:08 | INFO     | [12:13:08] ✅ DONE | 707477 | 0 responsáveis | 1335/1707 (78.2%) | Falhas: 0
12:13:08 | INFO     | [12:13:08] ✅ DONE | 707470 | 0 responsáveis | 1336/1707 (78.3%) | Falhas: 0
12:13:08 | INFO     | [12:13:08] ✅ DONE | 707472 | 0 responsáveis | 1337/1707 (78.3%) | Falhas: 0
12:13:08 | INFO     | [12:13:08] ✅ DONE | 707480 | 0 responsáveis | 1338/1707 (78.4%) | Falhas: 0
12:13:08 | INFO     | [12:13:08] ✅ DONE | 707481 | 0 responsáveis | 1339/1707 (78.4%) | Falhas: 0
12:13:08 | INFO     | [12:13:08] ✅ DONE | 707475 | 0 responsáveis | 1340/1707 (78.5%) | Falhas: 0
12:13:08 | INFO     | [12:13:08] ✅ DONE | 707479 | 0 responsáveis | 1341/1707 (78.6%) | Falhas: 0
12:13:08 | INFO     | [12:13:08] ✅ DONE | 707474 | 0 responsáveis | 1342/1707 (78.6%) | Falhas: 0
12:13:08 | INFO     | [12:13:08] ✅ DONE | 707476 | 0 responsáveis | 1343/1707 (78.7%) | Falhas: 0
12:13:08 | INFO     | [12:13:08] ✅ DONE | 707471 | 0 responsáveis | 1344/1707 (78.7%) | Falhas: 0
12:13:08 | INFO     | [12:13:08] ✅ DONE | 707478 | 0 responsáveis | 1345/1707 (78.8%) | Falhas: 0
12:13:08 | INFO     | [12:13:08] ✅ DONE | 707473 | 0 responsáveis | 1346/1707 (78.9%) | Falhas: 0
12:13:08 | INFO     | [12:13:08] ✅ DONE | 707482 | 0 responsáveis | 1347/1707 (78.9%) | Falhas: 0
12:13:09 | INFO     | [12:13:09] ✅ DONE | 707484 | 0 responsáveis | 1348/1707 (79.0%) | Falhas: 0
12:13:09 | INFO     | [12:13:09] ✅ DONE | 707487 | 0 responsáveis | 1349/1707 (79.0%) | Falhas: 0
12:13:09 | INFO     | [12:13:09] ✅ DONE | 707486 | 0 responsáveis | 1350/1707 (79.1%) | Falhas: 0
12:13:09 | INFO     | [12:13:09] ✅ DONE | 707496 | 0 responsáveis | 1351/1707 (79.1%) | Falhas: 0
12:13:09 | INFO     | [12:13:09] ✅ DONE | 707488 | 0 responsáveis | 1352/1707 (79.2%) | Falhas: 0
12:13:09 | INFO     | [12:13:09] ✅ DONE | 707493 | 0 responsáveis | 1353/1707 (79.3%) | Falhas: 0
12:13:09 | INFO     | [12:13:09] ✅ DONE | 707491 | 0 responsáveis | 1354/1707 (79.3%) | Falhas: 0
12:13:09 | INFO     | [12:13:09] ✅ DONE | 707483 | 0 responsáveis | 1355/1707 (79.4%) | Falhas: 0
12:13:09 | INFO     | [12:13:09] ✅ DONE | 707495 | 0 responsáveis | 1356/1707 (79.4%) | Falhas: 0
12:13:09 | INFO     | [12:13:09] ✅ DONE | 707485 | 0 responsáveis | 1357/1707 (79.5%) | Falhas: 0
12:13:09 | INFO     | [12:13:09] ✅ DONE | 707489 | 0 responsáveis | 1358/1707 (79.6%) | Falhas: 0
12:13:09 | INFO     | [12:13:09] ✅ DONE | 707490 | 0 responsáveis | 1359/1707 (79.6%) | Falhas: 0
12:13:09 | INFO     | [12:13:09] ✅ DONE | 707492 | 0 responsáveis | 1360/1707 (79.7%) | Falhas: 0
12:13:09 | INFO     | [12:13:09] ✅ DONE | 707494 | 0 responsáveis | 1361/1707 (79.7%) | Falhas: 0
12:13:10 | INFO     | [12:13:10] ✅ DONE | 707501 | 0 responsáveis | 1362/1707 (79.8%) | Falhas: 0
12:13:10 | INFO     | [12:13:10] ✅ DONE | 707503 | 0 responsáveis | 1363/1707 (79.8%) | Falhas: 0
12:13:10 | INFO     | [12:13:10] ✅ DONE | 707435 | 0 responsáveis | 1364/1707 (79.9%) | Falhas: 0
12:13:10 | INFO     | [12:13:10] ✅ DONE | 707499 | 0 responsáveis | 1365/1707 (80.0%) | Falhas: 0
12:13:10 | INFO     | [12:13:10] ✅ DONE | 707497 | 0 responsáveis | 1366/1707 (80.0%) | Falhas: 0
12:13:10 | INFO     | [12:13:10] ✅ DONE | 707505 | 0 responsáveis | 1367/1707 (80.1%) | Falhas: 0
12:13:10 | INFO     | [12:13:10] ✅ DONE | 707504 | 0 responsáveis | 1368/1707 (80.1%) | Falhas: 0
12:13:10 | INFO     | [12:13:10] ✅ DONE | 707498 | 0 responsáveis | 1369/1707 (80.2%) | Falhas: 0
12:13:10 | INFO     | [12:13:10] ✅ DONE | 707510 | 0 responsáveis | 1370/1707 (80.3%) | Falhas: 0
12:13:10 | INFO     | [12:13:10] ✅ DONE | 707507 | 0 responsáveis | 1371/1707 (80.3%) | Falhas: 0
12:13:10 | INFO     | [12:13:10] ✅ DONE | 707508 | 0 responsáveis | 1372/1707 (80.4%) | Falhas: 0
12:13:10 | INFO     | [12:13:10] ✅ DONE | 707509 | 0 responsáveis | 1373/1707 (80.4%) | Falhas: 0
12:13:10 | INFO     | [12:13:10] ✅ DONE | 707500 | 0 responsáveis | 1374/1707 (80.5%) | Falhas: 0
12:13:10 | INFO     | [12:13:10] ✅ DONE | 707502 | 0 responsáveis | 1375/1707 (80.6%) | Falhas: 0
12:13:10 | INFO     | [12:13:10] ✅ DONE | 707506 | 0 responsáveis | 1376/1707 (80.6%) | Falhas: 0
12:13:11 | INFO     | [12:13:11] ✅ DONE | 707511 | 0 responsáveis | 1377/1707 (80.7%) | Falhas: 0
12:13:11 | INFO     | [12:13:11] ✅ DONE | 707512 | 0 responsáveis | 1378/1707 (80.7%) | Falhas: 0
12:13:11 | INFO     | [12:13:11] ✅ DONE | 707521 | 0 responsáveis | 1379/1707 (80.8%) | Falhas: 0
12:13:11 | INFO     | [12:13:11] ✅ DONE | 707515 | 0 responsáveis | 1380/1707 (80.8%) | Falhas: 0
12:13:11 | INFO     | [12:13:11] ✅ DONE | 707514 | 0 responsáveis | 1381/1707 (80.9%) | Falhas: 0
12:13:11 | INFO     | [12:13:11] ✅ DONE | 707516 | 0 responsáveis | 1382/1707 (81.0%) | Falhas: 0
12:13:11 | INFO     | [12:13:11] ✅ DONE | 707520 | 0 responsáveis | 1383/1707 (81.0%) | Falhas: 0
12:13:11 | INFO     | [12:13:11] ✅ DONE | 707524 | 0 responsáveis | 1384/1707 (81.1%) | Falhas: 0
12:13:11 | INFO     | [12:13:11] ✅ DONE | 707519 | 0 responsáveis | 1385/1707 (81.1%) | Falhas: 0
12:13:11 | INFO     | [12:13:11] ✅ DONE | 707513 | 0 responsáveis | 1386/1707 (81.2%) | Falhas: 0
12:13:11 | INFO     | [12:13:11] ✅ DONE | 707525 | 0 responsáveis | 1387/1707 (81.3%) | Falhas: 0
12:13:11 | INFO     | [12:13:11] ✅ DONE | 707517 | 0 responsáveis | 1388/1707 (81.3%) | Falhas: 0
12:13:11 | INFO     | [12:13:11] ✅ DONE | 707522 | 0 responsáveis | 1389/1707 (81.4%) | Falhas: 0
12:13:11 | INFO     | [12:13:11] ✅ DONE | 707518 | 0 responsáveis | 1390/1707 (81.4%) | Falhas: 0
12:13:11 | INFO     | [12:13:11] ✅ DONE | 707523 | 0 responsáveis | 1391/1707 (81.5%) | Falhas: 0
12:13:12 | INFO     | [12:13:12] ✅ DONE | 707526 | 0 responsáveis | 1392/1707 (81.5%) | Falhas: 0
12:13:12 | INFO     | [12:13:12] ✅ DONE | 707528 | 0 responsáveis | 1393/1707 (81.6%) | Falhas: 0
12:13:12 | INFO     | [12:13:12] ✅ DONE | 707534 | 0 responsáveis | 1394/1707 (81.7%) | Falhas: 0
12:13:12 | INFO     | [12:13:12] ✅ DONE | 707532 | 0 responsáveis | 1395/1707 (81.7%) | Falhas: 0
12:13:12 | INFO     | [12:13:12] ✅ DONE | 707535 | 0 responsáveis | 1396/1707 (81.8%) | Falhas: 0
12:13:12 | INFO     | [12:13:12] ✅ DONE | 707537 | 0 responsáveis | 1397/1707 (81.8%) | Falhas: 0
12:13:12 | INFO     | [12:13:12] ✅ DONE | 707538 | 0 responsáveis | 1398/1707 (81.9%) | Falhas: 0
12:13:12 | INFO     | [12:13:12] ✅ DONE | 707541 | 0 responsáveis | 1399/1707 (82.0%) | Falhas: 0
12:13:12 | INFO     | [12:13:12] ✅ DONE | 707539 | 0 responsáveis | 1400/1707 (82.0%) | Falhas: 0
12:13:12 | INFO     | [12:13:12] ✅ DONE | 707533 | 0 responsáveis | 1401/1707 (82.1%) | Falhas: 0
12:13:12 | INFO     | [12:13:12] ✅ DONE | 707531 | 0 responsáveis | 1402/1707 (82.1%) | Falhas: 0
12:13:12 | INFO     | [12:13:12] ✅ DONE | 707529 | 0 responsáveis | 1403/1707 (82.2%) | Falhas: 0
12:13:12 | INFO     | [12:13:12] ✅ DONE | 707530 | 0 responsáveis | 1404/1707 (82.2%) | Falhas: 0
12:13:12 | INFO     | [12:13:12] ✅ DONE | 707527 | 0 responsáveis | 1405/1707 (82.3%) | Falhas: 0
12:13:12 | INFO     | [12:13:12] ✅ DONE | 707536 | 0 responsáveis | 1406/1707 (82.4%) | Falhas: 0
12:13:13 | INFO     | [12:13:13] ✅ DONE | 707542 | 0 responsáveis | 1407/1707 (82.4%) | Falhas: 0
12:13:13 | INFO     | [12:13:13] ✅ DONE | 707543 | 0 responsáveis | 1408/1707 (82.5%) | Falhas: 0
12:13:13 | INFO     | [12:13:13] ✅ DONE | 707551 | 0 responsáveis | 1409/1707 (82.5%) | Falhas: 0
12:13:13 | INFO     | [12:13:13] ✅ DONE | 707548 | 0 responsáveis | 1410/1707 (82.6%) | Falhas: 0
12:13:13 | INFO     | [12:13:13] ✅ DONE | 707550 | 0 responsáveis | 1411/1707 (82.7%) | Falhas: 0
12:13:13 | INFO     | [12:13:13] ✅ DONE | 707549 | 0 responsáveis | 1412/1707 (82.7%) | Falhas: 0
12:13:13 | INFO     | [12:13:13] ✅ DONE | 707545 | 0 responsáveis | 1413/1707 (82.8%) | Falhas: 0
12:13:13 | INFO     | [12:13:13] ✅ DONE | 707544 | 0 responsáveis | 1414/1707 (82.8%) | Falhas: 0
12:13:13 | INFO     | [12:13:13] ✅ DONE | 707547 | 0 responsáveis | 1415/1707 (82.9%) | Falhas: 0
12:13:13 | INFO     | [12:13:13] ✅ DONE | 707552 | 0 responsáveis | 1416/1707 (83.0%) | Falhas: 0
12:13:13 | INFO     | [12:13:13] ✅ DONE | 707553 | 0 responsáveis | 1417/1707 (83.0%) | Falhas: 0
12:13:13 | INFO     | [12:13:13] ✅ DONE | 707554 | 0 responsáveis | 1418/1707 (83.1%) | Falhas: 0
12:13:13 | INFO     | [12:13:13] ✅ DONE | 707555 | 0 responsáveis | 1419/1707 (83.1%) | Falhas: 0
12:13:13 | INFO     | [12:13:13] ✅ DONE | 707556 | 0 responsáveis | 1420/1707 (83.2%) | Falhas: 0
12:13:13 | INFO     | [12:13:13] ✅ DONE | 707557 | 0 responsáveis | 1421/1707 (83.2%) | Falhas: 0
12:13:14 | INFO     | [12:13:14] ✅ DONE | 707559 | 0 responsáveis | 1422/1707 (83.3%) | Falhas: 0
12:13:14 | INFO     | [12:13:14] ✅ DONE | 707563 | 0 responsáveis | 1423/1707 (83.4%) | Falhas: 0
12:13:14 | INFO     | [12:13:14] ✅ DONE | 707562 | 0 responsáveis | 1424/1707 (83.4%) | Falhas: 0
12:13:14 | INFO     | [12:13:14] ✅ DONE | 707558 | 0 responsáveis | 1425/1707 (83.5%) | Falhas: 0
12:13:14 | INFO     | [12:13:14] ✅ DONE | 707565 | 0 responsáveis | 1426/1707 (83.5%) | Falhas: 0
12:13:14 | INFO     | [12:13:14] ✅ DONE | 707564 | 0 responsáveis | 1427/1707 (83.6%) | Falhas: 0
12:13:14 | INFO     | [12:13:14] ✅ DONE | 707566 | 0 responsáveis | 1428/1707 (83.7%) | Falhas: 0
12:13:14 | INFO     | [12:13:14] ✅ DONE | 707561 | 0 responsáveis | 1429/1707 (83.7%) | Falhas: 0
12:13:14 | INFO     | [12:13:14] ✅ DONE | 707560 | 0 responsáveis | 1430/1707 (83.8%) | Falhas: 0
12:13:14 | INFO     | [12:13:14] ✅ DONE | 707567 | 0 responsáveis | 1431/1707 (83.8%) | Falhas: 0
12:13:14 | INFO     | [12:13:14] ✅ DONE | 707569 | 0 responsáveis | 1432/1707 (83.9%) | Falhas: 0
12:13:14 | INFO     | [12:13:14] ✅ DONE | 707570 | 0 responsáveis | 1433/1707 (83.9%) | Falhas: 0
12:13:14 | INFO     | [12:13:14] ✅ DONE | 707568 | 0 responsáveis | 1434/1707 (84.0%) | Falhas: 0
12:13:14 | INFO     | [12:13:14] ✅ DONE | 707571 | 0 responsáveis | 1435/1707 (84.1%) | Falhas: 0
12:13:14 | INFO     | [12:13:14] ✅ DONE | 707572 | 0 responsáveis | 1436/1707 (84.1%) | Falhas: 0
12:13:15 | INFO     | [12:13:15] ✅ DONE | 707579 | 0 responsáveis | 1437/1707 (84.2%) | Falhas: 0
12:13:15 | INFO     | [12:13:15] ✅ DONE | 707575 | 0 responsáveis | 1438/1707 (84.2%) | Falhas: 0
12:13:15 | INFO     | [12:13:15] ✅ DONE | 707574 | 0 responsáveis | 1439/1707 (84.3%) | Falhas: 0
12:13:15 | INFO     | [12:13:15] ✅ DONE | 707576 | 0 responsáveis | 1440/1707 (84.4%) | Falhas: 0
12:13:15 | INFO     | [12:13:15] ✅ DONE | 707573 | 0 responsáveis | 1441/1707 (84.4%) | Falhas: 0
12:13:15 | INFO     | [12:13:15] ✅ DONE | 707578 | 0 responsáveis | 1442/1707 (84.5%) | Falhas: 0
12:13:15 | INFO     | [12:13:15] ✅ DONE | 707580 | 0 responsáveis | 1443/1707 (84.5%) | Falhas: 0
12:13:15 | INFO     | [12:13:15] ✅ DONE | 707577 | 0 responsáveis | 1444/1707 (84.6%) | Falhas: 0
12:13:15 | INFO     | [12:13:15] ✅ DONE | 707581 | 0 responsáveis | 1445/1707 (84.7%) | Falhas: 0
12:13:15 | INFO     | [12:13:15] ✅ DONE | 707586 | 0 responsáveis | 1446/1707 (84.7%) | Falhas: 0
12:13:15 | INFO     | [12:13:15] ✅ DONE | 707584 | 0 responsáveis | 1447/1707 (84.8%) | Falhas: 0
12:13:15 | INFO     | [12:13:15] ✅ DONE | 707588 | 0 responsáveis | 1448/1707 (84.8%) | Falhas: 0
12:13:15 | INFO     | [12:13:15] ✅ DONE | 707585 | 0 responsáveis | 1449/1707 (84.9%) | Falhas: 0
12:13:15 | INFO     | [12:13:15] ✅ DONE | 707582 | 0 responsáveis | 1450/1707 (84.9%) | Falhas: 0
12:13:15 | INFO     | [12:13:15] ✅ DONE | 707587 | 0 responsáveis | 1451/1707 (85.0%) | Falhas: 0
12:13:16 | INFO     | [12:13:16] ✅ DONE | 707589 | 0 responsáveis | 1452/1707 (85.1%) | Falhas: 0
12:13:16 | INFO     | [12:13:16] ✅ DONE | 707608 | 0 responsáveis | 1453/1707 (85.1%) | Falhas: 0
12:13:16 | INFO     | [12:13:16] ✅ DONE | 719078 | 0 responsáveis | 1454/1707 (85.2%) | Falhas: 0
12:13:16 | INFO     | [12:13:16] ✅ DONE | 707591 | 0 responsáveis | 1455/1707 (85.2%) | Falhas: 0
12:13:16 | INFO     | [12:13:16] ✅ DONE | 731393 | 0 responsáveis | 1456/1707 (85.3%) | Falhas: 0
12:13:16 | INFO     | [12:13:16] ✅ DONE | 748214 | 0 responsáveis | 1457/1707 (85.4%) | Falhas: 0
12:13:16 | INFO     | [12:13:16] ✅ DONE | 707692 | 0 responsáveis | 1458/1707 (85.4%) | Falhas: 0
12:13:16 | INFO     | [12:13:16] ✅ DONE | 707590 | 0 responsáveis | 1459/1707 (85.5%) | Falhas: 0
12:13:16 | INFO     | [12:13:16] ✅ DONE | 749491 | 0 responsáveis | 1460/1707 (85.5%) | Falhas: 0
12:13:16 | INFO     | [12:13:16] ✅ DONE | 747813 | 0 responsáveis | 1461/1707 (85.6%) | Falhas: 0
12:13:16 | INFO     | [12:13:16] ✅ DONE | 750714 | 0 responsáveis | 1462/1707 (85.6%) | Falhas: 0
12:13:16 | INFO     | [12:13:16] ✅ DONE | 766705 | 0 responsáveis | 1463/1707 (85.7%) | Falhas: 0
12:13:16 | INFO     | [12:13:16] ✅ DONE | 756884 | 0 responsáveis | 1464/1707 (85.8%) | Falhas: 0
12:13:16 | INFO     | [12:13:16] ✅ DONE | 766422 | 4 responsáveis | 1465/1707 (85.8%) | Falhas: 0
12:13:16 | INFO     | [12:13:16] ✅ DONE | 767579 | 0 responsáveis | 1466/1707 (85.9%) | Falhas: 0
12:13:17 | INFO     | [12:13:17] ✅ DONE | 801558 | 0 responsáveis | 1467/1707 (85.9%) | Falhas: 0
12:13:17 | INFO     | [12:13:17] ✅ DONE | 793393 | 0 responsáveis | 1468/1707 (86.0%) | Falhas: 0
12:13:17 | INFO     | [12:13:17] ✅ DONE | 797505 | 0 responsáveis | 1469/1707 (86.1%) | Falhas: 0
12:13:17 | INFO     | [12:13:17] ✅ DONE | 832634 | 0 responsáveis | 1470/1707 (86.1%) | Falhas: 0
12:13:17 | INFO     | [12:13:17] ✅ DONE | 804184 | 0 responsáveis | 1471/1707 (86.2%) | Falhas: 0
12:13:17 | INFO     | [12:13:17] ✅ DONE | 825511 | 0 responsáveis | 1472/1707 (86.2%) | Falhas: 0
12:13:17 | INFO     | [12:13:17] ✅ DONE | 831465 | 0 responsáveis | 1473/1707 (86.3%) | Falhas: 0
12:13:17 | INFO     | [12:13:17] ✅ DONE | 834397 | 0 responsáveis | 1474/1707 (86.4%) | Falhas: 0
12:13:17 | INFO     | [12:13:17] ✅ DONE | 817696 | 0 responsáveis | 1475/1707 (86.4%) | Falhas: 0
12:13:17 | INFO     | [12:13:17] ✅ DONE | 831506 | 0 responsáveis | 1476/1707 (86.5%) | Falhas: 0
12:13:17 | INFO     | [12:13:17] ✅ DONE | 834388 | 0 responsáveis | 1477/1707 (86.5%) | Falhas: 0
12:13:17 | INFO     | [12:13:17] ✅ DONE | 829439 | 0 responsáveis | 1478/1707 (86.6%) | Falhas: 0
12:13:17 | INFO     | [12:13:17] ✅ DONE | 831435 | 0 responsáveis | 1479/1707 (86.6%) | Falhas: 0
12:13:17 | INFO     | [12:13:17] ✅ DONE | 840008 | 0 responsáveis | 1480/1707 (86.7%) | Falhas: 0
12:13:17 | INFO     | [12:13:17] ✅ DONE | 832720 | 0 responsáveis | 1481/1707 (86.8%) | Falhas: 0
12:13:18 | INFO     | [12:13:18] ✅ DONE | 844712 | 0 responsáveis | 1482/1707 (86.8%) | Falhas: 0
12:13:18 | INFO     | [12:13:18] ✅ DONE | 840870 | 0 responsáveis | 1483/1707 (86.9%) | Falhas: 0
12:13:18 | INFO     | [12:13:18] ✅ DONE | 872090 | 0 responsáveis | 1484/1707 (86.9%) | Falhas: 0
12:13:18 | INFO     | [12:13:18] ✅ DONE | 850889 | 0 responsáveis | 1485/1707 (87.0%) | Falhas: 0
12:13:18 | INFO     | [12:13:18] ✅ DONE | 856734 | 0 responsáveis | 1486/1707 (87.1%) | Falhas: 0
12:13:18 | INFO     | [12:13:18] ✅ DONE | 856694 | 0 responsáveis | 1487/1707 (87.1%) | Falhas: 0
12:13:18 | INFO     | [12:13:18] ✅ DONE | 865873 | 0 responsáveis | 1488/1707 (87.2%) | Falhas: 0
12:13:18 | INFO     | [12:13:18] ✅ DONE | 845228 | 0 responsáveis | 1489/1707 (87.2%) | Falhas: 0
12:13:18 | INFO     | [12:13:18] ✅ DONE | 860842 | 0 responsáveis | 1490/1707 (87.3%) | Falhas: 0
12:13:18 | INFO     | [12:13:18] ✅ DONE | 847884 | 0 responsáveis | 1491/1707 (87.3%) | Falhas: 0
12:13:18 | INFO     | [12:13:18] ✅ DONE | 870405 | 0 responsáveis | 1492/1707 (87.4%) | Falhas: 0
12:13:18 | INFO     | [12:13:18] ✅ DONE | 862554 | 0 responsáveis | 1493/1707 (87.5%) | Falhas: 0
12:13:18 | INFO     | [12:13:18] ✅ DONE | 852718 | 0 responsáveis | 1494/1707 (87.5%) | Falhas: 0
12:13:18 | INFO     | [12:13:18] ✅ DONE | 885631 | 0 responsáveis | 1495/1707 (87.6%) | Falhas: 0
12:13:18 | INFO     | [12:13:18] ✅ DONE | 856724 | 0 responsáveis | 1496/1707 (87.6%) | Falhas: 0
12:13:19 | INFO     | [12:13:19] ✅ DONE | 933967 | 0 responsáveis | 1497/1707 (87.7%) | Falhas: 0
12:13:19 | INFO     | [12:13:19] ✅ DONE | 930456 | 0 responsáveis | 1498/1707 (87.8%) | Falhas: 0
12:13:19 | INFO     | [12:13:19] ✅ DONE | 909486 | 0 responsáveis | 1499/1707 (87.8%) | Falhas: 0
12:13:19 | INFO     | [12:13:19] ✅ DONE | 899352 | 0 responsáveis | 1500/1707 (87.9%) | Falhas: 0
12:13:19 | INFO     | [12:13:19] ✅ DONE | 935660 | 0 responsáveis | 1501/1707 (87.9%) | Falhas: 0
12:13:19 | INFO     | [12:13:19] ✅ DONE | 885968 | 0 responsáveis | 1502/1707 (88.0%) | Falhas: 0
12:13:19 | INFO     | [12:13:19] ✅ DONE | 934715 | 0 responsáveis | 1503/1707 (88.0%) | Falhas: 0
12:13:19 | INFO     | [12:13:19] ✅ DONE | 888049 | 0 responsáveis | 1504/1707 (88.1%) | Falhas: 0
12:13:19 | INFO     | [12:13:19] ✅ DONE | 935800 | 0 responsáveis | 1505/1707 (88.2%) | Falhas: 0
12:13:19 | INFO     | [12:13:19] ✅ DONE | 907150 | 0 responsáveis | 1506/1707 (88.2%) | Falhas: 0
12:13:19 | INFO     | [12:13:19] ✅ DONE | 889943 | 4 responsáveis | 1507/1707 (88.3%) | Falhas: 0
12:13:19 | INFO     | [12:13:19] ✅ DONE | 930292 | 0 responsáveis | 1508/1707 (88.3%) | Falhas: 0
12:13:19 | INFO     | [12:13:19] ✅ DONE | 927057 | 0 responsáveis | 1509/1707 (88.4%) | Falhas: 0
12:13:19 | INFO     | [12:13:19] ✅ DONE | 934686 | 0 responsáveis | 1510/1707 (88.5%) | Falhas: 0
12:13:19 | INFO     | [12:13:19] ✅ DONE | 912251 | 0 responsáveis | 1511/1707 (88.5%) | Falhas: 0
12:13:20 | INFO     | [12:13:20] ✅ DONE | 936580 | 0 responsáveis | 1512/1707 (88.6%) | Falhas: 0
12:13:20 | INFO     | [12:13:20] ✅ DONE | 942309 | 0 responsáveis | 1513/1707 (88.6%) | Falhas: 0
12:13:20 | INFO     | [12:13:20] ✅ DONE | 953192 | 0 responsáveis | 1514/1707 (88.7%) | Falhas: 0
12:13:20 | INFO     | [12:13:20] ✅ DONE | 940418 | 0 responsáveis | 1515/1707 (88.8%) | Falhas: 0
12:13:20 | INFO     | [12:13:20] ✅ DONE | 946422 | 0 responsáveis | 1516/1707 (88.8%) | Falhas: 0
12:13:20 | INFO     | [12:13:20] ✅ DONE | 944975 | 0 responsáveis | 1517/1707 (88.9%) | Falhas: 0
12:13:20 | INFO     | [12:13:20] ✅ DONE | 949017 | 0 responsáveis | 1518/1707 (88.9%) | Falhas: 0
12:13:20 | INFO     | [12:13:20] ✅ DONE | 942278 | 0 responsáveis | 1519/1707 (89.0%) | Falhas: 0
12:13:20 | INFO     | [12:13:20] ✅ DONE | 950817 | 0 responsáveis | 1520/1707 (89.0%) | Falhas: 0
12:13:20 | INFO     | [12:13:20] ✅ DONE | 942296 | 0 responsáveis | 1521/1707 (89.1%) | Falhas: 0
12:13:20 | INFO     | [12:13:20] ✅ DONE | 940303 | 0 responsáveis | 1522/1707 (89.2%) | Falhas: 0
12:13:20 | INFO     | [12:13:20] ✅ DONE | 949054 | 0 responsáveis | 1523/1707 (89.2%) | Falhas: 0
12:13:20 | INFO     | [12:13:20] ✅ DONE | 952285 | 0 responsáveis | 1524/1707 (89.3%) | Falhas: 0
12:13:20 | INFO     | [12:13:20] ✅ DONE | 935871 | 0 responsáveis | 1525/1707 (89.3%) | Falhas: 0
12:13:20 | INFO     | [12:13:20] ✅ DONE | 944916 | 0 responsáveis | 1526/1707 (89.4%) | Falhas: 0
12:13:21 | INFO     | [12:13:21] ✅ DONE | 953518 | 0 responsáveis | 1527/1707 (89.5%) | Falhas: 0
12:13:21 | INFO     | [12:13:21] ✅ DONE | 955573 | 0 responsáveis | 1528/1707 (89.5%) | Falhas: 0
12:13:21 | INFO     | [12:13:21] ✅ DONE | 10343 | 0 responsáveis | 1529/1707 (89.6%) | Falhas: 0
12:13:21 | INFO     | [12:13:21] ✅ DONE | 21691 | 0 responsáveis | 1530/1707 (89.6%) | Falhas: 0
12:13:21 | INFO     | [12:13:21] ✅ DONE | 960404 | 0 responsáveis | 1531/1707 (89.7%) | Falhas: 0
12:13:21 | INFO     | [12:13:21] ✅ DONE | 974827 | 0 responsáveis | 1532/1707 (89.7%) | Falhas: 0
12:13:21 | INFO     | [12:13:21] ✅ DONE | 21817 | 0 responsáveis | 1533/1707 (89.8%) | Falhas: 0
12:13:21 | INFO     | [12:13:21] ✅ DONE | 959853 | 0 responsáveis | 1534/1707 (89.9%) | Falhas: 0
12:13:21 | INFO     | [12:13:21] ✅ DONE | 974528 | 0 responsáveis | 1535/1707 (89.9%) | Falhas: 0
12:13:21 | INFO     | [12:13:21] ✅ DONE | 983386 | 0 responsáveis | 1536/1707 (90.0%) | Falhas: 0
12:13:21 | INFO     | [12:13:21] ✅ DONE | 978466 | 0 responsáveis | 1537/1707 (90.0%) | Falhas: 0
12:13:21 | INFO     | [12:13:21] ✅ DONE | 981719 | 0 responsáveis | 1538/1707 (90.1%) | Falhas: 0
12:13:21 | INFO     | [12:13:21] ✅ DONE | 28639 | 0 responsáveis | 1539/1707 (90.2%) | Falhas: 0
12:13:21 | INFO     | [12:13:21] ✅ DONE | 20510 | 0 responsáveis | 1540/1707 (90.2%) | Falhas: 0
12:13:21 | INFO     | [12:13:21] ✅ DONE | 29916 | 0 responsáveis | 1541/1707 (90.3%) | Falhas: 0
12:13:22 | INFO     | [12:13:22] ✅ DONE | 43232 | 0 responsáveis | 1542/1707 (90.3%) | Falhas: 0
12:13:22 | INFO     | [12:13:22] ✅ DONE | 43921 | 0 responsáveis | 1543/1707 (90.4%) | Falhas: 0
12:13:22 | INFO     | [12:13:22] ✅ DONE | 72001 | 2 responsáveis | 1544/1707 (90.5%) | Falhas: 0
12:13:22 | INFO     | [12:13:22] ✅ DONE | 144989 | 0 responsáveis | 1545/1707 (90.5%) | Falhas: 0
12:13:22 | INFO     | [12:13:22] ✅ DONE | 72486 | 0 responsáveis | 1546/1707 (90.6%) | Falhas: 0
12:13:22 | INFO     | [12:13:22] ✅ DONE | 124926 | 0 responsáveis | 1547/1707 (90.6%) | Falhas: 0
12:13:22 | INFO     | [12:13:22] ✅ DONE | 199366 | 0 responsáveis | 1548/1707 (90.7%) | Falhas: 0
12:13:22 | INFO     | [12:13:22] ✅ DONE | 71838 | 2 responsáveis | 1549/1707 (90.7%) | Falhas: 0
12:13:22 | INFO     | [12:13:22] ✅ DONE | 44291 | 4 responsáveis | 1550/1707 (90.8%) | Falhas: 0
12:13:22 | INFO     | [12:13:22] ✅ DONE | 208150 | 0 responsáveis | 1551/1707 (90.9%) | Falhas: 0
12:13:22 | INFO     | [12:13:22] ✅ DONE | 304606 | 6 responsáveis | 1552/1707 (90.9%) | Falhas: 0
12:13:22 | INFO     | [12:13:22] ✅ DONE | 304434 | 3 responsáveis | 1553/1707 (91.0%) | Falhas: 0
12:13:22 | INFO     | [12:13:22] ✅ DONE | 94895 | 2 responsáveis | 1554/1707 (91.0%) | Falhas: 0
12:13:22 | INFO     | [12:13:22] ✅ DONE | 162879 | 0 responsáveis | 1555/1707 (91.1%) | Falhas: 0
12:13:22 | INFO     | [12:13:22] ✅ DONE | 323103 | 9 responsáveis | 1556/1707 (91.2%) | Falhas: 0
12:13:22 | INFO     | [12:13:22] ✅ DONE | 324128 | 3 responsáveis | 1557/1707 (91.2%) | Falhas: 0
12:13:23 | INFO     | [12:13:23] ✅ DONE | 324466 | 4 responsáveis | 1558/1707 (91.3%) | Falhas: 0
12:13:23 | INFO     | [12:13:23] ✅ DONE | 412228 | 0 responsáveis | 1559/1707 (91.3%) | Falhas: 0
12:13:23 | INFO     | [12:13:23] ✅ DONE | 433598 | 0 responsáveis | 1560/1707 (91.4%) | Falhas: 0
12:13:23 | INFO     | [12:13:23] ✅ DONE | 407550 | 2 responsáveis | 1561/1707 (91.4%) | Falhas: 0
12:13:23 | INFO     | [12:13:23] ✅ DONE | 438583 | 0 responsáveis | 1562/1707 (91.5%) | Falhas: 0
12:13:23 | INFO     | [12:13:23] ✅ DONE | 325219 | 2 responsáveis | 1563/1707 (91.6%) | Falhas: 0
12:13:23 | INFO     | [12:13:23] ✅ DONE | 414341 | 0 responsáveis | 1564/1707 (91.6%) | Falhas: 0
12:13:23 | INFO     | [12:13:23] ✅ DONE | 417829 | 2 responsáveis | 1565/1707 (91.7%) | Falhas: 0
12:13:23 | INFO     | [12:13:23] ✅ DONE | 418599 | 6 responsáveis | 1566/1707 (91.7%) | Falhas: 0
12:13:23 | INFO     | [12:13:23] ✅ DONE | 404124 | 0 responsáveis | 1567/1707 (91.8%) | Falhas: 0
12:13:23 | INFO     | [12:13:23] ✅ DONE | 355734 | 4 responsáveis | 1568/1707 (91.9%) | Falhas: 0
12:13:23 | INFO     | [12:13:23] ✅ DONE | 420042 | 2 responsáveis | 1569/1707 (91.9%) | Falhas: 0
12:13:23 | INFO     | [12:13:23] ✅ DONE | 433586 | 0 responsáveis | 1570/1707 (92.0%) | Falhas: 0
12:13:23 | INFO     | [12:13:23] ✅ DONE | 415281 | 3 responsáveis | 1571/1707 (92.0%) | Falhas: 0
12:13:23 | INFO     | [12:13:23] ✅ DONE | 440168 | 0 responsáveis | 1572/1707 (92.1%) | Falhas: 0
12:13:23 | INFO     | [12:13:23] ✅ DONE | 440786 | 0 responsáveis | 1573/1707 (92.1%) | Falhas: 0
12:13:24 | INFO     | [12:13:24] ✅ DONE | 443786 | 0 responsáveis | 1574/1707 (92.2%) | Falhas: 0
12:13:24 | INFO     | [12:13:24] ✅ DONE | 444606 | 0 responsáveis | 1575/1707 (92.3%) | Falhas: 0
12:13:24 | INFO     | [12:13:24] ✅ DONE | 445637 | 0 responsáveis | 1576/1707 (92.3%) | Falhas: 0
12:13:24 | INFO     | [12:13:24] ✅ DONE | 445798 | 0 responsáveis | 1577/1707 (92.4%) | Falhas: 0
12:13:24 | INFO     | [12:13:24] ✅ DONE | 445535 | 0 responsáveis | 1578/1707 (92.4%) | Falhas: 0
12:13:24 | INFO     | [12:13:24] ✅ DONE | 442436 | 0 responsáveis | 1579/1707 (92.5%) | Falhas: 0
12:13:24 | INFO     | [12:13:24] ✅ DONE | 445703 | 0 responsáveis | 1580/1707 (92.6%) | Falhas: 0
12:13:24 | INFO     | [12:13:24] ✅ DONE | 446095 | 0 responsáveis | 1581/1707 (92.6%) | Falhas: 0
12:13:24 | INFO     | [12:13:24] ✅ DONE | 447479 | 0 responsáveis | 1582/1707 (92.7%) | Falhas: 0
12:13:24 | INFO     | [12:13:24] ✅ DONE | 447749 | 0 responsáveis | 1583/1707 (92.7%) | Falhas: 0
12:13:24 | INFO     | [12:13:24] ✅ DONE | 445800 | 0 responsáveis | 1584/1707 (92.8%) | Falhas: 0
12:13:24 | INFO     | [12:13:24] ✅ DONE | 446349 | 0 responsáveis | 1585/1707 (92.9%) | Falhas: 0
12:13:24 | INFO     | [12:13:24] ✅ DONE | 447995 | 0 responsáveis | 1586/1707 (92.9%) | Falhas: 0
12:13:24 | INFO     | [12:13:24] ✅ DONE | 448130 | 0 responsáveis | 1587/1707 (93.0%) | Falhas: 0
12:13:24 | INFO     | [12:13:24] ✅ DONE | 448269 | 2 responsáveis | 1588/1707 (93.0%) | Falhas: 0
12:13:25 | INFO     | [12:13:25] ✅ DONE | 450026 | 0 responsáveis | 1589/1707 (93.1%) | Falhas: 0
12:13:25 | INFO     | [12:13:25] ✅ DONE | 450022 | 0 responsáveis | 1590/1707 (93.1%) | Falhas: 0
12:13:25 | INFO     | [12:13:25] ✅ DONE | 453817 | 0 responsáveis | 1591/1707 (93.2%) | Falhas: 0
12:13:25 | INFO     | [12:13:25] ✅ DONE | 454101 | 0 responsáveis | 1592/1707 (93.3%) | Falhas: 0
12:13:25 | INFO     | [12:13:25] ✅ DONE | 454825 | 0 responsáveis | 1593/1707 (93.3%) | Falhas: 0
12:13:25 | INFO     | [12:13:25] ✅ DONE | 454137 | 0 responsáveis | 1594/1707 (93.4%) | Falhas: 0
12:13:25 | INFO     | [12:13:25] ✅ DONE | 457703 | 0 responsáveis | 1595/1707 (93.4%) | Falhas: 0
12:13:25 | INFO     | [12:13:25] ✅ DONE | 454353 | 0 responsáveis | 1596/1707 (93.5%) | Falhas: 0
12:13:25 | INFO     | [12:13:25] ✅ DONE | 451371 | 0 responsáveis | 1597/1707 (93.6%) | Falhas: 0
12:13:25 | INFO     | [12:13:25] ✅ DONE | 454897 | 0 responsáveis | 1598/1707 (93.6%) | Falhas: 0
12:13:25 | INFO     | [12:13:25] ✅ DONE | 464207 | 0 responsáveis | 1599/1707 (93.7%) | Falhas: 0
12:13:25 | INFO     | [12:13:25] ✅ DONE | 455097 | 0 responsáveis | 1600/1707 (93.7%) | Falhas: 0
12:13:25 | INFO     | [12:13:25] ✅ DONE | 465934 | 0 responsáveis | 1601/1707 (93.8%) | Falhas: 0
12:13:25 | INFO     | [12:13:25] ✅ DONE | 457704 | 0 responsáveis | 1602/1707 (93.8%) | Falhas: 0
12:13:25 | INFO     | [12:13:25] ✅ DONE | 468570 | 0 responsáveis | 1603/1707 (93.9%) | Falhas: 0
12:13:26 | INFO     | [12:13:26] ✅ DONE | 472752 | 0 responsáveis | 1604/1707 (94.0%) | Falhas: 0
12:13:26 | INFO     | [12:13:26] ✅ DONE | 473414 | 0 responsáveis | 1605/1707 (94.0%) | Falhas: 0
12:13:26 | INFO     | [12:13:26] ✅ DONE | 486148 | 0 responsáveis | 1606/1707 (94.1%) | Falhas: 0
12:13:26 | INFO     | [12:13:26] ✅ DONE | 477997 | 0 responsáveis | 1607/1707 (94.1%) | Falhas: 0
12:13:26 | INFO     | [12:13:26] ✅ DONE | 472689 | 0 responsáveis | 1608/1707 (94.2%) | Falhas: 0
12:13:26 | INFO     | [12:13:26] ✅ DONE | 479328 | 0 responsáveis | 1609/1707 (94.3%) | Falhas: 0
12:13:26 | INFO     | [12:13:26] ✅ DONE | 471221 | 0 responsáveis | 1610/1707 (94.3%) | Falhas: 0
12:13:26 | INFO     | [12:13:26] ✅ DONE | 478415 | 0 responsáveis | 1611/1707 (94.4%) | Falhas: 0
12:13:26 | INFO     | [12:13:26] ✅ DONE | 477994 | 0 responsáveis | 1612/1707 (94.4%) | Falhas: 0
12:13:26 | INFO     | [12:13:26] ✅ DONE | 486145 | 0 responsáveis | 1613/1707 (94.5%) | Falhas: 0
12:13:26 | INFO     | [12:13:26] ✅ DONE | 478473 | 0 responsáveis | 1614/1707 (94.6%) | Falhas: 0
12:13:26 | INFO     | [12:13:26] ✅ DONE | 480071 | 0 responsáveis | 1615/1707 (94.6%) | Falhas: 0
12:13:26 | INFO     | [12:13:26] ✅ DONE | 489706 | 0 responsáveis | 1616/1707 (94.7%) | Falhas: 0
12:13:26 | INFO     | [12:13:26] ✅ DONE | 473507 | 0 responsáveis | 1617/1707 (94.7%) | Falhas: 0
12:13:26 | INFO     | [12:13:26] ✅ DONE | 477977 | 0 responsáveis | 1618/1707 (94.8%) | Falhas: 0
12:13:27 | INFO     | [12:13:27] ✅ DONE | 496974 | 0 responsáveis | 1619/1707 (94.8%) | Falhas: 0
12:13:27 | INFO     | [12:13:27] ✅ DONE | 500370 | 0 responsáveis | 1620/1707 (94.9%) | Falhas: 0
12:13:27 | INFO     | [12:13:27] ✅ DONE | 489976 | 0 responsáveis | 1621/1707 (95.0%) | Falhas: 0
12:13:27 | INFO     | [12:13:27] ✅ DONE | 498146 | 0 responsáveis | 1622/1707 (95.0%) | Falhas: 0
12:13:27 | INFO     | [12:13:27] ✅ DONE | 521191 | 0 responsáveis | 1623/1707 (95.1%) | Falhas: 0
12:13:27 | INFO     | [12:13:27] ✅ DONE | 520511 | 0 responsáveis | 1624/1707 (95.1%) | Falhas: 0
12:13:27 | INFO     | [12:13:27] ✅ DONE | 493935 | 0 responsáveis | 1625/1707 (95.2%) | Falhas: 0
12:13:27 | INFO     | [12:13:27] ✅ DONE | 509867 | 0 responsáveis | 1626/1707 (95.3%) | Falhas: 0
12:13:27 | INFO     | [12:13:27] ✅ DONE | 495949 | 0 responsáveis | 1627/1707 (95.3%) | Falhas: 0
12:13:27 | INFO     | [12:13:27] ✅ DONE | 507627 | 0 responsáveis | 1628/1707 (95.4%) | Falhas: 0
12:13:27 | INFO     | [12:13:27] ✅ DONE | 504860 | 0 responsáveis | 1629/1707 (95.4%) | Falhas: 0
12:13:27 | INFO     | [12:13:27] ✅ DONE | 491269 | 0 responsáveis | 1630/1707 (95.5%) | Falhas: 0
12:13:27 | INFO     | [12:13:27] ✅ DONE | 520418 | 6 responsáveis | 1631/1707 (95.5%) | Falhas: 0
12:13:27 | INFO     | [12:13:27] ✅ DONE | 508935 | 0 responsáveis | 1632/1707 (95.6%) | Falhas: 0
12:13:27 | INFO     | [12:13:27] ✅ DONE | 505189 | 0 responsáveis | 1633/1707 (95.7%) | Falhas: 0
12:13:28 | INFO     | [12:13:28] ✅ DONE | 532227 | 0 responsáveis | 1634/1707 (95.7%) | Falhas: 0
12:13:28 | INFO     | [12:13:28] ✅ DONE | 532185 | 0 responsáveis | 1635/1707 (95.8%) | Falhas: 0
12:13:28 | INFO     | [12:13:28] ✅ DONE | 565910 | 0 responsáveis | 1636/1707 (95.8%) | Falhas: 0
12:13:28 | INFO     | [12:13:28] ✅ DONE | 584850 | 0 responsáveis | 1637/1707 (95.9%) | Falhas: 0
12:13:28 | INFO     | [12:13:28] ✅ DONE | 534126 | 0 responsáveis | 1638/1707 (96.0%) | Falhas: 0
12:13:28 | INFO     | [12:13:28] ✅ DONE | 596775 | 0 responsáveis | 1639/1707 (96.0%) | Falhas: 0
12:13:28 | INFO     | [12:13:28] ✅ DONE | 524019 | 0 responsáveis | 1640/1707 (96.1%) | Falhas: 0
12:13:28 | INFO     | [12:13:28] ✅ DONE | 587691 | 0 responsáveis | 1641/1707 (96.1%) | Falhas: 0
12:13:28 | INFO     | [12:13:28] ✅ DONE | 533634 | 0 responsáveis | 1642/1707 (96.2%) | Falhas: 0
12:13:28 | INFO     | [12:13:28] ✅ DONE | 584861 | 0 responsáveis | 1643/1707 (96.3%) | Falhas: 0
12:13:28 | INFO     | [12:13:28] ✅ DONE | 533207 | 0 responsáveis | 1644/1707 (96.3%) | Falhas: 0
12:13:28 | INFO     | [12:13:28] ✅ DONE | 567584 | 0 responsáveis | 1645/1707 (96.4%) | Falhas: 0
12:13:28 | INFO     | [12:13:28] ✅ DONE | 607888 | 4 responsáveis | 1646/1707 (96.4%) | Falhas: 0
12:13:28 | INFO     | [12:13:28] ✅ DONE | 543735 | 0 responsáveis | 1647/1707 (96.5%) | Falhas: 0
12:13:28 | INFO     | [12:13:28] ✅ DONE | 533258 | 0 responsáveis | 1648/1707 (96.5%) | Falhas: 0
12:13:29 | INFO     | [12:13:29] ✅ DONE | 632478 | 0 responsáveis | 1649/1707 (96.6%) | Falhas: 0
12:13:29 | INFO     | [12:13:29] ✅ DONE | 726533 | 0 responsáveis | 1650/1707 (96.7%) | Falhas: 0
12:13:29 | INFO     | [12:13:29] ✅ DONE | 720770 | 0 responsáveis | 1651/1707 (96.7%) | Falhas: 0
12:13:29 | INFO     | [12:13:29] ✅ DONE | 620474 | 4 responsáveis | 1652/1707 (96.8%) | Falhas: 0
12:13:29 | INFO     | [12:13:29] ✅ DONE | 715163 | 4 responsáveis | 1653/1707 (96.8%) | Falhas: 0
12:13:29 | INFO     | [12:13:29] ✅ DONE | 628440 | 0 responsáveis | 1654/1707 (96.9%) | Falhas: 0
12:13:29 | INFO     | [12:13:29] ✅ DONE | 690976 | 0 responsáveis | 1655/1707 (97.0%) | Falhas: 0
12:13:29 | INFO     | [12:13:29] ✅ DONE | 715432 | 4 responsáveis | 1656/1707 (97.0%) | Falhas: 0
12:13:29 | INFO     | [12:13:29] ✅ DONE | 611540 | 0 responsáveis | 1657/1707 (97.1%) | Falhas: 0
12:13:29 | INFO     | [12:13:29] ✅ DONE | 633712 | 6 responsáveis | 1658/1707 (97.1%) | Falhas: 0
12:13:29 | INFO     | [12:13:29] ✅ DONE | 649213 | 2 responsáveis | 1659/1707 (97.2%) | Falhas: 0
12:13:29 | INFO     | [12:13:29] ✅ DONE | 650200 | 0 responsáveis | 1660/1707 (97.2%) | Falhas: 0
12:13:29 | INFO     | [12:13:29] ✅ DONE | 611178 | 0 responsáveis | 1661/1707 (97.3%) | Falhas: 0
12:13:29 | INFO     | [12:13:29] ✅ DONE | 715296 | 4 responsáveis | 1662/1707 (97.4%) | Falhas: 0
12:13:29 | INFO     | [12:13:29] ✅ DONE | 730067 | 3 responsáveis | 1663/1707 (97.4%) | Falhas: 0
12:13:30 | INFO     | [12:13:30] ✅ DONE | 826230 | 0 responsáveis | 1664/1707 (97.5%) | Falhas: 0
12:13:30 | INFO     | [12:13:30] ✅ DONE | 743116 | 0 responsáveis | 1665/1707 (97.5%) | Falhas: 0
12:13:30 | INFO     | [12:13:30] ✅ DONE | 808927 | 0 responsáveis | 1666/1707 (97.6%) | Falhas: 0
12:13:30 | INFO     | [12:13:30] ✅ DONE | 750790 | 2 responsáveis | 1667/1707 (97.7%) | Falhas: 0
12:13:30 | INFO     | [12:13:30] ✅ DONE | 814446 | 0 responsáveis | 1668/1707 (97.7%) | Falhas: 0
12:13:30 | INFO     | [12:13:30] ✅ DONE | 818388 | 0 responsáveis | 1669/1707 (97.8%) | Falhas: 0
12:13:30 | INFO     | [12:13:30] ✅ DONE | 807791 | 0 responsáveis | 1670/1707 (97.8%) | Falhas: 0
12:13:30 | INFO     | [12:13:30] ✅ DONE | 830689 | 0 responsáveis | 1671/1707 (97.9%) | Falhas: 0
12:13:30 | INFO     | [12:13:30] ✅ DONE | 818149 | 0 responsáveis | 1672/1707 (97.9%) | Falhas: 0
12:13:30 | INFO     | [12:13:30] ✅ DONE | 812135 | 0 responsáveis | 1673/1707 (98.0%) | Falhas: 0
12:13:30 | INFO     | [12:13:30] ✅ DONE | 813073 | 0 responsáveis | 1674/1707 (98.1%) | Falhas: 0
12:13:30 | INFO     | [12:13:30] ✅ DONE | 804680 | 0 responsáveis | 1675/1707 (98.1%) | Falhas: 0
12:13:30 | INFO     | [12:13:30] ✅ DONE | 821962 | 0 responsáveis | 1676/1707 (98.2%) | Falhas: 0
12:13:30 | INFO     | [12:13:30] ✅ DONE | 810305 | 0 responsáveis | 1677/1707 (98.2%) | Falhas: 0
12:13:30 | INFO     | [12:13:30] ✅ DONE | 774470 | 2 responsáveis | 1678/1707 (98.3%) | Falhas: 0
12:13:31 | INFO     | [12:13:31] ✅ DONE | 831945 | 0 responsáveis | 1679/1707 (98.4%) | Falhas: 0
12:13:31 | INFO     | [12:13:31] ✅ DONE | 855483 | 0 responsáveis | 1680/1707 (98.4%) | Falhas: 0
12:13:31 | INFO     | [12:13:31] ✅ DONE | 845428 | 0 responsáveis | 1681/1707 (98.5%) | Falhas: 0
12:13:31 | INFO     | [12:13:31] ✅ DONE | 855371 | 0 responsáveis | 1682/1707 (98.5%) | Falhas: 0
12:13:31 | INFO     | [12:13:31] ✅ DONE | 842823 | 0 responsáveis | 1683/1707 (98.6%) | Falhas: 0
12:13:31 | INFO     | [12:13:31] ✅ DONE | 840678 | 0 responsáveis | 1684/1707 (98.7%) | Falhas: 0
12:13:31 | INFO     | [12:13:31] ✅ DONE | 839682 | 0 responsáveis | 1685/1707 (98.7%) | Falhas: 0
12:13:31 | INFO     | [12:13:31] ✅ DONE | 832609 | 0 responsáveis | 1686/1707 (98.8%) | Falhas: 0
12:13:31 | INFO     | [12:13:31] ✅ DONE | 833286 | 0 responsáveis | 1687/1707 (98.8%) | Falhas: 0
12:13:31 | INFO     | [12:13:31] ✅ DONE | 837306 | 0 responsáveis | 1688/1707 (98.9%) | Falhas: 0
12:13:31 | INFO     | [12:13:31] ✅ DONE | 855573 | 0 responsáveis | 1689/1707 (98.9%) | Falhas: 0
12:13:31 | INFO     | [12:13:31] ✅ DONE | 851849 | 0 responsáveis | 1690/1707 (99.0%) | Falhas: 0
12:13:31 | INFO     | [12:13:31] ✅ DONE | 841875 | 0 responsáveis | 1691/1707 (99.1%) | Falhas: 0
12:13:31 | INFO     | [12:13:31] ✅ DONE | 830926 | 0 responsáveis | 1692/1707 (99.1%) | Falhas: 0
12:13:31 | INFO     | [12:13:31] ✅ DONE | 855537 | 0 responsáveis | 1693/1707 (99.2%) | Falhas: 0
12:13:32 | INFO     | [12:13:32] ✅ DONE | 893459 | 0 responsáveis | 1694/1707 (99.2%) | Falhas: 0
12:13:32 | INFO     | [12:13:32] ✅ DONE | 961708 | 0 responsáveis | 1695/1707 (99.3%) | Falhas: 0
12:13:32 | INFO     | [12:13:32] ✅ DONE | 959928 | 0 responsáveis | 1696/1707 (99.4%) | Falhas: 0
12:13:32 | INFO     | [12:13:32] ✅ DONE | 959506 | 0 responsáveis | 1697/1707 (99.4%) | Falhas: 0
12:13:32 | INFO     | [12:13:32] ✅ DONE | 939916 | 0 responsáveis | 1698/1707 (99.5%) | Falhas: 0
12:13:32 | INFO     | [12:13:32] ✅ DONE | 855611 | 0 responsáveis | 1699/1707 (99.5%) | Falhas: 0
12:13:32 | INFO     | [12:13:32] ✅ DONE | 864839 | 0 responsáveis | 1700/1707 (99.6%) | Falhas: 0
12:13:32 | INFO     | [12:13:32] ✅ DONE | 861319 | 0 responsáveis | 1701/1707 (99.6%) | Falhas: 0
12:13:32 | INFO     | [12:13:32] ✅ DONE | 859999 | 0 responsáveis | 1702/1707 (99.7%) | Falhas: 0
12:13:32 | INFO     | [12:13:32] ✅ DONE | 915164 | 0 responsáveis | 1703/1707 (99.8%) | Falhas: 0
12:13:32 | INFO     | [12:13:32] ✅ DONE | 866008 | 0 responsáveis | 1704/1707 (99.8%) | Falhas: 0
12:13:32 | INFO     | [12:13:32] ✅ DONE | 969474 | 0 responsáveis | 1705/1707 (99.9%) | Falhas: 0
12:13:32 | INFO     | [12:13:32] ✅ DONE | 902882 | 0 responsáveis | 1706/1707 (99.9%) | Falhas: 0
12:13:32 | INFO     | [12:13:32] ✅ DONE | 879498 | 0 responsáveis | 1707/1707 (100.0%) | Falhas: 0
12:13:32 | INFO     | ✅ FIM | Falhas: 0 | SKIPs: 0
12:13:32 | INFO     | ============================================================
12:13:32 | INFO     | 📤 GERANDO contratos_responsaveis.csv...
12:13:32 | INFO     | 📂 1727 arquivo(s) de responsáveis encontrado(s). Processando...
12:13:41 | INFO     | ✅ CSV gerado: data\contratos_responsaveis.csv
12:13:41 | INFO     | Responsáveis : 1155
12:13:41 | INFO     | Ativos       : 940
12:13:41 | INFO     | Colunas      : 11
12:13:41 | INFO     | ============================================================
12:13:41 | INFO     | 📦 INICIANDO OBTENÇÃO DE ITENS EMPENHADOS DO GOOGLE DRIVE
12:13:41 | INFO     | 📦 OBTENDO ITENS EMPENHADOS DO GOOGLE DRIVE...
12:13:54 | INFO     | ✅ ITENS EMPENHADOS OBTIDOS E SALVOS
12:13:54 | INFO     | ============================================================
12:13:54 | INFO     | 📊 RESUMO FINAL
12:13:54 | INFO     |   Falhas compras        : 0
12:13:54 | INFO     |   Falhas itens          : 0
12:13:54 | INFO     |   Falhas atas           : 0
12:13:54 | INFO     |   Falhas atas_itens     : 0
12:13:54 | INFO     |   Falhas atas_saldos    : 0
12:13:54 | INFO     |   Falhas atas_unidades  : 0
12:13:54 | INFO     |   Falhas contratos      : 0
12:13:54 | INFO     |   Falhas contratos_resp : 0
12:13:54 | INFO     |   Falhas itens_empenhad : 0
12:13:54 | INFO     | 🎉 PIPELINE CONCLUÍDO COM SUCESSO!
