11:16:09 | INFO     | 🚀 INICIANDO PIPELINE DE EXTRAÇÃO DE COMPRAS PÚBLICAS
11:16:09 | INFO     | ============================================================
11:16:09 | INFO     | ℹ️  Módulo LEGADO está desativado em config.config['CONFIG_APIS']['LEGADO']['executar_legado']; pulando extração.
11:16:09 | INFO     | ▶ Módulo LEI 14.133 — 24 tarefas | 2 threads
11:16:09 | INFO     | ⏭️  SKIPs acumulados: 24 | 24/24 (100.0%) | Falhas: 0
11:16:09 | INFO     |    Concluído — DONE: 0 | SKIP: 24 | FAIL: 0
11:16:09 | INFO     | ============================================================
11:16:09 | INFO     | 📊 RESUMO DA EXTRAÇÃO DE COMPRAS
11:16:09 | INFO     |   Falhas Legado   : 0
11:16:09 | INFO     |   Falhas Lei14133 : 0
11:16:09 | INFO     |   SKIPs           : 0
11:16:09 | INFO     | ============================================================
11:16:09 | INFO     | 📤 GERANDO compras.csv...
11:16:09 | INFO     | 📂 341 arquivo(s) encontrado(s). Processando...
11:16:10 | INFO     | ✅ CSV gerado: data\compras.csv
11:16:10 | INFO     | IDs únicos     : 2395
11:16:10 | INFO     | Legado         : 1924
11:16:10 | INFO     | Lei 14.133     : 471
11:16:10 | INFO     | Com responsável: 2061
11:16:10 | INFO     | Sem objeto     : 0
11:16:10 | INFO     | Colunas        : 27
11:16:10 | INFO     | ============================================================
11:16:10 | INFO     | 🔩 INICIANDO EXTRAÇÃO DE ITENS
11:16:10 | INFO     | 🔍 Coletando ids de compras para montar a fila de itens...
11:16:11 | INFO     | IDs únicos     : 2395
11:16:11 | INFO     | Consultas prev.: 4707  (vs 9580 no modo bruto)
11:16:11 | INFO     | Já em cache    : 4707
11:16:11 | INFO     | A extrair      : 0
11:16:11 | INFO     | TOTAL fila     : 0
11:16:11 | INFO     | ⚠️  Nenhuma compra encontrada ou todas já em cache.
11:16:11 | INFO     | ============================================================
11:16:11 | INFO     | 📤 GERANDO compras_itens.csv...
11:16:11 | INFO     | 📂 4711 arquivo(s) de itens encontrado(s). Processando...
11:16:14 | INFO     | ✅ CSV gerado: data\compras_itens.csv
11:16:14 | INFO     | Itens únicos  : 27985
11:16:14 | INFO     | Legado        : 20870
11:16:14 | INFO     | Lei 14.133    : 7115
11:16:14 | INFO     | Colunas       : 33
11:16:14 | INFO     | ============================================================
11:16:14 | INFO     | 📋 INICIANDO EXTRAÇÃO DE ATAS
11:16:14 | INFO     | UASG      : RT (158132)
11:16:14 | INFO     | Anos      : 2023–2027
11:16:14 | INFO     | A extrair : 5
11:16:14 | INFO     | 🚀 INICIANDO EXTRAÇÃO DE ATAS | WORKERS: 3 | TOTAL: 5
11:16:14 | INFO     | [11:16:14] ⏭️  SKIP | RT | 2023 | 1/5 (20.0%) | Falhas: 0
11:16:14 | INFO     | [11:16:14] ⏭️  SKIP | RT | 2024 | 2/5 (40.0%) | Falhas: 0
11:16:14 | INFO     | [11:16:14] ⏭️  SKIP | RT | 2025 | 3/5 (60.0%) | Falhas: 0
11:16:14 | INFO     | [11:16:14] ⏭️  SKIP | RT | 2026 | 4/5 (80.0%) | Falhas: 0
11:16:14 | INFO     | [11:16:14] ⏭️  SKIP | RT | 2027 | 5/5 (100.0%) | Falhas: 0
11:16:14 | INFO     | ✅ FIM | Falhas: 0
11:16:14 | INFO     | ============================================================
11:16:14 | INFO     | 📤 GERANDO atas.csv...
11:16:14 | INFO     | 📂 5 arquivo(s) de atas encontrado(s). Processando...
11:16:14 | INFO     | ✅ CSV gerado: data\atas.csv
11:16:14 | INFO     | Atas únicas   : 408
11:16:14 | INFO     | Atas excluídas: 0
11:16:14 | INFO     | Colunas       : 22
11:16:14 | INFO     | ============================================================
11:16:14 | INFO     | 📦 INICIANDO EXTRAÇÃO DE ITENS DAS ATAS
11:16:14 | INFO     | UASG        : RT (158132)
11:16:14 | INFO     | Anos        : 2023–2027
11:16:14 | INFO     | Já em cache : 3
11:16:14 | INFO     | A extrair   : 2
11:16:14 | INFO     | 🚀 INICIANDO EXTRAÇÃO DE ITENS DE ATAS | WORKERS: 3 | TOTAL: 2
11:16:18 | INFO     | [11:16:18] ✅ DONE | RT | 2024 | 1/2 (50.0%) | Falhas: 0
11:16:18 | INFO     | [11:16:18] ✅ DONE | RT | 2025 | 2/2 (100.0%) | Falhas: 0
11:16:18 | INFO     | ✅ FIM | Falhas: 0 | SKIPs: 0
11:16:18 | INFO     | ============================================================
11:16:18 | INFO     | 📤 GERANDO atas_itens.csv...
11:16:18 | INFO     | ✅ Mapa de atas carregado: 69 compras | 408 atas conhecidas
11:16:18 | INFO     | 📂 7 arquivo(s) de itens de atas encontrado(s). Processando...
11:16:18 | INFO     | ⚠️  18 ata(s) ausente(s) do atas.csv — gerando esqueletos...
11:16:18 | INFO     | ➕ 10673078000120-1-000010/2026-000001 (ata 00018/2026)
11:16:18 | INFO     | ➕ 10673078000120-1-000010/2026-000002 (ata 00019/2026)
11:16:18 | INFO     | ➕ 10673078000120-1-000023/2025-000001 (ata 00017/2025)
11:16:18 | INFO     | ➕ 10673078000120-1-000118/2025-000002 (ata 00022/2026)
11:16:18 | INFO     | ➕ 10673078000120-1-000118/2025-000003 (ata 00024/2026)
11:16:18 | INFO     | ➕ 10673078000120-1-000118/2025-000004 (ata 00025/2026)
11:16:18 | INFO     | ➕ 10673078000120-1-000118/2025-000005 (ata 00026/2026)
11:16:18 | INFO     | ➕ 10673078000120-1-000118/2025-000006 (ata 00027/2026)
11:16:18 | INFO     | ➕ 10673078000120-1-000118/2025-000010 (ata 00031/2026)
11:16:18 | INFO     | ➕ 10673078000120-1-000118/2025-000011 (ata 00032/2026)
11:16:18 | INFO     | ➕ 10673078000120-1-000118/2025-000015 (ata 00036/2026)
11:16:18 | INFO     | ➕ 10673078000120-1-000118/2025-000016 (ata 00037/2026)
11:16:18 | INFO     | ➕ 10673078000120-1-000118/2025-000017 (ata 00039/2026)
11:16:18 | INFO     | ➕ 10673078000120-1-000118/2025-000019 (ata 00023/2026)
11:16:18 | INFO     | ➕ 10673078000120-1-000118/2025-000020 (ata 00042/2026)
11:16:18 | INFO     | ➕ 10673078000120-1-000118/2025-000021 (ata 00043/2026)
11:16:18 | INFO     | ➕ 10673078000120-1-000118/2025-000023 (ata 00048/2026)
11:16:18 | INFO     | ➕ 10673078000120-1-000118/2025-000024 (ata 00049/2026)
11:16:18 | INFO     | 💾 atas_manuais.json salvo: 18 ata(s) total (18 nova(s))
11:16:18 | INFO     | 🔄 Regenerando atas.csv com as novas entradas manuais...
11:16:18 | INFO     | 📂 6 arquivo(s) de atas encontrado(s). Processando...
11:16:18 | INFO     | ✅ CSV gerado: data\atas.csv
11:16:18 | INFO     | Atas únicas   : 426
11:16:18 | INFO     | Atas excluídas: 0
11:16:18 | INFO     | Colunas       : 22
11:16:18 | INFO     | ✅ Mapa de atas carregado: 70 compras | 426 atas conhecidas
11:16:19 | INFO     | ✅ CSV gerado: data\atas_itens.csv
11:16:19 | INFO     | Itens únicos     : 2400
11:16:19 | INFO     | Material         : 2015
11:16:19 | INFO     | Serviço          : 385
11:16:19 | INFO     | Excluídos        : 0
11:16:19 | INFO     | Sem id_compra    : 0
11:16:19 | INFO     | Sem numero_compra: 0
11:16:19 | INFO     | Colunas          : 35
11:16:19 | INFO     | ============================================================
11:16:19 | INFO     | 💰 INICIANDO EXTRAÇÃO DE SALDOS DAS ATAS
11:16:19 | INFO     | UASG             : RT (158132)
11:16:19 | INFO     | Validade cache   : 3 dias
11:16:19 | INFO     | A extrair/atualizar: 0
11:16:19 | INFO     | ⏭️  Tudo em cache e dentro da validade. Nada a extrair.
11:16:19 | INFO     | ============================================================
11:16:19 | INFO     | 📤 GERANDO atas_saldos.csv...
11:16:19 | INFO     | 📂 426 arquivo(s) de saldos encontrado(s). Processando...
11:16:19 | INFO     | ✅ CSV gerado: data\atas_saldos.csv
11:16:19 | INFO     | Registros        : 2130
11:16:19 | INFO     | Participantes    : 1885
11:16:19 | INFO     | Não participantes: 141
11:16:19 | INFO     | Colunas          : 12
11:16:19 | INFO     | ============================================================
11:16:19 | INFO     | 🏢 INICIANDO EXTRAÇÃO DE UNIDADES PARTICIPANTES
11:16:19 | INFO     | UASG        : RT (158132)
11:16:19 | INFO     | A extrair   : 975
11:16:19 | INFO     | 🚀 INICIANDO EXTRAÇÃO DE UNIDADES | WORKERS: 3 | TOTAL: 975
11:17:08 | INFO     | [11:17:08] ✅ DONE | 00017/2024 | item 00046 | 1/975 (0.1%) | Falhas: 0
11:17:08 | INFO     | [11:17:08] ✅ DONE | 00017/2024 | item 00045 | 2/975 (0.2%) | Falhas: 0
11:17:08 | INFO     | [11:17:08] ✅ DONE | 00017/2024 | item 00055 | 3/975 (0.3%) | Falhas: 0
11:17:12 | INFO     | [11:17:12] ✅ DONE | 00017/2024 | item 00067 | 4/975 (0.4%) | Falhas: 0
11:17:12 | INFO     | [11:17:12] ✅ DONE | 00017/2024 | item 00056 | 5/975 (0.5%) | Falhas: 0
11:17:13 | INFO     | [11:17:13] ✅ DONE | 00017/2024 | item 00061 | 6/975 (0.6%) | Falhas: 0
11:17:15 | INFO     | [11:17:15] ✅ DONE | 00017/2024 | item 00086 | 7/975 (0.7%) | Falhas: 0
11:17:15 | INFO     | [11:17:15] ✅ DONE | 00017/2024 | item 00074 | 8/975 (0.8%) | Falhas: 0
11:17:19 | INFO     | [11:17:19] ✅ DONE | 00020/2024 | item 00083 | 9/975 (0.9%) | Falhas: 0
11:17:20 | INFO     | [11:17:20] ✅ DONE | 00020/2024 | item 00050 | 10/975 (1.0%) | Falhas: 0
11:17:20 | INFO     | [11:17:20] ✅ DONE | 00021/2024 | item 00003 | 11/975 (1.1%) | Falhas: 0
11:17:22 | INFO     | [11:17:22] ✅ DONE | 00021/2024 | item 00085 | 12/975 (1.2%) | Falhas: 0
11:17:22 | INFO     | [11:17:22] ✅ DONE | 00021/2024 | item 00057 | 13/975 (1.3%) | Falhas: 0
11:17:23 | INFO     | [11:17:23] ✅ DONE | 00021/2024 | item 00058 | 14/975 (1.4%) | Falhas: 0
11:17:24 | INFO     | [11:17:24] ✅ DONE | 00021/2024 | item 00091 | 15/975 (1.5%) | Falhas: 0
11:17:25 | INFO     | [11:17:25] ✅ DONE | 00021/2024 | item 00096 | 16/975 (1.6%) | Falhas: 0
11:17:26 | INFO     | [11:17:26] ✅ DONE | 00021/2024 | item 00097 | 17/975 (1.7%) | Falhas: 0
11:17:28 | INFO     | [11:17:28] ✅ DONE | 00022/2024 | item 00076 | 18/975 (1.8%) | Falhas: 0
11:17:28 | INFO     | [11:17:28] ✅ DONE | 00022/2024 | item 00021 | 19/975 (1.9%) | Falhas: 0
11:17:29 | INFO     | [11:17:29] ✅ DONE | 00022/2024 | item 00094 | 20/975 (2.1%) | Falhas: 0
11:17:30 | INFO     | [11:17:30] ✅ DONE | 00022/2024 | item 00100 | 21/975 (2.2%) | Falhas: 0
11:17:30 | INFO     | [11:17:30] ✅ DONE | 00022/2024 | item 00101 | 22/975 (2.3%) | Falhas: 0
11:17:32 | INFO     | [11:17:32] ✅ DONE | 00023/2024 | item 00088 | 23/975 (2.4%) | Falhas: 0
11:17:32 | INFO     | [11:17:32] ✅ DONE | 00023/2024 | item 00089 | 24/975 (2.5%) | Falhas: 0
11:17:32 | INFO     | [11:17:32] ✅ DONE | 00023/2024 | item 00087 | 25/975 (2.6%) | Falhas: 0
11:17:34 | INFO     | [11:17:34] ✅ DONE | 00023/2024 | item 00090 | 26/975 (2.7%) | Falhas: 0
11:17:36 | INFO     | [11:17:36] ✅ DONE | 00024/2024 | item 00075 | 27/975 (2.8%) | Falhas: 0
11:17:36 | INFO     | [11:17:36] ✅ DONE | 00024/2024 | item 00049 | 28/975 (2.9%) | Falhas: 0
11:17:37 | INFO     | [11:17:37] ✅ DONE | 00025/2024 | item 00047 | 29/975 (3.0%) | Falhas: 0
11:17:40 | INFO     | [11:17:40] ✅ DONE | 00027/2024 | item 00012 | 30/975 (3.1%) | Falhas: 0
11:17:40 | INFO     | [11:17:40] ✅ DONE | 00027/2024 | item 00099 | 31/975 (3.2%) | Falhas: 0
11:17:40 | INFO     | [11:17:40] ✅ DONE | 00025/2024 | item 00053 | 32/975 (3.3%) | Falhas: 0
11:17:42 | INFO     | [11:17:42] ✅ DONE | 00030/2024 | item 00033 | 33/975 (3.4%) | Falhas: 0
11:17:43 | INFO     | [11:17:43] ✅ DONE | 00030/2023 | item 00033 | 34/975 (3.5%) | Falhas: 0
11:17:44 | INFO     | [11:17:44] ✅ DONE | 00031/2023 | item 00003 | 35/975 (3.6%) | Falhas: 0
11:17:44 | INFO     | [11:17:44] ✅ DONE | 00031/2023 | item 00009 | 36/975 (3.7%) | Falhas: 0
11:17:46 | INFO     | [11:17:46] ✅ DONE | 00031/2023 | item 00019 | 37/975 (3.8%) | Falhas: 0
11:17:46 | INFO     | [11:17:46] ✅ DONE | 00031/2023 | item 00017 | 38/975 (3.9%) | Falhas: 0
11:17:47 | INFO     | [11:17:47] ✅ DONE | 00031/2023 | item 00021 | 39/975 (4.0%) | Falhas: 0
11:17:48 | INFO     | [11:17:48] ✅ DONE | 00031/2023 | item 00020 | 40/975 (4.1%) | Falhas: 0
11:17:48 | INFO     | [11:17:48] ✅ DONE | 00031/2023 | item 00035 | 41/975 (4.2%) | Falhas: 0
11:17:49 | INFO     | [11:17:49] ✅ DONE | 00031/2023 | item 00031 | 42/975 (4.3%) | Falhas: 0
11:17:50 | INFO     | [11:17:50] ✅ DONE | 00031/2023 | item 00036 | 43/975 (4.4%) | Falhas: 0
11:17:51 | INFO     | [11:17:51] ✅ DONE | 00031/2024 | item 00004 | 44/975 (4.5%) | Falhas: 0
11:17:52 | INFO     | [11:17:52] ✅ DONE | 00031/2024 | item 00007 | 45/975 (4.6%) | Falhas: 0
11:17:53 | INFO     | [11:17:53] ✅ DONE | 00032/2023 | item 00014 | 46/975 (4.7%) | Falhas: 0
11:17:53 | INFO     | [11:17:53] ✅ DONE | 00032/2023 | item 00012 | 47/975 (4.8%) | Falhas: 0
11:17:55 | INFO     | [11:17:55] ✅ DONE | 00032/2024 | item 00035 | 48/975 (4.9%) | Falhas: 0
11:17:57 | INFO     | [11:17:57] ✅ DONE | 00033/2023 | item 00005 | 49/975 (5.0%) | Falhas: 0
11:17:58 | INFO     | [11:17:58] ✅ DONE | 00026/2024 | item 00001 | 50/975 (5.1%) | Falhas: 0
11:17:58 | INFO     | [11:17:58] ✅ DONE | 00026/2024 | item 00010 | 51/975 (5.2%) | Falhas: 0
11:17:59 | INFO     | [11:17:59] ✅ DONE | 00028/2024 | item 00065 | 52/975 (5.3%) | Falhas: 0
11:18:01 | INFO     | [11:18:01] ✅ DONE | 00029/2023 | item 00001 | 53/975 (5.4%) | Falhas: 0
11:18:01 | INFO     | [11:18:01] ✅ DONE | 00029/2023 | item 00034 | 54/975 (5.5%) | Falhas: 0
11:18:01 | INFO     | [11:18:01] ✅ DONE | 00028/2024 | item 00077 | 55/975 (5.6%) | Falhas: 0
11:18:04 | INFO     | [11:18:04] ✅ DONE | 00034/2023 | item 00028 | 56/975 (5.7%) | Falhas: 0
11:18:04 | INFO     | [11:18:04] ✅ DONE | 00034/2023 | item 00029 | 57/975 (5.8%) | Falhas: 0
11:18:05 | INFO     | [11:18:05] ✅ DONE | 00029/2024 | item 00023 | 58/975 (5.9%) | Falhas: 0
11:18:06 | INFO     | [11:18:06] ✅ DONE | 00035/2023 | item 00018 | 59/975 (6.1%) | Falhas: 0
11:18:06 | INFO     | [11:18:06] ✅ DONE | 00034/2024 | item 00064 | 60/975 (6.2%) | Falhas: 0
11:18:07 | INFO     | [11:18:07] ✅ DONE | 00035/2024 | item 00079 | 61/975 (6.3%) | Falhas: 0
11:18:08 | INFO     | [11:18:08] ✅ DONE | 00036/2023 | item 00004 | 62/975 (6.4%) | Falhas: 0
11:18:09 | INFO     | [11:18:09] ✅ DONE | 00036/2024 | item 00059 | 63/975 (6.5%) | Falhas: 0
11:18:10 | INFO     | [11:18:10] ✅ DONE | 00037/2023 | item 00032 | 64/975 (6.6%) | Falhas: 0
11:18:10 | INFO     | [11:18:10] ✅ DONE | 00037/2024 | item 00024 | 65/975 (6.7%) | Falhas: 0
11:18:14 | INFO     | [11:18:14] ✅ DONE | 00038/2023 | item 00006 | 66/975 (6.8%) | Falhas: 0
11:18:14 | INFO     | [11:18:14] ✅ DONE | 00038/2023 | item 00007 | 67/975 (6.9%) | Falhas: 0
11:18:14 | INFO     | [11:18:14] ✅ DONE | 00038/2023 | item 00008 | 68/975 (7.0%) | Falhas: 0
11:18:16 | INFO     | [11:18:16] ✅ DONE | 00038/2023 | item 00011 | 69/975 (7.1%) | Falhas: 0
11:18:17 | INFO     | [11:18:17] ✅ DONE | 00038/2023 | item 00010 | 70/975 (7.2%) | Falhas: 0
11:18:17 | INFO     | [11:18:17] ✅ DONE | 00038/2023 | item 00013 | 71/975 (7.3%) | Falhas: 0
11:18:18 | INFO     | [11:18:18] ✅ DONE | 00033/2024 | item 00022 | 72/975 (7.4%) | Falhas: 0
11:18:20 | INFO     | [11:18:20] ✅ DONE | 00039/2023 | item 00030 | 73/975 (7.5%) | Falhas: 0
11:18:20 | INFO     | [11:18:20] ✅ DONE | 00039/2024 | item 00006 | 74/975 (7.6%) | Falhas: 0
11:18:20 | INFO     | [11:18:20] ✅ DONE | 00040/2023 | item 00022 | 75/975 (7.7%) | Falhas: 0
11:18:23 | INFO     | [11:18:23] ✅ DONE | 00041/2024 | item 00208 | 76/975 (7.8%) | Falhas: 0
11:18:23 | INFO     | [11:18:23] ✅ DONE | 00041/2024 | item 00253 | 77/975 (7.9%) | Falhas: 0
11:18:23 | INFO     | [11:18:23] ✅ DONE | 00042/2024 | item 00038 | 78/975 (8.0%) | Falhas: 0
11:18:25 | INFO     | [11:18:25] ✅ DONE | 00042/2024 | item 00050 | 79/975 (8.1%) | Falhas: 0
11:18:25 | INFO     | [11:18:25] ✅ DONE | 00042/2024 | item 00045 | 80/975 (8.2%) | Falhas: 0
11:18:25 | INFO     | [11:18:25] ✅ DONE | 00042/2024 | item 00048 | 81/975 (8.3%) | Falhas: 0
11:18:26 | INFO     | [11:18:26] ✅ DONE | 00042/2024 | item 00122 | 82/975 (8.4%) | Falhas: 0
11:18:40 | INFO     | [11:18:40] ✅ DONE | 00043/2024 | item 00001 | 83/975 (8.5%) | Falhas: 0
11:18:40 | INFO     | [11:18:40] ✅ DONE | 00043/2024 | item 00002 | 84/975 (8.6%) | Falhas: 0
11:18:42 | INFO     | [11:18:42] ✅ DONE | 00043/2024 | item 00005 | 85/975 (8.7%) | Falhas: 0
11:18:42 | INFO     | [11:18:42] ✅ DONE | 00043/2024 | item 00006 | 86/975 (8.8%) | Falhas: 0
11:18:42 | INFO     | [11:18:42] ✅ DONE | 00043/2024 | item 00003 | 87/975 (8.9%) | Falhas: 0
11:18:43 | INFO     | [11:18:43] ✅ DONE | 00043/2024 | item 00007 | 88/975 (9.0%) | Falhas: 0
11:18:44 | INFO     | [11:18:44] ✅ DONE | 00043/2024 | item 00008 | 89/975 (9.1%) | Falhas: 0
11:18:44 | INFO     | [11:18:44] ✅ DONE | 00043/2024 | item 00010 | 90/975 (9.2%) | Falhas: 0
11:18:44 | INFO     | [11:18:44] ✅ DONE | 00043/2024 | item 00011 | 91/975 (9.3%) | Falhas: 0
11:18:45 | INFO     | [11:18:45] ✅ DONE | 00043/2024 | item 00012 | 92/975 (9.4%) | Falhas: 0
11:18:45 | INFO     | [11:18:45] ✅ DONE | 00043/2024 | item 00013 | 93/975 (9.5%) | Falhas: 0
11:18:46 | INFO     | [11:18:46] ✅ DONE | 00043/2024 | item 00014 | 94/975 (9.6%) | Falhas: 0
11:18:46 | INFO     | [11:18:46] ✅ DONE | 00043/2024 | item 00018 | 95/975 (9.7%) | Falhas: 0
11:18:47 | INFO     | [11:18:47] ✅ DONE | 00043/2024 | item 00019 | 96/975 (9.8%) | Falhas: 0
11:18:48 | INFO     | [11:18:48] ✅ DONE | 00043/2024 | item 00020 | 97/975 (9.9%) | Falhas: 0
11:18:49 | INFO     | [11:18:49] ✅ DONE | 00043/2024 | item 00023 | 98/975 (10.1%) | Falhas: 0
11:18:49 | INFO     | [11:18:49] ✅ DONE | 00043/2024 | item 00022 | 99/975 (10.2%) | Falhas: 0
11:18:49 | INFO     | [11:18:49] ✅ DONE | 00043/2024 | item 00024 | 100/975 (10.3%) | Falhas: 0
11:18:52 | INFO     | [11:18:52] ✅ DONE | 00043/2024 | item 00025 | 101/975 (10.4%) | Falhas: 0
11:18:54 | INFO     | [11:18:54] ✅ DONE | 00043/2024 | item 00027 | 102/975 (10.5%) | Falhas: 0
11:18:54 | INFO     | [11:18:54] ✅ DONE | 00043/2024 | item 00028 | 103/975 (10.6%) | Falhas: 0
11:18:55 | INFO     | [11:18:55] ✅ DONE | 00043/2024 | item 00029 | 104/975 (10.7%) | Falhas: 0
11:18:56 | INFO     | [11:18:56] ✅ DONE | 00043/2024 | item 00030 | 105/975 (10.8%) | Falhas: 0
11:18:56 | INFO     | [11:18:56] ✅ DONE | 00043/2024 | item 00031 | 106/975 (10.9%) | Falhas: 0
11:18:57 | INFO     | [11:18:57] ✅ DONE | 00043/2024 | item 00033 | 107/975 (11.0%) | Falhas: 0
11:18:58 | INFO     | [11:18:58] ✅ DONE | 00043/2024 | item 00032 | 108/975 (11.1%) | Falhas: 0
11:18:59 | INFO     | [11:18:59] ✅ DONE | 00043/2024 | item 00034 | 109/975 (11.2%) | Falhas: 0
11:18:59 | INFO     | [11:18:59] ✅ DONE | 00043/2024 | item 00036 | 110/975 (11.3%) | Falhas: 0
11:19:00 | INFO     | [11:19:00] ✅ DONE | 00043/2024 | item 00037 | 111/975 (11.4%) | Falhas: 0
11:19:01 | INFO     | [11:19:01] ✅ DONE | 00043/2024 | item 00041 | 112/975 (11.5%) | Falhas: 0
11:19:01 | INFO     | [11:19:01] ✅ DONE | 00043/2024 | item 00040 | 113/975 (11.6%) | Falhas: 0
11:19:02 | INFO     | [11:19:02] ✅ DONE | 00043/2024 | item 00042 | 114/975 (11.7%) | Falhas: 0
11:19:04 | INFO     | [11:19:04] ✅ DONE | 00043/2024 | item 00044 | 115/975 (11.8%) | Falhas: 0
11:19:04 | INFO     | [11:19:04] ✅ DONE | 00043/2024 | item 00043 | 116/975 (11.9%) | Falhas: 0
11:19:04 | INFO     | [11:19:04] ✅ DONE | 00043/2024 | item 00046 | 117/975 (12.0%) | Falhas: 0
11:19:06 | INFO     | [11:19:06] ✅ DONE | 00043/2024 | item 00049 | 118/975 (12.1%) | Falhas: 0
11:19:07 | INFO     | [11:19:07] ✅ DONE | 00043/2024 | item 00055 | 119/975 (12.2%) | Falhas: 0
11:19:07 | INFO     | [11:19:07] ✅ DONE | 00043/2024 | item 00054 | 120/975 (12.3%) | Falhas: 0
11:19:08 | INFO     | [11:19:08] ✅ DONE | 00043/2024 | item 00056 | 121/975 (12.4%) | Falhas: 0
11:19:09 | INFO     | [11:19:09] ✅ DONE | 00043/2024 | item 00057 | 122/975 (12.5%) | Falhas: 0
11:19:10 | INFO     | [11:19:10] ✅ DONE | 00043/2024 | item 00059 | 123/975 (12.6%) | Falhas: 0
11:19:10 | INFO     | [11:19:10] ✅ DONE | 00043/2024 | item 00058 | 124/975 (12.7%) | Falhas: 0
11:19:12 | INFO     | [11:19:12] ✅ DONE | 00043/2024 | item 00060 | 125/975 (12.8%) | Falhas: 0
11:19:13 | INFO     | [11:19:13] ✅ DONE | 00043/2024 | item 00062 | 126/975 (12.9%) | Falhas: 0
11:19:13 | INFO     | [11:19:13] ✅ DONE | 00043/2024 | item 00061 | 127/975 (13.0%) | Falhas: 0
11:19:14 | INFO     | [11:19:14] ✅ DONE | 00043/2024 | item 00063 | 128/975 (13.1%) | Falhas: 0
11:19:15 | INFO     | [11:19:15] ✅ DONE | 00043/2024 | item 00069 | 129/975 (13.2%) | Falhas: 0
11:19:16 | INFO     | [11:19:16] ✅ DONE | 00043/2024 | item 00070 | 130/975 (13.3%) | Falhas: 0
11:19:19 | INFO     | [11:19:19] ✅ DONE | 00038/2023 | item 00015 | 131/975 (13.4%) | Falhas: 0
11:19:19 | INFO     | [11:19:19] ✅ DONE | 00038/2023 | item 00016 | 132/975 (13.5%) | Falhas: 0
11:19:19 | INFO     | [11:19:19] ✅ DONE | 00038/2023 | item 00023 | 133/975 (13.6%) | Falhas: 0
11:19:23 | INFO     | [11:19:23] ✅ DONE | 00038/2024 | item 00013 | 134/975 (13.7%) | Falhas: 0
11:19:24 | INFO     | [11:19:24] ✅ DONE | 00044/2024 | item 00009 | 135/975 (13.8%) | Falhas: 0
11:19:24 | INFO     | [11:19:24] ✅ DONE | 00044/2024 | item 00004 | 136/975 (13.9%) | Falhas: 0
11:19:25 | INFO     | [11:19:25] ✅ DONE | 00043/2024 | item 00071 | 137/975 (14.1%) | Falhas: 0
11:19:26 | INFO     | [11:19:26] ✅ DONE | 00043/2024 | item 00073 | 138/975 (14.2%) | Falhas: 0
11:19:27 | INFO     | [11:19:27] ✅ DONE | 00043/2024 | item 00074 | 139/975 (14.3%) | Falhas: 0
11:19:27 | INFO     | [11:19:27] ✅ DONE | 00043/2024 | item 00075 | 140/975 (14.4%) | Falhas: 0
11:19:29 | INFO     | [11:19:29] ✅ DONE | 00043/2024 | item 00078 | 141/975 (14.5%) | Falhas: 0
11:19:29 | INFO     | [11:19:29] ✅ DONE | 00043/2024 | item 00076 | 142/975 (14.6%) | Falhas: 0
11:19:30 | INFO     | [11:19:30] ✅ DONE | 00043/2024 | item 00077 | 143/975 (14.7%) | Falhas: 0
11:19:30 | INFO     | [11:19:30] ✅ DONE | 00043/2024 | item 00080 | 144/975 (14.8%) | Falhas: 0
11:19:31 | INFO     | [11:19:31] ✅ DONE | 00043/2024 | item 00079 | 145/975 (14.9%) | Falhas: 0
11:19:32 | INFO     | [11:19:32] ✅ DONE | 00043/2024 | item 00083 | 146/975 (15.0%) | Falhas: 0
11:19:32 | INFO     | [11:19:32] ✅ DONE | 00043/2024 | item 00081 | 147/975 (15.1%) | Falhas: 0
11:19:33 | INFO     | [11:19:33] ✅ DONE | 00043/2024 | item 00084 | 148/975 (15.2%) | Falhas: 0
11:19:34 | INFO     | [11:19:34] ✅ DONE | 00043/2024 | item 00086 | 149/975 (15.3%) | Falhas: 0
11:19:34 | INFO     | [11:19:34] ✅ DONE | 00043/2024 | item 00085 | 150/975 (15.4%) | Falhas: 0
11:19:35 | INFO     | [11:19:35] ✅ DONE | 00043/2024 | item 00088 | 151/975 (15.5%) | Falhas: 0
11:19:35 | INFO     | [11:19:35] ✅ DONE | 00043/2024 | item 00089 | 152/975 (15.6%) | Falhas: 0
11:19:36 | INFO     | [11:19:36] ✅ DONE | 00043/2024 | item 00087 | 153/975 (15.7%) | Falhas: 0
11:19:36 | INFO     | [11:19:36] ✅ DONE | 00043/2024 | item 00091 | 154/975 (15.8%) | Falhas: 0
11:19:37 | INFO     | [11:19:37] ✅ DONE | 00043/2024 | item 00093 | 155/975 (15.9%) | Falhas: 0
11:19:37 | INFO     | [11:19:37] ✅ DONE | 00043/2024 | item 00090 | 156/975 (16.0%) | Falhas: 0
11:19:38 | INFO     | [11:19:38] ✅ DONE | 00043/2024 | item 00094 | 157/975 (16.1%) | Falhas: 0
11:19:38 | INFO     | [11:19:38] ✅ DONE | 00043/2024 | item 00095 | 158/975 (16.2%) | Falhas: 0
11:19:38 | INFO     | [11:19:38] ✅ DONE | 00043/2024 | item 00096 | 159/975 (16.3%) | Falhas: 0
11:19:39 | INFO     | [11:19:39] ✅ DONE | 00043/2024 | item 00099 | 160/975 (16.4%) | Falhas: 0
11:19:40 | INFO     | [11:19:40] ✅ DONE | 00043/2024 | item 00098 | 161/975 (16.5%) | Falhas: 0
11:19:40 | INFO     | [11:19:40] ✅ DONE | 00043/2024 | item 00100 | 162/975 (16.6%) | Falhas: 0
11:19:41 | INFO     | [11:19:41] ✅ DONE | 00043/2024 | item 00101 | 163/975 (16.7%) | Falhas: 0
11:19:41 | INFO     | [11:19:41] ✅ DONE | 00043/2024 | item 00103 | 164/975 (16.8%) | Falhas: 0
11:19:42 | INFO     | [11:19:42] ✅ DONE | 00043/2024 | item 00104 | 165/975 (16.9%) | Falhas: 0
11:19:42 | INFO     | [11:19:42] ✅ DONE | 00043/2024 | item 00102 | 166/975 (17.0%) | Falhas: 0
11:19:42 | INFO     | [11:19:42] ✅ DONE | 00043/2024 | item 00105 | 167/975 (17.1%) | Falhas: 0
11:19:43 | INFO     | [11:19:43] ✅ DONE | 00043/2024 | item 00107 | 168/975 (17.2%) | Falhas: 0
11:19:43 | INFO     | [11:19:43] ✅ DONE | 00043/2024 | item 00108 | 169/975 (17.3%) | Falhas: 0
11:19:44 | INFO     | [11:19:44] ✅ DONE | 00043/2024 | item 00106 | 170/975 (17.4%) | Falhas: 0
11:19:44 | INFO     | [11:19:44] ✅ DONE | 00043/2024 | item 00110 | 171/975 (17.5%) | Falhas: 0
11:19:45 | INFO     | [11:19:45] ✅ DONE | 00043/2024 | item 00111 | 172/975 (17.6%) | Falhas: 0
11:19:46 | INFO     | [11:19:46] ✅ DONE | 00043/2024 | item 00112 | 173/975 (17.7%) | Falhas: 0
11:19:46 | INFO     | [11:19:46] ✅ DONE | 00043/2024 | item 00113 | 174/975 (17.8%) | Falhas: 0
11:19:46 | INFO     | [11:19:46] ✅ DONE | 00043/2024 | item 00114 | 175/975 (17.9%) | Falhas: 0
11:19:47 | INFO     | [11:19:47] ✅ DONE | 00043/2024 | item 00116 | 176/975 (18.1%) | Falhas: 0
11:19:48 | INFO     | [11:19:48] ✅ DONE | 00043/2024 | item 00117 | 177/975 (18.2%) | Falhas: 0
11:19:48 | INFO     | [11:19:48] ✅ DONE | 00043/2024 | item 00115 | 178/975 (18.3%) | Falhas: 0
11:19:49 | INFO     | [11:19:49] ✅ DONE | 00043/2024 | item 00118 | 179/975 (18.4%) | Falhas: 0
11:19:49 | INFO     | [11:19:49] ✅ DONE | 00043/2024 | item 00119 | 180/975 (18.5%) | Falhas: 0
11:19:49 | INFO     | [11:19:49] ✅ DONE | 00043/2024 | item 00120 | 181/975 (18.6%) | Falhas: 0
11:19:51 | INFO     | [11:19:51] ✅ DONE | 00043/2024 | item 00126 | 182/975 (18.7%) | Falhas: 0
11:19:51 | INFO     | [11:19:51] ✅ DONE | 00043/2024 | item 00128 | 183/975 (18.8%) | Falhas: 0
11:19:51 | INFO     | [11:19:51] ✅ DONE | 00043/2024 | item 00121 | 184/975 (18.9%) | Falhas: 0
11:19:52 | INFO     | [11:19:52] ✅ DONE | 00043/2024 | item 00129 | 185/975 (19.0%) | Falhas: 0
11:19:53 | INFO     | [11:19:53] ✅ DONE | 00043/2024 | item 00132 | 186/975 (19.1%) | Falhas: 0
11:19:54 | INFO     | [11:19:54] ✅ DONE | 00043/2024 | item 00131 | 187/975 (19.2%) | Falhas: 0
11:19:54 | INFO     | [11:19:54] ✅ DONE | 00043/2024 | item 00133 | 188/975 (19.3%) | Falhas: 0
11:19:55 | INFO     | [11:19:55] ✅ DONE | 00043/2024 | item 00134 | 189/975 (19.4%) | Falhas: 0
11:19:55 | INFO     | [11:19:55] ✅ DONE | 00043/2024 | item 00136 | 190/975 (19.5%) | Falhas: 0
11:19:56 | INFO     | [11:19:56] ✅ DONE | 00043/2024 | item 00135 | 191/975 (19.6%) | Falhas: 0
11:19:57 | INFO     | [11:19:57] ✅ DONE | 00043/2024 | item 00137 | 192/975 (19.7%) | Falhas: 0
11:19:57 | INFO     | [11:19:57] ✅ DONE | 00043/2024 | item 00140 | 193/975 (19.8%) | Falhas: 0
11:19:58 | INFO     | [11:19:58] ✅ DONE | 00043/2024 | item 00148 | 194/975 (19.9%) | Falhas: 0
11:19:58 | INFO     | [11:19:58] ✅ DONE | 00043/2024 | item 00147 | 195/975 (20.0%) | Falhas: 0
11:19:58 | INFO     | [11:19:58] ✅ DONE | 00043/2024 | item 00138 | 196/975 (20.1%) | Falhas: 0
11:19:59 | INFO     | [11:19:59] ✅ DONE | 00043/2024 | item 00150 | 197/975 (20.2%) | Falhas: 0
11:19:59 | INFO     | [11:19:59] ✅ DONE | 00043/2024 | item 00149 | 198/975 (20.3%) | Falhas: 0
11:20:00 | INFO     | [11:20:00] ✅ DONE | 00043/2024 | item 00151 | 199/975 (20.4%) | Falhas: 0
11:20:01 | INFO     | [11:20:01] ✅ DONE | 00043/2024 | item 00152 | 200/975 (20.5%) | Falhas: 0
11:20:02 | INFO     | [11:20:02] ✅ DONE | 00043/2024 | item 00157 | 201/975 (20.6%) | Falhas: 0
11:20:02 | INFO     | [11:20:02] ✅ DONE | 00043/2024 | item 00153 | 202/975 (20.7%) | Falhas: 0
11:20:02 | INFO     | [11:20:02] ✅ DONE | 00043/2024 | item 00156 | 203/975 (20.8%) | Falhas: 0
11:20:03 | INFO     | [11:20:03] ✅ DONE | 00043/2024 | item 00159 | 204/975 (20.9%) | Falhas: 0
11:20:05 | INFO     | [11:20:05] ✅ DONE | 00043/2024 | item 00161 | 205/975 (21.0%) | Falhas: 0
11:20:05 | INFO     | [11:20:05] ✅ DONE | 00043/2024 | item 00162 | 206/975 (21.1%) | Falhas: 0
11:20:06 | INFO     | [11:20:06] ✅ DONE | 00043/2024 | item 00158 | 207/975 (21.2%) | Falhas: 0
11:20:06 | INFO     | [11:20:06] ✅ DONE | 00043/2024 | item 00160 | 208/975 (21.3%) | Falhas: 0
11:20:06 | INFO     | [11:20:06] ✅ DONE | 00043/2024 | item 00163 | 209/975 (21.4%) | Falhas: 0
11:20:07 | INFO     | [11:20:07] ✅ DONE | 00043/2024 | item 00166 | 210/975 (21.5%) | Falhas: 0
11:20:08 | INFO     | [11:20:08] ✅ DONE | 00043/2024 | item 00165 | 211/975 (21.6%) | Falhas: 0
11:20:08 | INFO     | [11:20:08] ✅ DONE | 00043/2024 | item 00164 | 212/975 (21.7%) | Falhas: 0
11:20:09 | INFO     | [11:20:09] ✅ DONE | 00043/2024 | item 00170 | 213/975 (21.8%) | Falhas: 0
11:20:09 | INFO     | [11:20:09] ✅ DONE | 00043/2024 | item 00167 | 214/975 (21.9%) | Falhas: 0
11:20:09 | INFO     | [11:20:09] ✅ DONE | 00043/2024 | item 00171 | 215/975 (22.1%) | Falhas: 0
11:20:10 | INFO     | [11:20:10] ✅ DONE | 00043/2024 | item 00172 | 216/975 (22.2%) | Falhas: 0
11:20:11 | INFO     | [11:20:11] ✅ DONE | 00043/2024 | item 00174 | 217/975 (22.3%) | Falhas: 0
11:20:11 | INFO     | [11:20:11] ✅ DONE | 00043/2024 | item 00176 | 218/975 (22.4%) | Falhas: 0
11:20:12 | INFO     | [11:20:12] ✅ DONE | 00043/2024 | item 00179 | 219/975 (22.5%) | Falhas: 0
11:20:12 | INFO     | [11:20:12] ✅ DONE | 00043/2024 | item 00177 | 220/975 (22.6%) | Falhas: 0
11:20:12 | INFO     | [11:20:12] ✅ DONE | 00043/2024 | item 00173 | 221/975 (22.7%) | Falhas: 0
11:20:13 | INFO     | [11:20:13] ✅ DONE | 00043/2024 | item 00180 | 222/975 (22.8%) | Falhas: 0
11:20:15 | INFO     | [11:20:15] ✅ DONE | 00043/2024 | item 00182 | 223/975 (22.9%) | Falhas: 0
11:20:15 | INFO     | [11:20:15] ✅ DONE | 00043/2024 | item 00181 | 224/975 (23.0%) | Falhas: 0
11:20:15 | INFO     | [11:20:15] ✅ DONE | 00043/2024 | item 00183 | 225/975 (23.1%) | Falhas: 0
11:20:16 | INFO     | [11:20:16] ✅ DONE | 00043/2024 | item 00184 | 226/975 (23.2%) | Falhas: 0
11:20:17 | INFO     | [11:20:17] ✅ DONE | 00043/2024 | item 00186 | 227/975 (23.3%) | Falhas: 0
11:20:17 | INFO     | [11:20:17] ✅ DONE | 00043/2024 | item 00185 | 228/975 (23.4%) | Falhas: 0
11:20:18 | INFO     | [11:20:18] ✅ DONE | 00043/2024 | item 00189 | 229/975 (23.5%) | Falhas: 0
11:20:19 | INFO     | [11:20:19] ✅ DONE | 00043/2024 | item 00190 | 230/975 (23.6%) | Falhas: 0
11:20:19 | INFO     | [11:20:19] ✅ DONE | 00043/2024 | item 00187 | 231/975 (23.7%) | Falhas: 0
11:20:20 | INFO     | [11:20:20] ✅ DONE | 00043/2024 | item 00192 | 232/975 (23.8%) | Falhas: 0
11:20:20 | INFO     | [11:20:20] ✅ DONE | 00043/2024 | item 00191 | 233/975 (23.9%) | Falhas: 0
11:20:21 | INFO     | [11:20:21] ✅ DONE | 00043/2024 | item 00195 | 234/975 (24.0%) | Falhas: 0
11:20:21 | INFO     | [11:20:21] ✅ DONE | 00043/2024 | item 00193 | 235/975 (24.1%) | Falhas: 0
11:20:22 | INFO     | [11:20:22] ✅ DONE | 00043/2024 | item 00194 | 236/975 (24.2%) | Falhas: 0
11:20:38 | INFO     | [11:20:38] ✅ DONE | 00043/2024 | item 00198 | 237/975 (24.3%) | Falhas: 0
11:20:39 | INFO     | [11:20:39] ✅ DONE | 00043/2024 | item 00197 | 238/975 (24.4%) | Falhas: 0
11:20:39 | INFO     | [11:20:39] ✅ DONE | 00043/2024 | item 00196 | 239/975 (24.5%) | Falhas: 0
11:20:40 | INFO     | [11:20:40] ✅ DONE | 00043/2024 | item 00201 | 240/975 (24.6%) | Falhas: 0
11:20:40 | INFO     | [11:20:40] ✅ DONE | 00043/2024 | item 00200 | 241/975 (24.7%) | Falhas: 0
11:20:41 | INFO     | [11:20:41] ✅ DONE | 00043/2024 | item 00205 | 242/975 (24.8%) | Falhas: 0
11:20:42 | INFO     | [11:20:42] ✅ DONE | 00043/2024 | item 00202 | 243/975 (24.9%) | Falhas: 0
11:20:42 | INFO     | [11:20:42] ✅ DONE | 00043/2024 | item 00203 | 244/975 (25.0%) | Falhas: 0
11:20:43 | INFO     | [11:20:43] ✅ DONE | 00043/2024 | item 00207 | 245/975 (25.1%) | Falhas: 0
11:20:44 | INFO     | [11:20:44] ✅ DONE | 00043/2024 | item 00206 | 246/975 (25.2%) | Falhas: 0
11:20:45 | INFO     | [11:20:45] ✅ DONE | 00043/2024 | item 00211 | 247/975 (25.3%) | Falhas: 0
11:20:45 | INFO     | [11:20:45] ✅ DONE | 00043/2024 | item 00210 | 248/975 (25.4%) | Falhas: 0
11:20:45 | INFO     | [11:20:45] ✅ DONE | 00043/2024 | item 00212 | 249/975 (25.5%) | Falhas: 0
11:20:47 | INFO     | [11:20:47] ✅ DONE | 00043/2024 | item 00214 | 250/975 (25.6%) | Falhas: 0
11:20:47 | INFO     | [11:20:47] ✅ DONE | 00043/2024 | item 00213 | 251/975 (25.7%) | Falhas: 0
11:20:48 | INFO     | [11:20:48] ✅ DONE | 00043/2024 | item 00216 | 252/975 (25.8%) | Falhas: 0
11:20:48 | INFO     | [11:20:48] ✅ DONE | 00043/2024 | item 00215 | 253/975 (25.9%) | Falhas: 0
11:20:49 | INFO     | [11:20:49] ✅ DONE | 00044/2024 | item 00015 | 254/975 (26.1%) | Falhas: 0
11:20:50 | INFO     | [11:20:50] ✅ DONE | 00044/2024 | item 00016 | 255/975 (26.2%) | Falhas: 0
11:20:50 | INFO     | [11:20:50] ✅ DONE | 00044/2024 | item 00017 | 256/975 (26.3%) | Falhas: 0
11:20:51 | INFO     | [11:20:51] ✅ DONE | 00044/2024 | item 00021 | 257/975 (26.4%) | Falhas: 0
11:20:52 | INFO     | [11:20:52] ✅ DONE | 00044/2024 | item 00026 | 258/975 (26.5%) | Falhas: 0
11:20:52 | INFO     | [11:20:52] ✅ DONE | 00044/2024 | item 00035 | 259/975 (26.6%) | Falhas: 0
11:20:53 | INFO     | [11:20:53] ✅ DONE | 00044/2024 | item 00039 | 260/975 (26.7%) | Falhas: 0
11:20:53 | INFO     | [11:20:53] ✅ DONE | 00044/2024 | item 00047 | 261/975 (26.8%) | Falhas: 0
11:20:54 | INFO     | [11:20:54] ✅ DONE | 00044/2024 | item 00052 | 262/975 (26.9%) | Falhas: 0
11:20:54 | INFO     | [11:20:54] ✅ DONE | 00044/2024 | item 00053 | 263/975 (27.0%) | Falhas: 0
11:20:54 | INFO     | [11:20:54] ✅ DONE | 00044/2024 | item 00064 | 264/975 (27.1%) | Falhas: 0
11:20:55 | INFO     | [11:20:55] ✅ DONE | 00044/2024 | item 00065 | 265/975 (27.2%) | Falhas: 0
11:20:55 | INFO     | [11:20:55] ✅ DONE | 00044/2024 | item 00066 | 266/975 (27.3%) | Falhas: 0
11:20:55 | INFO     | [11:20:55] ✅ DONE | 00044/2024 | item 00067 | 267/975 (27.4%) | Falhas: 0
11:20:56 | INFO     | [11:20:56] ✅ DONE | 00044/2024 | item 00068 | 268/975 (27.5%) | Falhas: 0
11:20:57 | INFO     | [11:20:57] ✅ DONE | 00044/2024 | item 00092 | 269/975 (27.6%) | Falhas: 0
11:20:57 | INFO     | [11:20:57] ✅ DONE | 00044/2024 | item 00072 | 270/975 (27.7%) | Falhas: 0
11:20:57 | INFO     | [11:20:57] ✅ DONE | 00044/2024 | item 00082 | 271/975 (27.8%) | Falhas: 0
11:20:58 | INFO     | [11:20:58] ✅ DONE | 00044/2024 | item 00109 | 272/975 (27.9%) | Falhas: 0
11:20:58 | INFO     | [11:20:58] ✅ DONE | 00044/2024 | item 00097 | 273/975 (28.0%) | Falhas: 0
11:20:59 | INFO     | [11:20:59] ✅ DONE | 00044/2024 | item 00125 | 274/975 (28.1%) | Falhas: 0
11:21:00 | INFO     | [11:21:00] ✅ DONE | 00044/2024 | item 00123 | 275/975 (28.2%) | Falhas: 0
11:21:00 | INFO     | [11:21:00] ✅ DONE | 00044/2024 | item 00124 | 276/975 (28.3%) | Falhas: 0
11:21:02 | INFO     | [11:21:02] ✅ DONE | 00044/2024 | item 00127 | 277/975 (28.4%) | Falhas: 0
11:21:02 | INFO     | [11:21:02] ✅ DONE | 00044/2024 | item 00141 | 278/975 (28.5%) | Falhas: 0
11:21:02 | INFO     | [11:21:02] ✅ DONE | 00044/2024 | item 00130 | 279/975 (28.6%) | Falhas: 0
11:21:03 | INFO     | [11:21:03] ✅ DONE | 00044/2024 | item 00142 | 280/975 (28.7%) | Falhas: 0
11:21:04 | INFO     | [11:21:04] ✅ DONE | 00044/2024 | item 00145 | 281/975 (28.8%) | Falhas: 0
11:21:05 | INFO     | [11:21:05] ✅ DONE | 00044/2024 | item 00143 | 282/975 (28.9%) | Falhas: 0
11:21:05 | INFO     | [11:21:05] ✅ DONE | 00044/2024 | item 00144 | 283/975 (29.0%) | Falhas: 0
11:21:06 | INFO     | [11:21:06] ✅ DONE | 00044/2024 | item 00146 | 284/975 (29.1%) | Falhas: 0
11:21:06 | INFO     | [11:21:06] ✅ DONE | 00044/2024 | item 00154 | 285/975 (29.2%) | Falhas: 0
11:21:07 | INFO     | [11:21:07] ✅ DONE | 00044/2024 | item 00168 | 286/975 (29.3%) | Falhas: 0
11:21:07 | INFO     | [11:21:07] ✅ DONE | 00044/2024 | item 00155 | 287/975 (29.4%) | Falhas: 0
11:21:09 | INFO     | [11:21:09] ✅ DONE | 00044/2024 | item 00175 | 288/975 (29.5%) | Falhas: 0
11:21:09 | INFO     | [11:21:09] ✅ DONE | 00044/2024 | item 00169 | 289/975 (29.6%) | Falhas: 0
11:21:09 | INFO     | [11:21:09] ✅ DONE | 00044/2024 | item 00188 | 290/975 (29.7%) | Falhas: 0
11:21:10 | INFO     | [11:21:10] ✅ DONE | 00044/2024 | item 00204 | 291/975 (29.8%) | Falhas: 0
11:21:12 | INFO     | [11:21:12] ✅ DONE | 00044/2024 | item 00224 | 292/975 (29.9%) | Falhas: 0
11:21:12 | INFO     | [11:21:12] ✅ DONE | 00044/2024 | item 00221 | 293/975 (30.1%) | Falhas: 0
11:21:12 | INFO     | [11:21:12] ✅ DONE | 00044/2024 | item 00199 | 294/975 (30.2%) | Falhas: 0
11:21:15 | INFO     | [11:21:15] ✅ DONE | 00044/2024 | item 00232 | 295/975 (30.3%) | Falhas: 0
11:21:16 | INFO     | [11:21:16] ✅ DONE | 00044/2024 | item 00236 | 296/975 (30.4%) | Falhas: 0
11:21:16 | INFO     | [11:21:16] ✅ DONE | 00044/2024 | item 00225 | 297/975 (30.5%) | Falhas: 0
11:21:17 | INFO     | [11:21:17] ✅ DONE | 00044/2024 | item 00240 | 298/975 (30.6%) | Falhas: 0
11:21:19 | INFO     | [11:21:19] ✅ DONE | 00044/2024 | item 00242 | 299/975 (30.7%) | Falhas: 0
11:21:21 | INFO     | [11:21:21] ✅ DONE | 00044/2024 | item 00257 | 300/975 (30.8%) | Falhas: 0
11:21:21 | INFO     | [11:21:21] ✅ DONE | 00044/2024 | item 00241 | 301/975 (30.9%) | Falhas: 0
11:21:22 | INFO     | [11:21:22] ✅ DONE | 00044/2024 | item 00256 | 302/975 (31.0%) | Falhas: 0
11:21:22 | INFO     | [11:21:22] ✅ DONE | 00044/2024 | item 00261 | 303/975 (31.1%) | Falhas: 0
11:21:22 | INFO     | [11:21:22] ✅ DONE | 00044/2024 | item 00259 | 304/975 (31.2%) | Falhas: 0
11:21:24 | INFO     | [11:21:24] ✅ DONE | 00044/2024 | item 00267 | 305/975 (31.3%) | Falhas: 0
11:21:25 | INFO     | [11:21:25] ✅ DONE | 00044/2024 | item 00264 | 306/975 (31.4%) | Falhas: 0
11:21:26 | INFO     | [11:21:26] ✅ DONE | 00044/2024 | item 00266 | 307/975 (31.5%) | Falhas: 0
11:21:28 | INFO     | [11:21:28] ✅ DONE | 00044/2024 | item 00269 | 308/975 (31.6%) | Falhas: 0
11:21:29 | INFO     | [11:21:29] ✅ DONE | 00044/2024 | item 00270 | 309/975 (31.7%) | Falhas: 0
11:21:30 | INFO     | [11:21:30] ✅ DONE | 00044/2024 | item 00268 | 310/975 (31.8%) | Falhas: 0
11:21:30 | INFO     | [11:21:30] ✅ DONE | 00044/2024 | item 00271 | 311/975 (31.9%) | Falhas: 0
11:21:32 | INFO     | [11:21:32] ✅ DONE | 00044/2024 | item 00298 | 312/975 (32.0%) | Falhas: 0
11:21:32 | INFO     | [11:21:32] ✅ DONE | 00044/2024 | item 00291 | 313/975 (32.1%) | Falhas: 0
11:21:33 | INFO     | [11:21:33] ✅ DONE | 00044/2024 | item 00308 | 314/975 (32.2%) | Falhas: 0
11:21:34 | INFO     | [11:21:34] ✅ DONE | 00044/2024 | item 00307 | 315/975 (32.3%) | Falhas: 0
11:21:34 | INFO     | [11:21:34] ✅ DONE | 00044/2024 | item 00281 | 316/975 (32.4%) | Falhas: 0
11:21:35 | INFO     | [11:21:35] ✅ DONE | 00044/2024 | item 00320 | 317/975 (32.5%) | Falhas: 0
11:21:35 | INFO     | [11:21:35] ✅ DONE | 00044/2024 | item 00312 | 318/975 (32.6%) | Falhas: 0
11:21:36 | INFO     | [11:21:36] ✅ DONE | 00044/2024 | item 00321 | 319/975 (32.7%) | Falhas: 0
11:21:37 | INFO     | [11:21:37] ✅ DONE | 00044/2024 | item 00324 | 320/975 (32.8%) | Falhas: 0
11:21:37 | INFO     | [11:21:37] ✅ DONE | 00044/2024 | item 00322 | 321/975 (32.9%) | Falhas: 0
11:21:37 | INFO     | [11:21:37] ✅ DONE | 00044/2024 | item 00323 | 322/975 (33.0%) | Falhas: 0
11:21:40 | INFO     | [11:21:40] ✅ DONE | 00045/2024 | item 00069 | 323/975 (33.1%) | Falhas: 0
11:21:41 | INFO     | [11:21:41] ✅ DONE | 00045/2024 | item 00060 | 324/975 (33.2%) | Falhas: 0
11:21:41 | INFO     | [11:21:41] ✅ DONE | 00045/2024 | item 00022 | 325/975 (33.3%) | Falhas: 0
11:21:42 | INFO     | [11:21:42] ✅ DONE | 00045/2024 | item 00073 | 326/975 (33.4%) | Falhas: 0
11:21:42 | INFO     | [11:21:42] ✅ DONE | 00045/2024 | item 00074 | 327/975 (33.5%) | Falhas: 0
11:21:44 | INFO     | [11:21:44] ✅ DONE | 00045/2024 | item 00075 | 328/975 (33.6%) | Falhas: 0
11:21:45 | INFO     | [11:21:45] ✅ DONE | 00045/2024 | item 00112 | 329/975 (33.7%) | Falhas: 0
11:21:45 | INFO     | [11:21:45] ✅ DONE | 00045/2024 | item 00076 | 330/975 (33.8%) | Falhas: 0
11:21:46 | INFO     | [11:21:46] ✅ DONE | 00043/2024 | item 00217 | 331/975 (33.9%) | Falhas: 0
11:21:47 | INFO     | [11:21:47] ✅ DONE | 00045/2024 | item 00113 | 332/975 (34.1%) | Falhas: 0
11:21:48 | INFO     | [11:21:48] ✅ DONE | 00043/2024 | item 00218 | 333/975 (34.2%) | Falhas: 0
11:21:49 | INFO     | [11:21:49] ✅ DONE | 00043/2024 | item 00220 | 334/975 (34.3%) | Falhas: 0
11:21:50 | INFO     | [11:21:50] ✅ DONE | 00043/2024 | item 00219 | 335/975 (34.4%) | Falhas: 0
11:21:51 | INFO     | [11:21:51] ✅ DONE | 00043/2024 | item 00223 | 336/975 (34.5%) | Falhas: 0
11:21:51 | INFO     | [11:21:51] ✅ DONE | 00043/2024 | item 00222 | 337/975 (34.6%) | Falhas: 0
11:21:53 | INFO     | [11:21:53] ✅ DONE | 00043/2024 | item 00226 | 338/975 (34.7%) | Falhas: 0
11:21:53 | INFO     | [11:21:53] ✅ DONE | 00043/2024 | item 00227 | 339/975 (34.8%) | Falhas: 0
11:21:54 | INFO     | [11:21:54] ✅ DONE | 00043/2024 | item 00228 | 340/975 (34.9%) | Falhas: 0
11:21:55 | INFO     | [11:21:55] ✅ DONE | 00043/2024 | item 00230 | 341/975 (35.0%) | Falhas: 0
11:21:55 | INFO     | [11:21:55] ✅ DONE | 00043/2024 | item 00229 | 342/975 (35.1%) | Falhas: 0
11:21:55 | INFO     | [11:21:55] ✅ DONE | 00043/2024 | item 00231 | 343/975 (35.2%) | Falhas: 0
11:21:56 | INFO     | [11:21:56] ✅ DONE | 00043/2024 | item 00234 | 344/975 (35.3%) | Falhas: 0
11:21:57 | INFO     | [11:21:57] ✅ DONE | 00043/2024 | item 00233 | 345/975 (35.4%) | Falhas: 0
11:21:57 | INFO     | [11:21:57] ✅ DONE | 00043/2024 | item 00235 | 346/975 (35.5%) | Falhas: 0
11:21:58 | INFO     | [11:21:58] ✅ DONE | 00043/2024 | item 00239 | 347/975 (35.6%) | Falhas: 0
11:21:59 | INFO     | [11:21:59] ✅ DONE | 00043/2024 | item 00238 | 348/975 (35.7%) | Falhas: 0
11:22:00 | INFO     | [11:22:00] ✅ DONE | 00043/2024 | item 00237 | 349/975 (35.8%) | Falhas: 0
11:22:01 | INFO     | [11:22:01] ✅ DONE | 00043/2024 | item 00243 | 350/975 (35.9%) | Falhas: 0
11:22:01 | INFO     | [11:22:01] ✅ DONE | 00043/2024 | item 00244 | 351/975 (36.0%) | Falhas: 0
11:22:02 | INFO     | [11:22:02] ✅ DONE | 00043/2024 | item 00245 | 352/975 (36.1%) | Falhas: 0
11:22:03 | INFO     | [11:22:03] ✅ DONE | 00043/2024 | item 00248 | 353/975 (36.2%) | Falhas: 0
11:22:04 | INFO     | [11:22:04] ✅ DONE | 00043/2024 | item 00246 | 354/975 (36.3%) | Falhas: 0
11:22:04 | INFO     | [11:22:04] ✅ DONE | 00043/2024 | item 00247 | 355/975 (36.4%) | Falhas: 0
11:22:04 | INFO     | [11:22:04] ✅ DONE | 00043/2024 | item 00249 | 356/975 (36.5%) | Falhas: 0
11:22:06 | INFO     | [11:22:06] ✅ DONE | 00043/2024 | item 00250 | 357/975 (36.6%) | Falhas: 0
11:22:06 | INFO     | [11:22:06] ✅ DONE | 00043/2024 | item 00251 | 358/975 (36.7%) | Falhas: 0
11:22:07 | INFO     | [11:22:07] ✅ DONE | 00043/2024 | item 00254 | 359/975 (36.8%) | Falhas: 0
11:22:07 | INFO     | [11:22:07] ✅ DONE | 00043/2024 | item 00252 | 360/975 (36.9%) | Falhas: 0
11:22:07 | INFO     | [11:22:07] ✅ DONE | 00043/2024 | item 00255 | 361/975 (37.0%) | Falhas: 0
11:22:08 | INFO     | [11:22:08] ✅ DONE | 00043/2024 | item 00260 | 362/975 (37.1%) | Falhas: 0
11:22:10 | INFO     | [11:22:10] ✅ DONE | 00043/2024 | item 00263 | 363/975 (37.2%) | Falhas: 0
11:22:10 | INFO     | [11:22:10] ✅ DONE | 00043/2024 | item 00262 | 364/975 (37.3%) | Falhas: 0
11:22:10 | INFO     | [11:22:10] ✅ DONE | 00043/2024 | item 00258 | 365/975 (37.4%) | Falhas: 0
11:22:11 | INFO     | [11:22:11] ✅ DONE | 00043/2024 | item 00265 | 366/975 (37.5%) | Falhas: 0
11:22:12 | INFO     | [11:22:12] ✅ DONE | 00043/2024 | item 00272 | 367/975 (37.6%) | Falhas: 0
11:22:12 | INFO     | [11:22:12] ✅ DONE | 00043/2024 | item 00273 | 368/975 (37.7%) | Falhas: 0
11:22:13 | INFO     | [11:22:13] ✅ DONE | 00043/2024 | item 00275 | 369/975 (37.8%) | Falhas: 0
11:22:13 | INFO     | [11:22:13] ✅ DONE | 00043/2024 | item 00274 | 370/975 (37.9%) | Falhas: 0
11:22:14 | INFO     | [11:22:14] ✅ DONE | 00043/2024 | item 00276 | 371/975 (38.1%) | Falhas: 0
11:22:14 | INFO     | [11:22:14] ✅ DONE | 00043/2024 | item 00277 | 372/975 (38.2%) | Falhas: 0
11:22:15 | INFO     | [11:22:15] ✅ DONE | 00043/2024 | item 00278 | 373/975 (38.3%) | Falhas: 0
11:22:15 | INFO     | [11:22:15] ✅ DONE | 00043/2024 | item 00279 | 374/975 (38.4%) | Falhas: 0
11:22:16 | INFO     | [11:22:16] ✅ DONE | 00043/2024 | item 00280 | 375/975 (38.5%) | Falhas: 0
11:22:16 | INFO     | [11:22:16] ✅ DONE | 00043/2024 | item 00282 | 376/975 (38.6%) | Falhas: 0
11:22:18 | INFO     | [11:22:18] ✅ DONE | 00043/2024 | item 00283 | 377/975 (38.7%) | Falhas: 0
11:22:18 | INFO     | [11:22:18] ✅ DONE | 00043/2024 | item 00284 | 378/975 (38.8%) | Falhas: 0
11:22:18 | INFO     | [11:22:18] ✅ DONE | 00043/2024 | item 00285 | 379/975 (38.9%) | Falhas: 0
11:22:20 | INFO     | [11:22:20] ✅ DONE | 00043/2024 | item 00288 | 380/975 (39.0%) | Falhas: 0
11:22:20 | INFO     | [11:22:20] ✅ DONE | 00043/2024 | item 00287 | 381/975 (39.1%) | Falhas: 0
11:22:20 | INFO     | [11:22:20] ✅ DONE | 00043/2024 | item 00286 | 382/975 (39.2%) | Falhas: 0
11:22:21 | INFO     | [11:22:21] ✅ DONE | 00043/2024 | item 00289 | 383/975 (39.3%) | Falhas: 0
11:22:22 | INFO     | [11:22:22] ✅ DONE | 00043/2024 | item 00290 | 384/975 (39.4%) | Falhas: 0
11:22:22 | INFO     | [11:22:22] ✅ DONE | 00043/2024 | item 00292 | 385/975 (39.5%) | Falhas: 0
11:22:23 | INFO     | [11:22:23] ✅ DONE | 00043/2024 | item 00293 | 386/975 (39.6%) | Falhas: 0
11:22:24 | INFO     | [11:22:24] ✅ DONE | 00043/2024 | item 00295 | 387/975 (39.7%) | Falhas: 0
11:22:24 | INFO     | [11:22:24] ✅ DONE | 00043/2024 | item 00294 | 388/975 (39.8%) | Falhas: 0
11:22:24 | INFO     | [11:22:24] ✅ DONE | 00043/2024 | item 00296 | 389/975 (39.9%) | Falhas: 0
11:22:25 | INFO     | [11:22:25] ✅ DONE | 00043/2024 | item 00299 | 390/975 (40.0%) | Falhas: 0
11:22:26 | INFO     | [11:22:26] ✅ DONE | 00043/2024 | item 00297 | 391/975 (40.1%) | Falhas: 0
11:22:26 | INFO     | [11:22:26] ✅ DONE | 00043/2024 | item 00300 | 392/975 (40.2%) | Falhas: 0
11:22:27 | INFO     | [11:22:27] ✅ DONE | 00043/2024 | item 00302 | 393/975 (40.3%) | Falhas: 0
11:22:27 | INFO     | [11:22:27] ✅ DONE | 00043/2024 | item 00303 | 394/975 (40.4%) | Falhas: 0
11:22:28 | INFO     | [11:22:28] ✅ DONE | 00043/2024 | item 00301 | 395/975 (40.5%) | Falhas: 0
11:22:29 | INFO     | [11:22:29] ✅ DONE | 00043/2024 | item 00304 | 396/975 (40.6%) | Falhas: 0
11:22:29 | INFO     | [11:22:29] ✅ DONE | 00043/2024 | item 00305 | 397/975 (40.7%) | Falhas: 0
11:22:29 | INFO     | [11:22:29] ✅ DONE | 00043/2024 | item 00306 | 398/975 (40.8%) | Falhas: 0
11:22:31 | INFO     | [11:22:31] ✅ DONE | 00043/2024 | item 00313 | 399/975 (40.9%) | Falhas: 0
11:22:33 | INFO     | [11:22:33] ✅ DONE | 00043/2024 | item 00310 | 400/975 (41.0%) | Falhas: 0
11:22:33 | INFO     | [11:22:33] ✅ DONE | 00043/2024 | item 00311 | 401/975 (41.1%) | Falhas: 0
11:22:33 | INFO     | [11:22:33] ✅ DONE | 00043/2024 | item 00314 | 402/975 (41.2%) | Falhas: 0
11:22:34 | INFO     | [11:22:34] ✅ DONE | 00043/2024 | item 00316 | 403/975 (41.3%) | Falhas: 0
11:22:35 | INFO     | [11:22:35] ✅ DONE | 00043/2024 | item 00315 | 404/975 (41.4%) | Falhas: 0
11:22:35 | INFO     | [11:22:35] ✅ DONE | 00043/2024 | item 00317 | 405/975 (41.5%) | Falhas: 0
11:22:36 | INFO     | [11:22:36] ✅ DONE | 00043/2024 | item 00319 | 406/975 (41.6%) | Falhas: 0
11:22:37 | INFO     | [11:22:37] ✅ DONE | 00043/2024 | item 00325 | 407/975 (41.7%) | Falhas: 0
11:22:37 | INFO     | [11:22:37] ✅ DONE | 00043/2024 | item 00326 | 408/975 (41.8%) | Falhas: 0
11:22:38 | INFO     | [11:22:38] ✅ DONE | 00043/2024 | item 00327 | 409/975 (41.9%) | Falhas: 0
11:22:38 | INFO     | [11:22:38] ✅ DONE | 00043/2024 | item 00329 | 410/975 (42.1%) | Falhas: 0
11:22:38 | INFO     | [11:22:38] ✅ DONE | 00043/2024 | item 00328 | 411/975 (42.2%) | Falhas: 0
11:22:39 | INFO     | [11:22:39] ✅ DONE | 00043/2024 | item 00332 | 412/975 (42.3%) | Falhas: 0
11:22:39 | INFO     | [11:22:39] ✅ DONE | 00043/2024 | item 00331 | 413/975 (42.4%) | Falhas: 0
11:22:40 | INFO     | [11:22:40] ✅ DONE | 00043/2024 | item 00333 | 414/975 (42.5%) | Falhas: 0
11:22:41 | INFO     | [11:22:41] ✅ DONE | 00043/2024 | item 00335 | 415/975 (42.6%) | Falhas: 0
11:22:41 | INFO     | [11:22:41] ✅ DONE | 00043/2024 | item 00334 | 416/975 (42.7%) | Falhas: 0
11:22:42 | INFO     | [11:22:42] ✅ DONE | 00043/2024 | item 00336 | 417/975 (42.8%) | Falhas: 0
11:22:42 | INFO     | [11:22:42] ✅ DONE | 00043/2024 | item 00337 | 418/975 (42.9%) | Falhas: 0
11:22:43 | INFO     | [11:22:43] ✅ DONE | 00043/2024 | item 00338 | 419/975 (43.0%) | Falhas: 0
11:22:44 | INFO     | [11:22:44] ✅ DONE | 00043/2024 | item 00339 | 420/975 (43.1%) | Falhas: 0
11:22:44 | INFO     | [11:22:44] ✅ DONE | 00043/2024 | item 00341 | 421/975 (43.2%) | Falhas: 0
11:22:45 | INFO     | [11:22:45] ✅ DONE | 00043/2024 | item 00340 | 422/975 (43.3%) | Falhas: 0
11:22:45 | INFO     | [11:22:45] ✅ DONE | 00043/2024 | item 00342 | 423/975 (43.4%) | Falhas: 0
11:22:46 | INFO     | [11:22:46] ✅ DONE | 00043/2024 | item 00344 | 424/975 (43.5%) | Falhas: 0
11:22:47 | INFO     | [11:22:47] ✅ DONE | 00043/2024 | item 00343 | 425/975 (43.6%) | Falhas: 0
11:22:47 | INFO     | [11:22:47] ✅ DONE | 00043/2024 | item 00345 | 426/975 (43.7%) | Falhas: 0
11:22:48 | INFO     | [11:22:48] ✅ DONE | 00043/2024 | item 00346 | 427/975 (43.8%) | Falhas: 0
11:22:48 | INFO     | [11:22:48] ✅ DONE | 00043/2024 | item 00348 | 428/975 (43.9%) | Falhas: 0
11:22:49 | INFO     | [11:22:49] ✅ DONE | 00043/2024 | item 00347 | 429/975 (44.0%) | Falhas: 0
11:22:49 | INFO     | [11:22:49] ✅ DONE | 00043/2024 | item 00350 | 430/975 (44.1%) | Falhas: 0
11:22:50 | INFO     | [11:22:50] ✅ DONE | 00043/2024 | item 00352 | 431/975 (44.2%) | Falhas: 0
11:22:50 | INFO     | [11:22:50] ✅ DONE | 00043/2024 | item 00349 | 432/975 (44.3%) | Falhas: 0
11:22:51 | INFO     | [11:22:51] ✅ DONE | 00043/2024 | item 00353 | 433/975 (44.4%) | Falhas: 0
11:22:52 | INFO     | [11:22:52] ✅ DONE | 00043/2024 | item 00355 | 434/975 (44.5%) | Falhas: 0
11:22:52 | INFO     | [11:22:52] ✅ DONE | 00043/2024 | item 00354 | 435/975 (44.6%) | Falhas: 0
11:22:53 | INFO     | [11:22:53] ✅ DONE | 00043/2024 | item 00356 | 436/975 (44.7%) | Falhas: 0
11:22:53 | INFO     | [11:22:53] ✅ DONE | 00043/2024 | item 00358 | 437/975 (44.8%) | Falhas: 0
11:22:54 | INFO     | [11:22:54] ✅ DONE | 00043/2024 | item 00357 | 438/975 (44.9%) | Falhas: 0
11:22:56 | INFO     | [11:22:56] ✅ DONE | 00050/2024 | item 00020 | 439/975 (45.0%) | Falhas: 0
11:22:56 | INFO     | [11:22:56] ✅ DONE | 00050/2024 | item 00016 | 440/975 (45.1%) | Falhas: 0
11:22:56 | INFO     | [11:22:56] ✅ DONE | 00051/2024 | item 00038 | 441/975 (45.2%) | Falhas: 0
11:23:00 | INFO     | [11:23:00] ✅ DONE | 00052/2024 | item 00053 | 442/975 (45.3%) | Falhas: 0
11:23:00 | INFO     | [11:23:00] ✅ DONE | 00052/2024 | item 00051 | 443/975 (45.4%) | Falhas: 0
11:23:01 | INFO     | [11:23:01] ✅ DONE | 00052/2024 | item 00052 | 444/975 (45.5%) | Falhas: 0
11:23:02 | INFO     | [11:23:02] ✅ DONE | 00052/2024 | item 00054 | 445/975 (45.6%) | Falhas: 0
11:23:02 | INFO     | [11:23:02] ✅ DONE | 00052/2024 | item 00055 | 446/975 (45.7%) | Falhas: 0
11:23:03 | INFO     | [11:23:03] ✅ DONE | 00052/2024 | item 00056 | 447/975 (45.8%) | Falhas: 0
11:23:03 | INFO     | [11:23:03] ✅ DONE | 00052/2024 | item 00057 | 448/975 (45.9%) | Falhas: 0
11:23:04 | INFO     | [11:23:04] ✅ DONE | 00052/2024 | item 00059 | 449/975 (46.1%) | Falhas: 0
11:23:05 | INFO     | [11:23:05] ✅ DONE | 00052/2024 | item 00061 | 450/975 (46.2%) | Falhas: 0
11:23:05 | INFO     | [11:23:05] ✅ DONE | 00052/2024 | item 00064 | 451/975 (46.3%) | Falhas: 0
11:23:06 | INFO     | [11:23:06] ✅ DONE | 00052/2024 | item 00065 | 452/975 (46.4%) | Falhas: 0
11:23:07 | INFO     | [11:23:07] ✅ DONE | 00052/2024 | item 00067 | 453/975 (46.5%) | Falhas: 0
11:23:08 | INFO     | [11:23:08] ✅ DONE | 00052/2024 | item 00066 | 454/975 (46.6%) | Falhas: 0
11:23:08 | INFO     | [11:23:08] ✅ DONE | 00052/2024 | item 00068 | 455/975 (46.7%) | Falhas: 0
11:23:08 | INFO     | [11:23:08] ✅ DONE | 00052/2024 | item 00071 | 456/975 (46.8%) | Falhas: 0
11:23:09 | INFO     | [11:23:09] ✅ DONE | 00052/2024 | item 00081 | 457/975 (46.9%) | Falhas: 0
11:23:10 | INFO     | [11:23:10] ✅ DONE | 00052/2024 | item 00080 | 458/975 (47.0%) | Falhas: 0
11:23:10 | INFO     | [11:23:10] ✅ DONE | 00052/2024 | item 00082 | 459/975 (47.1%) | Falhas: 0
11:23:11 | INFO     | [11:23:11] ✅ DONE | 00052/2024 | item 00086 | 460/975 (47.2%) | Falhas: 0
11:23:11 | INFO     | [11:23:11] ✅ DONE | 00052/2024 | item 00083 | 461/975 (47.3%) | Falhas: 0
11:23:11 | INFO     | [11:23:11] ✅ DONE | 00052/2024 | item 00087 | 462/975 (47.4%) | Falhas: 0
11:23:12 | INFO     | [11:23:12] ✅ DONE | 00052/2024 | item 00091 | 463/975 (47.5%) | Falhas: 0
11:23:13 | INFO     | [11:23:13] ✅ DONE | 00052/2024 | item 00101 | 464/975 (47.6%) | Falhas: 0
11:23:13 | INFO     | [11:23:13] ✅ DONE | 00052/2024 | item 00100 | 465/975 (47.7%) | Falhas: 0
11:23:14 | INFO     | [11:23:14] ✅ DONE | 00052/2024 | item 00103 | 466/975 (47.8%) | Falhas: 0
11:23:14 | INFO     | [11:23:14] ✅ DONE | 00052/2024 | item 00104 | 467/975 (47.9%) | Falhas: 0
11:23:15 | INFO     | [11:23:15] ✅ DONE | 00052/2024 | item 00109 | 468/975 (48.0%) | Falhas: 0
11:23:15 | INFO     | [11:23:15] ✅ DONE | 00052/2024 | item 00111 | 469/975 (48.1%) | Falhas: 0
11:23:16 | INFO     | [11:23:16] ✅ DONE | 00052/2024 | item 00119 | 470/975 (48.2%) | Falhas: 0
11:23:17 | INFO     | [11:23:17] ✅ DONE | 00052/2024 | item 00117 | 471/975 (48.3%) | Falhas: 0
11:23:17 | INFO     | [11:23:17] ✅ DONE | 00053/2024 | item 00084 | 472/975 (48.4%) | Falhas: 0
11:23:18 | INFO     | [11:23:18] ✅ DONE | 00053/2024 | item 00085 | 473/975 (48.5%) | Falhas: 0
11:23:18 | INFO     | [11:23:18] ✅ DONE | 00053/2024 | item 00089 | 474/975 (48.6%) | Falhas: 0
11:23:19 | INFO     | [11:23:19] ✅ DONE | 00053/2024 | item 00090 | 475/975 (48.7%) | Falhas: 0
11:23:20 | INFO     | [11:23:20] ✅ DONE | 00053/2024 | item 00095 | 476/975 (48.8%) | Falhas: 0
11:23:20 | INFO     | [11:23:20] ✅ DONE | 00053/2024 | item 00097 | 477/975 (48.9%) | Falhas: 0
11:23:21 | INFO     | [11:23:21] ✅ DONE | 00053/2024 | item 00098 | 478/975 (49.0%) | Falhas: 0
11:23:22 | INFO     | [11:23:22] ✅ DONE | 00053/2024 | item 00099 | 479/975 (49.1%) | Falhas: 0
11:23:23 | INFO     | [11:23:23] ✅ DONE | 00053/2024 | item 00106 | 480/975 (49.2%) | Falhas: 0
11:23:23 | INFO     | [11:23:23] ✅ DONE | 00053/2024 | item 00102 | 481/975 (49.3%) | Falhas: 0
11:23:23 | INFO     | [11:23:23] ✅ DONE | 00054/2024 | item 00018 | 482/975 (49.4%) | Falhas: 0
11:23:24 | INFO     | [11:23:24] ✅ DONE | 00054/2024 | item 00019 | 483/975 (49.5%) | Falhas: 0
11:23:25 | INFO     | [11:23:25] ✅ DONE | 00054/2024 | item 00026 | 484/975 (49.6%) | Falhas: 0
11:23:26 | INFO     | [11:23:26] ✅ DONE | 00054/2024 | item 00044 | 485/975 (49.7%) | Falhas: 0
11:23:26 | INFO     | [11:23:26] ✅ DONE | 00055/2024 | item 00043 | 486/975 (49.8%) | Falhas: 0
11:23:27 | INFO     | [11:23:27] ✅ DONE | 00101/2025 | item 00009 | 487/975 (49.9%) | Falhas: 0
11:23:27 | INFO     | [11:23:27] ✅ DONE | 00101/2025 | item 00011 | 488/975 (50.1%) | Falhas: 0
11:23:27 | INFO     | [11:23:27] ✅ DONE | 00101/2025 | item 00010 | 489/975 (50.2%) | Falhas: 0
11:23:29 | INFO     | [11:23:29] ✅ DONE | 00101/2025 | item 00013 | 490/975 (50.3%) | Falhas: 0
11:23:29 | INFO     | [11:23:29] ✅ DONE | 00101/2025 | item 00022 | 491/975 (50.4%) | Falhas: 0
11:23:29 | INFO     | [11:23:29] ✅ DONE | 00101/2025 | item 00020 | 492/975 (50.5%) | Falhas: 0
11:23:30 | INFO     | [11:23:30] ✅ DONE | 00102/2025 | item 00008 | 493/975 (50.6%) | Falhas: 0
11:23:31 | INFO     | [11:23:31] ✅ DONE | 00099/2025 | item 00025 | 494/975 (50.7%) | Falhas: 0
11:23:31 | INFO     | [11:23:31] ✅ DONE | 00099/2025 | item 00024 | 495/975 (50.8%) | Falhas: 0
11:23:32 | INFO     | [11:23:32] ✅ DONE | 00099/2025 | item 00023 | 496/975 (50.9%) | Falhas: 0
11:23:32 | INFO     | [11:23:32] ✅ DONE | 00099/2025 | item 00026 | 497/975 (51.0%) | Falhas: 0
11:23:33 | INFO     | [11:23:33] ✅ DONE | 00099/2025 | item 00027 | 498/975 (51.1%) | Falhas: 0
11:23:33 | INFO     | [11:23:33] ✅ DONE | 00099/2025 | item 00032 | 499/975 (51.2%) | Falhas: 0
11:23:35 | INFO     | [11:23:35] ✅ DONE | 00103/2025 | item 00015 | 500/975 (51.3%) | Falhas: 0
11:23:35 | INFO     | [11:23:35] ✅ DONE | 00103/2025 | item 00012 | 501/975 (51.4%) | Falhas: 0
11:23:35 | INFO     | [11:23:35] ✅ DONE | 00103/2025 | item 00017 | 502/975 (51.5%) | Falhas: 0
11:23:36 | INFO     | [11:23:36] ✅ DONE | 00103/2025 | item 00019 | 503/975 (51.6%) | Falhas: 0
11:23:36 | INFO     | [11:23:36] ✅ DONE | 00103/2025 | item 00021 | 504/975 (51.7%) | Falhas: 0
11:23:37 | INFO     | [11:23:37] ✅ DONE | 00105/2025 | item 00029 | 505/975 (51.8%) | Falhas: 0
11:23:37 | INFO     | [11:23:37] ✅ DONE | 00105/2025 | item 00038 | 506/975 (51.9%) | Falhas: 0
11:23:38 | INFO     | [11:23:38] ✅ DONE | 00105/2025 | item 00030 | 507/975 (52.0%) | Falhas: 0
11:23:38 | INFO     | [11:23:38] ✅ DONE | 00106/2025 | item 00036 | 508/975 (52.1%) | Falhas: 0
11:23:39 | INFO     | [11:23:39] ✅ DONE | 00106/2025 | item 00035 | 509/975 (52.2%) | Falhas: 0
11:23:40 | INFO     | [11:23:40] ✅ DONE | 00112/2025 | item 00018 | 510/975 (52.3%) | Falhas: 0
11:23:40 | INFO     | [11:23:40] ✅ DONE | 00104/2025 | item 00016 | 511/975 (52.4%) | Falhas: 0
11:23:43 | INFO     | [11:23:43] ✅ DONE | 00113/2025 | item 00002 | 512/975 (52.5%) | Falhas: 0
11:23:44 | INFO     | [11:23:44] ✅ DONE | 00113/2025 | item 00003 | 513/975 (52.6%) | Falhas: 0
11:23:44 | INFO     | [11:23:44] ✅ DONE | 00113/2025 | item 00001 | 514/975 (52.7%) | Falhas: 0
11:23:45 | INFO     | [11:23:45] ✅ DONE | 00113/2025 | item 00005 | 515/975 (52.8%) | Falhas: 0
11:23:45 | INFO     | [11:23:45] ✅ DONE | 00113/2025 | item 00006 | 516/975 (52.9%) | Falhas: 0
11:23:45 | INFO     | [11:23:45] ✅ DONE | 00113/2025 | item 00004 | 517/975 (53.0%) | Falhas: 0
11:23:47 | INFO     | [11:23:47] ✅ DONE | 00113/2025 | item 00009 | 518/975 (53.1%) | Falhas: 0
11:23:47 | INFO     | [11:23:47] ✅ DONE | 00113/2025 | item 00007 | 519/975 (53.2%) | Falhas: 0
11:23:47 | INFO     | [11:23:47] ✅ DONE | 00113/2025 | item 00008 | 520/975 (53.3%) | Falhas: 0
11:23:49 | INFO     | [11:23:49] ✅ DONE | 00113/2025 | item 00010 | 521/975 (53.4%) | Falhas: 0
11:23:49 | INFO     | [11:23:49] ✅ DONE | 00113/2025 | item 00011 | 522/975 (53.5%) | Falhas: 0
11:23:50 | INFO     | [11:23:50] ✅ DONE | 00113/2025 | item 00012 | 523/975 (53.6%) | Falhas: 0
11:23:51 | INFO     | [11:23:51] ✅ DONE | 00113/2025 | item 00014 | 524/975 (53.7%) | Falhas: 0
11:23:51 | INFO     | [11:23:51] ✅ DONE | 00113/2025 | item 00015 | 525/975 (53.8%) | Falhas: 0
11:23:52 | INFO     | [11:23:52] ✅ DONE | 00113/2025 | item 00016 | 526/975 (53.9%) | Falhas: 0
11:23:53 | INFO     | [11:23:53] ✅ DONE | 00113/2025 | item 00017 | 527/975 (54.1%) | Falhas: 0
11:23:53 | INFO     | [11:23:53] ✅ DONE | 00113/2025 | item 00013 | 528/975 (54.2%) | Falhas: 0
11:23:55 | INFO     | [11:23:55] ✅ DONE | 00113/2025 | item 00019 | 529/975 (54.3%) | Falhas: 0
11:23:55 | INFO     | [11:23:55] ✅ DONE | 00113/2025 | item 00020 | 530/975 (54.4%) | Falhas: 0
11:23:55 | INFO     | [11:23:55] ✅ DONE | 00113/2025 | item 00018 | 531/975 (54.5%) | Falhas: 0
11:23:57 | INFO     | [11:23:57] ✅ DONE | 00113/2025 | item 00021 | 532/975 (54.6%) | Falhas: 0
11:23:58 | INFO     | [11:23:58] ✅ DONE | 00113/2025 | item 00024 | 533/975 (54.7%) | Falhas: 0
11:23:58 | INFO     | [11:23:58] ✅ DONE | 00113/2025 | item 00023 | 534/975 (54.8%) | Falhas: 0
11:23:58 | INFO     | [11:23:58] ✅ DONE | 00113/2025 | item 00022 | 535/975 (54.9%) | Falhas: 0
11:23:59 | INFO     | [11:23:59] ✅ DONE | 00113/2025 | item 00025 | 536/975 (55.0%) | Falhas: 0
11:24:00 | INFO     | [11:24:00] ✅ DONE | 00113/2025 | item 00026 | 537/975 (55.1%) | Falhas: 0
11:24:00 | INFO     | [11:24:00] ✅ DONE | 00113/2025 | item 00028 | 538/975 (55.2%) | Falhas: 0
11:24:00 | INFO     | [11:24:00] ✅ DONE | 00113/2025 | item 00027 | 539/975 (55.3%) | Falhas: 0
11:24:01 | INFO     | [11:24:01] ✅ DONE | 00113/2025 | item 00029 | 540/975 (55.4%) | Falhas: 0
11:24:02 | INFO     | [11:24:02] ✅ DONE | 00113/2025 | item 00031 | 541/975 (55.5%) | Falhas: 0
11:24:02 | INFO     | [11:24:02] ✅ DONE | 00113/2025 | item 00030 | 542/975 (55.6%) | Falhas: 0
11:24:03 | INFO     | [11:24:03] ✅ DONE | 00113/2025 | item 00034 | 543/975 (55.7%) | Falhas: 0
11:24:04 | INFO     | [11:24:04] ✅ DONE | 00113/2025 | item 00032 | 544/975 (55.8%) | Falhas: 0
11:24:04 | INFO     | [11:24:04] ✅ DONE | 00113/2025 | item 00033 | 545/975 (55.9%) | Falhas: 0
11:24:05 | INFO     | [11:24:05] ✅ DONE | 00113/2025 | item 00035 | 546/975 (56.0%) | Falhas: 0
11:24:05 | INFO     | [11:24:05] ✅ DONE | 00113/2025 | item 00036 | 547/975 (56.1%) | Falhas: 0
11:24:05 | INFO     | [11:24:05] ✅ DONE | 00113/2025 | item 00037 | 548/975 (56.2%) | Falhas: 0
11:24:06 | INFO     | [11:24:06] ✅ DONE | 00113/2025 | item 00040 | 549/975 (56.3%) | Falhas: 0
11:24:06 | INFO     | [11:24:06] ✅ DONE | 00113/2025 | item 00039 | 550/975 (56.4%) | Falhas: 0
11:24:07 | INFO     | [11:24:07] ✅ DONE | 00113/2025 | item 00041 | 551/975 (56.5%) | Falhas: 0
11:24:07 | INFO     | [11:24:07] ✅ DONE | 00113/2025 | item 00038 | 552/975 (56.6%) | Falhas: 0
11:24:08 | INFO     | [11:24:08] ✅ DONE | 00113/2025 | item 00042 | 553/975 (56.7%) | Falhas: 0
11:24:08 | INFO     | [11:24:08] ✅ DONE | 00113/2025 | item 00043 | 554/975 (56.8%) | Falhas: 0
11:24:09 | INFO     | [11:24:09] ✅ DONE | 00113/2025 | item 00045 | 555/975 (56.9%) | Falhas: 0
11:24:09 | INFO     | [11:24:09] ✅ DONE | 00113/2025 | item 00044 | 556/975 (57.0%) | Falhas: 0
11:24:10 | INFO     | [11:24:10] ✅ DONE | 00113/2025 | item 00046 | 557/975 (57.1%) | Falhas: 0
11:24:12 | INFO     | [11:24:12] ✅ DONE | 00113/2025 | item 00048 | 558/975 (57.2%) | Falhas: 0
11:24:12 | INFO     | [11:24:12] ✅ DONE | 00113/2025 | item 00047 | 559/975 (57.3%) | Falhas: 0
11:24:13 | INFO     | [11:24:13] ✅ DONE | 00113/2025 | item 00049 | 560/975 (57.4%) | Falhas: 0
11:24:13 | INFO     | [11:24:13] ✅ DONE | 00113/2025 | item 00050 | 561/975 (57.5%) | Falhas: 0
11:24:14 | INFO     | [11:24:14] ✅ DONE | 00113/2025 | item 00053 | 562/975 (57.6%) | Falhas: 0
11:24:14 | INFO     | [11:24:14] ✅ DONE | 00113/2025 | item 00052 | 563/975 (57.7%) | Falhas: 0
11:24:14 | INFO     | [11:24:14] ✅ DONE | 00113/2025 | item 00051 | 564/975 (57.8%) | Falhas: 0
11:24:15 | INFO     | [11:24:15] ✅ DONE | 00113/2025 | item 00055 | 565/975 (57.9%) | Falhas: 0
11:24:15 | INFO     | [11:24:15] ✅ DONE | 00113/2025 | item 00054 | 566/975 (58.1%) | Falhas: 0
11:24:16 | INFO     | [11:24:16] ✅ DONE | 00113/2025 | item 00056 | 567/975 (58.2%) | Falhas: 0
11:24:17 | INFO     | [11:24:17] ✅ DONE | 00113/2025 | item 00057 | 568/975 (58.3%) | Falhas: 0
11:24:17 | INFO     | [11:24:17] ✅ DONE | 00113/2025 | item 00058 | 569/975 (58.4%) | Falhas: 0
11:24:18 | INFO     | [11:24:18] ✅ DONE | 00113/2025 | item 00059 | 570/975 (58.5%) | Falhas: 0
11:24:18 | INFO     | [11:24:18] ✅ DONE | 00113/2025 | item 00060 | 571/975 (58.6%) | Falhas: 0
11:24:19 | INFO     | [11:24:19] ✅ DONE | 00113/2025 | item 00061 | 572/975 (58.7%) | Falhas: 0
11:24:19 | INFO     | [11:24:19] ✅ DONE | 00113/2025 | item 00062 | 573/975 (58.8%) | Falhas: 0
11:24:20 | INFO     | [11:24:20] ✅ DONE | 00113/2025 | item 00124 | 574/975 (58.9%) | Falhas: 0
11:24:21 | INFO     | [11:24:21] ✅ DONE | 00113/2025 | item 00122 | 575/975 (59.0%) | Falhas: 0
11:24:22 | INFO     | [11:24:22] ✅ DONE | 00113/2025 | item 00123 | 576/975 (59.1%) | Falhas: 0
11:24:22 | INFO     | [11:24:22] ✅ DONE | 00113/2025 | item 00125 | 577/975 (59.2%) | Falhas: 0
11:24:23 | INFO     | [11:24:23] ✅ DONE | 00113/2025 | item 00126 | 578/975 (59.3%) | Falhas: 0
11:24:24 | INFO     | [11:24:24] ✅ DONE | 00113/2025 | item 00127 | 579/975 (59.4%) | Falhas: 0
11:24:24 | INFO     | [11:24:24] ✅ DONE | 00113/2025 | item 00128 | 580/975 (59.5%) | Falhas: 0
11:24:24 | INFO     | [11:24:24] ✅ DONE | 00113/2025 | item 00129 | 581/975 (59.6%) | Falhas: 0
11:24:25 | INFO     | [11:24:25] ✅ DONE | 00113/2025 | item 00131 | 582/975 (59.7%) | Falhas: 0
11:24:25 | INFO     | [11:24:25] ✅ DONE | 00113/2025 | item 00130 | 583/975 (59.8%) | Falhas: 0
11:24:26 | INFO     | [11:24:26] ✅ DONE | 00113/2025 | item 00133 | 584/975 (59.9%) | Falhas: 0
11:24:26 | INFO     | [11:24:26] ✅ DONE | 00113/2025 | item 00134 | 585/975 (60.0%) | Falhas: 0
11:24:27 | INFO     | [11:24:27] ✅ DONE | 00113/2025 | item 00132 | 586/975 (60.1%) | Falhas: 0
11:24:27 | INFO     | [11:24:27] ✅ DONE | 00113/2025 | item 00135 | 587/975 (60.2%) | Falhas: 0
11:24:27 | INFO     | [11:24:27] ✅ DONE | 00113/2025 | item 00136 | 588/975 (60.3%) | Falhas: 0
11:24:28 | INFO     | [11:24:28] ✅ DONE | 00113/2025 | item 00137 | 589/975 (60.4%) | Falhas: 0
11:24:29 | INFO     | [11:24:29] ✅ DONE | 00113/2025 | item 00229 | 590/975 (60.5%) | Falhas: 0
11:24:30 | INFO     | [11:24:30] ✅ DONE | 00113/2025 | item 00232 | 591/975 (60.6%) | Falhas: 0
11:24:30 | INFO     | [11:24:30] ✅ DONE | 00113/2025 | item 00231 | 592/975 (60.7%) | Falhas: 0
11:24:31 | INFO     | [11:24:31] ✅ DONE | 00113/2025 | item 00233 | 593/975 (60.8%) | Falhas: 0
11:24:31 | INFO     | [11:24:31] ✅ DONE | 00113/2025 | item 00234 | 594/975 (60.9%) | Falhas: 0
11:24:32 | INFO     | [11:24:32] ✅ DONE | 00113/2025 | item 00236 | 595/975 (61.0%) | Falhas: 0
11:24:33 | INFO     | [11:24:33] ✅ DONE | 00113/2025 | item 00235 | 596/975 (61.1%) | Falhas: 0
11:24:34 | INFO     | [11:24:34] ✅ DONE | 00113/2025 | item 00237 | 597/975 (61.2%) | Falhas: 0
11:24:35 | INFO     | [11:24:35] ✅ DONE | 00113/2025 | item 00238 | 598/975 (61.3%) | Falhas: 0
11:24:35 | INFO     | [11:24:35] ✅ DONE | 00113/2025 | item 00239 | 599/975 (61.4%) | Falhas: 0
11:24:36 | INFO     | [11:24:36] ✅ DONE | 00113/2025 | item 00240 | 600/975 (61.5%) | Falhas: 0
11:24:38 | INFO     | [11:24:38] ✅ DONE | 00113/2025 | item 00241 | 601/975 (61.6%) | Falhas: 0
11:24:39 | INFO     | [11:24:39] ✅ DONE | 00114/2025 | item 00033 | 602/975 (61.7%) | Falhas: 0
11:24:40 | INFO     | [11:24:40] ✅ DONE | 00115/2025 | item 00001 | 603/975 (61.8%) | Falhas: 0
11:24:41 | INFO     | [11:24:41] ✅ DONE | 00115/2025 | item 00002 | 604/975 (61.9%) | Falhas: 0
11:24:42 | INFO     | [11:24:42] ✅ DONE | 00116/2025 | item 00001 | 605/975 (62.1%) | Falhas: 0
11:24:43 | INFO     | [11:24:43] ✅ DONE | 00116/2025 | item 00002 | 606/975 (62.2%) | Falhas: 0
11:24:43 | INFO     | [11:24:43] ✅ DONE | 00116/2025 | item 00003 | 607/975 (62.3%) | Falhas: 0
11:24:44 | INFO     | [11:24:44] ✅ DONE | 00116/2025 | item 00004 | 608/975 (62.4%) | Falhas: 0
11:24:44 | INFO     | [11:24:44] ✅ DONE | 00113/2025 | item 00230 | 609/975 (62.5%) | Falhas: 0
11:24:45 | INFO     | [11:24:45] ✅ DONE | 00116/2025 | item 00005 | 610/975 (62.6%) | Falhas: 0
11:24:46 | INFO     | [11:24:46] ✅ DONE | 00116/2025 | item 00007 | 611/975 (62.7%) | Falhas: 0
11:24:46 | INFO     | [11:24:46] ✅ DONE | 00116/2025 | item 00006 | 612/975 (62.8%) | Falhas: 0
11:24:46 | INFO     | [11:24:46] ✅ DONE | 00116/2025 | item 00008 | 613/975 (62.9%) | Falhas: 0
11:24:47 | INFO     | [11:24:47] ✅ DONE | 00116/2025 | item 00009 | 614/975 (63.0%) | Falhas: 0
11:24:48 | INFO     | [11:24:48] ✅ DONE | 00116/2025 | item 00010 | 615/975 (63.1%) | Falhas: 0
11:24:48 | INFO     | [11:24:48] ✅ DONE | 00116/2025 | item 00011 | 616/975 (63.2%) | Falhas: 0
11:24:49 | INFO     | [11:24:49] ✅ DONE | 00116/2025 | item 00012 | 617/975 (63.3%) | Falhas: 0
11:24:49 | INFO     | [11:24:49] ✅ DONE | 00116/2025 | item 00013 | 618/975 (63.4%) | Falhas: 0
11:24:51 | INFO     | [11:24:51] ✅ DONE | 00117/2025 | item 00003 | 619/975 (63.5%) | Falhas: 0
11:24:51 | INFO     | [11:24:51] ✅ DONE | 00117/2025 | item 00002 | 620/975 (63.6%) | Falhas: 0
11:24:51 | INFO     | [11:24:51] ✅ DONE | 00117/2025 | item 00001 | 621/975 (63.7%) | Falhas: 0
11:24:52 | INFO     | [11:24:52] ✅ DONE | 00117/2025 | item 00004 | 622/975 (63.8%) | Falhas: 0
11:24:53 | INFO     | [11:24:53] ✅ DONE | 00117/2025 | item 00006 | 623/975 (63.9%) | Falhas: 0
11:24:54 | INFO     | [11:24:54] ✅ DONE | 00117/2025 | item 00005 | 624/975 (64.0%) | Falhas: 0
11:24:54 | INFO     | [11:24:54] ✅ DONE | 00117/2025 | item 00008 | 625/975 (64.1%) | Falhas: 0
11:24:55 | INFO     | [11:24:55] ✅ DONE | 00117/2025 | item 00007 | 626/975 (64.2%) | Falhas: 0
11:24:56 | INFO     | [11:24:56] ✅ DONE | 00117/2025 | item 00010 | 627/975 (64.3%) | Falhas: 0
11:24:56 | INFO     | [11:24:56] ✅ DONE | 00117/2025 | item 00009 | 628/975 (64.4%) | Falhas: 0
11:24:57 | INFO     | [11:24:57] ✅ DONE | 00117/2025 | item 00012 | 629/975 (64.5%) | Falhas: 0
11:24:57 | INFO     | [11:24:57] ✅ DONE | 00117/2025 | item 00011 | 630/975 (64.6%) | Falhas: 0
11:24:58 | INFO     | [11:24:58] ✅ DONE | 00117/2025 | item 00014 | 631/975 (64.7%) | Falhas: 0
11:24:58 | INFO     | [11:24:58] ✅ DONE | 00117/2025 | item 00013 | 632/975 (64.8%) | Falhas: 0
11:24:59 | INFO     | [11:24:59] ✅ DONE | 00117/2025 | item 00015 | 633/975 (64.9%) | Falhas: 0
11:25:00 | INFO     | [11:25:00] ✅ DONE | 00117/2025 | item 00016 | 634/975 (65.0%) | Falhas: 0
11:25:00 | INFO     | [11:25:00] ✅ DONE | 00117/2025 | item 00017 | 635/975 (65.1%) | Falhas: 0
11:25:00 | INFO     | [11:25:00] ✅ DONE | 00117/2025 | item 00018 | 636/975 (65.2%) | Falhas: 0
11:25:01 | INFO     | [11:25:01] ✅ DONE | 00117/2025 | item 00019 | 637/975 (65.3%) | Falhas: 0
11:25:02 | INFO     | [11:25:02] ✅ DONE | 00117/2025 | item 00021 | 638/975 (65.4%) | Falhas: 0
11:25:02 | INFO     | [11:25:02] ✅ DONE | 00117/2025 | item 00022 | 639/975 (65.5%) | Falhas: 0
11:25:03 | INFO     | [11:25:03] ✅ DONE | 00117/2025 | item 00020 | 640/975 (65.6%) | Falhas: 0
11:25:04 | INFO     | [11:25:04] ✅ DONE | 00117/2025 | item 00024 | 641/975 (65.7%) | Falhas: 0
11:25:04 | INFO     | [11:25:04] ✅ DONE | 00117/2025 | item 00023 | 642/975 (65.8%) | Falhas: 0
11:25:05 | INFO     | [11:25:05] ✅ DONE | 00117/2025 | item 00025 | 643/975 (65.9%) | Falhas: 0
11:25:06 | INFO     | [11:25:06] ✅ DONE | 00107/2025 | item 00039 | 644/975 (66.1%) | Falhas: 0
11:25:06 | INFO     | [11:25:06] ✅ DONE | 00108/2025 | item 00037 | 645/975 (66.2%) | Falhas: 0
11:25:07 | INFO     | [11:25:07] ✅ DONE | 00107/2025 | item 00028 | 646/975 (66.3%) | Falhas: 0
11:25:09 | INFO     | [11:25:09] ✅ DONE | 00109/2025 | item 00041 | 647/975 (66.4%) | Falhas: 0
11:25:09 | INFO     | [11:25:09] ✅ DONE | 00110/2025 | item 00034 | 648/975 (66.5%) | Falhas: 0
11:25:09 | INFO     | [11:25:09] ✅ DONE | 00109/2025 | item 00031 | 649/975 (66.6%) | Falhas: 0
11:25:11 | INFO     | [11:25:11] ✅ DONE | 00111/2025 | item 00033 | 650/975 (66.7%) | Falhas: 0
11:25:12 | INFO     | [11:25:12] ✅ DONE | 00125/2025 | item 00002 | 651/975 (66.8%) | Falhas: 0
11:25:12 | INFO     | [11:25:12] ✅ DONE | 00125/2025 | item 00001 | 652/975 (66.9%) | Falhas: 0
11:25:12 | INFO     | [11:25:12] ✅ DONE | 00125/2025 | item 00003 | 653/975 (67.0%) | Falhas: 0
11:25:14 | INFO     | [11:25:14] ✅ DONE | 00125/2025 | item 00004 | 654/975 (67.1%) | Falhas: 0
11:25:14 | INFO     | [11:25:14] ✅ DONE | 00125/2025 | item 00006 | 655/975 (67.2%) | Falhas: 0
11:25:14 | INFO     | [11:25:14] ✅ DONE | 00125/2025 | item 00005 | 656/975 (67.3%) | Falhas: 0
11:25:15 | INFO     | [11:25:15] ✅ DONE | 00125/2025 | item 00009 | 657/975 (67.4%) | Falhas: 0
11:25:16 | INFO     | [11:25:16] ✅ DONE | 00125/2025 | item 00007 | 658/975 (67.5%) | Falhas: 0
11:25:16 | INFO     | [11:25:16] ✅ DONE | 00125/2025 | item 00008 | 659/975 (67.6%) | Falhas: 0
11:25:17 | INFO     | [11:25:17] ✅ DONE | 00125/2025 | item 00010 | 660/975 (67.7%) | Falhas: 0
11:25:18 | INFO     | [11:25:18] ✅ DONE | 00125/2025 | item 00011 | 661/975 (67.8%) | Falhas: 0
11:25:19 | INFO     | [11:25:19] ✅ DONE | 00125/2025 | item 00013 | 662/975 (67.9%) | Falhas: 0
11:25:19 | INFO     | [11:25:19] ✅ DONE | 00125/2025 | item 00012 | 663/975 (68.0%) | Falhas: 0
11:25:21 | INFO     | [11:25:21] ✅ DONE | 00125/2025 | item 00014 | 664/975 (68.1%) | Falhas: 0
11:25:21 | INFO     | [11:25:21] ✅ DONE | 00125/2025 | item 00015 | 665/975 (68.2%) | Falhas: 0
11:25:21 | INFO     | [11:25:21] ✅ DONE | 00125/2025 | item 00016 | 666/975 (68.3%) | Falhas: 0
11:25:22 | INFO     | [11:25:22] ✅ DONE | 00125/2025 | item 00018 | 667/975 (68.4%) | Falhas: 0
11:25:23 | INFO     | [11:25:23] ✅ DONE | 00125/2025 | item 00019 | 668/975 (68.5%) | Falhas: 0
11:25:23 | INFO     | [11:25:23] ✅ DONE | 00125/2025 | item 00017 | 669/975 (68.6%) | Falhas: 0
11:25:24 | INFO     | [11:25:24] ✅ DONE | 00125/2025 | item 00020 | 670/975 (68.7%) | Falhas: 0
11:25:24 | INFO     | [11:25:24] ✅ DONE | 00125/2025 | item 00021 | 671/975 (68.8%) | Falhas: 0
11:25:26 | INFO     | [11:25:26] ✅ DONE | 00117/2025 | item 00026 | 672/975 (68.9%) | Falhas: 0
11:25:26 | INFO     | [11:25:26] ✅ DONE | 00125/2025 | item 00022 | 673/975 (69.0%) | Falhas: 0
11:25:26 | INFO     | [11:25:26] ✅ DONE | 00117/2025 | item 00027 | 674/975 (69.1%) | Falhas: 0
11:25:27 | INFO     | [11:25:27] ✅ DONE | 00117/2025 | item 00028 | 675/975 (69.2%) | Falhas: 0
11:25:28 | INFO     | [11:25:28] ✅ DONE | 00117/2025 | item 00029 | 676/975 (69.3%) | Falhas: 0
11:25:28 | INFO     | [11:25:28] ✅ DONE | 00117/2025 | item 00030 | 677/975 (69.4%) | Falhas: 0
11:25:29 | INFO     | [11:25:29] ✅ DONE | 00118/2025 | item 00015 | 678/975 (69.5%) | Falhas: 0
11:25:29 | INFO     | [11:25:29] ✅ DONE | 00118/2025 | item 00016 | 679/975 (69.6%) | Falhas: 0
11:25:33 | INFO     | [11:25:33] ✅ DONE | 00118/2025 | item 00017 | 680/975 (69.7%) | Falhas: 0
11:25:33 | INFO     | [11:25:33] ✅ DONE | 00118/2025 | item 00019 | 681/975 (69.8%) | Falhas: 0
11:25:35 | INFO     | [11:25:35] ✅ DONE | 00118/2025 | item 00018 | 682/975 (69.9%) | Falhas: 0
11:25:35 | INFO     | [11:25:35] ✅ DONE | 00118/2025 | item 00020 | 683/975 (70.1%) | Falhas: 0
11:25:37 | INFO     | [11:25:37] ✅ DONE | 00119/2025 | item 00002 | 684/975 (70.2%) | Falhas: 0
11:25:37 | INFO     | [11:25:37] ✅ DONE | 00119/2025 | item 00001 | 685/975 (70.3%) | Falhas: 0
11:25:37 | INFO     | [11:25:37] ✅ DONE | 00119/2025 | item 00003 | 686/975 (70.4%) | Falhas: 0
11:25:38 | INFO     | [11:25:38] ✅ DONE | 00119/2025 | item 00006 | 687/975 (70.5%) | Falhas: 0
11:25:38 | INFO     | [11:25:38] ✅ DONE | 00119/2025 | item 00004 | 688/975 (70.6%) | Falhas: 0
11:25:38 | INFO     | [11:25:38] ✅ DONE | 00119/2025 | item 00005 | 689/975 (70.7%) | Falhas: 0
11:25:40 | INFO     | [11:25:40] ✅ DONE | 00119/2025 | item 00013 | 690/975 (70.8%) | Falhas: 0
11:25:40 | INFO     | [11:25:40] ✅ DONE | 00119/2025 | item 00011 | 691/975 (70.9%) | Falhas: 0
11:25:40 | INFO     | [11:25:40] ✅ DONE | 00119/2025 | item 00012 | 692/975 (71.0%) | Falhas: 0
11:25:42 | INFO     | [11:25:42] ✅ DONE | 00119/2025 | item 00014 | 693/975 (71.1%) | Falhas: 0
11:25:43 | INFO     | [11:25:43] ✅ DONE | 00120/2025 | item 00018 | 694/975 (71.2%) | Falhas: 0
11:25:43 | INFO     | [11:25:43] ✅ DONE | 00120/2025 | item 00017 | 695/975 (71.3%) | Falhas: 0
11:25:44 | INFO     | [11:25:44] ✅ DONE | 00120/2025 | item 00019 | 696/975 (71.4%) | Falhas: 0
11:25:44 | INFO     | [11:25:44] ✅ DONE | 00120/2025 | item 00020 | 697/975 (71.5%) | Falhas: 0
11:25:45 | INFO     | [11:25:45] ✅ DONE | 00120/2025 | item 00022 | 698/975 (71.6%) | Falhas: 0
11:25:46 | INFO     | [11:25:46] ✅ DONE | 00120/2025 | item 00021 | 699/975 (71.7%) | Falhas: 0
11:25:48 | INFO     | [11:25:48] ✅ DONE | 00121/2025 | item 00013 | 700/975 (71.8%) | Falhas: 0
11:25:48 | INFO     | [11:25:48] ✅ DONE | 00121/2025 | item 00022 | 701/975 (71.9%) | Falhas: 0
11:25:48 | INFO     | [11:25:48] ✅ DONE | 00121/2025 | item 00002 | 702/975 (72.0%) | Falhas: 0
11:25:50 | INFO     | [11:25:50] ✅ DONE | 00121/2025 | item 00031 | 703/975 (72.1%) | Falhas: 0
11:25:51 | INFO     | [11:25:51] ✅ DONE | 00122/2025 | item 00004 | 704/975 (72.2%) | Falhas: 0
11:25:51 | INFO     | [11:25:51] ✅ DONE | 00122/2025 | item 00006 | 705/975 (72.3%) | Falhas: 0
11:25:52 | INFO     | [11:25:52] ✅ DONE | 00122/2025 | item 00009 | 706/975 (72.4%) | Falhas: 0
11:25:53 | INFO     | [11:25:53] ✅ DONE | 00122/2025 | item 00010 | 707/975 (72.5%) | Falhas: 0
11:25:54 | INFO     | [11:25:54] ✅ DONE | 00122/2025 | item 00011 | 708/975 (72.6%) | Falhas: 0
11:25:54 | INFO     | [11:25:54] ✅ DONE | 00122/2025 | item 00018 | 709/975 (72.7%) | Falhas: 0
11:25:55 | INFO     | [11:25:55] ✅ DONE | 00122/2025 | item 00019 | 710/975 (72.8%) | Falhas: 0
11:25:55 | INFO     | [11:25:55] ✅ DONE | 00122/2025 | item 00020 | 711/975 (72.9%) | Falhas: 0
11:25:56 | INFO     | [11:25:56] ✅ DONE | 00122/2025 | item 00021 | 712/975 (73.0%) | Falhas: 0
11:25:57 | INFO     | [11:25:57] ✅ DONE | 00122/2025 | item 00025 | 713/975 (73.1%) | Falhas: 0
11:25:57 | INFO     | [11:25:57] ✅ DONE | 00122/2025 | item 00026 | 714/975 (73.2%) | Falhas: 0
11:25:57 | INFO     | [11:25:57] ✅ DONE | 00123/2025 | item 00001 | 715/975 (73.3%) | Falhas: 0
11:25:58 | INFO     | [11:25:58] ✅ DONE | 00123/2025 | item 00055 | 716/975 (73.4%) | Falhas: 0
11:25:58 | INFO     | [11:25:58] ✅ DONE | 00123/2025 | item 00054 | 717/975 (73.5%) | Falhas: 0
11:26:00 | INFO     | [11:26:00] ✅ DONE | 00124/2025 | item 00023 | 718/975 (73.6%) | Falhas: 0
11:26:00 | INFO     | [11:26:00] ✅ DONE | 00124/2025 | item 00005 | 719/975 (73.7%) | Falhas: 0
11:26:00 | INFO     | [11:26:00] ✅ DONE | 00124/2025 | item 00007 | 720/975 (73.8%) | Falhas: 0
11:26:02 | INFO     | [11:26:02] ✅ DONE | 00124/2025 | item 00035 | 721/975 (73.9%) | Falhas: 0
11:26:02 | INFO     | [11:26:02] ✅ DONE | 00124/2025 | item 00036 | 722/975 (74.1%) | Falhas: 0
11:26:02 | INFO     | [11:26:02] ✅ DONE | 00124/2025 | item 00037 | 723/975 (74.2%) | Falhas: 0
11:26:04 | INFO     | [11:26:04] ✅ DONE | 00134/2025 | item 00053 | 724/975 (74.3%) | Falhas: 0
11:26:05 | INFO     | [11:26:05] ✅ DONE | 00132/2025 | item 00081 | 725/975 (74.4%) | Falhas: 0
11:26:05 | INFO     | [11:26:05] ✅ DONE | 00133/2025 | item 00039 | 726/975 (74.5%) | Falhas: 0
11:26:06 | INFO     | [11:26:06] ✅ DONE | 00135/2025 | item 00060 | 727/975 (74.6%) | Falhas: 0
11:26:07 | INFO     | [11:26:07] ✅ DONE | 00136/2025 | item 00032 | 728/975 (74.7%) | Falhas: 0
11:26:08 | INFO     | [11:26:08] ✅ DONE | 00137/2025 | item 00013 | 729/975 (74.8%) | Falhas: 0
11:26:09 | INFO     | [11:26:09] ✅ DONE | 00137/2025 | item 00043 | 730/975 (74.9%) | Falhas: 0
11:26:09 | INFO     | [11:26:09] ✅ DONE | 00137/2025 | item 00042 | 731/975 (75.0%) | Falhas: 0
11:26:10 | INFO     | [11:26:10] ✅ DONE | 00137/2025 | item 00049 | 732/975 (75.1%) | Falhas: 0
11:26:11 | INFO     | [11:26:11] ✅ DONE | 00137/2025 | item 00055 | 733/975 (75.2%) | Falhas: 0
11:26:11 | INFO     | [11:26:11] ✅ DONE | 00137/2025 | item 00058 | 734/975 (75.3%) | Falhas: 0
11:26:11 | INFO     | [11:26:11] ✅ DONE | 00137/2025 | item 00083 | 735/975 (75.4%) | Falhas: 0
11:26:13 | INFO     | [11:26:13] ✅ DONE | 00138/2025 | item 00050 | 736/975 (75.5%) | Falhas: 0
11:26:13 | INFO     | [11:26:13] ✅ DONE | 00138/2025 | item 00031 | 737/975 (75.6%) | Falhas: 0
11:26:14 | INFO     | [11:26:14] ✅ DONE | 00138/2025 | item 00086 | 738/975 (75.7%) | Falhas: 0
11:26:16 | INFO     | [11:26:16] ✅ DONE | 00139/2025 | item 00001 | 739/975 (75.8%) | Falhas: 0
11:26:17 | INFO     | [11:26:17] ✅ DONE | 00139/2025 | item 00027 | 740/975 (75.9%) | Falhas: 0
11:26:17 | INFO     | [11:26:17] ✅ DONE | 00140/2025 | item 00056 | 741/975 (76.0%) | Falhas: 0
11:26:19 | INFO     | [11:26:19] ✅ DONE | 00140/2025 | item 00062 | 742/975 (76.1%) | Falhas: 0
11:26:20 | INFO     | [11:26:20] ✅ DONE | 00140/2025 | item 00068 | 743/975 (76.2%) | Falhas: 0
11:26:20 | INFO     | [11:26:20] ✅ DONE | 00140/2025 | item 00072 | 744/975 (76.3%) | Falhas: 0
11:26:22 | INFO     | [11:26:22] ✅ DONE | 00141/2025 | item 00008 | 745/975 (76.4%) | Falhas: 0
11:26:23 | INFO     | [11:26:23] ✅ DONE | 00142/2025 | item 00011 | 746/975 (76.5%) | Falhas: 0
11:26:24 | INFO     | [11:26:24] ✅ DONE | 00142/2025 | item 00073 | 747/975 (76.6%) | Falhas: 0
11:26:24 | INFO     | [11:26:24] ✅ DONE | 00143/2025 | item 00064 | 748/975 (76.7%) | Falhas: 0
11:26:26 | INFO     | [11:26:26] ✅ DONE | 00145/2025 | item 00004 | 749/975 (76.8%) | Falhas: 0
11:26:26 | INFO     | [11:26:26] ✅ DONE | 00146/2025 | item 00070 | 750/975 (76.9%) | Falhas: 0
11:26:27 | INFO     | [11:26:27] ✅ DONE | 00144/2025 | item 00024 | 751/975 (77.0%) | Falhas: 0
11:26:27 | INFO     | [11:26:27] ✅ DONE | 00146/2025 | item 00077 | 752/975 (77.1%) | Falhas: 0
11:26:28 | INFO     | [11:26:28] ✅ DONE | 00146/2025 | item 00079 | 753/975 (77.2%) | Falhas: 0
11:26:29 | INFO     | [11:26:29] ✅ DONE | 00146/2025 | item 00080 | 754/975 (77.3%) | Falhas: 0
11:26:29 | INFO     | [11:26:29] ✅ DONE | 00147/2025 | item 00023 | 755/975 (77.4%) | Falhas: 0
11:26:30 | INFO     | [11:26:30] ✅ DONE | 00148/2025 | item 00030 | 756/975 (77.5%) | Falhas: 0
11:26:31 | INFO     | [11:26:31] ✅ DONE | 00149/2025 | item 00048 | 757/975 (77.6%) | Falhas: 0
11:26:32 | INFO     | [11:26:32] ✅ DONE | 00150/2025 | item 00019 | 758/975 (77.7%) | Falhas: 0
11:26:33 | INFO     | [11:26:33] ✅ DONE | 00150/2025 | item 00020 | 759/975 (77.8%) | Falhas: 0
11:26:34 | INFO     | [11:26:34] ✅ DONE | 00150/2025 | item 00040 | 760/975 (77.9%) | Falhas: 0
11:26:35 | INFO     | [11:26:35] ✅ DONE | 00150/2025 | item 00047 | 761/975 (78.1%) | Falhas: 0
11:26:37 | INFO     | [11:26:37] ✅ DONE | 00151/2025 | item 00037 | 762/975 (78.2%) | Falhas: 0
11:26:37 | INFO     | [11:26:37] ✅ DONE | 00151/2025 | item 00021 | 763/975 (78.3%) | Falhas: 0
11:26:38 | INFO     | [11:26:38] ✅ DONE | 00151/2025 | item 00010 | 764/975 (78.4%) | Falhas: 0
11:26:41 | INFO     | [11:26:41] ✅ DONE | 00151/2025 | item 00041 | 765/975 (78.5%) | Falhas: 0
11:26:41 | INFO     | [11:26:41] ✅ DONE | 00151/2025 | item 00038 | 766/975 (78.6%) | Falhas: 0
11:26:41 | INFO     | [11:26:41] ✅ DONE | 00151/2025 | item 00059 | 767/975 (78.7%) | Falhas: 0
11:26:42 | INFO     | [11:26:42] ✅ DONE | 00153/2025 | item 00052 | 768/975 (78.8%) | Falhas: 0
11:26:43 | INFO     | [11:26:43] ✅ DONE | 00152/2025 | item 00015 | 769/975 (78.9%) | Falhas: 0
11:26:44 | INFO     | [11:26:44] ✅ DONE | 00152/2025 | item 00018 | 770/975 (79.0%) | Falhas: 0
11:26:44 | INFO     | [11:26:44] ✅ DONE | 00153/2025 | item 00054 | 771/975 (79.1%) | Falhas: 0
11:26:45 | INFO     | [11:26:45] ✅ DONE | 00154/2025 | item 00017 | 772/975 (79.2%) | Falhas: 0
11:26:46 | INFO     | [11:26:46] ✅ DONE | 00154/2025 | item 00025 | 773/975 (79.3%) | Falhas: 0
11:26:46 | INFO     | [11:26:46] ✅ DONE | 00155/2025 | item 00034 | 774/975 (79.4%) | Falhas: 0
11:26:47 | INFO     | [11:26:47] ✅ DONE | 00156/2025 | item 00003 | 775/975 (79.5%) | Falhas: 0
11:26:48 | INFO     | [11:26:48] ✅ DONE | 00156/2025 | item 00002 | 776/975 (79.6%) | Falhas: 0
11:26:48 | INFO     | [11:26:48] ✅ DONE | 00156/2025 | item 00012 | 777/975 (79.7%) | Falhas: 0
11:26:49 | INFO     | [11:26:49] ✅ DONE | 00157/2025 | item 00014 | 778/975 (79.8%) | Falhas: 0
11:26:51 | INFO     | [11:26:51] ✅ DONE | 00158/2025 | item 00026 | 779/975 (79.9%) | Falhas: 0
11:26:51 | INFO     | [11:26:51] ✅ DONE | 00158/2025 | item 00007 | 780/975 (80.0%) | Falhas: 0
11:26:51 | INFO     | [11:26:51] ✅ DONE | 00158/2025 | item 00029 | 781/975 (80.1%) | Falhas: 0
11:26:53 | INFO     | [11:26:53] ✅ DONE | 00158/2025 | item 00035 | 782/975 (80.2%) | Falhas: 0
11:26:54 | INFO     | [11:26:54] ✅ DONE | 00158/2025 | item 00067 | 783/975 (80.3%) | Falhas: 0
11:26:55 | INFO     | [11:26:55] ✅ DONE | 00158/2025 | item 00063 | 784/975 (80.4%) | Falhas: 0
11:26:55 | INFO     | [11:26:55] ✅ DONE | 00158/2025 | item 00082 | 785/975 (80.5%) | Falhas: 0
11:26:56 | INFO     | [11:26:56] ✅ DONE | 00159/2025 | item 00051 | 786/975 (80.6%) | Falhas: 0
11:26:57 | INFO     | [11:26:57] ✅ DONE | 00160/2025 | item 00022 | 787/975 (80.7%) | Falhas: 0
11:26:57 | INFO     | [11:26:57] ✅ DONE | 00161/2025 | item 00071 | 788/975 (80.8%) | Falhas: 0
11:26:59 | INFO     | [11:26:59] ✅ DONE | 00162/2025 | item 00016 | 789/975 (80.9%) | Falhas: 0
11:26:59 | INFO     | [11:26:59] ✅ DONE | 00162/2025 | item 00044 | 790/975 (81.0%) | Falhas: 0
11:27:00 | INFO     | [11:27:00] ✅ DONE | 00163/2025 | item 00036 | 791/975 (81.1%) | Falhas: 0
11:27:00 | INFO     | [11:27:00] ✅ DONE | 00163/2025 | item 00005 | 792/975 (81.2%) | Falhas: 0
11:27:01 | INFO     | [11:27:01] ✅ DONE | 00163/2025 | item 00084 | 793/975 (81.3%) | Falhas: 0
11:27:01 | INFO     | [11:27:01] ✅ DONE | 00125/2025 | item 00023 | 794/975 (81.4%) | Falhas: 0
11:27:02 | INFO     | [11:27:02] ✅ DONE | 00125/2025 | item 00024 | 795/975 (81.5%) | Falhas: 0
11:27:02 | INFO     | [11:27:02] ✅ DONE | 00126/2025 | item 00032 | 796/975 (81.6%) | Falhas: 0
11:27:03 | INFO     | [11:27:03] ✅ DONE | 00127/2025 | item 00017 | 797/975 (81.7%) | Falhas: 0
11:27:04 | INFO     | [11:27:04] ✅ DONE | 00127/2025 | item 00029 | 798/975 (81.8%) | Falhas: 0
11:27:04 | INFO     | [11:27:04] ✅ DONE | 00128/2025 | item 00051 | 799/975 (81.9%) | Falhas: 0
11:27:05 | INFO     | [11:27:05] ✅ DONE | 00164/2025 | item 00065 | 800/975 (82.1%) | Falhas: 0
11:27:06 | INFO     | [11:27:06] ✅ DONE | 00164/2025 | item 00009 | 801/975 (82.2%) | Falhas: 0
11:27:06 | INFO     | [11:27:06] ✅ DONE | 00165/2025 | item 00061 | 802/975 (82.3%) | Falhas: 0
11:27:08 | INFO     | [11:27:08] ✅ DONE | 00166/2025 | item 00021 | 803/975 (82.4%) | Falhas: 0
11:27:10 | INFO     | [11:27:10] ✅ DONE | 00167/2025 | item 00002 | 804/975 (82.5%) | Falhas: 0
11:27:10 | INFO     | [11:27:10] ✅ DONE | 00167/2025 | item 00001 | 805/975 (82.6%) | Falhas: 0
11:27:10 | INFO     | [11:27:10] ✅ DONE | 00167/2025 | item 00003 | 806/975 (82.7%) | Falhas: 0
11:27:11 | INFO     | [11:27:11] ✅ DONE | 00167/2025 | item 00004 | 807/975 (82.8%) | Falhas: 0
11:27:12 | INFO     | [11:27:12] ✅ DONE | 00167/2025 | item 00005 | 808/975 (82.9%) | Falhas: 0
11:27:12 | INFO     | [11:27:12] ✅ DONE | 00167/2025 | item 00006 | 809/975 (83.0%) | Falhas: 0
11:27:13 | INFO     | [11:27:13] ✅ DONE | 00167/2025 | item 00007 | 810/975 (83.1%) | Falhas: 0
11:27:13 | INFO     | [11:27:13] ✅ DONE | 00167/2025 | item 00008 | 811/975 (83.2%) | Falhas: 0
11:27:14 | INFO     | [11:27:14] ✅ DONE | 00167/2025 | item 00009 | 812/975 (83.3%) | Falhas: 0
11:27:15 | INFO     | [11:27:15] ✅ DONE | 00167/2025 | item 00011 | 813/975 (83.4%) | Falhas: 0
11:27:15 | INFO     | [11:27:15] ✅ DONE | 00167/2025 | item 00012 | 814/975 (83.5%) | Falhas: 0
11:27:16 | INFO     | [11:27:16] ✅ DONE | 00129/2025 | item 00034 | 815/975 (83.6%) | Falhas: 0
11:27:17 | INFO     | [11:27:17] ✅ DONE | 00167/2025 | item 00013 | 816/975 (83.7%) | Falhas: 0
11:27:18 | INFO     | [11:27:18] ✅ DONE | 00131/2025 | item 00074 | 817/975 (83.8%) | Falhas: 0
11:27:19 | INFO     | [11:27:19] ✅ DONE | 00177/2025 | item 00017 | 818/975 (83.9%) | Falhas: 0
11:27:19 | INFO     | [11:27:19] ✅ DONE | 00130/2025 | item 00008 | 819/975 (84.0%) | Falhas: 0
11:27:19 | INFO     | [11:27:19] ✅ DONE | 00178/2025 | item 00018 | 820/975 (84.1%) | Falhas: 0
11:27:21 | INFO     | [11:27:21] ✅ DONE | 00179/2025 | item 00002 | 821/975 (84.2%) | Falhas: 0
11:27:21 | INFO     | [11:27:21] ✅ DONE | 00178/2025 | item 00020 | 822/975 (84.3%) | Falhas: 0
11:27:22 | INFO     | [11:27:22] ✅ DONE | 00180/2025 | item 00012 | 823/975 (84.4%) | Falhas: 0
11:27:23 | INFO     | [11:27:23] ✅ DONE | 00181/2025 | item 00010 | 824/975 (84.5%) | Falhas: 0
11:27:23 | INFO     | [11:27:23] ✅ DONE | 00181/2025 | item 00028 | 825/975 (84.6%) | Falhas: 0
11:27:23 | INFO     | [11:27:23] ✅ DONE | 00167/2025 | item 00014 | 826/975 (84.7%) | Falhas: 0
11:27:24 | INFO     | [11:27:24] ✅ DONE | 00167/2025 | item 00015 | 827/975 (84.8%) | Falhas: 0
11:27:25 | INFO     | [11:27:25] ✅ DONE | 00167/2025 | item 00016 | 828/975 (84.9%) | Falhas: 0
11:27:25 | INFO     | [11:27:25] ✅ DONE | 00167/2025 | item 00017 | 829/975 (85.0%) | Falhas: 0
11:27:26 | INFO     | [11:27:26] ✅ DONE | 00167/2025 | item 00018 | 830/975 (85.1%) | Falhas: 0
11:27:27 | INFO     | [11:27:27] ✅ DONE | 00167/2025 | item 00019 | 831/975 (85.2%) | Falhas: 0
11:27:27 | INFO     | [11:27:27] ✅ DONE | 00182/2025 | item 00019 | 832/975 (85.3%) | Falhas: 0
11:27:28 | INFO     | [11:27:28] ✅ DONE | 00183/2025 | item 00029 | 833/975 (85.4%) | Falhas: 0
11:27:28 | INFO     | [11:27:28] ✅ DONE | 00183/2025 | item 00031 | 834/975 (85.5%) | Falhas: 0
11:27:30 | INFO     | [11:27:30] ✅ DONE | 00183/2025 | item 00032 | 835/975 (85.6%) | Falhas: 0
11:27:30 | INFO     | [11:27:30] ✅ DONE | 00183/2025 | item 00036 | 836/975 (85.7%) | Falhas: 0
11:27:31 | INFO     | [11:27:31] ✅ DONE | 00183/2025 | item 00035 | 837/975 (85.8%) | Falhas: 0
11:27:31 | INFO     | [11:27:31] ✅ DONE | 00167/2025 | item 00022 | 838/975 (85.9%) | Falhas: 0
11:27:32 | INFO     | [11:27:32] ✅ DONE | 00167/2025 | item 00023 | 839/975 (86.1%) | Falhas: 0
11:27:33 | INFO     | [11:27:33] ✅ DONE | 00167/2025 | item 00024 | 840/975 (86.2%) | Falhas: 0
11:27:33 | INFO     | [11:27:33] ✅ DONE | 00167/2025 | item 00025 | 841/975 (86.3%) | Falhas: 0
11:27:34 | INFO     | [11:27:34] ✅ DONE | 00167/2025 | item 00026 | 842/975 (86.4%) | Falhas: 0
11:27:35 | INFO     | [11:27:35] ✅ DONE | 00167/2025 | item 00027 | 843/975 (86.5%) | Falhas: 0
11:27:35 | INFO     | [11:27:35] ✅ DONE | 00167/2025 | item 00028 | 844/975 (86.6%) | Falhas: 0
11:27:35 | INFO     | [11:27:35] ✅ DONE | 00168/2025 | item 00010 | 845/975 (86.7%) | Falhas: 0
11:27:36 | INFO     | [11:27:36] ✅ DONE | 00169/2025 | item 00020 | 846/975 (86.8%) | Falhas: 0
11:27:37 | INFO     | [11:27:37] ✅ DONE | 00170/2025 | item 00008 | 847/975 (86.9%) | Falhas: 0
11:27:37 | INFO     | [11:27:37] ✅ DONE | 00170/2025 | item 00006 | 848/975 (87.0%) | Falhas: 0
11:27:38 | INFO     | [11:27:38] ✅ DONE | 00170/2025 | item 00011 | 849/975 (87.1%) | Falhas: 0
11:27:38 | INFO     | [11:27:38] ✅ DONE | 00170/2025 | item 00016 | 850/975 (87.2%) | Falhas: 0
11:27:40 | INFO     | [11:27:40] ✅ DONE | 00171/2025 | item 00027 | 851/975 (87.3%) | Falhas: 0
11:27:40 | INFO     | [11:27:40] ✅ DONE | 00171/2025 | item 00026 | 852/975 (87.4%) | Falhas: 0
11:27:40 | INFO     | [11:27:40] ✅ DONE | 00171/2025 | item 00023 | 853/975 (87.5%) | Falhas: 0
11:27:42 | INFO     | [11:27:42] ✅ DONE | 00172/2025 | item 00024 | 854/975 (87.6%) | Falhas: 0
11:27:42 | INFO     | [11:27:42] ✅ DONE | 00171/2025 | item 00030 | 855/975 (87.7%) | Falhas: 0
11:27:43 | INFO     | [11:27:43] ✅ DONE | 00171/2025 | item 00029 | 856/975 (87.8%) | Falhas: 0
11:27:43 | INFO     | [11:27:43] ✅ DONE | 00173/2025 | item 00021 | 857/975 (87.9%) | Falhas: 0
11:27:44 | INFO     | [11:27:44] ✅ DONE | 00173/2025 | item 00001 | 858/975 (88.0%) | Falhas: 0
11:27:45 | INFO     | [11:27:45] ✅ DONE | 00174/2025 | item 00022 | 859/975 (88.1%) | Falhas: 0
11:27:46 | INFO     | [11:27:46] ✅ DONE | 00175/2025 | item 00003 | 860/975 (88.2%) | Falhas: 0
11:27:46 | INFO     | [11:27:46] ✅ DONE | 00175/2025 | item 00005 | 861/975 (88.3%) | Falhas: 0
11:27:47 | INFO     | [11:27:47] ✅ DONE | 00175/2025 | item 00004 | 862/975 (88.4%) | Falhas: 0
11:27:48 | INFO     | [11:27:48] ✅ DONE | 00175/2025 | item 00007 | 863/975 (88.5%) | Falhas: 0
11:27:48 | INFO     | [11:27:48] ✅ DONE | 00175/2025 | item 00009 | 864/975 (88.6%) | Falhas: 0
11:27:50 | INFO     | [11:27:50] ✅ DONE | 00175/2025 | item 00025 | 865/975 (88.7%) | Falhas: 0
11:27:50 | INFO     | [11:27:50] ✅ DONE | 00175/2025 | item 00013 | 866/975 (88.8%) | Falhas: 0
11:27:51 | INFO     | [11:27:51] ✅ DONE | 00175/2025 | item 00015 | 867/975 (88.9%) | Falhas: 0
11:27:52 | INFO     | [11:27:52] ✅ DONE | 00175/2025 | item 00031 | 868/975 (89.0%) | Falhas: 0
11:27:53 | INFO     | [11:27:53] ✅ DONE | 00201/2025 | item 00002 | 869/975 (89.1%) | Falhas: 0
11:27:53 | INFO     | [11:27:53] ✅ DONE | 00201/2025 | item 00013 | 870/975 (89.2%) | Falhas: 0
11:27:54 | INFO     | [11:27:54] ✅ DONE | 00201/2025 | item 00018 | 871/975 (89.3%) | Falhas: 0
11:27:55 | INFO     | [11:27:55] ✅ DONE | 00201/2025 | item 00020 | 872/975 (89.4%) | Falhas: 0
11:27:55 | INFO     | [11:27:55] ✅ DONE | 00201/2025 | item 00024 | 873/975 (89.5%) | Falhas: 0
11:27:56 | INFO     | [11:27:56] ✅ DONE | 00201/2025 | item 00032 | 874/975 (89.6%) | Falhas: 0
11:27:57 | INFO     | [11:27:57] ✅ DONE | 00184/2025 | item 00030 | 875/975 (89.7%) | Falhas: 0
11:27:57 | INFO     | [11:27:57] ✅ DONE | 00201/2025 | item 00035 | 876/975 (89.8%) | Falhas: 0
11:27:58 | INFO     | [11:27:58] ✅ DONE | 00189/2025 | item 00007 | 877/975 (89.9%) | Falhas: 0
11:27:59 | INFO     | [11:27:59] ✅ DONE | 00189/2025 | item 00072 | 878/975 (90.1%) | Falhas: 0
11:27:59 | INFO     | [11:27:59] ✅ DONE | 00189/2025 | item 00010 | 879/975 (90.2%) | Falhas: 0
11:28:01 | INFO     | [11:28:01] ✅ DONE | 00195/2025 | item 00031 | 880/975 (90.3%) | Falhas: 0
11:28:01 | INFO     | [11:28:01] ✅ DONE | 00193/2025 | item 00027 | 881/975 (90.4%) | Falhas: 0
11:28:02 | INFO     | [11:28:02] ✅ DONE | 00211/2025 | item 00001 | 882/975 (90.5%) | Falhas: 0
11:28:03 | INFO     | [11:28:03] ✅ DONE | 00211/2025 | item 00002 | 883/975 (90.6%) | Falhas: 0
11:28:14 | INFO     | [11:28:14] ✅ DONE | 00212/2025 | item 00001 | 884/975 (90.7%) | Falhas: 0
11:28:15 | INFO     | [11:28:15] ✅ DONE | 00212/2025 | item 00003 | 885/975 (90.8%) | Falhas: 0
11:28:15 | INFO     | [11:28:15] ✅ DONE | 00212/2025 | item 00002 | 886/975 (90.9%) | Falhas: 0
11:28:15 | INFO     | [11:28:15] ✅ DONE | 00212/2025 | item 00004 | 887/975 (91.0%) | Falhas: 0
11:28:17 | INFO     | [11:28:17] ✅ DONE | 00212/2025 | item 00005 | 888/975 (91.1%) | Falhas: 0
11:28:17 | INFO     | [11:28:17] ✅ DONE | 00212/2025 | item 00006 | 889/975 (91.2%) | Falhas: 0
11:28:18 | INFO     | [11:28:18] ✅ DONE | 00212/2025 | item 00007 | 890/975 (91.3%) | Falhas: 0
11:28:18 | INFO     | [11:28:18] ✅ DONE | 00212/2025 | item 00009 | 891/975 (91.4%) | Falhas: 0
11:28:19 | INFO     | [11:28:19] ✅ DONE | 00212/2025 | item 00008 | 892/975 (91.5%) | Falhas: 0
11:28:19 | INFO     | [11:28:19] ✅ DONE | 00212/2025 | item 00010 | 893/975 (91.6%) | Falhas: 0
11:28:20 | INFO     | [11:28:20] ✅ DONE | 00212/2025 | item 00011 | 894/975 (91.7%) | Falhas: 0
11:28:21 | INFO     | [11:28:21] ✅ DONE | 00212/2025 | item 00013 | 895/975 (91.8%) | Falhas: 0
11:28:21 | INFO     | [11:28:21] ✅ DONE | 00212/2025 | item 00014 | 896/975 (91.9%) | Falhas: 0
11:28:22 | INFO     | [11:28:22] ✅ DONE | 00212/2025 | item 00012 | 897/975 (92.0%) | Falhas: 0
11:28:23 | INFO     | [11:28:23] ✅ DONE | 00212/2025 | item 00015 | 898/975 (92.1%) | Falhas: 0
11:28:23 | INFO     | [11:28:23] ✅ DONE | 00212/2025 | item 00016 | 899/975 (92.2%) | Falhas: 0
11:28:24 | INFO     | [11:28:24] ✅ DONE | 00212/2025 | item 00017 | 900/975 (92.3%) | Falhas: 0
11:28:25 | INFO     | [11:28:25] ✅ DONE | 00212/2025 | item 00019 | 901/975 (92.4%) | Falhas: 0
11:28:25 | INFO     | [11:28:25] ✅ DONE | 00212/2025 | item 00018 | 902/975 (92.5%) | Falhas: 0
11:28:25 | INFO     | [11:28:25] ✅ DONE | 00212/2025 | item 00020 | 903/975 (92.6%) | Falhas: 0
11:28:26 | INFO     | [11:28:26] ✅ DONE | 00212/2025 | item 00022 | 904/975 (92.7%) | Falhas: 0
11:28:27 | INFO     | [11:28:27] ✅ DONE | 00212/2025 | item 00023 | 905/975 (92.8%) | Falhas: 0
11:28:27 | INFO     | [11:28:27] ✅ DONE | 00212/2025 | item 00021 | 906/975 (92.9%) | Falhas: 0
11:28:28 | INFO     | [11:28:28] ✅ DONE | 00212/2025 | item 00024 | 907/975 (93.0%) | Falhas: 0
11:28:28 | INFO     | [11:28:28] ✅ DONE | 00212/2025 | item 00025 | 908/975 (93.1%) | Falhas: 0
11:28:29 | INFO     | [11:28:29] ✅ DONE | 00212/2025 | item 00027 | 909/975 (93.2%) | Falhas: 0
11:28:31 | INFO     | [11:28:31] ✅ DONE | 00212/2025 | item 00028 | 910/975 (93.3%) | Falhas: 0
11:28:31 | INFO     | [11:28:31] ✅ DONE | 00212/2025 | item 00026 | 911/975 (93.4%) | Falhas: 0
11:28:31 | INFO     | [11:28:31] ✅ DONE | 00212/2025 | item 00029 | 912/975 (93.5%) | Falhas: 0
11:28:33 | INFO     | [11:28:33] ✅ DONE | 00212/2025 | item 00032 | 913/975 (93.6%) | Falhas: 0
11:28:34 | INFO     | [11:28:34] ✅ DONE | 00212/2025 | item 00030 | 914/975 (93.7%) | Falhas: 0
11:28:34 | INFO     | [11:28:34] ✅ DONE | 00212/2025 | item 00031 | 915/975 (93.8%) | Falhas: 0
11:28:35 | INFO     | [11:28:35] ✅ DONE | 00212/2025 | item 00033 | 916/975 (93.9%) | Falhas: 0
11:28:36 | INFO     | [11:28:36] ✅ DONE | 00212/2025 | item 00035 | 917/975 (94.1%) | Falhas: 0
11:28:36 | INFO     | [11:28:36] ✅ DONE | 00212/2025 | item 00034 | 918/975 (94.2%) | Falhas: 0
11:28:37 | INFO     | [11:28:37] ✅ DONE | 00212/2025 | item 00036 | 919/975 (94.3%) | Falhas: 0
11:28:38 | INFO     | [11:28:38] ✅ DONE | 00212/2025 | item 00037 | 920/975 (94.4%) | Falhas: 0
11:28:39 | INFO     | [11:28:39] ✅ DONE | 00212/2025 | item 00038 | 921/975 (94.5%) | Falhas: 0
11:28:39 | INFO     | [11:28:39] ✅ DONE | 00212/2025 | item 00039 | 922/975 (94.6%) | Falhas: 0
11:28:40 | INFO     | [11:28:40] ✅ DONE | 00212/2025 | item 00040 | 923/975 (94.7%) | Falhas: 0
11:28:40 | INFO     | [11:28:40] ✅ DONE | 00212/2025 | item 00041 | 924/975 (94.8%) | Falhas: 0
11:28:41 | INFO     | [11:28:41] ✅ DONE | 00212/2025 | item 00042 | 925/975 (94.9%) | Falhas: 0
11:28:41 | INFO     | [11:28:41] ✅ DONE | 00212/2025 | item 00043 | 926/975 (95.0%) | Falhas: 0
11:28:42 | INFO     | [11:28:42] ✅ DONE | 00212/2025 | item 00044 | 927/975 (95.1%) | Falhas: 0
11:28:42 | INFO     | [11:28:42] ✅ DONE | 00212/2025 | item 00046 | 928/975 (95.2%) | Falhas: 0
11:28:42 | INFO     | [11:28:42] ✅ DONE | 00212/2025 | item 00045 | 929/975 (95.3%) | Falhas: 0
11:28:43 | INFO     | [11:28:43] ✅ DONE | 00212/2025 | item 00047 | 930/975 (95.4%) | Falhas: 0
11:28:44 | INFO     | [11:28:44] ✅ DONE | 00212/2025 | item 00048 | 931/975 (95.5%) | Falhas: 0
11:28:45 | INFO     | [11:28:45] ✅ DONE | 00212/2025 | item 00049 | 932/975 (95.6%) | Falhas: 0
11:28:45 | INFO     | [11:28:45] ✅ DONE | 00212/2025 | item 00050 | 933/975 (95.7%) | Falhas: 0
11:28:45 | INFO     | [11:28:45] ✅ DONE | 00212/2025 | item 00051 | 934/975 (95.8%) | Falhas: 0
11:28:46 | INFO     | [11:28:46] ✅ DONE | 00212/2025 | item 00052 | 935/975 (95.9%) | Falhas: 0
11:28:47 | INFO     | [11:28:47] ✅ DONE | 00201/2025 | item 00040 | 936/975 (96.0%) | Falhas: 0
11:28:47 | INFO     | [11:28:47] ✅ DONE | 00201/2025 | item 00036 | 937/975 (96.1%) | Falhas: 0
11:28:49 | INFO     | [11:28:49] ✅ DONE | 00201/2025 | item 00041 | 938/975 (96.2%) | Falhas: 0
11:28:49 | INFO     | [11:28:49] ✅ DONE | 00201/2025 | item 00063 | 939/975 (96.3%) | Falhas: 0
11:28:50 | INFO     | [11:28:50] ✅ DONE | 00201/2025 | item 00042 | 940/975 (96.4%) | Falhas: 0
11:28:51 | INFO     | [11:28:51] ✅ DONE | 00212/2025 | item 00053 | 941/975 (96.5%) | Falhas: 0
11:28:51 | INFO     | [11:28:51] ✅ DONE | 00201/2025 | item 00071 | 942/975 (96.6%) | Falhas: 0
11:28:51 | INFO     | [11:28:51] ✅ DONE | 00212/2025 | item 00054 | 943/975 (96.7%) | Falhas: 0
11:28:53 | INFO     | [11:28:53] ✅ DONE | 00212/2025 | item 00056 | 944/975 (96.8%) | Falhas: 0
11:28:53 | INFO     | [11:28:53] ✅ DONE | 00212/2025 | item 00057 | 945/975 (96.9%) | Falhas: 0
11:28:53 | INFO     | [11:28:53] ✅ DONE | 00212/2025 | item 00055 | 946/975 (97.0%) | Falhas: 0
11:28:54 | INFO     | [11:28:54] ✅ DONE | 00212/2025 | item 00058 | 947/975 (97.1%) | Falhas: 0
11:28:55 | INFO     | [11:28:55] ✅ DONE | 00212/2025 | item 00060 | 948/975 (97.2%) | Falhas: 0
11:28:56 | INFO     | [11:28:56] ✅ DONE | 00212/2025 | item 00061 | 949/975 (97.3%) | Falhas: 0
11:28:56 | INFO     | [11:28:56] ✅ DONE | 00212/2025 | item 00059 | 950/975 (97.4%) | Falhas: 0
11:28:56 | INFO     | [11:28:56] ✅ DONE | 00212/2025 | item 00062 | 951/975 (97.5%) | Falhas: 0
11:28:57 | INFO     | [11:28:57] ✅ DONE | 00212/2025 | item 00064 | 952/975 (97.6%) | Falhas: 0
11:28:58 | INFO     | [11:28:58] ✅ DONE | 00212/2025 | item 00063 | 953/975 (97.7%) | Falhas: 0
11:28:58 | INFO     | [11:28:58] ✅ DONE | 00212/2025 | item 00065 | 954/975 (97.8%) | Falhas: 0
11:28:59 | INFO     | [11:28:59] ✅ DONE | 00212/2025 | item 00066 | 955/975 (97.9%) | Falhas: 0
11:28:59 | INFO     | [11:28:59] ✅ DONE | 00212/2025 | item 00067 | 956/975 (98.1%) | Falhas: 0
11:29:01 | INFO     | [11:29:01] ✅ DONE | 00212/2025 | item 00069 | 957/975 (98.2%) | Falhas: 0
11:29:01 | INFO     | [11:29:01] ✅ DONE | 00212/2025 | item 00068 | 958/975 (98.3%) | Falhas: 0
11:29:01 | INFO     | [11:29:01] ✅ DONE | 00212/2025 | item 00070 | 959/975 (98.4%) | Falhas: 0
11:29:02 | INFO     | [11:29:02] ✅ DONE | 00212/2025 | item 00071 | 960/975 (98.5%) | Falhas: 0
11:29:03 | INFO     | [11:29:03] ✅ DONE | 00212/2025 | item 00072 | 961/975 (98.6%) | Falhas: 0
11:29:03 | INFO     | [11:29:03] ✅ DONE | 00212/2025 | item 00073 | 962/975 (98.7%) | Falhas: 0
11:29:04 | INFO     | [11:29:04] ✅ DONE | 00212/2025 | item 00075 | 963/975 (98.8%) | Falhas: 0
11:29:05 | INFO     | [11:29:05] ✅ DONE | 00212/2025 | item 00081 | 964/975 (98.9%) | Falhas: 0
11:29:05 | INFO     | [11:29:05] ✅ DONE | 00212/2025 | item 00074 | 965/975 (99.0%) | Falhas: 0
11:29:06 | INFO     | [11:29:06] ✅ DONE | 00212/2025 | item 00084 | 966/975 (99.1%) | Falhas: 0
11:29:06 | INFO     | [11:29:06] ✅ DONE | 00212/2025 | item 00082 | 967/975 (99.2%) | Falhas: 0
11:29:07 | INFO     | [11:29:07] ✅ DONE | 00212/2025 | item 00088 | 968/975 (99.3%) | Falhas: 0
11:29:08 | INFO     | [11:29:08] ✅ DONE | 00212/2025 | item 00089 | 969/975 (99.4%) | Falhas: 0
11:29:08 | INFO     | [11:29:08] ✅ DONE | 00201/2025 | item 00077 | 970/975 (99.5%) | Falhas: 0
11:29:10 | INFO     | [11:29:10] ✅ DONE | 00205/2025 | item 00001 | 971/975 (99.6%) | Falhas: 0
11:29:10 | INFO     | [11:29:10] ✅ DONE | 00205/2025 | item 00002 | 972/975 (99.7%) | Falhas: 0
11:29:11 | INFO     | [11:29:11] ✅ DONE | 00205/2025 | item 00003 | 973/975 (99.8%) | Falhas: 0
11:29:11 | INFO     | [11:29:11] ✅ DONE | 00205/2025 | item 00004 | 974/975 (99.9%) | Falhas: 0
11:29:12 | INFO     | [11:29:12] ✅ DONE | 00205/2025 | item 00006 | 975/975 (100.0%) | Falhas: 0
11:29:12 | INFO     | ✅ FIM | Falhas: 0 | SKIPs: 0
11:29:12 | INFO     | ============================================================
11:29:12 | INFO     | 📤 GERANDO atas_unidades.csv...
11:29:12 | INFO     | 📂 2400 arquivo(s) de unidades encontrado(s). Processando...
11:29:17 | INFO     | ✅ CSV gerado: data\atas_unidades.csv
11:29:17 | INFO     | Registros        : 8364
11:29:17 | INFO     | Participantes    : 5970
11:29:17 | INFO     | Não participantes: 2394
11:29:17 | INFO     | Aceita adesão    : 4158
11:29:17 | INFO     | Colunas          : 27
11:29:17 | INFO     | ============================================================
11:29:17 | INFO     | 📄 INICIANDO EXTRAÇÃO DE CONTRATOS
11:29:17 | INFO     | UASGs       : 11
11:29:17 | INFO     | Validade    : 1 dia(s)
11:29:17 | INFO     | 🚀 INICIANDO EXTRAÇÃO DE CONTRATOS | WORKERS: 5 | TOTAL: 11
11:29:17 | INFO     | ✅ FIM | Falhas: 0 | SKIPs: 11
11:29:17 | INFO     | ============================================================
11:29:17 | INFO     | 📤 GERANDO contratos.csv...
11:29:17 | INFO     | 📂 11 arquivo(s) de contratos encontrado(s). Processando...
11:29:17 | INFO     | ✅ CSV gerado: data\contratos.csv
11:29:17 | INFO     | Contratos    : 1738
11:29:17 | INFO     | Prorrogáveis : 438
11:29:17 | INFO     | Colunas      : 21
11:29:17 | INFO     | ============================================================
11:29:17 | INFO     | 👥 INICIANDO EXTRAÇÃO DE RESPONSÁVEIS DOS CONTRATOS
11:29:17 | INFO     | Contratos na fila : 1738
11:29:17 | INFO     | Validade cache    : 1 dia(s)
11:29:17 | INFO     | 🚀 INICIANDO EXTRAÇÃO DE RESPONSÁVEIS | WORKERS: 15 | TOTAL: 1738
11:29:17 | INFO     | [11:29:17] ⏭️  SKIPs: 50 | 50/1738 (2.9%) | Falhas: 0
11:29:17 | INFO     | [11:29:17] ⏭️  SKIPs: 100 | 100/1738 (5.8%) | Falhas: 0
11:29:17 | INFO     | [11:29:17] ⏭️  SKIPs: 150 | 150/1738 (8.6%) | Falhas: 0
11:29:17 | INFO     | [11:29:17] ⏭️  SKIPs: 200 | 200/1738 (11.5%) | Falhas: 0
11:29:17 | INFO     | [11:29:17] ⏭️  SKIPs: 250 | 250/1738 (14.4%) | Falhas: 0
11:29:17 | INFO     | [11:29:17] ⏭️  SKIPs: 300 | 300/1738 (17.3%) | Falhas: 0
11:29:17 | INFO     | [11:29:17] ⏭️  SKIPs: 350 | 350/1738 (20.1%) | Falhas: 0
11:29:17 | INFO     | [11:29:17] ⏭️  SKIPs: 400 | 400/1738 (23.0%) | Falhas: 0
11:29:17 | INFO     | [11:29:17] ⏭️  SKIPs: 450 | 450/1738 (25.9%) | Falhas: 0
11:29:17 | INFO     | [11:29:17] ⏭️  SKIPs: 500 | 500/1738 (28.8%) | Falhas: 0
11:29:17 | INFO     | [11:29:17] ⏭️  SKIPs: 550 | 550/1738 (31.6%) | Falhas: 0
11:29:17 | INFO     | [11:29:17] ⏭️  SKIPs: 600 | 600/1738 (34.5%) | Falhas: 0
11:29:17 | INFO     | [11:29:17] ⏭️  SKIPs: 650 | 650/1738 (37.4%) | Falhas: 0
11:29:17 | INFO     | [11:29:17] ⏭️  SKIPs: 700 | 700/1738 (40.3%) | Falhas: 0
11:29:17 | INFO     | [11:29:17] ⏭️  SKIPs: 750 | 750/1738 (43.2%) | Falhas: 0
11:29:17 | INFO     | [11:29:17] ⏭️  SKIPs: 800 | 800/1738 (46.0%) | Falhas: 0
11:29:17 | INFO     | [11:29:17] ⏭️  SKIPs: 850 | 850/1738 (48.9%) | Falhas: 0
11:29:17 | INFO     | [11:29:17] ⏭️  SKIPs: 900 | 900/1738 (51.8%) | Falhas: 0
11:29:17 | INFO     | [11:29:17] ⏭️  SKIPs: 950 | 950/1738 (54.7%) | Falhas: 0
11:29:17 | INFO     | [11:29:17] ⏭️  SKIPs: 1000 | 1000/1738 (57.5%) | Falhas: 0
11:29:17 | INFO     | [11:29:17] ⏭️  SKIPs: 1050 | 1050/1738 (60.4%) | Falhas: 0
11:29:17 | INFO     | [11:29:17] ⏭️  SKIPs: 1100 | 1100/1738 (63.3%) | Falhas: 0
11:29:17 | INFO     | [11:29:17] ⏭️  SKIPs: 1150 | 1150/1738 (66.2%) | Falhas: 0
11:29:17 | INFO     | [11:29:17] ⏭️  SKIPs: 1200 | 1200/1738 (69.0%) | Falhas: 0
11:29:17 | INFO     | [11:29:17] ⏭️  SKIPs: 1250 | 1250/1738 (71.9%) | Falhas: 0
11:29:17 | INFO     | [11:29:17] ⏭️  SKIPs: 1300 | 1300/1738 (74.8%) | Falhas: 0
11:29:17 | INFO     | [11:29:17] ⏭️  SKIPs: 1350 | 1350/1738 (77.7%) | Falhas: 0
11:29:17 | INFO     | [11:29:17] ⏭️  SKIPs: 1400 | 1400/1738 (80.6%) | Falhas: 0
11:29:17 | INFO     | [11:29:17] ⏭️  SKIPs: 1450 | 1450/1738 (83.4%) | Falhas: 0
11:29:17 | INFO     | [11:29:17] ⏭️  SKIPs: 1500 | 1500/1738 (86.3%) | Falhas: 0
11:29:18 | INFO     | [11:29:18] ⏭️  SKIPs: 1550 | 1550/1738 (89.2%) | Falhas: 0
11:29:18 | INFO     | [11:29:18] ⏭️  SKIPs: 1600 | 1600/1738 (92.1%) | Falhas: 0
11:29:18 | INFO     | [11:29:18] ⏭️  SKIPs: 1650 | 1650/1738 (94.9%) | Falhas: 0
11:29:18 | INFO     | [11:29:18] ⏭️  SKIPs: 1700 | 1700/1738 (97.8%) | Falhas: 0
11:29:18 | INFO     | ✅ FIM | Falhas: 0 | SKIPs: 1738
11:29:18 | INFO     | ============================================================
11:29:18 | INFO     | 📤 GERANDO contratos_responsaveis.csv...
11:29:18 | INFO     | 📂 1758 arquivo(s) de responsáveis encontrado(s). Processando...
11:29:18 | INFO     | ✅ CSV gerado: data\contratos_responsaveis.csv
11:29:18 | INFO     | Responsáveis : 1159
11:29:18 | INFO     | Ativos       : 942
11:29:18 | INFO     | Colunas      : 11
11:29:18 | INFO     | ============================================================
11:29:18 | INFO     | 📦 INICIANDO OBTENÇÃO DE ITENS EMPENHADOS DO GOOGLE DRIVE
11:29:18 | INFO     | 📦 OBTENDO ITENS EMPENHADOS DO GOOGLE DRIVE...
11:29:30 | INFO     | ✅ ITENS EMPENHADOS OBTIDOS E SALVOS
11:29:30 | INFO     | ============================================================
11:29:30 | INFO     | 📊 RESUMO FINAL
11:29:30 | INFO     |   Falhas compras        : 0
11:29:30 | INFO     |   Falhas itens          : 0
11:29:30 | INFO     |   Falhas atas           : 0
11:29:30 | INFO     |   Falhas atas_itens     : 0
11:29:30 | INFO     |   Falhas atas_saldos    : 0
11:29:30 | INFO     |   Falhas atas_unidades  : 0
11:29:30 | INFO     |   Falhas contratos      : 0
11:29:30 | INFO     |   Falhas contratos_resp : 0
11:29:30 | INFO     |   Falhas itens_empenhad : 0
11:29:30 | INFO     | 🎉 PIPELINE CONCLUÍDO COM SUCESSO!
