11:48:59 | INFO     | 🚀 INICIANDO PIPELINE DE EXTRAÇÃO DE COMPRAS PÚBLICAS
11:48:59 | INFO     | ============================================================
11:48:59 | INFO     | ℹ️  Módulo LEGADO está desativado em config.config['CONFIG_APIS']['LEGADO']['executar_legado']; pulando extração.
11:48:59 | INFO     | ▶ Módulo LEI 14.133 — 24 tarefas | 2 threads
11:49:00 | INFO     | ✅ DONE | RT | PNCP-PREGAO           | 2021 | 1/24 (4.2%) | Falhas: 0
11:49:00 | INFO     | ✅ DONE | RT | PNCP-CONCORRENCIA     | 2021 | 2/24 (8.3%) | Falhas: 0
11:49:01 | INFO     | ✅ DONE | RT | PNCP-INEXIGIBILIDADE  | 2021 | 3/24 (12.5%) | Falhas: 0
11:49:01 | INFO     | ✅ DONE | RT | PNCP-CONCORRENCIA     | 2022 | 4/24 (16.7%) | Falhas: 0
11:49:01 | INFO     | ✅ DONE | RT | PNCP-DISPENSA         | 2021 | 5/24 (20.8%) | Falhas: 0
11:49:02 | INFO     | ✅ DONE | RT | PNCP-PREGAO           | 2022 | 6/24 (25.0%) | Falhas: 0
11:49:02 | INFO     | ✅ DONE | RT | PNCP-INEXIGIBILIDADE  | 2022 | 7/24 (29.2%) | Falhas: 0
11:49:03 | INFO     | ✅ DONE | RT | PNCP-CONCORRENCIA     | 2023 | 8/24 (33.3%) | Falhas: 0
11:49:06 | INFO     | ✅ DONE | RT | PNCP-DISPENSA         | 2022 | 9/24 (37.5%) | Falhas: 0
11:49:07 | INFO     | ✅ DONE | RT | PNCP-PREGAO           | 2023 | 10/24 (41.7%) | Falhas: 0
11:49:11 | INFO     | ✅ DONE | RT | PNCP-INEXIGIBILIDADE  | 2023 | 11/24 (45.8%) | Falhas: 0
11:49:11 | INFO     | ✅ DONE | RT | PNCP-CONCORRENCIA     | 2024 | 12/24 (50.0%) | Falhas: 0
11:49:13 | INFO     | ✅ DONE | RT | PNCP-PREGAO           | 2024 | 13/24 (54.2%) | Falhas: 0
11:49:16 | INFO     | ✅ DONE | RT | PNCP-DISPENSA         | 2024 | 14/24 (58.3%) | Falhas: 0
11:49:17 | INFO     | ✅ DONE | RT | PNCP-INEXIGIBILIDADE  | 2024 | 15/24 (62.5%) | Falhas: 0
11:49:18 | INFO     | ✅ DONE | RT | PNCP-CONCORRENCIA     | 2025 | 16/24 (66.7%) | Falhas: 0
11:49:20 | INFO     | ✅ DONE | RT | PNCP-PREGAO           | 2025 | 17/24 (70.8%) | Falhas: 0
11:49:21 | INFO     | ✅ DONE | RT | PNCP-DISPENSA         | 2023 | 18/24 (75.0%) | Falhas: 0
11:49:22 | INFO     | ✅ DONE | RT | PNCP-INEXIGIBILIDADE  | 2025 | 19/24 (79.2%) | Falhas: 0
11:49:22 | INFO     | ✅ DONE | RT | PNCP-DISPENSA         | 2025 | 20/24 (83.3%) | Falhas: 0
11:49:22 | INFO     | ✅ DONE | RT | PNCP-CONCORRENCIA     | 2026 | 21/24 (87.5%) | Falhas: 0
11:49:23 | INFO     | ✅ DONE | RT | PNCP-PREGAO           | 2026 | 22/24 (91.7%) | Falhas: 0
11:49:23 | INFO     | ✅ DONE | RT | PNCP-DISPENSA         | 2026 | 23/24 (95.8%) | Falhas: 0
11:49:24 | INFO     | ✅ DONE | RT | PNCP-INEXIGIBILIDADE  | 2026 | 24/24 (100.0%) | Falhas: 0
11:49:24 | INFO     |    Concluído — DONE: 24 | SKIP: 0 | FAIL: 0
11:49:24 | INFO     | ============================================================
11:49:24 | INFO     | 📊 RESUMO DA EXTRAÇÃO DE COMPRAS
11:49:24 | INFO     |   Falhas Legado   : 0
11:49:24 | INFO     |   Falhas Lei14133 : 0
11:49:24 | INFO     |   SKIPs           : 0
11:49:24 | INFO     | ============================================================
11:49:24 | INFO     | 📤 GERANDO compras.csv...
11:49:24 | INFO     | 📂 341 arquivo(s) encontrado(s). Processando...
11:49:27 | INFO     | ✅ CSV gerado: data\compras.csv
11:49:27 | INFO     | IDs únicos     : 2383
11:49:27 | INFO     | Legado         : 1924
11:49:27 | INFO     | Lei 14.133     : 459
11:49:27 | INFO     | Com responsável: 2061
11:49:27 | INFO     | Sem objeto     : 0
11:49:27 | INFO     | Colunas        : 27
11:49:27 | INFO     | ============================================================
11:49:27 | INFO     | 🔩 INICIANDO EXTRAÇÃO DE ITENS
11:49:27 | INFO     | 🔍 Coletando ids de compras para montar a fila de itens...
11:49:58 | INFO     | IDs únicos     : 2383
11:49:58 | INFO     | Consultas prev.: 4695  (vs 9532 no modo bruto)
11:49:58 | INFO     | Já em cache    : 4680
11:49:58 | INFO     | A extrair      : 15
11:49:58 | INFO     | TOTAL fila     : 15
11:49:58 | INFO     | 🚀 INICIANDO EXTRAÇÃO DE ITENS | WORKERS: 3 | TOTAL: 15
11:49:58 | INFO     | [11:49:58] 🌐 Consultando | 15813203900952026 | pncp p1...
11:49:58 | INFO     | [11:49:58] 🌐 Consultando | 15813205901112026 | pncp p1...
11:49:58 | INFO     | [11:49:58] 🌐 Consultando | 15813205901922025 | pncp p1...
11:49:59 | INFO     | [11:49:59] ✅ SUCESSO | 15813205901112026 | pncp | 1/15 (6.7%) | Falhas: 0
11:49:59 | INFO     | [11:49:59] ✅ SUCESSO | 15813203900952026 | pncp | 2/15 (13.3%) | Falhas: 0
11:49:59 | INFO     | [11:49:59] ✅ SUCESSO | 15813205901922025 | pncp | 3/15 (20.0%) | Falhas: 0
11:49:59 | INFO     | [11:49:59] ✅ SUCESSO | 15813206000832026 | pncp | 4/15 (26.7%) | Falhas: 0
11:50:00 | INFO     | [11:50:00] ✅ SUCESSO | 15813206000942026 | pncp | 5/15 (33.3%) | Falhas: 0
11:50:00 | INFO     | [11:50:00] ✅ SUCESSO | 15813206001102026 | pncp | 6/15 (40.0%) | Falhas: 0
11:50:00 | INFO     | [11:50:00] ✅ SUCESSO | 15813206001082026 | pncp | 7/15 (46.7%) | Falhas: 0
11:50:01 | INFO     | [11:50:01] ✅ SUCESSO | 15813206001152026 | pncp | 8/15 (53.3%) | Falhas: 0
11:50:01 | INFO     | [11:50:01] ✅ SUCESSO | 15813206001202026 | pncp | 9/15 (60.0%) | Falhas: 0
11:50:01 | INFO     | [11:50:01] ✅ SUCESSO | 15813206001182026 | pncp | 10/15 (66.7%) | Falhas: 0
11:50:01 | INFO     | [11:50:01] ✅ SUCESSO | 15813206001262026 | pncp | 11/15 (73.3%) | Falhas: 0
11:50:02 | INFO     | [11:50:02] ✅ SUCESSO | 15813207000862026 | pncp | 12/15 (80.0%) | Falhas: 0
11:50:02 | INFO     | [11:50:02] ✅ SUCESSO | 15813206001302026 | pncp | 13/15 (86.7%) | Falhas: 0
11:50:02 | INFO     | [11:50:02] ✅ SUCESSO | 15813207001232026 | pncp | 14/15 (93.3%) | Falhas: 0
11:50:03 | INFO     | [11:50:03] ✅ SUCESSO | 15813207001362026 | pncp | 15/15 (100.0%) | Falhas: 0
11:50:03 | INFO     | ✅ FIM | Falhas: 0 | SKIPs: 0
11:50:03 | INFO     | ============================================================
11:50:03 | INFO     | 📤 GERANDO compras_itens.csv...
11:50:03 | INFO     | 📂 4699 arquivo(s) de itens encontrado(s). Processando...
11:50:06 | INFO     | ✅ CSV gerado: data\compras_itens.csv
11:50:06 | INFO     | Itens únicos  : 27751
11:50:06 | INFO     | Legado        : 20870
11:50:06 | INFO     | Lei 14.133    : 6881
11:50:06 | INFO     | Colunas       : 33
11:50:06 | INFO     | ============================================================
11:50:06 | INFO     | 📋 INICIANDO EXTRAÇÃO DE ATAS
11:50:06 | INFO     | UASG      : RT (158132)
11:50:06 | INFO     | Anos      : 2023–2027
11:50:06 | INFO     | A extrair : 5
11:50:06 | INFO     | 🚀 INICIANDO EXTRAÇÃO DE ATAS | WORKERS: 3 | TOTAL: 5
11:50:07 | INFO     | [11:50:07] ✅ DONE | RT | 2023 | 1/5 (20.0%) | Falhas: 0
11:50:07 | INFO     | [11:50:07] ✅ DONE | RT | 2024 | 2/5 (40.0%) | Falhas: 0
11:50:07 | INFO     | [11:50:07] ✅ DONE | RT | 2025 | 3/5 (60.0%) | Falhas: 0
11:50:08 | INFO     | [11:50:08] ✅ DONE | RT | 2026 | 4/5 (80.0%) | Falhas: 0
11:50:09 | INFO     | [11:50:09] ✅ DONE | RT | 2027 | 5/5 (100.0%) | Falhas: 0
11:50:09 | INFO     | ✅ FIM | Falhas: 0
11:50:09 | INFO     | ============================================================
11:50:09 | INFO     | 📤 GERANDO atas.csv...
11:50:09 | INFO     | 📂 6 arquivo(s) de atas encontrado(s). Processando...
11:50:09 | INFO     | ✅ CSV gerado: data\atas.csv
11:50:09 | INFO     | Atas únicas   : 398
11:50:09 | INFO     | Atas excluídas: 0
11:50:09 | INFO     | Colunas       : 22
11:50:09 | INFO     | ============================================================
11:50:09 | INFO     | 📦 INICIANDO EXTRAÇÃO DE ITENS DAS ATAS
11:50:09 | INFO     | UASG        : RT (158132)
11:50:09 | INFO     | Anos        : 2023–2027
11:50:09 | INFO     | Já em cache : 5
11:50:09 | INFO     | A extrair   : 0
11:50:09 | INFO     | ⏭️  Tudo em cache. Nada a extrair.
11:50:09 | INFO     | ============================================================
11:50:09 | INFO     | 📤 GERANDO atas_itens.csv...
11:50:09 | INFO     | ✅ Mapa de atas carregado: 68 compras | 398 atas conhecidas
11:50:09 | INFO     | 📂 9 arquivo(s) de itens de atas encontrado(s). Processando...
11:50:09 | INFO     | ✅ Nenhuma ata ausente detectada.
11:50:09 | INFO     | ✅ CSV gerado: data\atas_itens.csv
11:50:09 | INFO     | Itens únicos     : 2961
11:50:09 | INFO     | Material         : 2406
11:50:09 | INFO     | Serviço          : 555
11:50:09 | INFO     | Excluídos        : 0
11:50:09 | INFO     | Sem id_compra    : 0
11:50:09 | INFO     | Sem numero_compra: 0
11:50:09 | INFO     | Colunas          : 35
11:50:09 | INFO     | ============================================================
11:50:09 | INFO     | 💰 INICIANDO EXTRAÇÃO DE SALDOS DAS ATAS
11:50:12 | INFO     | UASG             : RT (158132)
11:50:12 | INFO     | Validade cache   : 3 dias
11:50:12 | INFO     | A extrair/atualizar: 420
11:50:12 | INFO     | 🚀 INICIANDO EXTRAÇÃO DE SALDOS | WORKERS: 3 | TOTAL: 420
11:50:15 | INFO     | [11:50:15] ✅ DONE | RT | 00001/2023 | 1/420 (0.2%) | Falhas: 0
11:50:15 | INFO     | [11:50:15] ✅ DONE | RT | 00001/2025 | 2/420 (0.5%) | Falhas: 0
11:50:18 | INFO     | [11:50:18] ✅ DONE | RT | 00001/2026 | 3/420 (0.7%) | Falhas: 0
11:50:19 | INFO     | [11:50:19] ✅ DONE | RT | 00001/2024 | 4/420 (1.0%) | Falhas: 0
11:50:21 | INFO     | [11:50:21] ✅ DONE | RT | 00002/2023 | 5/420 (1.2%) | Falhas: 0
11:50:23 | INFO     | [11:50:23] ✅ DONE | RT | 00002/2024 | 6/420 (1.4%) | Falhas: 0
11:50:23 | INFO     | [11:50:23] ✅ DONE | RT | 00002/2025 | 7/420 (1.7%) | Falhas: 0
11:50:27 | INFO     | [11:50:27] ✅ DONE | RT | 00003/2024 | 8/420 (1.9%) | Falhas: 0
11:50:27 | INFO     | [11:50:27] ✅ DONE | RT | 00002/2026 | 9/420 (2.1%) | Falhas: 0
11:50:28 | INFO     | [11:50:28] ✅ DONE | RT | 00003/2023 | 10/420 (2.4%) | Falhas: 0
11:50:32 | INFO     | [11:50:32] ✅ DONE | RT | 00003/2026 | 11/420 (2.6%) | Falhas: 0
11:50:33 | INFO     | [11:50:33] ✅ DONE | RT | 00003/2025 | 12/420 (2.9%) | Falhas: 0
11:50:34 | INFO     | [11:50:34] ✅ DONE | RT | 00004/2023 | 13/420 (3.1%) | Falhas: 0
11:50:36 | INFO     | [11:50:36] ✅ DONE | RT | 00004/2025 | 14/420 (3.3%) | Falhas: 0
11:50:37 | INFO     | [11:50:37] ✅ DONE | RT | 00004/2026 | 15/420 (3.6%) | Falhas: 0
11:50:38 | INFO     | [11:50:38] ✅ DONE | RT | 00004/2024 | 16/420 (3.8%) | Falhas: 0
11:50:39 | INFO     | [11:50:39] ✅ DONE | RT | 00005/2024 | 17/420 (4.0%) | Falhas: 0
11:50:42 | INFO     | [11:50:42] ✅ DONE | RT | 00005/2023 | 18/420 (4.3%) | Falhas: 0
11:50:44 | INFO     | [11:50:44] ✅ DONE | RT | 00005/2025 | 19/420 (4.5%) | Falhas: 0
11:50:45 | INFO     | [11:50:45] ✅ DONE | RT | 00005/2026 | 20/420 (4.8%) | Falhas: 0
11:50:47 | INFO     | [11:50:47] ✅ DONE | RT | 00006/2023 | 21/420 (5.0%) | Falhas: 0
11:50:48 | INFO     | [11:50:48] ✅ DONE | RT | 00006/2024 | 22/420 (5.2%) | Falhas: 0
11:50:49 | INFO     | [11:50:49] ✅ DONE | RT | 00006/2026 | 23/420 (5.5%) | Falhas: 0
11:50:50 | INFO     | [11:50:50] ✅ DONE | RT | 00006/2025 | 24/420 (5.7%) | Falhas: 0
11:50:52 | INFO     | [11:50:52] ✅ DONE | RT | 00007/2025 | 25/420 (6.0%) | Falhas: 0
11:50:52 | INFO     | [11:50:52] ✅ DONE | RT | 00007/2023 | 26/420 (6.2%) | Falhas: 0
11:50:55 | INFO     | [11:50:55] ✅ DONE | RT | 00007/2024 | 27/420 (6.4%) | Falhas: 0
11:50:58 | INFO     | [11:50:58] ✅ DONE | RT | 00008/2024 | 28/420 (6.7%) | Falhas: 0
11:50:58 | INFO     | [11:50:58] ✅ DONE | RT | 00008/2023 | 29/420 (6.9%) | Falhas: 0
11:51:01 | INFO     | [11:51:01] ✅ DONE | RT | 00007/2026 | 30/420 (7.1%) | Falhas: 0
11:51:01 | INFO     | [11:51:01] ✅ DONE | RT | 00008/2026 | 31/420 (7.4%) | Falhas: 0
11:51:01 | INFO     | [11:51:01] ✅ DONE | RT | 00008/2025 | 32/420 (7.6%) | Falhas: 0
11:51:05 | INFO     | [11:51:05] ✅ DONE | RT | 00009/2025 | 33/420 (7.9%) | Falhas: 0
11:51:07 | INFO     | [11:51:07] ✅ DONE | RT | 00009/2024 | 34/420 (8.1%) | Falhas: 0
11:51:07 | INFO     | [11:51:07] ✅ DONE | RT | 00009/2023 | 35/420 (8.3%) | Falhas: 0
11:51:09 | INFO     | [11:51:09] ✅ DONE | RT | 00009/2026 | 36/420 (8.6%) | Falhas: 0
11:51:12 | INFO     | [11:51:12] ✅ DONE | RT | 00010/2025 | 37/420 (8.8%) | Falhas: 0
11:51:12 | INFO     | [11:51:12] ✅ DONE | RT | 00010/2024 | 38/420 (9.0%) | Falhas: 0
11:51:12 | INFO     | [11:51:12] ✅ DONE | RT | 00010/2023 | 39/420 (9.3%) | Falhas: 0
11:51:15 | INFO     | [11:51:15] ✅ DONE | RT | 00010/2026 | 40/420 (9.5%) | Falhas: 0
11:51:15 | INFO     | [11:51:15] ✅ DONE | RT | 00011/2024 | 41/420 (9.8%) | Falhas: 0
11:51:17 | INFO     | [11:51:17] ✅ DONE | RT | 00011/2026 | 42/420 (10.0%) | Falhas: 0
11:51:18 | INFO     | [11:51:18] ✅ DONE | RT | 00011/2023 | 43/420 (10.2%) | Falhas: 0
11:51:22 | INFO     | [11:51:22] ✅ DONE | RT | 00011/2025 | 44/420 (10.5%) | Falhas: 0
11:51:25 | INFO     | [11:51:25] ✅ DONE | RT | 00012/2024 | 45/420 (10.7%) | Falhas: 0
11:51:25 | INFO     | [11:51:25] ✅ DONE | RT | 00012/2026 | 46/420 (11.0%) | Falhas: 0
11:51:26 | INFO     | [11:51:26] ✅ DONE | RT | 00012/2023 | 47/420 (11.2%) | Falhas: 0
11:51:27 | INFO     | [11:51:27] ✅ DONE | RT | 00013/2024 | 48/420 (11.4%) | Falhas: 0
11:51:28 | INFO     | [11:51:28] ✅ DONE | RT | 00013/2023 | 49/420 (11.7%) | Falhas: 0
11:51:29 | INFO     | [11:51:29] ✅ DONE | RT | 00013/2026 | 50/420 (11.9%) | Falhas: 0
11:51:30 | INFO     | [11:51:30] ✅ DONE | RT | 00014/2023 | 51/420 (12.1%) | Falhas: 0
11:51:32 | INFO     | [11:51:32] ✅ DONE | RT | 00014/2026 | 52/420 (12.4%) | Falhas: 0
11:51:33 | INFO     | [11:51:33] ✅ DONE | RT | 00015/2023 | 53/420 (12.6%) | Falhas: 0
11:51:33 | INFO     | [11:51:33] ✅ DONE | RT | 00014/2024 | 54/420 (12.9%) | Falhas: 0
11:51:37 | INFO     | [11:51:37] ✅ DONE | RT | 00015/2024 | 55/420 (13.1%) | Falhas: 0
11:51:41 | INFO     | [11:51:41] ✅ DONE | RT | 00015/2025 | 56/420 (13.3%) | Falhas: 0
11:51:41 | INFO     | [11:51:41] ✅ DONE | RT | 00015/2026 | 57/420 (13.6%) | Falhas: 0
11:51:41 | INFO     | [11:51:41] ✅ DONE | RT | 00016/2023 | 58/420 (13.8%) | Falhas: 0
11:51:44 | INFO     | [11:51:44] ✅ DONE | RT | 00016/2026 | 59/420 (14.0%) | Falhas: 0
11:51:45 | INFO     | [11:51:45] ✅ DONE | RT | 00016/2024 | 60/420 (14.3%) | Falhas: 0
11:51:45 | INFO     | [11:51:45] ✅ DONE | RT | 00016/2025 | 61/420 (14.5%) | Falhas: 0
11:51:47 | INFO     | [11:51:47] ✅ DONE | RT | 00017/2025 | 62/420 (14.8%) | Falhas: 0
11:51:48 | INFO     | [11:51:48] ✅ DONE | RT | 00017/2023 | 63/420 (15.0%) | Falhas: 0
11:51:49 | INFO     | [11:51:49] ✅ DONE | RT | 00017/2024 | 64/420 (15.2%) | Falhas: 0
11:51:50 | INFO     | [11:51:50] ✅ DONE | RT | 00017/2026 | 65/420 (15.5%) | Falhas: 0
11:51:52 | INFO     | [11:51:52] ✅ DONE | RT | 00018/2025 | 66/420 (15.7%) | Falhas: 0
11:51:55 | INFO     | [11:51:55] ✅ DONE | RT | 00018/2023 | 67/420 (16.0%) | Falhas: 0
11:51:55 | INFO     | [11:51:55] ✅ DONE | RT | 00019/2023 | 68/420 (16.2%) | Falhas: 0
11:51:57 | INFO     | [11:51:57] ✅ DONE | RT | 00018/2024 | 69/420 (16.4%) | Falhas: 0
11:52:00 | INFO     | [11:52:00] ✅ DONE | RT | 00020/2023 | 70/420 (16.7%) | Falhas: 0
11:52:02 | INFO     | [11:52:02] ✅ DONE | RT | 00019/2025 | 71/420 (16.9%) | Falhas: 0
11:52:02 | INFO     | [11:52:02] ✅ DONE | RT | 00019/2024 | 72/420 (17.1%) | Falhas: 0
11:52:03 | INFO     | [11:52:03] ✅ DONE | RT | 00020/2024 | 73/420 (17.4%) | Falhas: 0
11:52:06 | INFO     | [11:52:06] ✅ DONE | RT | 00020/2025 | 74/420 (17.6%) | Falhas: 0
11:52:06 | INFO     | [11:52:06] ✅ DONE | RT | 00020/2026 | 75/420 (17.9%) | Falhas: 0
11:52:09 | INFO     | [11:52:09] ✅ DONE | RT | 00021/2023 | 76/420 (18.1%) | Falhas: 0
11:52:09 | INFO     | [11:52:09] ✅ DONE | RT | 00021/2025 | 77/420 (18.3%) | Falhas: 0
11:52:10 | INFO     | [11:52:10] ✅ DONE | RT | 00021/2024 | 78/420 (18.6%) | Falhas: 0
11:52:13 | INFO     | [11:52:13] ✅ DONE | RT | 00021/2026 | 79/420 (18.8%) | Falhas: 0
11:52:13 | INFO     | [11:52:13] ✅ DONE | RT | 00022/2024 | 80/420 (19.0%) | Falhas: 0
11:52:14 | INFO     | [11:52:14] ✅ DONE | RT | 00022/2023 | 81/420 (19.3%) | Falhas: 0
11:52:18 | INFO     | [11:52:18] ✅ DONE | RT | 00022/2026 | 82/420 (19.5%) | Falhas: 0
11:52:18 | INFO     | [11:52:18] ✅ DONE | RT | 00023/2023 | 83/420 (19.8%) | Falhas: 0
11:52:20 | INFO     | [11:52:20] ✅ DONE | RT | 00022/2025 | 84/420 (20.0%) | Falhas: 0
11:52:23 | INFO     | [11:52:23] ✅ DONE | RT | 00023/2025 | 85/420 (20.2%) | Falhas: 0
11:52:23 | INFO     | [11:52:23] ✅ DONE | RT | 00023/2024 | 86/420 (20.5%) | Falhas: 0
11:52:26 | INFO     | [11:52:26] ✅ DONE | RT | 00024/2024 | 87/420 (20.7%) | Falhas: 0
11:52:26 | INFO     | [11:52:26] ✅ DONE | RT | 00023/2026 | 88/420 (21.0%) | Falhas: 0
11:52:27 | INFO     | [11:52:27] ✅ DONE | RT | 00024/2023 | 89/420 (21.2%) | Falhas: 0
11:52:30 | INFO     | [11:52:30] ✅ DONE | RT | 00024/2026 | 90/420 (21.4%) | Falhas: 0
11:52:30 | INFO     | [11:52:30] ✅ DONE | RT | 00025/2023 | 91/420 (21.7%) | Falhas: 0
11:52:33 | INFO     | [11:52:33] ✅ DONE | RT | 00024/2025 | 92/420 (21.9%) | Falhas: 0
11:52:34 | INFO     | [11:52:34] ✅ DONE | RT | 00025/2024 | 93/420 (22.1%) | Falhas: 0
11:52:36 | INFO     | [11:52:36] ✅ DONE | RT | 00025/2025 | 94/420 (22.4%) | Falhas: 0
11:52:36 | INFO     | [11:52:36] ✅ DONE | RT | 00026/2023 | 95/420 (22.6%) | Falhas: 0
11:52:39 | INFO     | [11:52:39] ✅ DONE | RT | 00025/2026 | 96/420 (22.9%) | Falhas: 0
11:52:41 | INFO     | [11:52:41] ✅ DONE | RT | 00026/2025 | 97/420 (23.1%) | Falhas: 0
11:52:41 | INFO     | [11:52:41] ✅ DONE | RT | 00026/2024 | 98/420 (23.3%) | Falhas: 0
11:52:41 | INFO     | [11:52:41] ✅ DONE | RT | 00026/2026 | 99/420 (23.6%) | Falhas: 0
11:52:45 | INFO     | [11:52:45] ✅ DONE | RT | 00027/2024 | 100/420 (23.8%) | Falhas: 0
11:52:46 | INFO     | [11:52:46] ✅ DONE | RT | 00027/2025 | 101/420 (24.0%) | Falhas: 0
11:52:46 | INFO     | [11:52:46] ✅ DONE | RT | 00027/2023 | 102/420 (24.3%) | Falhas: 0
11:52:48 | INFO     | [11:52:48] ✅ DONE | RT | 00028/2024 | 103/420 (24.5%) | Falhas: 0
11:52:48 | INFO     | [11:52:48] ✅ DONE | RT | 00027/2026 | 104/420 (24.8%) | Falhas: 0
11:52:54 | INFO     | [11:52:54] ✅ DONE | RT | 00028/2026 | 105/420 (25.0%) | Falhas: 0
11:52:54 | INFO     | [11:52:54] ✅ DONE | RT | 00028/2023 | 106/420 (25.2%) | Falhas: 0
11:52:54 | INFO     | [11:52:54] ✅ DONE | RT | 00028/2025 | 107/420 (25.5%) | Falhas: 0
11:52:56 | INFO     | [11:52:56] ✅ DONE | RT | 00029/2023 | 108/420 (25.7%) | Falhas: 0
11:52:57 | INFO     | [11:52:57] ✅ DONE | RT | 00029/2024 | 109/420 (26.0%) | Falhas: 0
11:53:00 | INFO     | [11:53:00] ✅ DONE | RT | 00029/2026 | 110/420 (26.2%) | Falhas: 0
11:53:01 | INFO     | [11:53:01] ✅ DONE | RT | 00030/2023 | 111/420 (26.4%) | Falhas: 0
11:53:02 | INFO     | [11:53:02] ✅ DONE | RT | 00029/2025 | 112/420 (26.7%) | Falhas: 0
11:53:04 | INFO     | [11:53:04] ✅ DONE | RT | 00030/2025 | 113/420 (26.9%) | Falhas: 0
11:53:06 | INFO     | [11:53:06] ✅ DONE | RT | 00030/2024 | 114/420 (27.1%) | Falhas: 0
11:53:07 | INFO     | [11:53:07] ✅ DONE | RT | 00030/2026 | 115/420 (27.4%) | Falhas: 0
11:53:08 | INFO     | [11:53:08] ✅ DONE | RT | 00031/2023 | 116/420 (27.6%) | Falhas: 0
11:53:09 | INFO     | [11:53:09] ✅ DONE | RT | 00031/2024 | 117/420 (27.9%) | Falhas: 0
11:53:11 | INFO     | [11:53:11] ✅ DONE | RT | 00031/2026 | 118/420 (28.1%) | Falhas: 0
11:53:11 | INFO     | [11:53:11] ✅ DONE | RT | 00031/2025 | 119/420 (28.3%) | Falhas: 0
11:53:12 | INFO     | [11:53:12] ✅ DONE | RT | 00032/2023 | 120/420 (28.6%) | Falhas: 0
11:53:15 | INFO     | [11:53:15] ✅ DONE | RT | 00032/2025 | 121/420 (28.8%) | Falhas: 0
11:53:17 | INFO     | [11:53:17] ✅ DONE | RT | 00032/2026 | 122/420 (29.0%) | Falhas: 0
11:53:17 | INFO     | [11:53:17] ✅ DONE | RT | 00032/2024 | 123/420 (29.3%) | Falhas: 0
11:53:19 | INFO     | [11:53:19] ✅ DONE | RT | 00033/2024 | 124/420 (29.5%) | Falhas: 0
11:53:19 | INFO     | [11:53:19] ✅ DONE | RT | 00033/2023 | 125/420 (29.8%) | Falhas: 0
11:53:22 | INFO     | [11:53:22] ✅ DONE | RT | 00034/2023 | 126/420 (30.0%) | Falhas: 0
11:53:23 | INFO     | [11:53:23] ✅ DONE | RT | 00033/2025 | 127/420 (30.2%) | Falhas: 0
11:53:26 | INFO     | [11:53:26] ✅ DONE | RT | 00033/2026 | 128/420 (30.5%) | Falhas: 0
11:53:28 | INFO     | [11:53:28] ✅ DONE | RT | 00034/2025 | 129/420 (30.7%) | Falhas: 0
11:53:28 | INFO     | [11:53:28] ✅ DONE | RT | 00034/2024 | 130/420 (31.0%) | Falhas: 0
11:53:30 | INFO     | [11:53:30] ✅ DONE | RT | 00034/2026 | 131/420 (31.2%) | Falhas: 0
11:53:32 | INFO     | [11:53:32] ✅ DONE | RT | 00035/2023 | 132/420 (31.4%) | Falhas: 0
11:53:33 | INFO     | [11:53:33] ✅ DONE | RT | 00035/2024 | 133/420 (31.7%) | Falhas: 0
11:53:34 | INFO     | [11:53:34] ✅ DONE | RT | 00035/2025 | 134/420 (31.9%) | Falhas: 0
11:53:36 | INFO     | [11:53:36] ✅ DONE | RT | 00035/2026 | 135/420 (32.1%) | Falhas: 0
11:53:38 | INFO     | [11:53:38] ✅ DONE | RT | 00036/2024 | 136/420 (32.4%) | Falhas: 0
11:53:40 | INFO     | [11:53:40] ✅ DONE | RT | 00036/2023 | 137/420 (32.6%) | Falhas: 0
11:53:40 | INFO     | [11:53:40] ✅ DONE | RT | 00036/2025 | 138/420 (32.9%) | Falhas: 0
11:53:43 | INFO     | [11:53:43] ✅ DONE | RT | 00037/2023 | 139/420 (33.1%) | Falhas: 0
11:53:43 | INFO     | [11:53:43] ✅ DONE | RT | 00036/2026 | 140/420 (33.3%) | Falhas: 0
11:53:47 | INFO     | [11:53:47] ✅ DONE | RT | 00037/2024 | 141/420 (33.6%) | Falhas: 0
11:53:47 | INFO     | [11:53:47] ✅ DONE | RT | 00037/2025 | 142/420 (33.8%) | Falhas: 0
11:53:47 | INFO     | [11:53:47] ✅ DONE | RT | 00037/2026 | 143/420 (34.0%) | Falhas: 0
11:53:49 | INFO     | [11:53:49] ✅ DONE | RT | 00038/2023 | 144/420 (34.3%) | Falhas: 0
11:53:49 | INFO     | [11:53:49] ✅ DONE | RT | 00038/2024 | 145/420 (34.5%) | Falhas: 0
11:53:52 | INFO     | [11:53:52] ✅ DONE | RT | 00038/2025 | 146/420 (34.8%) | Falhas: 0
11:53:52 | INFO     | [11:53:52] ✅ DONE | RT | 00038/2026 | 147/420 (35.0%) | Falhas: 0
11:53:55 | INFO     | [11:53:55] ✅ DONE | RT | 00039/2023 | 148/420 (35.2%) | Falhas: 0
11:53:55 | INFO     | [11:53:55] ✅ DONE | RT | 00039/2025 | 149/420 (35.5%) | Falhas: 0
11:53:57 | INFO     | [11:53:57] ✅ DONE | RT | 00039/2024 | 150/420 (35.7%) | Falhas: 0
11:53:59 | INFO     | [11:53:59] ✅ DONE | RT | 00039/2026 | 151/420 (36.0%) | Falhas: 0
11:53:59 | INFO     | [11:53:59] ✅ DONE | RT | 00040/2023 | 152/420 (36.2%) | Falhas: 0
11:54:00 | INFO     | [11:54:00] ✅ DONE | RT | 00040/2025 | 153/420 (36.4%) | Falhas: 0
11:54:03 | INFO     | [11:54:03] ✅ DONE | RT | 00040/2026 | 154/420 (36.7%) | Falhas: 0
11:54:04 | INFO     | [11:54:04] ✅ DONE | RT | 00041/2025 | 155/420 (36.9%) | Falhas: 0
11:54:05 | INFO     | [11:54:05] ✅ DONE | RT | 00041/2024 | 156/420 (37.1%) | Falhas: 0
11:54:08 | INFO     | [11:54:08] ✅ DONE | RT | 00042/2024 | 157/420 (37.4%) | Falhas: 0
11:54:09 | INFO     | [11:54:09] ✅ DONE | RT | 00041/2026 | 158/420 (37.6%) | Falhas: 0
11:54:09 | INFO     | [11:54:09] ✅ DONE | RT | 00042/2025 | 159/420 (37.9%) | Falhas: 0
11:54:10 | INFO     | [11:54:10] ✅ DONE | RT | 00042/2026 | 160/420 (38.1%) | Falhas: 0
11:54:13 | INFO     | [11:54:13] ✅ DONE | RT | 00043/2024 | 161/420 (38.3%) | Falhas: 0
11:54:14 | INFO     | [11:54:14] ✅ DONE | RT | 00043/2026 | 162/420 (38.6%) | Falhas: 0
11:54:16 | INFO     | [11:54:16] ✅ DONE | RT | 00043/2025 | 163/420 (38.8%) | Falhas: 0
11:54:17 | INFO     | [11:54:17] ✅ DONE | RT | 00044/2025 | 164/420 (39.0%) | Falhas: 0
11:54:17 | INFO     | [11:54:17] ✅ DONE | RT | 00044/2024 | 165/420 (39.3%) | Falhas: 0
11:54:19 | INFO     | [11:54:19] ✅ DONE | RT | 00044/2026 | 166/420 (39.5%) | Falhas: 0
11:54:21 | INFO     | [11:54:21] ✅ DONE | RT | 00045/2024 | 167/420 (39.8%) | Falhas: 0
11:54:21 | INFO     | [11:54:21] ✅ DONE | RT | 00045/2026 | 168/420 (40.0%) | Falhas: 0
11:54:22 | INFO     | [11:54:22] ✅ DONE | RT | 00045/2025 | 169/420 (40.2%) | Falhas: 0
11:54:24 | INFO     | [11:54:24] ✅ DONE | RT | 00046/2024 | 170/420 (40.5%) | Falhas: 0
11:54:26 | INFO     | [11:54:26] ✅ DONE | RT | 00046/2025 | 171/420 (40.7%) | Falhas: 0
11:54:26 | INFO     | [11:54:26] ✅ DONE | RT | 00046/2026 | 172/420 (41.0%) | Falhas: 0
11:54:28 | INFO     | [11:54:28] ✅ DONE | RT | 00047/2024 | 173/420 (41.2%) | Falhas: 0
11:54:29 | INFO     | [11:54:29] ✅ DONE | RT | 00047/2025 | 174/420 (41.4%) | Falhas: 0
11:54:29 | INFO     | [11:54:29] ✅ DONE | RT | 00047/2026 | 175/420 (41.7%) | Falhas: 0
11:54:32 | INFO     | [11:54:32] ✅ DONE | RT | 00048/2024 | 176/420 (41.9%) | Falhas: 0
11:54:33 | INFO     | [11:54:33] ✅ DONE | RT | 00048/2026 | 177/420 (42.1%) | Falhas: 0
11:54:33 | INFO     | [11:54:33] ✅ DONE | RT | 00048/2025 | 178/420 (42.4%) | Falhas: 0
11:54:34 | INFO     | [11:54:34] ✅ DONE | RT | 00049/2024 | 179/420 (42.6%) | Falhas: 0
11:54:36 | INFO     | [11:54:36] ✅ DONE | RT | 00049/2025 | 180/420 (42.9%) | Falhas: 0
11:54:38 | INFO     | [11:54:38] ✅ DONE | RT | 00049/2026 | 181/420 (43.1%) | Falhas: 0
11:54:40 | INFO     | [11:54:40] ✅ DONE | RT | 00050/2024 | 182/420 (43.3%) | Falhas: 0
11:54:41 | INFO     | [11:54:41] ✅ DONE | RT | 00050/2025 | 183/420 (43.6%) | Falhas: 0
11:54:41 | INFO     | [11:54:41] ✅ DONE | RT | 00050/2026 | 184/420 (43.8%) | Falhas: 0
11:54:43 | INFO     | [11:54:43] ✅ DONE | RT | 00051/2025 | 185/420 (44.0%) | Falhas: 0
11:54:44 | INFO     | [11:54:44] ✅ DONE | RT | 00051/2024 | 186/420 (44.3%) | Falhas: 0
11:54:46 | INFO     | [11:54:46] ✅ DONE | RT | 00052/2024 | 187/420 (44.5%) | Falhas: 0
11:54:47 | INFO     | [11:54:47] ✅ DONE | RT | 00051/2026 | 188/420 (44.8%) | Falhas: 0
11:54:50 | INFO     | [11:54:50] ✅ DONE | RT | 00052/2025 | 189/420 (45.0%) | Falhas: 0
11:54:50 | INFO     | [11:54:50] ✅ DONE | RT | 00053/2024 | 190/420 (45.2%) | Falhas: 0
11:54:51 | INFO     | [11:54:51] ✅ DONE | RT | 00053/2025 | 191/420 (45.5%) | Falhas: 0
11:54:54 | INFO     | [11:54:54] ✅ DONE | RT | 00053/2026 | 192/420 (45.7%) | Falhas: 0
11:54:55 | INFO     | [11:54:55] ✅ DONE | RT | 00054/2025 | 193/420 (46.0%) | Falhas: 0
11:54:56 | INFO     | [11:54:56] ✅ DONE | RT | 00054/2024 | 194/420 (46.2%) | Falhas: 0
11:54:57 | INFO     | [11:54:57] ✅ DONE | RT | 00054/2026 | 195/420 (46.4%) | Falhas: 0
11:54:59 | INFO     | [11:54:59] ✅ DONE | RT | 00055/2025 | 196/420 (46.7%) | Falhas: 0
11:54:59 | INFO     | [11:54:59] ✅ DONE | RT | 00055/2024 | 197/420 (46.9%) | Falhas: 0
11:55:00 | INFO     | [11:55:00] ✅ DONE | RT | 00055/2026 | 198/420 (47.1%) | Falhas: 0
11:55:03 | INFO     | [11:55:03] ✅ DONE | RT | 00056/2024 | 199/420 (47.4%) | Falhas: 0
11:55:03 | INFO     | [11:55:03] ✅ DONE | RT | 00056/2025 | 200/420 (47.6%) | Falhas: 0
11:55:04 | INFO     | [11:55:04] ✅ DONE | RT | 00056/2026 | 201/420 (47.9%) | Falhas: 0
11:55:05 | INFO     | [11:55:05] ✅ DONE | RT | 00057/2024 | 202/420 (48.1%) | Falhas: 0
11:55:06 | INFO     | [11:55:06] ✅ DONE | RT | 00057/2025 | 203/420 (48.3%) | Falhas: 0
11:55:07 | INFO     | [11:55:07] ✅ DONE | RT | 00057/2026 | 204/420 (48.6%) | Falhas: 0
11:55:07 | INFO     | [11:55:07] ✅ DONE | RT | 00058/2025 | 205/420 (48.8%) | Falhas: 0
11:55:08 | INFO     | [11:55:08] ✅ DONE | RT | 00058/2026 | 206/420 (49.0%) | Falhas: 0
11:55:10 | INFO     | [11:55:10] ✅ DONE | RT | 00058/2024 | 207/420 (49.3%) | Falhas: 0
11:55:11 | INFO     | [11:55:11] ✅ DONE | RT | 00059/2024 | 208/420 (49.5%) | Falhas: 0
11:55:12 | INFO     | [11:55:12] ✅ DONE | RT | 00059/2025 | 209/420 (49.8%) | Falhas: 0
11:55:13 | INFO     | [11:55:13] ✅ DONE | RT | 00059/2026 | 210/420 (50.0%) | Falhas: 0
11:55:15 | INFO     | [11:55:15] ✅ DONE | RT | 00060/2024 | 211/420 (50.2%) | Falhas: 0
11:55:16 | INFO     | [11:55:16] ✅ DONE | RT | 00060/2025 | 212/420 (50.5%) | Falhas: 0
11:55:16 | INFO     | [11:55:16] ✅ DONE | RT | 00060/2026 | 213/420 (50.7%) | Falhas: 0
11:55:18 | INFO     | [11:55:18] ✅ DONE | RT | 00061/2024 | 214/420 (51.0%) | Falhas: 0
11:55:18 | INFO     | [11:55:18] ✅ DONE | RT | 00061/2025 | 215/420 (51.2%) | Falhas: 0
11:55:19 | INFO     | [11:55:19] ✅ DONE | RT | 00061/2026 | 216/420 (51.4%) | Falhas: 0
11:55:21 | INFO     | [11:55:21] ✅ DONE | RT | 00062/2025 | 217/420 (51.7%) | Falhas: 0
11:55:22 | INFO     | [11:55:22] ✅ DONE | RT | 00062/2024 | 218/420 (51.9%) | Falhas: 0
11:55:23 | INFO     | [11:55:23] ✅ DONE | RT | 00063/2024 | 219/420 (52.1%) | Falhas: 0
11:55:24 | INFO     | [11:55:24] ✅ DONE | RT | 00062/2026 | 220/420 (52.4%) | Falhas: 0
11:55:26 | INFO     | [11:55:26] ✅ DONE | RT | 00063/2025 | 221/420 (52.6%) | Falhas: 0
11:55:27 | INFO     | [11:55:27] ✅ DONE | RT | 00063/2026 | 222/420 (52.9%) | Falhas: 0
11:55:28 | INFO     | [11:55:28] ✅ DONE | RT | 00064/2024 | 223/420 (53.1%) | Falhas: 0
11:55:31 | INFO     | [11:55:31] ✅ DONE | RT | 00064/2025 | 224/420 (53.3%) | Falhas: 0
11:55:32 | INFO     | [11:55:32] ✅ DONE | RT | 00065/2024 | 225/420 (53.6%) | Falhas: 0
11:55:33 | INFO     | [11:55:33] ✅ DONE | RT | 00064/2026 | 226/420 (53.8%) | Falhas: 0
11:55:35 | INFO     | [11:55:35] ✅ DONE | RT | 00065/2025 | 227/420 (54.0%) | Falhas: 0
11:55:36 | INFO     | [11:55:36] ✅ DONE | RT | 00065/2026 | 228/420 (54.3%) | Falhas: 0
11:55:37 | INFO     | [11:55:37] ✅ DONE | RT | 00066/2024 | 229/420 (54.5%) | Falhas: 0
11:55:39 | INFO     | [11:55:39] ✅ DONE | RT | 00067/2024 | 230/420 (54.8%) | Falhas: 0
11:55:42 | INFO     | [11:55:42] ✅ DONE | RT | 00066/2025 | 231/420 (55.0%) | Falhas: 0
11:55:42 | INFO     | [11:55:42] ✅ DONE | RT | 00068/2024 | 232/420 (55.2%) | Falhas: 0
11:55:42 | INFO     | [11:55:42] ✅ DONE | RT | 00067/2025 | 233/420 (55.5%) | Falhas: 0
11:55:43 | INFO     | [11:55:43] ✅ DONE | RT | 00069/2024 | 234/420 (55.7%) | Falhas: 0
11:55:46 | INFO     | [11:55:46] ✅ DONE | RT | 00069/2025 | 235/420 (56.0%) | Falhas: 0
11:55:47 | INFO     | [11:55:47] ✅ DONE | RT | 00068/2025 | 236/420 (56.2%) | Falhas: 0
11:55:47 | INFO     | [11:55:47] ✅ DONE | RT | 00070/2024 | 237/420 (56.4%) | Falhas: 0
11:55:51 | INFO     | [11:55:51] ✅ DONE | RT | 00070/2025 | 238/420 (56.7%) | Falhas: 0
11:55:52 | INFO     | [11:55:52] ✅ DONE | RT | 00071/2025 | 239/420 (56.9%) | Falhas: 0
11:55:52 | INFO     | [11:55:52] ✅ DONE | RT | 00071/2024 | 240/420 (57.1%) | Falhas: 0
11:55:53 | INFO     | [11:55:53] ✅ DONE | RT | 00072/2024 | 241/420 (57.4%) | Falhas: 0
11:55:56 | INFO     | [11:55:56] ✅ DONE | RT | 00072/2025 | 242/420 (57.6%) | Falhas: 0
11:55:56 | INFO     | [11:55:56] ✅ DONE | RT | 00073/2025 | 243/420 (57.9%) | Falhas: 0
11:55:58 | INFO     | [11:55:58] ✅ DONE | RT | 00073/2024 | 244/420 (58.1%) | Falhas: 0
11:56:01 | INFO     | [11:56:01] ✅ DONE | RT | 00074/2024 | 245/420 (58.3%) | Falhas: 0
11:56:02 | INFO     | [11:56:02] ✅ DONE | RT | 00074/2025 | 246/420 (58.6%) | Falhas: 0
11:56:02 | INFO     | [11:56:02] ✅ DONE | RT | 00075/2024 | 247/420 (58.8%) | Falhas: 0
11:56:05 | INFO     | [11:56:05] ✅ DONE | RT | 00075/2025 | 248/420 (59.0%) | Falhas: 0
11:56:05 | INFO     | [11:56:05] ✅ DONE | RT | 00076/2024 | 249/420 (59.3%) | Falhas: 0
11:56:09 | INFO     | [11:56:09] ✅ DONE | RT | 00076/2025 | 250/420 (59.5%) | Falhas: 0
11:56:09 | INFO     | [11:56:09] ✅ DONE | RT | 00077/2025 | 251/420 (59.8%) | Falhas: 0
11:56:10 | INFO     | [11:56:10] ✅ DONE | RT | 00077/2024 | 252/420 (60.0%) | Falhas: 0
11:56:14 | INFO     | [11:56:14] ✅ DONE | RT | 00079/2024 | 253/420 (60.2%) | Falhas: 0
11:56:14 | INFO     | [11:56:14] ✅ DONE | RT | 00078/2025 | 254/420 (60.5%) | Falhas: 0
11:56:14 | INFO     | [11:56:14] ✅ DONE | RT | 00078/2024 | 255/420 (60.7%) | Falhas: 0
11:56:17 | INFO     | [11:56:17] ✅ DONE | RT | 00080/2024 | 256/420 (61.0%) | Falhas: 0
11:56:17 | INFO     | [11:56:17] ✅ DONE | RT | 00079/2025 | 257/420 (61.2%) | Falhas: 0
11:56:19 | INFO     | [11:56:19] ✅ DONE | RT | 00080/2025 | 258/420 (61.4%) | Falhas: 0
11:56:22 | INFO     | [11:56:22] ✅ DONE | RT | 00081/2025 | 259/420 (61.7%) | Falhas: 0
11:56:22 | INFO     | [11:56:22] ✅ DONE | RT | 00081/2024 | 260/420 (61.9%) | Falhas: 0
11:56:23 | INFO     | [11:56:23] ✅ DONE | RT | 00082/2024 | 261/420 (62.1%) | Falhas: 0
11:56:25 | INFO     | [11:56:25] ✅ DONE | RT | 00083/2024 | 262/420 (62.4%) | Falhas: 0
11:56:27 | INFO     | [11:56:27] ✅ DONE | RT | 00082/2025 | 263/420 (62.6%) | Falhas: 0
11:56:27 | INFO     | [11:56:27] ✅ DONE | RT | 00083/2025 | 264/420 (62.9%) | Falhas: 0
11:56:28 | INFO     | [11:56:28] ✅ DONE | RT | 00084/2024 | 265/420 (63.1%) | Falhas: 0
11:56:30 | INFO     | [11:56:30] ✅ DONE | RT | 00084/2025 | 266/420 (63.3%) | Falhas: 0
11:56:30 | INFO     | [11:56:30] ✅ DONE | RT | 00085/2024 | 267/420 (63.6%) | Falhas: 0
11:56:33 | INFO     | [11:56:33] ✅ DONE | RT | 00086/2024 | 268/420 (63.8%) | Falhas: 0
11:56:33 | INFO     | [11:56:33] ✅ DONE | RT | 00085/2025 | 269/420 (64.0%) | Falhas: 0
11:56:33 | INFO     | [11:56:33] ✅ DONE | RT | 00086/2025 | 270/420 (64.3%) | Falhas: 0
11:56:35 | INFO     | [11:56:35] ✅ DONE | RT | 00087/2025 | 271/420 (64.5%) | Falhas: 0
11:56:35 | INFO     | [11:56:35] ✅ DONE | RT | 00087/2024 | 272/420 (64.8%) | Falhas: 0
11:56:37 | INFO     | [11:56:37] ✅ DONE | RT | 00088/2025 | 273/420 (65.0%) | Falhas: 0
11:56:37 | INFO     | [11:56:37] ✅ DONE | RT | 00088/2024 | 274/420 (65.2%) | Falhas: 0
11:56:38 | INFO     | [11:56:38] ✅ DONE | RT | 00089/2024 | 275/420 (65.5%) | Falhas: 0
11:56:40 | INFO     | [11:56:40] ✅ DONE | RT | 00090/2024 | 276/420 (65.7%) | Falhas: 0
11:56:41 | INFO     | [11:56:41] ✅ DONE | RT | 00090/2025 | 277/420 (66.0%) | Falhas: 0
11:56:42 | INFO     | [11:56:42] ✅ DONE | RT | 00089/2025 | 278/420 (66.2%) | Falhas: 0
11:56:44 | INFO     | [11:56:44] ✅ DONE | RT | 00091/2024 | 279/420 (66.4%) | Falhas: 0
11:56:45 | INFO     | [11:56:45] ✅ DONE | RT | 00091/2025 | 280/420 (66.7%) | Falhas: 0
11:56:45 | INFO     | [11:56:45] ✅ DONE | RT | 00092/2024 | 281/420 (66.9%) | Falhas: 0
11:56:49 | INFO     | [11:56:49] ✅ DONE | RT | 00092/2025 | 282/420 (67.1%) | Falhas: 0
11:56:51 | INFO     | [11:56:51] ✅ DONE | RT | 00093/2024 | 283/420 (67.4%) | Falhas: 0
11:56:51 | INFO     | [11:56:51] ✅ DONE | RT | 00093/2025 | 284/420 (67.6%) | Falhas: 0
11:56:53 | INFO     | [11:56:53] ✅ DONE | RT | 00094/2024 | 285/420 (67.9%) | Falhas: 0
11:56:53 | INFO     | [11:56:53] ✅ DONE | RT | 00094/2025 | 286/420 (68.1%) | Falhas: 0
11:56:53 | INFO     | [11:56:53] ✅ DONE | RT | 00095/2024 | 287/420 (68.3%) | Falhas: 0
11:56:55 | INFO     | [11:56:55] ✅ DONE | RT | 00095/2025 | 288/420 (68.6%) | Falhas: 0
11:56:56 | INFO     | [11:56:56] ✅ DONE | RT | 00096/2025 | 289/420 (68.8%) | Falhas: 0
11:56:58 | INFO     | [11:56:58] ✅ DONE | RT | 00097/2024 | 290/420 (69.0%) | Falhas: 0
11:56:59 | INFO     | [11:56:59] ✅ DONE | RT | 00096/2024 | 291/420 (69.3%) | Falhas: 0
11:57:00 | INFO     | [11:57:00] ✅ DONE | RT | 00098/2024 | 292/420 (69.5%) | Falhas: 0
11:57:02 | INFO     | [11:57:02] ✅ DONE | RT | 00097/2025 | 293/420 (69.8%) | Falhas: 0
11:57:02 | INFO     | [11:57:02] ✅ DONE | RT | 00099/2024 | 294/420 (70.0%) | Falhas: 0
11:57:03 | INFO     | [11:57:03] ✅ DONE | RT | 00098/2025 | 295/420 (70.2%) | Falhas: 0
11:57:04 | INFO     | [11:57:04] ✅ DONE | RT | 00099/2025 | 296/420 (70.5%) | Falhas: 0
11:57:05 | INFO     | [11:57:05] ✅ DONE | RT | 00100/2025 | 297/420 (70.7%) | Falhas: 0
11:57:06 | INFO     | [11:57:06] ✅ DONE | RT | 00100/2024 | 298/420 (71.0%) | Falhas: 0
11:57:08 | INFO     | [11:57:08] ✅ DONE | RT | 00101/2024 | 299/420 (71.2%) | Falhas: 0
11:57:08 | INFO     | [11:57:08] ✅ DONE | RT | 00101/2025 | 300/420 (71.4%) | Falhas: 0
11:57:10 | INFO     | [11:57:10] ✅ DONE | RT | 00102/2024 | 301/420 (71.7%) | Falhas: 0
11:57:11 | INFO     | [11:57:11] ✅ DONE | RT | 00102/2025 | 302/420 (71.9%) | Falhas: 0
11:57:11 | INFO     | [11:57:11] ✅ DONE | RT | 00103/2025 | 303/420 (72.1%) | Falhas: 0
11:57:13 | INFO     | [11:57:13] ✅ DONE | RT | 00105/2025 | 304/420 (72.4%) | Falhas: 0
11:57:14 | INFO     | [11:57:14] ✅ DONE | RT | 00104/2025 | 305/420 (72.6%) | Falhas: 0
11:57:15 | INFO     | [11:57:15] ✅ DONE | RT | 00106/2025 | 306/420 (72.9%) | Falhas: 0
11:57:17 | INFO     | [11:57:17] ✅ DONE | RT | 00107/2025 | 307/420 (73.1%) | Falhas: 0
11:57:18 | INFO     | [11:57:18] ✅ DONE | RT | 00109/2025 | 308/420 (73.3%) | Falhas: 0
11:57:18 | INFO     | [11:57:18] ✅ DONE | RT | 00108/2025 | 309/420 (73.6%) | Falhas: 0
11:57:20 | INFO     | [11:57:20] ✅ DONE | RT | 00110/2025 | 310/420 (73.8%) | Falhas: 0
11:57:20 | INFO     | [11:57:20] ✅ DONE | RT | 00111/2025 | 311/420 (74.0%) | Falhas: 0
11:57:21 | INFO     | [11:57:21] ✅ DONE | RT | 00112/2025 | 312/420 (74.3%) | Falhas: 0
11:57:22 | INFO     | [11:57:22] ✅ DONE | RT | 00113/2025 | 313/420 (74.5%) | Falhas: 0
11:57:23 | INFO     | [11:57:23] ✅ DONE | RT | 00114/2025 | 314/420 (74.8%) | Falhas: 0
11:57:25 | INFO     | [11:57:25] ✅ DONE | RT | 00115/2025 | 315/420 (75.0%) | Falhas: 0
11:57:27 | INFO     | [11:57:27] ✅ DONE | RT | 00116/2025 | 316/420 (75.2%) | Falhas: 0
11:57:27 | INFO     | [11:57:27] ✅ DONE | RT | 00117/2025 | 317/420 (75.5%) | Falhas: 0
11:57:28 | INFO     | [11:57:28] ✅ DONE | RT | 00118/2025 | 318/420 (75.7%) | Falhas: 0
11:57:29 | INFO     | [11:57:29] ✅ DONE | RT | 00119/2025 | 319/420 (76.0%) | Falhas: 0
11:57:30 | INFO     | [11:57:30] ✅ DONE | RT | 00120/2025 | 320/420 (76.2%) | Falhas: 0
11:57:30 | INFO     | [11:57:30] ✅ DONE | RT | 00121/2025 | 321/420 (76.4%) | Falhas: 0
11:57:32 | INFO     | [11:57:32] ✅ DONE | RT | 00122/2025 | 322/420 (76.7%) | Falhas: 0
11:57:32 | INFO     | [11:57:32] ✅ DONE | RT | 00124/2025 | 323/420 (76.9%) | Falhas: 0
11:57:32 | INFO     | [11:57:32] ✅ DONE | RT | 00123/2025 | 324/420 (77.1%) | Falhas: 0
11:57:33 | INFO     | [11:57:33] ✅ DONE | RT | 00125/2025 | 325/420 (77.4%) | Falhas: 0
11:57:34 | INFO     | [11:57:34] ✅ DONE | RT | 00127/2025 | 326/420 (77.6%) | Falhas: 0
11:57:34 | INFO     | [11:57:34] ✅ DONE | RT | 00126/2025 | 327/420 (77.9%) | Falhas: 0
11:57:35 | INFO     | [11:57:35] ✅ DONE | RT | 00128/2025 | 328/420 (78.1%) | Falhas: 0
11:57:36 | INFO     | [11:57:36] ✅ DONE | RT | 00129/2025 | 329/420 (78.3%) | Falhas: 0
11:57:36 | INFO     | [11:57:36] ✅ DONE | RT | 00130/2025 | 330/420 (78.6%) | Falhas: 0
11:57:38 | INFO     | [11:57:38] ✅ DONE | RT | 00132/2025 | 331/420 (78.8%) | Falhas: 0
11:57:38 | INFO     | [11:57:38] ✅ DONE | RT | 00131/2023 | 332/420 (79.0%) | Falhas: 0
11:57:38 | INFO     | [11:57:38] ✅ DONE | RT | 00131/2025 | 333/420 (79.3%) | Falhas: 0
11:57:40 | INFO     | [11:57:40] ✅ DONE | RT | 00133/2025 | 334/420 (79.5%) | Falhas: 0
11:57:41 | INFO     | [11:57:41] ✅ DONE | RT | 00135/2025 | 335/420 (79.8%) | Falhas: 0
11:57:41 | INFO     | [11:57:41] ✅ DONE | RT | 00134/2025 | 336/420 (80.0%) | Falhas: 0
11:57:42 | INFO     | [11:57:42] ✅ DONE | RT | 00136/2025 | 337/420 (80.2%) | Falhas: 0
11:57:42 | INFO     | [11:57:42] ✅ DONE | RT | 00139/2025 | 338/420 (80.5%) | Falhas: 0
11:57:43 | INFO     | [11:57:43] ✅ DONE | RT | 00137/2025 | 339/420 (80.7%) | Falhas: 0
11:57:44 | INFO     | [11:57:44] ✅ DONE | RT | 00141/2025 | 340/420 (81.0%) | Falhas: 0
11:57:44 | INFO     | [11:57:44] ✅ DONE | RT | 00138/2025 | 341/420 (81.2%) | Falhas: 0
11:57:45 | INFO     | [11:57:45] ✅ DONE | RT | 00140/2025 | 342/420 (81.4%) | Falhas: 0
11:57:45 | INFO     | [11:57:45] ✅ DONE | RT | 00142/2025 | 343/420 (81.7%) | Falhas: 0
11:57:47 | INFO     | [11:57:47] ✅ DONE | RT | 00143/2025 | 344/420 (81.9%) | Falhas: 0
11:57:47 | INFO     | [11:57:47] ✅ DONE | RT | 00144/2025 | 345/420 (82.1%) | Falhas: 0
11:57:48 | INFO     | [11:57:48] ✅ DONE | RT | 00146/2025 | 346/420 (82.4%) | Falhas: 0
11:57:48 | INFO     | [11:57:48] ✅ DONE | RT | 00145/2025 | 347/420 (82.6%) | Falhas: 0
11:57:49 | INFO     | [11:57:49] ✅ DONE | RT | 00147/2025 | 348/420 (82.9%) | Falhas: 0
11:57:50 | INFO     | [11:57:50] ✅ DONE | RT | 00149/2025 | 349/420 (83.1%) | Falhas: 0
11:57:50 | INFO     | [11:57:50] ✅ DONE | RT | 00148/2025 | 350/420 (83.3%) | Falhas: 0
11:57:52 | INFO     | [11:57:52] ✅ DONE | RT | 00150/2025 | 351/420 (83.6%) | Falhas: 0
11:57:52 | INFO     | [11:57:52] ✅ DONE | RT | 00152/2025 | 352/420 (83.8%) | Falhas: 0
11:57:52 | INFO     | [11:57:52] ✅ DONE | RT | 00151/2025 | 353/420 (84.0%) | Falhas: 0
11:57:53 | INFO     | [11:57:53] ✅ DONE | RT | 00155/2025 | 354/420 (84.3%) | Falhas: 0
11:57:53 | INFO     | [11:57:53] ✅ DONE | RT | 00156/2025 | 355/420 (84.5%) | Falhas: 0
11:57:54 | INFO     | [11:57:54] ✅ DONE | RT | 00157/2025 | 356/420 (84.8%) | Falhas: 0
11:57:54 | INFO     | [11:57:54] ✅ DONE | RT | 00154/2025 | 357/420 (85.0%) | Falhas: 0
11:57:54 | INFO     | [11:57:54] ✅ DONE | RT | 00158/2025 | 358/420 (85.2%) | Falhas: 0
11:57:54 | INFO     | [11:57:54] ✅ DONE | RT | 00159/2025 | 359/420 (85.5%) | Falhas: 0
11:57:54 | INFO     | [11:57:54] ✅ DONE | RT | 00153/2025 | 360/420 (85.7%) | Falhas: 0
11:57:55 | INFO     | [11:57:55] ✅ DONE | RT | 00161/2025 | 361/420 (86.0%) | Falhas: 0
11:57:55 | INFO     | [11:57:55] ✅ DONE | RT | 00163/2025 | 362/420 (86.2%) | Falhas: 0
11:57:55 | INFO     | [11:57:55] ✅ DONE | RT | 00164/2025 | 363/420 (86.4%) | Falhas: 0
11:57:57 | INFO     | [11:57:57] ✅ DONE | RT | 00160/2025 | 364/420 (86.7%) | Falhas: 0
11:57:58 | INFO     | [11:57:58] ✅ DONE | RT | 00162/2025 | 365/420 (86.9%) | Falhas: 0
11:57:58 | INFO     | [11:57:58] ✅ DONE | RT | 00165/2025 | 366/420 (87.1%) | Falhas: 0
11:57:59 | INFO     | [11:57:59] ✅ DONE | RT | 00166/2025 | 367/420 (87.4%) | Falhas: 0
11:58:00 | INFO     | [11:58:00] ✅ DONE | RT | 00167/2025 | 368/420 (87.6%) | Falhas: 0
11:58:01 | INFO     | [11:58:01] ✅ DONE | RT | 00168/2025 | 369/420 (87.9%) | Falhas: 0
11:58:01 | INFO     | [11:58:01] ✅ DONE | RT | 00171/2025 | 370/420 (88.1%) | Falhas: 0
11:58:02 | INFO     | [11:58:02] ✅ DONE | RT | 00169/2025 | 371/420 (88.3%) | Falhas: 0
11:58:02 | INFO     | [11:58:02] ✅ DONE | RT | 00170/2025 | 372/420 (88.6%) | Falhas: 0
11:58:04 | INFO     | [11:58:04] ✅ DONE | RT | 00173/2025 | 373/420 (88.8%) | Falhas: 0
11:58:05 | INFO     | [11:58:05] ✅ DONE | RT | 00174/2025 | 374/420 (89.0%) | Falhas: 0
11:58:05 | INFO     | [11:58:05] ✅ DONE | RT | 00172/2025 | 375/420 (89.3%) | Falhas: 0
11:58:06 | INFO     | [11:58:06] ✅ DONE | RT | 00175/2025 | 376/420 (89.5%) | Falhas: 0
11:58:07 | INFO     | [11:58:07] ✅ DONE | RT | 00177/2025 | 377/420 (89.8%) | Falhas: 0
11:58:08 | INFO     | [11:58:08] ✅ DONE | RT | 00176/2025 | 378/420 (90.0%) | Falhas: 0
11:58:08 | INFO     | [11:58:08] ✅ DONE | RT | 00178/2025 | 379/420 (90.2%) | Falhas: 0
11:58:09 | INFO     | [11:58:09] ✅ DONE | RT | 00181/2025 | 380/420 (90.5%) | Falhas: 0
11:58:10 | INFO     | [11:58:10] ✅ DONE | RT | 00180/2025 | 381/420 (90.7%) | Falhas: 0
11:58:11 | INFO     | [11:58:11] ✅ DONE | RT | 00183/2025 | 382/420 (91.0%) | Falhas: 0
11:58:11 | INFO     | [11:58:11] ✅ DONE | RT | 00179/2025 | 383/420 (91.2%) | Falhas: 0
11:58:11 | INFO     | [11:58:11] ✅ DONE | RT | 00182/2025 | 384/420 (91.4%) | Falhas: 0
11:58:11 | INFO     | [11:58:11] ✅ DONE | RT | 00184/2025 | 385/420 (91.7%) | Falhas: 0
11:58:13 | INFO     | [11:58:13] ✅ DONE | RT | 00188/2025 | 386/420 (91.9%) | Falhas: 0
11:58:14 | INFO     | [11:58:14] ✅ DONE | RT | 00187/2025 | 387/420 (92.1%) | Falhas: 0
11:58:14 | INFO     | [11:58:14] ✅ DONE | RT | 00186/2025 | 388/420 (92.4%) | Falhas: 0
11:58:15 | INFO     | [11:58:15] ✅ DONE | RT | 00189/2025 | 389/420 (92.6%) | Falhas: 0
11:58:15 | INFO     | [11:58:15] ✅ DONE | RT | 00190/2025 | 390/420 (92.9%) | Falhas: 0
11:58:16 | INFO     | [11:58:16] ✅ DONE | RT | 00193/2025 | 391/420 (93.1%) | Falhas: 0
11:58:17 | INFO     | [11:58:17] ✅ DONE | RT | 00192/2025 | 392/420 (93.3%) | Falhas: 0
11:58:17 | INFO     | [11:58:17] ✅ DONE | RT | 00191/2025 | 393/420 (93.6%) | Falhas: 0
11:58:18 | INFO     | [11:58:18] ✅ DONE | RT | 00194/2025 | 394/420 (93.8%) | Falhas: 0
11:58:19 | INFO     | [11:58:19] ✅ DONE | RT | 00197/2025 | 395/420 (94.0%) | Falhas: 0
11:58:21 | INFO     | [11:58:21] ✅ DONE | RT | 00199/2025 | 396/420 (94.3%) | Falhas: 0
11:58:21 | INFO     | [11:58:21] ✅ DONE | RT | 00196/2025 | 397/420 (94.5%) | Falhas: 0
11:58:21 | INFO     | [11:58:21] ✅ DONE | RT | 00195/2025 | 398/420 (94.8%) | Falhas: 0
11:58:22 | INFO     | [11:58:22] ✅ DONE | RT | 00200/2025 | 399/420 (95.0%) | Falhas: 0
11:58:24 | INFO     | [11:58:24] ✅ DONE | RT | 00201/2025 | 400/420 (95.2%) | Falhas: 0
11:58:24 | INFO     | [11:58:24] ✅ DONE | RT | 00202/2025 | 401/420 (95.5%) | Falhas: 0
11:58:24 | INFO     | [11:58:24] ✅ DONE | RT | 00203/2025 | 402/420 (95.7%) | Falhas: 0
11:58:24 | INFO     | [11:58:24] ✅ DONE | RT | 00205/2025 | 403/420 (96.0%) | Falhas: 0
11:58:25 | INFO     | [11:58:25] ✅ DONE | RT | 00206/2025 | 404/420 (96.2%) | Falhas: 0
11:58:25 | INFO     | [11:58:25] ✅ DONE | RT | 00207/2025 | 405/420 (96.4%) | Falhas: 0
11:58:25 | INFO     | [11:58:25] ✅ DONE | RT | 00208/2025 | 406/420 (96.7%) | Falhas: 0
11:58:25 | INFO     | [11:58:25] ✅ DONE | RT | 00209/2025 | 407/420 (96.9%) | Falhas: 0
11:58:25 | INFO     | [11:58:25] ✅ DONE | RT | 00204/2025 | 408/420 (97.1%) | Falhas: 0
11:58:25 | INFO     | [11:58:25] ✅ DONE | RT | 00210/2025 | 409/420 (97.4%) | Falhas: 0
11:58:26 | INFO     | [11:58:26] ✅ DONE | RT | 00213/2025 | 410/420 (97.6%) | Falhas: 0
11:58:27 | INFO     | [11:58:27] ✅ DONE | RT | 00211/2025 | 411/420 (97.9%) | Falhas: 0
11:58:27 | INFO     | [11:58:27] ✅ DONE | RT | 00212/2025 | 412/420 (98.1%) | Falhas: 0
11:58:27 | INFO     | [11:58:27] ✅ DONE | RT | 00215/2025 | 413/420 (98.3%) | Falhas: 0
11:58:28 | INFO     | [11:58:28] ✅ DONE | RT | 00214/2025 | 414/420 (98.6%) | Falhas: 0
11:58:29 | INFO     | [11:58:29] ✅ DONE | RT | 00263/2025 | 415/420 (98.8%) | Falhas: 0
11:58:29 | INFO     | [11:58:29] ✅ DONE | RT | 00821/2024 | 416/420 (99.0%) | Falhas: 0
11:58:29 | INFO     | [11:58:29] ✅ DONE | RT | 90014/2024 | 417/420 (99.3%) | Falhas: 0
11:58:31 | INFO     | [11:58:31] ✅ DONE | RT | 90204/2025 | 418/420 (99.5%) | Falhas: 0
11:58:31 | INFO     | [11:58:31] ✅ DONE | RT | 91400/2024 | 419/420 (99.8%) | Falhas: 0
11:58:32 | INFO     | [11:58:32] ✅ DONE | RT | 99263/2025 | 420/420 (100.0%) | Falhas: 0
11:58:32 | INFO     | ✅ FIM | Falhas: 0 | SKIPs: 0
11:58:32 | INFO     | ============================================================
11:58:32 | INFO     | 📤 GERANDO atas_saldos.csv...
11:58:32 | INFO     | 📂 420 arquivo(s) de saldos encontrado(s). Processando...
11:58:34 | INFO     | ✅ CSV gerado: data\atas_saldos.csv
11:58:34 | INFO     | Registros        : 2165
11:58:34 | INFO     | Participantes    : 1918
11:58:34 | INFO     | Não participantes: 141
11:58:34 | INFO     | Colunas          : 12
11:58:34 | INFO     | ============================================================
11:58:34 | INFO     | 🏢 INICIANDO EXTRAÇÃO DE UNIDADES PARTICIPANTES
11:58:52 | INFO     | UASG        : RT (158132)
11:58:52 | INFO     | A extrair   : 0
11:58:52 | INFO     | ⏭️  Tudo em cache. Nada a extrair.
11:58:52 | INFO     | ============================================================
11:58:52 | INFO     | 📤 GERANDO atas_unidades.csv...
11:58:52 | INFO     | 📂 2961 arquivo(s) de unidades encontrado(s). Processando...
11:58:53 | INFO     | ✅ CSV gerado: data\atas_unidades.csv
11:58:53 | INFO     | Registros        : 9567
11:58:53 | INFO     | Participantes    : 6621
11:58:53 | INFO     | Não participantes: 2946
11:58:53 | INFO     | Aceita adesão    : 3735
11:58:53 | INFO     | Colunas          : 27
11:58:53 | INFO     | ============================================================
11:58:53 | INFO     | 📄 INICIANDO EXTRAÇÃO DE CONTRATOS
11:58:53 | INFO     | UASGs       : 11
11:58:53 | INFO     | Validade    : 1 dia(s)
11:58:53 | INFO     | 🚀 INICIANDO EXTRAÇÃO DE CONTRATOS | WORKERS: 5 | TOTAL: 11
11:58:56 | INFO     | [11:58:56] ✅ DONE | AQ | 62 contratos | 1/11 (9.1%) | Falhas: 0
11:58:57 | INFO     | [11:58:57] ✅ DONE | CX | 115 contratos | 2/11 (18.2%) | Falhas: 0
11:58:58 | INFO     | [11:58:58] ✅ DONE | CG | 139 contratos | 3/11 (27.3%) | Falhas: 0
11:58:58 | INFO     | [11:58:58] ✅ DONE | CB | 148 contratos | 4/11 (36.4%) | Falhas: 0
11:58:59 | INFO     | [11:58:59] ✅ DONE | DR | 76 contratos | 5/11 (45.5%) | Falhas: 0
11:59:01 | INFO     | [11:59:01] ✅ DONE | JD | 102 contratos | 6/11 (54.5%) | Falhas: 0
11:59:02 | INFO     | [11:59:02] ✅ DONE | NV | 95 contratos | 7/11 (63.6%) | Falhas: 0
11:59:03 | INFO     | [11:59:03] ✅ DONE | PP | 102 contratos | 8/11 (72.7%) | Falhas: 0
11:59:04 | INFO     | [11:59:04] ✅ DONE | NA | 120 contratos | 9/11 (81.8%) | Falhas: 0
11:59:08 | INFO     | [11:59:08] ✅ DONE | TL | 171 contratos | 10/11 (90.9%) | Falhas: 0
11:59:14 | INFO     | [11:59:14] ✅ DONE | RT | 556 contratos | 11/11 (100.0%) | Falhas: 0
11:59:14 | INFO     | ✅ FIM | Falhas: 0 | SKIPs: 0
11:59:14 | INFO     | ============================================================
11:59:14 | INFO     | 📤 GERANDO contratos.csv...
11:59:14 | INFO     | 📂 11 arquivo(s) de contratos encontrado(s). Processando...
11:59:14 | INFO     | ✅ CSV gerado: data\contratos.csv
11:59:14 | INFO     | Contratos    : 1686
11:59:14 | INFO     | Prorrogáveis : 431
11:59:14 | INFO     | Colunas      : 21
11:59:14 | INFO     | ============================================================
11:59:14 | INFO     | 👥 INICIANDO EXTRAÇÃO DE RESPONSÁVEIS DOS CONTRATOS
11:59:14 | INFO     | Contratos na fila : 1686
11:59:14 | INFO     | Validade cache    : 1 dia(s)
11:59:14 | INFO     | 🚀 INICIANDO EXTRAÇÃO DE RESPONSÁVEIS | WORKERS: 15 | TOTAL: 1686
11:59:15 | INFO     | [11:59:15] ✅ DONE | 77092 | 0 responsáveis | 1/1686 (0.1%) | Falhas: 0
11:59:15 | INFO     | [11:59:15] ✅ DONE | 71643 | 0 responsáveis | 2/1686 (0.1%) | Falhas: 0
11:59:15 | INFO     | [11:59:15] ✅ DONE | 126729 | 0 responsáveis | 3/1686 (0.2%) | Falhas: 0
11:59:15 | INFO     | [11:59:15] ✅ DONE | 14606 | 0 responsáveis | 4/1686 (0.2%) | Falhas: 0
11:59:15 | INFO     | [11:59:15] ✅ DONE | 127408 | 0 responsáveis | 5/1686 (0.3%) | Falhas: 0
11:59:15 | INFO     | [11:59:15] ✅ DONE | 29922 | 0 responsáveis | 6/1686 (0.4%) | Falhas: 0
11:59:15 | INFO     | [11:59:15] ✅ DONE | 127108 | 0 responsáveis | 7/1686 (0.4%) | Falhas: 0
11:59:15 | INFO     | [11:59:15] ✅ DONE | 127095 | 0 responsáveis | 8/1686 (0.5%) | Falhas: 0
11:59:15 | INFO     | [11:59:15] ✅ DONE | 43651 | 0 responsáveis | 9/1686 (0.5%) | Falhas: 0
11:59:15 | INFO     | [11:59:15] ✅ DONE | 156982 | 0 responsáveis | 10/1686 (0.6%) | Falhas: 0
11:59:15 | INFO     | [11:59:15] ✅ DONE | 20509 | 0 responsáveis | 11/1686 (0.7%) | Falhas: 0
11:59:15 | INFO     | [11:59:15] ✅ DONE | 156980 | 0 responsáveis | 12/1686 (0.7%) | Falhas: 0
11:59:15 | INFO     | [11:59:15] ✅ DONE | 127116 | 0 responsáveis | 13/1686 (0.8%) | Falhas: 0
11:59:16 | INFO     | [11:59:16] ✅ DONE | 152269 | 0 responsáveis | 14/1686 (0.8%) | Falhas: 0
11:59:16 | INFO     | [11:59:16] ✅ DONE | 58629 | 0 responsáveis | 15/1686 (0.9%) | Falhas: 0
11:59:16 | INFO     | [11:59:16] ✅ DONE | 169790 | 0 responsáveis | 16/1686 (0.9%) | Falhas: 0
11:59:16 | INFO     | [11:59:16] ✅ DONE | 164836 | 0 responsáveis | 17/1686 (1.0%) | Falhas: 0
11:59:16 | INFO     | [11:59:16] ✅ DONE | 253616 | 4 responsáveis | 18/1686 (1.1%) | Falhas: 0
11:59:16 | INFO     | [11:59:16] ✅ DONE | 191044 | 4 responsáveis | 19/1686 (1.1%) | Falhas: 0
11:59:16 | INFO     | [11:59:16] ✅ DONE | 206596 | 2 responsáveis | 20/1686 (1.2%) | Falhas: 0
11:59:16 | INFO     | [11:59:16] ✅ DONE | 253880 | 0 responsáveis | 21/1686 (1.2%) | Falhas: 0
11:59:16 | INFO     | [11:59:16] ✅ DONE | 258517 | 2 responsáveis | 22/1686 (1.3%) | Falhas: 0
11:59:16 | INFO     | [11:59:16] ✅ DONE | 290337 | 4 responsáveis | 23/1686 (1.4%) | Falhas: 0
11:59:17 | INFO     | [11:59:17] ✅ DONE | 291371 | 4 responsáveis | 24/1686 (1.4%) | Falhas: 0
11:59:17 | INFO     | [11:59:17] ✅ DONE | 313459 | 0 responsáveis | 25/1686 (1.5%) | Falhas: 0
11:59:17 | INFO     | [11:59:17] ✅ DONE | 311869 | 0 responsáveis | 26/1686 (1.5%) | Falhas: 0
11:59:17 | INFO     | [11:59:17] ✅ DONE | 253917 | 4 responsáveis | 27/1686 (1.6%) | Falhas: 0
11:59:17 | INFO     | [11:59:17] ✅ DONE | 327666 | 4 responsáveis | 28/1686 (1.7%) | Falhas: 0
11:59:17 | INFO     | [11:59:17] ✅ DONE | 289070 | 4 responsáveis | 29/1686 (1.7%) | Falhas: 0
11:59:17 | INFO     | [11:59:17] ✅ DONE | 323053 | 3 responsáveis | 30/1686 (1.8%) | Falhas: 0
11:59:17 | INFO     | [11:59:17] ✅ DONE | 329160 | 4 responsáveis | 31/1686 (1.8%) | Falhas: 0
11:59:17 | INFO     | [11:59:17] ✅ DONE | 417621 | 0 responsáveis | 32/1686 (1.9%) | Falhas: 0
11:59:17 | INFO     | [11:59:17] ✅ DONE | 421834 | 0 responsáveis | 33/1686 (2.0%) | Falhas: 0
11:59:17 | INFO     | [11:59:17] ✅ DONE | 431495 | 0 responsáveis | 34/1686 (2.0%) | Falhas: 0
11:59:17 | INFO     | [11:59:17] ✅ DONE | 419213 | 4 responsáveis | 35/1686 (2.1%) | Falhas: 0
11:59:17 | INFO     | [11:59:17] ✅ DONE | 442481 | 0 responsáveis | 36/1686 (2.1%) | Falhas: 0
11:59:18 | INFO     | [11:59:18] ✅ DONE | 445036 | 0 responsáveis | 37/1686 (2.2%) | Falhas: 0
11:59:18 | INFO     | [11:59:18] ✅ DONE | 453929 | 0 responsáveis | 38/1686 (2.3%) | Falhas: 0
11:59:18 | INFO     | [11:59:18] ✅ DONE | 464554 | 0 responsáveis | 39/1686 (2.3%) | Falhas: 0
11:59:18 | INFO     | [11:59:18] ✅ DONE | 454253 | 0 responsáveis | 40/1686 (2.4%) | Falhas: 0
11:59:18 | INFO     | [11:59:18] ✅ DONE | 454046 | 0 responsáveis | 41/1686 (2.4%) | Falhas: 0
11:59:18 | INFO     | [11:59:18] ✅ DONE | 454044 | 0 responsáveis | 42/1686 (2.5%) | Falhas: 0
11:59:18 | INFO     | [11:59:18] ✅ DONE | 509688 | 5 responsáveis | 43/1686 (2.6%) | Falhas: 0
11:59:18 | INFO     | [11:59:18] ✅ DONE | 508197 | 0 responsáveis | 44/1686 (2.6%) | Falhas: 0
11:59:18 | INFO     | [11:59:18] ✅ DONE | 466311 | 0 responsáveis | 45/1686 (2.7%) | Falhas: 0
11:59:18 | INFO     | [11:59:18] ✅ DONE | 520280 | 0 responsáveis | 46/1686 (2.7%) | Falhas: 0
11:59:18 | INFO     | [11:59:18] ✅ DONE | 520135 | 0 responsáveis | 47/1686 (2.8%) | Falhas: 0
11:59:18 | INFO     | [11:59:18] ✅ DONE | 510167 | 0 responsáveis | 48/1686 (2.8%) | Falhas: 0
11:59:18 | INFO     | [11:59:18] ✅ DONE | 537343 | 0 responsáveis | 49/1686 (2.9%) | Falhas: 0
11:59:19 | INFO     | [11:59:19] ✅ DONE | 526360 | 0 responsáveis | 50/1686 (3.0%) | Falhas: 0
11:59:19 | INFO     | [11:59:19] ✅ DONE | 541845 | 3 responsáveis | 51/1686 (3.0%) | Falhas: 0
11:59:19 | INFO     | [11:59:19] ✅ DONE | 567900 | 0 responsáveis | 52/1686 (3.1%) | Falhas: 0
11:59:19 | INFO     | [11:59:19] ✅ DONE | 628974 | 1 responsáveis | 53/1686 (3.1%) | Falhas: 0
11:59:19 | INFO     | [11:59:19] ✅ DONE | 580560 | 0 responsáveis | 54/1686 (3.2%) | Falhas: 0
11:59:19 | INFO     | [11:59:19] ✅ DONE | 588057 | 0 responsáveis | 55/1686 (3.3%) | Falhas: 0
11:59:19 | INFO     | [11:59:19] ✅ DONE | 649772 | 5 responsáveis | 56/1686 (3.3%) | Falhas: 0
11:59:19 | INFO     | [11:59:19] ✅ DONE | 747906 | 0 responsáveis | 57/1686 (3.4%) | Falhas: 0
11:59:19 | INFO     | [11:59:19] ✅ DONE | 769728 | 0 responsáveis | 58/1686 (3.4%) | Falhas: 0
11:59:19 | INFO     | [11:59:19] ✅ DONE | 706194 | 1 responsáveis | 59/1686 (3.5%) | Falhas: 0
11:59:19 | INFO     | [11:59:19] ✅ DONE | 761292 | 0 responsáveis | 60/1686 (3.6%) | Falhas: 0
11:59:19 | INFO     | [11:59:19] ✅ DONE | 872300 | 0 responsáveis | 61/1686 (3.6%) | Falhas: 0
11:59:19 | INFO     | [11:59:19] ✅ DONE | 948646 | 0 responsáveis | 62/1686 (3.7%) | Falhas: 0
11:59:19 | INFO     | [11:59:19] ✅ DONE | 10344 | 0 responsáveis | 63/1686 (3.7%) | Falhas: 0
11:59:19 | INFO     | [11:59:19] ✅ DONE | 21146 | 0 responsáveis | 64/1686 (3.8%) | Falhas: 0
11:59:20 | INFO     | [11:59:20] ✅ DONE | 21256 | 0 responsáveis | 65/1686 (3.9%) | Falhas: 0
11:59:20 | INFO     | [11:59:20] ✅ DONE | 29920 | 0 responsáveis | 66/1686 (3.9%) | Falhas: 0
11:59:20 | INFO     | [11:59:20] ✅ DONE | 42806 | 0 responsáveis | 67/1686 (4.0%) | Falhas: 0
11:59:20 | INFO     | [11:59:20] ✅ DONE | 42742 | 0 responsáveis | 68/1686 (4.0%) | Falhas: 0
11:59:20 | INFO     | [11:59:20] ✅ DONE | 91810 | 0 responsáveis | 69/1686 (4.1%) | Falhas: 0
11:59:20 | INFO     | [11:59:20] ✅ DONE | 43650 | 0 responsáveis | 70/1686 (4.2%) | Falhas: 0
11:59:20 | INFO     | [11:59:20] ✅ DONE | 91170 | 0 responsáveis | 71/1686 (4.2%) | Falhas: 0
11:59:20 | INFO     | [11:59:20] ✅ DONE | 133253 | 0 responsáveis | 72/1686 (4.3%) | Falhas: 0
11:59:20 | INFO     | [11:59:20] ✅ DONE | 148652 | 0 responsáveis | 73/1686 (4.3%) | Falhas: 0
11:59:20 | INFO     | [11:59:20] ✅ DONE | 140347 | 3 responsáveis | 74/1686 (4.4%) | Falhas: 0
11:59:20 | INFO     | [11:59:20] ✅ DONE | 134936 | 4 responsáveis | 75/1686 (4.4%) | Falhas: 0
11:59:20 | INFO     | [11:59:20] ✅ DONE | 160015 | 0 responsáveis | 76/1686 (4.5%) | Falhas: 0
11:59:20 | INFO     | [11:59:20] ✅ DONE | 164491 | 0 responsáveis | 77/1686 (4.6%) | Falhas: 0
11:59:20 | INFO     | [11:59:20] ✅ DONE | 164479 | 0 responsáveis | 78/1686 (4.6%) | Falhas: 0
11:59:20 | INFO     | [11:59:20] ✅ DONE | 164482 | 0 responsáveis | 79/1686 (4.7%) | Falhas: 0
11:59:20 | INFO     | [11:59:20] ✅ DONE | 164493 | 0 responsáveis | 80/1686 (4.7%) | Falhas: 0
11:59:21 | INFO     | [11:59:21] ✅ DONE | 164503 | 0 responsáveis | 81/1686 (4.8%) | Falhas: 0
11:59:21 | INFO     | [11:59:21] ✅ DONE | 164506 | 0 responsáveis | 82/1686 (4.9%) | Falhas: 0
11:59:21 | INFO     | [11:59:21] ✅ DONE | 164510 | 0 responsáveis | 83/1686 (4.9%) | Falhas: 0
11:59:21 | INFO     | [11:59:21] ✅ DONE | 173783 | 0 responsáveis | 84/1686 (5.0%) | Falhas: 0
11:59:21 | INFO     | [11:59:21] ✅ DONE | 179106 | 0 responsáveis | 85/1686 (5.0%) | Falhas: 0
11:59:21 | INFO     | [11:59:21] ✅ DONE | 179107 | 0 responsáveis | 86/1686 (5.1%) | Falhas: 0
11:59:21 | INFO     | [11:59:21] ✅ DONE | 179112 | 0 responsáveis | 87/1686 (5.2%) | Falhas: 0
11:59:21 | INFO     | [11:59:21] ✅ DONE | 301195 | 4 responsáveis | 88/1686 (5.2%) | Falhas: 0
11:59:21 | INFO     | [11:59:21] ✅ DONE | 297126 | 4 responsáveis | 89/1686 (5.3%) | Falhas: 0
11:59:21 | INFO     | [11:59:21] ✅ DONE | 223018 | 4 responsáveis | 90/1686 (5.3%) | Falhas: 0
11:59:21 | INFO     | [11:59:21] ✅ DONE | 337387 | 3 responsáveis | 91/1686 (5.4%) | Falhas: 0
11:59:21 | INFO     | [11:59:21] ✅ DONE | 341560 | 3 responsáveis | 92/1686 (5.5%) | Falhas: 0
11:59:21 | INFO     | [11:59:21] ✅ DONE | 337421 | 0 responsáveis | 93/1686 (5.5%) | Falhas: 0
11:59:21 | INFO     | [11:59:21] ✅ DONE | 357420 | 6 responsáveis | 94/1686 (5.6%) | Falhas: 0
11:59:21 | INFO     | [11:59:21] ✅ DONE | 359090 | 2 responsáveis | 95/1686 (5.6%) | Falhas: 0
11:59:21 | INFO     | [11:59:21] ✅ DONE | 364294 | 2 responsáveis | 96/1686 (5.7%) | Falhas: 0
11:59:21 | INFO     | [11:59:21] ✅ DONE | 394751 | 2 responsáveis | 97/1686 (5.8%) | Falhas: 0
11:59:22 | INFO     | [11:59:22] ✅ DONE | 402414 | 0 responsáveis | 98/1686 (5.8%) | Falhas: 0
11:59:22 | INFO     | [11:59:22] ✅ DONE | 408398 | 0 responsáveis | 99/1686 (5.9%) | Falhas: 0
11:59:22 | INFO     | [11:59:22] ✅ DONE | 408219 | 0 responsáveis | 100/1686 (5.9%) | Falhas: 0
11:59:22 | INFO     | [11:59:22] ✅ DONE | 408401 | 0 responsáveis | 101/1686 (6.0%) | Falhas: 0
11:59:22 | INFO     | [11:59:22] ✅ DONE | 408400 | 0 responsáveis | 102/1686 (6.0%) | Falhas: 0
11:59:22 | INFO     | [11:59:22] ✅ DONE | 412212 | 2 responsáveis | 103/1686 (6.1%) | Falhas: 0
11:59:22 | INFO     | [11:59:22] ✅ DONE | 408399 | 0 responsáveis | 104/1686 (6.2%) | Falhas: 0
11:59:22 | INFO     | [11:59:22] ✅ DONE | 408402 | 0 responsáveis | 105/1686 (6.2%) | Falhas: 0
11:59:22 | INFO     | [11:59:22] ✅ DONE | 414342 | 0 responsáveis | 106/1686 (6.3%) | Falhas: 0
11:59:22 | INFO     | [11:59:22] ✅ DONE | 412297 | 0 responsáveis | 107/1686 (6.3%) | Falhas: 0
11:59:22 | INFO     | [11:59:22] ✅ DONE | 414343 | 0 responsáveis | 108/1686 (6.4%) | Falhas: 0
11:59:22 | INFO     | [11:59:22] ✅ DONE | 414345 | 0 responsáveis | 109/1686 (6.5%) | Falhas: 0
11:59:22 | INFO     | [11:59:22] ✅ DONE | 414351 | 0 responsáveis | 110/1686 (6.5%) | Falhas: 0
11:59:22 | INFO     | [11:59:22] ✅ DONE | 414349 | 0 responsáveis | 111/1686 (6.6%) | Falhas: 0
11:59:22 | INFO     | [11:59:22] ✅ DONE | 414344 | 0 responsáveis | 112/1686 (6.6%) | Falhas: 0
11:59:22 | INFO     | [11:59:22] ✅ DONE | 414350 | 0 responsáveis | 113/1686 (6.7%) | Falhas: 0
11:59:23 | INFO     | [11:59:23] ✅ DONE | 414352 | 0 responsáveis | 114/1686 (6.8%) | Falhas: 0
11:59:23 | INFO     | [11:59:23] ✅ DONE | 414355 | 0 responsáveis | 115/1686 (6.8%) | Falhas: 0
11:59:23 | INFO     | [11:59:23] ✅ DONE | 414353 | 0 responsáveis | 116/1686 (6.9%) | Falhas: 0
11:59:23 | INFO     | [11:59:23] ✅ DONE | 414357 | 0 responsáveis | 117/1686 (6.9%) | Falhas: 0
11:59:23 | INFO     | [11:59:23] ✅ DONE | 414354 | 0 responsáveis | 118/1686 (7.0%) | Falhas: 0
11:59:23 | INFO     | [11:59:23] ✅ DONE | 414356 | 0 responsáveis | 119/1686 (7.1%) | Falhas: 0
11:59:23 | INFO     | [11:59:23] ✅ DONE | 414364 | 0 responsáveis | 120/1686 (7.1%) | Falhas: 0
11:59:23 | INFO     | [11:59:23] ✅ DONE | 414362 | 0 responsáveis | 121/1686 (7.2%) | Falhas: 0
11:59:23 | INFO     | [11:59:23] ✅ DONE | 414363 | 0 responsáveis | 122/1686 (7.2%) | Falhas: 0
11:59:23 | INFO     | [11:59:23] ✅ DONE | 414365 | 0 responsáveis | 123/1686 (7.3%) | Falhas: 0
11:59:23 | INFO     | [11:59:23] ✅ DONE | 414366 | 0 responsáveis | 124/1686 (7.4%) | Falhas: 0
11:59:23 | INFO     | [11:59:23] ✅ DONE | 414367 | 0 responsáveis | 125/1686 (7.4%) | Falhas: 0
11:59:23 | INFO     | [11:59:23] ✅ DONE | 414368 | 0 responsáveis | 126/1686 (7.5%) | Falhas: 0
11:59:23 | INFO     | [11:59:23] ✅ DONE | 414369 | 0 responsáveis | 127/1686 (7.5%) | Falhas: 0
11:59:23 | INFO     | [11:59:23] ✅ DONE | 414370 | 0 responsáveis | 128/1686 (7.6%) | Falhas: 0
11:59:23 | INFO     | [11:59:23] ✅ DONE | 414371 | 0 responsáveis | 129/1686 (7.7%) | Falhas: 0
11:59:24 | INFO     | [11:59:24] ✅ DONE | 414377 | 0 responsáveis | 130/1686 (7.7%) | Falhas: 0
11:59:24 | INFO     | [11:59:24] ✅ DONE | 414379 | 0 responsáveis | 131/1686 (7.8%) | Falhas: 0
11:59:24 | INFO     | [11:59:24] ✅ DONE | 414378 | 0 responsáveis | 132/1686 (7.8%) | Falhas: 0
11:59:24 | INFO     | [11:59:24] ✅ DONE | 414380 | 0 responsáveis | 133/1686 (7.9%) | Falhas: 0
11:59:24 | INFO     | [11:59:24] ✅ DONE | 414381 | 0 responsáveis | 134/1686 (7.9%) | Falhas: 0
11:59:24 | INFO     | [11:59:24] ✅ DONE | 414382 | 0 responsáveis | 135/1686 (8.0%) | Falhas: 0
11:59:24 | INFO     | [11:59:24] ✅ DONE | 414383 | 0 responsáveis | 136/1686 (8.1%) | Falhas: 0
11:59:24 | INFO     | [11:59:24] ✅ DONE | 414386 | 0 responsáveis | 137/1686 (8.1%) | Falhas: 0
11:59:24 | INFO     | [11:59:24] ✅ DONE | 414385 | 0 responsáveis | 138/1686 (8.2%) | Falhas: 0
11:59:24 | INFO     | [11:59:24] ✅ DONE | 414387 | 0 responsáveis | 139/1686 (8.2%) | Falhas: 0
11:59:24 | INFO     | [11:59:24] ✅ DONE | 414384 | 0 responsáveis | 140/1686 (8.3%) | Falhas: 0
11:59:24 | INFO     | [11:59:24] ✅ DONE | 414388 | 0 responsáveis | 141/1686 (8.4%) | Falhas: 0
11:59:24 | INFO     | [11:59:24] ✅ DONE | 414389 | 0 responsáveis | 142/1686 (8.4%) | Falhas: 0
11:59:24 | INFO     | [11:59:24] ✅ DONE | 414390 | 0 responsáveis | 143/1686 (8.5%) | Falhas: 0
11:59:24 | INFO     | [11:59:24] ✅ DONE | 414391 | 0 responsáveis | 144/1686 (8.5%) | Falhas: 0
11:59:24 | INFO     | [11:59:24] ✅ DONE | 414392 | 0 responsáveis | 145/1686 (8.6%) | Falhas: 0
11:59:25 | INFO     | [11:59:25] ✅ DONE | 414393 | 0 responsáveis | 146/1686 (8.7%) | Falhas: 0
11:59:25 | INFO     | [11:59:25] ✅ DONE | 414394 | 0 responsáveis | 147/1686 (8.7%) | Falhas: 0
11:59:25 | INFO     | [11:59:25] ✅ DONE | 414395 | 0 responsáveis | 148/1686 (8.8%) | Falhas: 0
11:59:25 | INFO     | [11:59:25] ✅ DONE | 414396 | 0 responsáveis | 149/1686 (8.8%) | Falhas: 0
11:59:25 | INFO     | [11:59:25] ✅ DONE | 414397 | 0 responsáveis | 150/1686 (8.9%) | Falhas: 0
11:59:25 | INFO     | [11:59:25] ✅ DONE | 414398 | 0 responsáveis | 151/1686 (9.0%) | Falhas: 0
11:59:25 | INFO     | [11:59:25] ✅ DONE | 414399 | 0 responsáveis | 152/1686 (9.0%) | Falhas: 0
11:59:25 | INFO     | [11:59:25] ✅ DONE | 420318 | 0 responsáveis | 153/1686 (9.1%) | Falhas: 0
11:59:25 | INFO     | [11:59:25] ✅ DONE | 414401 | 0 responsáveis | 154/1686 (9.1%) | Falhas: 0
11:59:25 | INFO     | [11:59:25] ✅ DONE | 414400 | 0 responsáveis | 155/1686 (9.2%) | Falhas: 0
11:59:25 | INFO     | [11:59:25] ✅ DONE | 414402 | 0 responsáveis | 156/1686 (9.3%) | Falhas: 0
11:59:25 | INFO     | [11:59:25] ✅ DONE | 443239 | 0 responsáveis | 157/1686 (9.3%) | Falhas: 0
11:59:25 | INFO     | [11:59:25] ✅ DONE | 439873 | 0 responsáveis | 158/1686 (9.4%) | Falhas: 0
11:59:25 | INFO     | [11:59:25] ✅ DONE | 443905 | 0 responsáveis | 159/1686 (9.4%) | Falhas: 0
11:59:25 | INFO     | [11:59:25] ✅ DONE | 443904 | 0 responsáveis | 160/1686 (9.5%) | Falhas: 0
11:59:25 | INFO     | [11:59:25] ✅ DONE | 497651 | 2 responsáveis | 161/1686 (9.5%) | Falhas: 0
11:59:26 | INFO     | [11:59:26] ✅ DONE | 529777 | 0 responsáveis | 162/1686 (9.6%) | Falhas: 0
11:59:26 | INFO     | [11:59:26] ✅ DONE | 520315 | 2 responsáveis | 163/1686 (9.7%) | Falhas: 0
11:59:26 | INFO     | [11:59:26] ✅ DONE | 541044 | 0 responsáveis | 164/1686 (9.7%) | Falhas: 0
11:59:26 | INFO     | [11:59:26] ✅ DONE | 541049 | 0 responsáveis | 165/1686 (9.8%) | Falhas: 0
11:59:26 | INFO     | [11:59:26] ✅ DONE | 541118 | 0 responsáveis | 166/1686 (9.8%) | Falhas: 0
11:59:26 | INFO     | [11:59:26] ✅ DONE | 603603 | 4 responsáveis | 167/1686 (9.9%) | Falhas: 0
11:59:26 | INFO     | [11:59:26] ✅ DONE | 586172 | 0 responsáveis | 168/1686 (10.0%) | Falhas: 0
11:59:26 | INFO     | [11:59:26] ✅ DONE | 578780 | 0 responsáveis | 169/1686 (10.0%) | Falhas: 0
11:59:26 | INFO     | [11:59:26] ✅ DONE | 578781 | 0 responsáveis | 170/1686 (10.1%) | Falhas: 0
11:59:26 | INFO     | [11:59:26] ✅ DONE | 603609 | 6 responsáveis | 171/1686 (10.1%) | Falhas: 0
11:59:26 | INFO     | [11:59:26] ✅ DONE | 578782 | 0 responsáveis | 172/1686 (10.2%) | Falhas: 0
11:59:26 | INFO     | [11:59:26] ✅ DONE | 603611 | 6 responsáveis | 173/1686 (10.3%) | Falhas: 0
11:59:26 | INFO     | [11:59:26] ✅ DONE | 603614 | 6 responsáveis | 174/1686 (10.3%) | Falhas: 0
11:59:26 | INFO     | [11:59:26] ✅ DONE | 603615 | 6 responsáveis | 175/1686 (10.4%) | Falhas: 0
11:59:26 | INFO     | [11:59:26] ✅ DONE | 603618 | 7 responsáveis | 176/1686 (10.4%) | Falhas: 0
11:59:26 | INFO     | [11:59:26] ✅ DONE | 603620 | 6 responsáveis | 177/1686 (10.5%) | Falhas: 0
11:59:27 | INFO     | [11:59:27] ✅ DONE | 607879 | 6 responsáveis | 178/1686 (10.6%) | Falhas: 0
11:59:27 | INFO     | [11:59:27] ✅ DONE | 604271 | 6 responsáveis | 179/1686 (10.6%) | Falhas: 0
11:59:27 | INFO     | [11:59:27] ✅ DONE | 608337 | 4 responsáveis | 180/1686 (10.7%) | Falhas: 0
11:59:27 | INFO     | [11:59:27] ✅ DONE | 609947 | 6 responsáveis | 181/1686 (10.7%) | Falhas: 0
11:59:27 | INFO     | [11:59:27] ✅ DONE | 638940 | 0 responsáveis | 182/1686 (10.8%) | Falhas: 0
11:59:27 | INFO     | [11:59:27] ✅ DONE | 682791 | 4 responsáveis | 183/1686 (10.9%) | Falhas: 0
11:59:27 | INFO     | [11:59:27] ✅ DONE | 695743 | 0 responsáveis | 184/1686 (10.9%) | Falhas: 0
11:59:27 | INFO     | [11:59:27] ✅ DONE | 643724 | 4 responsáveis | 185/1686 (11.0%) | Falhas: 0
11:59:27 | INFO     | [11:59:27] ✅ DONE | 695744 | 0 responsáveis | 186/1686 (11.0%) | Falhas: 0
11:59:27 | INFO     | [11:59:27] ✅ DONE | 708541 | 0 responsáveis | 187/1686 (11.1%) | Falhas: 0
11:59:27 | INFO     | [11:59:27] ✅ DONE | 724888 | 0 responsáveis | 188/1686 (11.2%) | Falhas: 0
11:59:27 | INFO     | [11:59:27] ✅ DONE | 724887 | 0 responsáveis | 189/1686 (11.2%) | Falhas: 0
11:59:27 | INFO     | [11:59:27] ✅ DONE | 724890 | 0 responsáveis | 190/1686 (11.3%) | Falhas: 0
11:59:27 | INFO     | [11:59:27] ✅ DONE | 724889 | 0 responsáveis | 191/1686 (11.3%) | Falhas: 0
11:59:27 | INFO     | [11:59:27] ✅ DONE | 720345 | 7 responsáveis | 192/1686 (11.4%) | Falhas: 0
11:59:27 | INFO     | [11:59:27] ✅ DONE | 804441 | 0 responsáveis | 193/1686 (11.4%) | Falhas: 0
11:59:27 | INFO     | [11:59:27] ✅ DONE | 724891 | 0 responsáveis | 194/1686 (11.5%) | Falhas: 0
11:59:27 | INFO     | [11:59:27] ✅ DONE | 724893 | 0 responsáveis | 195/1686 (11.6%) | Falhas: 0
11:59:28 | INFO     | [11:59:28] ✅ DONE | 787881 | 3 responsáveis | 196/1686 (11.6%) | Falhas: 0
11:59:28 | INFO     | [11:59:28] ✅ DONE | 804523 | 0 responsáveis | 197/1686 (11.7%) | Falhas: 0
11:59:28 | INFO     | [11:59:28] ✅ DONE | 804524 | 0 responsáveis | 198/1686 (11.7%) | Falhas: 0
11:59:28 | INFO     | [11:59:28] ✅ DONE | 804528 | 0 responsáveis | 199/1686 (11.8%) | Falhas: 0
11:59:28 | INFO     | [11:59:28] ✅ DONE | 804525 | 0 responsáveis | 200/1686 (11.9%) | Falhas: 0
11:59:28 | INFO     | [11:59:28] ✅ DONE | 804529 | 0 responsáveis | 201/1686 (11.9%) | Falhas: 0
11:59:28 | INFO     | [11:59:28] ✅ DONE | 804530 | 0 responsáveis | 202/1686 (12.0%) | Falhas: 0
11:59:28 | INFO     | [11:59:28] ✅ DONE | 804535 | 0 responsáveis | 203/1686 (12.0%) | Falhas: 0
11:59:28 | INFO     | [11:59:28] ✅ DONE | 804532 | 0 responsáveis | 204/1686 (12.1%) | Falhas: 0
11:59:28 | INFO     | [11:59:28] ✅ DONE | 811966 | 4 responsáveis | 205/1686 (12.2%) | Falhas: 0
11:59:28 | INFO     | [11:59:28] ✅ DONE | 10345 | 0 responsáveis | 206/1686 (12.2%) | Falhas: 0
11:59:29 | INFO     | [11:59:29] ✅ DONE | 867000 | 0 responsáveis | 207/1686 (12.3%) | Falhas: 0
11:59:29 | INFO     | [11:59:29] ✅ DONE | 804534 | 0 responsáveis | 208/1686 (12.3%) | Falhas: 0
11:59:29 | INFO     | [11:59:29] ✅ DONE | 804533 | 0 responsáveis | 209/1686 (12.4%) | Falhas: 0
11:59:29 | INFO     | [11:59:29] ✅ DONE | 947703 | 0 responsáveis | 210/1686 (12.5%) | Falhas: 0
11:59:29 | INFO     | [11:59:29] ✅ DONE | 870019 | 3 responsáveis | 211/1686 (12.5%) | Falhas: 0
11:59:29 | INFO     | [11:59:29] ✅ DONE | 10436 | 0 responsáveis | 212/1686 (12.6%) | Falhas: 0
11:59:29 | INFO     | [11:59:29] ✅ DONE | 21144 | 0 responsáveis | 213/1686 (12.6%) | Falhas: 0
11:59:29 | INFO     | [11:59:29] ✅ DONE | 14878 | 0 responsáveis | 214/1686 (12.7%) | Falhas: 0
11:59:29 | INFO     | [11:59:29] ✅ DONE | 21261 | 0 responsáveis | 215/1686 (12.8%) | Falhas: 0
11:59:29 | INFO     | [11:59:29] ✅ DONE | 21811 | 0 responsáveis | 216/1686 (12.8%) | Falhas: 0
11:59:29 | INFO     | [11:59:29] ✅ DONE | 29448 | 0 responsáveis | 217/1686 (12.9%) | Falhas: 0
11:59:29 | INFO     | [11:59:29] ✅ DONE | 29637 | 0 responsáveis | 218/1686 (12.9%) | Falhas: 0
11:59:29 | INFO     | [11:59:29] ✅ DONE | 71855 | 0 responsáveis | 219/1686 (13.0%) | Falhas: 0
11:59:30 | INFO     | [11:59:30] ✅ DONE | 29921 | 0 responsáveis | 220/1686 (13.0%) | Falhas: 0
11:59:30 | INFO     | [11:59:30] ✅ DONE | 57478 | 0 responsáveis | 221/1686 (13.1%) | Falhas: 0
11:59:30 | INFO     | [11:59:30] ✅ DONE | 57424 | 0 responsáveis | 222/1686 (13.2%) | Falhas: 0
11:59:30 | INFO     | [11:59:30] ✅ DONE | 43708 | 0 responsáveis | 223/1686 (13.2%) | Falhas: 0
11:59:30 | INFO     | [11:59:30] ✅ DONE | 43763 | 0 responsáveis | 224/1686 (13.3%) | Falhas: 0
11:59:30 | INFO     | [11:59:30] ✅ DONE | 42956 | 0 responsáveis | 225/1686 (13.3%) | Falhas: 0
11:59:30 | INFO     | [11:59:30] ✅ DONE | 36476 | 0 responsáveis | 226/1686 (13.4%) | Falhas: 0
11:59:30 | INFO     | [11:59:30] ✅ DONE | 71894 | 0 responsáveis | 227/1686 (13.5%) | Falhas: 0
11:59:30 | INFO     | [11:59:30] ✅ DONE | 71957 | 0 responsáveis | 228/1686 (13.5%) | Falhas: 0
11:59:30 | INFO     | [11:59:30] ✅ DONE | 71895 | 0 responsáveis | 229/1686 (13.6%) | Falhas: 0
11:59:30 | INFO     | [11:59:30] ✅ DONE | 72002 | 0 responsáveis | 230/1686 (13.6%) | Falhas: 0
11:59:30 | INFO     | [11:59:30] ✅ DONE | 91332 | 0 responsáveis | 231/1686 (13.7%) | Falhas: 0
11:59:30 | INFO     | [11:59:30] ✅ DONE | 102613 | 0 responsáveis | 232/1686 (13.8%) | Falhas: 0
11:59:30 | INFO     | [11:59:30] ✅ DONE | 107889 | 0 responsáveis | 233/1686 (13.8%) | Falhas: 0
11:59:30 | INFO     | [11:59:30] ✅ DONE | 115316 | 0 responsáveis | 234/1686 (13.9%) | Falhas: 0
11:59:31 | INFO     | [11:59:31] ✅ DONE | 128221 | 0 responsáveis | 235/1686 (13.9%) | Falhas: 0
11:59:31 | INFO     | [11:59:31] ✅ DONE | 189936 | 1 responsáveis | 236/1686 (14.0%) | Falhas: 0
11:59:31 | INFO     | [11:59:31] ✅ DONE | 119883 | 0 responsáveis | 237/1686 (14.1%) | Falhas: 0
11:59:31 | INFO     | [11:59:31] ✅ DONE | 178154 | 0 responsáveis | 238/1686 (14.1%) | Falhas: 0
11:59:31 | INFO     | [11:59:31] ✅ DONE | 155962 | 0 responsáveis | 239/1686 (14.2%) | Falhas: 0
11:59:31 | INFO     | [11:59:31] ✅ DONE | 160016 | 0 responsáveis | 240/1686 (14.2%) | Falhas: 0
11:59:31 | INFO     | [11:59:31] ✅ DONE | 243966 | 0 responsáveis | 241/1686 (14.3%) | Falhas: 0
11:59:31 | INFO     | [11:59:31] ✅ DONE | 135617 | 0 responsáveis | 242/1686 (14.4%) | Falhas: 0
11:59:31 | INFO     | [11:59:31] ✅ DONE | 150107 | 0 responsáveis | 243/1686 (14.4%) | Falhas: 0
11:59:31 | INFO     | [11:59:31] ✅ DONE | 226989 | 0 responsáveis | 244/1686 (14.5%) | Falhas: 0
11:59:31 | INFO     | [11:59:31] ✅ DONE | 202011 | 8 responsáveis | 245/1686 (14.5%) | Falhas: 0
11:59:31 | INFO     | [11:59:31] ✅ DONE | 261726 | 0 responsáveis | 246/1686 (14.6%) | Falhas: 0
11:59:31 | INFO     | [11:59:31] ✅ DONE | 264135 | 0 responsáveis | 247/1686 (14.7%) | Falhas: 0
11:59:31 | INFO     | [11:59:31] ✅ DONE | 337103 | 4 responsáveis | 248/1686 (14.7%) | Falhas: 0
11:59:31 | INFO     | [11:59:31] ✅ DONE | 394596 | 0 responsáveis | 249/1686 (14.8%) | Falhas: 0
11:59:32 | INFO     | [11:59:32] ✅ DONE | 413767 | 0 responsáveis | 250/1686 (14.8%) | Falhas: 0
11:59:32 | INFO     | [11:59:32] ✅ DONE | 412725 | 0 responsáveis | 251/1686 (14.9%) | Falhas: 0
11:59:32 | INFO     | [11:59:32] ✅ DONE | 430728 | 0 responsáveis | 252/1686 (14.9%) | Falhas: 0
11:59:32 | INFO     | [11:59:32] ✅ DONE | 438873 | 2 responsáveis | 253/1686 (15.0%) | Falhas: 0
11:59:32 | INFO     | [11:59:32] ✅ DONE | 439447 | 0 responsáveis | 254/1686 (15.1%) | Falhas: 0
11:59:32 | INFO     | [11:59:32] ✅ DONE | 439074 | 0 responsáveis | 255/1686 (15.1%) | Falhas: 0
11:59:32 | INFO     | [11:59:32] ✅ DONE | 443955 | 0 responsáveis | 256/1686 (15.2%) | Falhas: 0
11:59:32 | INFO     | [11:59:32] ✅ DONE | 439513 | 0 responsáveis | 257/1686 (15.2%) | Falhas: 0
11:59:32 | INFO     | [11:59:32] ✅ DONE | 439960 | 0 responsáveis | 258/1686 (15.3%) | Falhas: 0
11:59:32 | INFO     | [11:59:32] ✅ DONE | 443915 | 0 responsáveis | 259/1686 (15.4%) | Falhas: 0
11:59:32 | INFO     | [11:59:32] ✅ DONE | 477319 | 0 responsáveis | 260/1686 (15.4%) | Falhas: 0
11:59:32 | INFO     | [11:59:32] ✅ DONE | 476603 | 0 responsáveis | 261/1686 (15.5%) | Falhas: 0
11:59:32 | INFO     | [11:59:32] ✅ DONE | 464052 | 0 responsáveis | 262/1686 (15.5%) | Falhas: 0
11:59:32 | INFO     | [11:59:32] ✅ DONE | 439757 | 0 responsáveis | 263/1686 (15.6%) | Falhas: 0
11:59:32 | INFO     | [11:59:32] ✅ DONE | 473280 | 3 responsáveis | 264/1686 (15.7%) | Falhas: 0
11:59:33 | INFO     | [11:59:33] ✅ DONE | 479202 | 0 responsáveis | 265/1686 (15.7%) | Falhas: 0
11:59:33 | INFO     | [11:59:33] ✅ DONE | 482218 | 0 responsáveis | 266/1686 (15.8%) | Falhas: 0
11:59:33 | INFO     | [11:59:33] ✅ DONE | 482217 | 0 responsáveis | 267/1686 (15.8%) | Falhas: 0
11:59:33 | INFO     | [11:59:33] ✅ DONE | 482219 | 0 responsáveis | 268/1686 (15.9%) | Falhas: 0
11:59:33 | INFO     | [11:59:33] ✅ DONE | 482585 | 0 responsáveis | 269/1686 (16.0%) | Falhas: 0
11:59:33 | INFO     | [11:59:33] ✅ DONE | 482220 | 0 responsáveis | 270/1686 (16.0%) | Falhas: 0
11:59:33 | INFO     | [11:59:33] ✅ DONE | 500687 | 0 responsáveis | 271/1686 (16.1%) | Falhas: 0
11:59:33 | INFO     | [11:59:33] ✅ DONE | 493729 | 0 responsáveis | 272/1686 (16.1%) | Falhas: 0
11:59:33 | INFO     | [11:59:33] ✅ DONE | 496526 | 0 responsáveis | 273/1686 (16.2%) | Falhas: 0
11:59:33 | INFO     | [11:59:33] ✅ DONE | 484154 | 0 responsáveis | 274/1686 (16.3%) | Falhas: 0
11:59:33 | INFO     | [11:59:33] ✅ DONE | 500603 | 2 responsáveis | 275/1686 (16.3%) | Falhas: 0
11:59:33 | INFO     | [11:59:33] ✅ DONE | 498198 | 0 responsáveis | 276/1686 (16.4%) | Falhas: 0
11:59:33 | INFO     | [11:59:33] ✅ DONE | 500719 | 0 responsáveis | 277/1686 (16.4%) | Falhas: 0
11:59:33 | INFO     | [11:59:33] ✅ DONE | 506254 | 0 responsáveis | 278/1686 (16.5%) | Falhas: 0
11:59:33 | INFO     | [11:59:33] ✅ DONE | 501823 | 0 responsáveis | 279/1686 (16.5%) | Falhas: 0
11:59:34 | INFO     | [11:59:34] ✅ DONE | 520342 | 2 responsáveis | 280/1686 (16.6%) | Falhas: 0
11:59:34 | INFO     | [11:59:34] ✅ DONE | 508396 | 0 responsáveis | 281/1686 (16.7%) | Falhas: 0
11:59:34 | INFO     | [11:59:34] ✅ DONE | 522603 | 0 responsáveis | 282/1686 (16.7%) | Falhas: 0
11:59:34 | INFO     | [11:59:34] ✅ DONE | 532704 | 0 responsáveis | 283/1686 (16.8%) | Falhas: 0
11:59:34 | INFO     | [11:59:34] ✅ DONE | 534550 | 0 responsáveis | 284/1686 (16.8%) | Falhas: 0
11:59:34 | INFO     | [11:59:34] ✅ DONE | 559731 | 0 responsáveis | 285/1686 (16.9%) | Falhas: 0
11:59:34 | INFO     | [11:59:34] ✅ DONE | 536897 | 0 responsáveis | 286/1686 (17.0%) | Falhas: 0
11:59:34 | INFO     | [11:59:34] ✅ DONE | 559772 | 0 responsáveis | 287/1686 (17.0%) | Falhas: 0
11:59:34 | INFO     | [11:59:34] ✅ DONE | 580361 | 0 responsáveis | 288/1686 (17.1%) | Falhas: 0
11:59:34 | INFO     | [11:59:34] ✅ DONE | 582850 | 0 responsáveis | 289/1686 (17.1%) | Falhas: 0
11:59:34 | INFO     | [11:59:34] ✅ DONE | 582872 | 0 responsáveis | 290/1686 (17.2%) | Falhas: 0
11:59:34 | INFO     | [11:59:34] ✅ DONE | 561582 | 0 responsáveis | 291/1686 (17.3%) | Falhas: 0
11:59:34 | INFO     | [11:59:34] ✅ DONE | 561554 | 0 responsáveis | 292/1686 (17.3%) | Falhas: 0
11:59:34 | INFO     | [11:59:34] ✅ DONE | 582889 | 0 responsáveis | 293/1686 (17.4%) | Falhas: 0
11:59:34 | INFO     | [11:59:34] ✅ DONE | 582820 | 0 responsáveis | 294/1686 (17.4%) | Falhas: 0
11:59:35 | INFO     | [11:59:35] ✅ DONE | 600008 | 0 responsáveis | 295/1686 (17.5%) | Falhas: 0
11:59:35 | INFO     | [11:59:35] ✅ DONE | 591352 | 0 responsáveis | 296/1686 (17.6%) | Falhas: 0
11:59:35 | INFO     | [11:59:35] ✅ DONE | 609600 | 0 responsáveis | 297/1686 (17.6%) | Falhas: 0
11:59:35 | INFO     | [11:59:35] ✅ DONE | 609607 | 0 responsáveis | 298/1686 (17.7%) | Falhas: 0
11:59:35 | INFO     | [11:59:35] ✅ DONE | 635357 | 0 responsáveis | 299/1686 (17.7%) | Falhas: 0
11:59:35 | INFO     | [11:59:35] ✅ DONE | 638445 | 0 responsáveis | 300/1686 (17.8%) | Falhas: 0
11:59:35 | INFO     | [11:59:35] ✅ DONE | 635716 | 0 responsáveis | 301/1686 (17.9%) | Falhas: 0
11:59:35 | INFO     | [11:59:35] ✅ DONE | 678031 | 0 responsáveis | 302/1686 (17.9%) | Falhas: 0
11:59:35 | INFO     | [11:59:35] ✅ DONE | 651546 | 0 responsáveis | 303/1686 (18.0%) | Falhas: 0
11:59:35 | INFO     | [11:59:35] ✅ DONE | 708477 | 0 responsáveis | 304/1686 (18.0%) | Falhas: 0
11:59:35 | INFO     | [11:59:35] ✅ DONE | 750024 | 0 responsáveis | 305/1686 (18.1%) | Falhas: 0
11:59:35 | INFO     | [11:59:35] ✅ DONE | 690056 | 0 responsáveis | 306/1686 (18.1%) | Falhas: 0
11:59:35 | INFO     | [11:59:35] ✅ DONE | 687119 | 0 responsáveis | 307/1686 (18.2%) | Falhas: 0
11:59:36 | INFO     | [11:59:36] ✅ DONE | 775071 | 4 responsáveis | 308/1686 (18.3%) | Falhas: 0
11:59:36 | INFO     | [11:59:36] ✅ DONE | 784356 | 0 responsáveis | 309/1686 (18.3%) | Falhas: 0
11:59:36 | INFO     | [11:59:36] ✅ DONE | 775503 | 0 responsáveis | 310/1686 (18.4%) | Falhas: 0
11:59:36 | INFO     | [11:59:36] ✅ DONE | 787841 | 0 responsáveis | 311/1686 (18.4%) | Falhas: 0
11:59:36 | INFO     | [11:59:36] ✅ DONE | 800300 | 0 responsáveis | 312/1686 (18.5%) | Falhas: 0
11:59:36 | INFO     | [11:59:36] ✅ DONE | 803509 | 0 responsáveis | 313/1686 (18.6%) | Falhas: 0
11:59:36 | INFO     | [11:59:36] ✅ DONE | 828694 | 0 responsáveis | 314/1686 (18.6%) | Falhas: 0
11:59:36 | INFO     | [11:59:36] ✅ DONE | 813766 | 0 responsáveis | 315/1686 (18.7%) | Falhas: 0
11:59:36 | INFO     | [11:59:36] ✅ DONE | 831360 | 0 responsáveis | 316/1686 (18.7%) | Falhas: 0
11:59:36 | INFO     | [11:59:36] ✅ DONE | 833659 | 0 responsáveis | 317/1686 (18.8%) | Falhas: 0
11:59:36 | INFO     | [11:59:36] ✅ DONE | 854815 | 0 responsáveis | 318/1686 (18.9%) | Falhas: 0
11:59:36 | INFO     | [11:59:36] ✅ DONE | 861945 | 0 responsáveis | 319/1686 (18.9%) | Falhas: 0
11:59:36 | INFO     | [11:59:36] ✅ DONE | 854871 | 0 responsáveis | 320/1686 (19.0%) | Falhas: 0
11:59:36 | INFO     | [11:59:36] ✅ DONE | 856720 | 0 responsáveis | 321/1686 (19.0%) | Falhas: 0
11:59:36 | INFO     | [11:59:36] ✅ DONE | 865554 | 0 responsáveis | 322/1686 (19.1%) | Falhas: 0
11:59:36 | INFO     | [11:59:36] ✅ DONE | 865495 | 0 responsáveis | 323/1686 (19.2%) | Falhas: 0
11:59:37 | INFO     | [11:59:37] ✅ DONE | 865980 | 0 responsáveis | 324/1686 (19.2%) | Falhas: 0
11:59:37 | INFO     | [11:59:37] ✅ DONE | 865536 | 0 responsáveis | 325/1686 (19.3%) | Falhas: 0
11:59:37 | INFO     | [11:59:37] ✅ DONE | 868671 | 0 responsáveis | 326/1686 (19.3%) | Falhas: 0
11:59:37 | INFO     | [11:59:37] ✅ DONE | 867060 | 0 responsáveis | 327/1686 (19.4%) | Falhas: 0
11:59:37 | INFO     | [11:59:37] ✅ DONE | 869093 | 0 responsáveis | 328/1686 (19.5%) | Falhas: 0
11:59:37 | INFO     | [11:59:37] ✅ DONE | 869114 | 0 responsáveis | 329/1686 (19.5%) | Falhas: 0
11:59:37 | INFO     | [11:59:37] ✅ DONE | 869131 | 0 responsáveis | 330/1686 (19.6%) | Falhas: 0
11:59:37 | INFO     | [11:59:37] ✅ DONE | 871095 | 0 responsáveis | 331/1686 (19.6%) | Falhas: 0
11:59:37 | INFO     | [11:59:37] ✅ DONE | 873570 | 0 responsáveis | 332/1686 (19.7%) | Falhas: 0
11:59:37 | INFO     | [11:59:37] ✅ DONE | 882687 | 0 responsáveis | 333/1686 (19.8%) | Falhas: 0
11:59:37 | INFO     | [11:59:37] ✅ DONE | 897575 | 0 responsáveis | 334/1686 (19.8%) | Falhas: 0
11:59:38 | INFO     | [11:59:38] ✅ DONE | 933364 | 0 responsáveis | 335/1686 (19.9%) | Falhas: 0
11:59:38 | INFO     | [11:59:38] ✅ DONE | 933959 | 0 responsáveis | 336/1686 (19.9%) | Falhas: 0
11:59:38 | INFO     | [11:59:38] ✅ DONE | 934522 | 0 responsáveis | 337/1686 (20.0%) | Falhas: 0
11:59:38 | INFO     | [11:59:38] ✅ DONE | 942149 | 0 responsáveis | 338/1686 (20.0%) | Falhas: 0
11:59:38 | INFO     | [11:59:38] ✅ DONE | 935272 | 0 responsáveis | 339/1686 (20.1%) | Falhas: 0
11:59:38 | INFO     | [11:59:38] ✅ DONE | 904642 | 0 responsáveis | 340/1686 (20.2%) | Falhas: 0
11:59:38 | INFO     | [11:59:38] ✅ DONE | 914631 | 0 responsáveis | 341/1686 (20.2%) | Falhas: 0
11:59:38 | INFO     | [11:59:38] ✅ DONE | 947397 | 0 responsáveis | 342/1686 (20.3%) | Falhas: 0
11:59:38 | INFO     | [11:59:38] ✅ DONE | 944979 | 0 responsáveis | 343/1686 (20.3%) | Falhas: 0
11:59:38 | INFO     | [11:59:38] ✅ DONE | 947398 | 0 responsáveis | 344/1686 (20.4%) | Falhas: 0
11:59:38 | INFO     | [11:59:38] ✅ DONE | 948472 | 0 responsáveis | 345/1686 (20.5%) | Falhas: 0
11:59:38 | INFO     | [11:59:38] ✅ DONE | 947980 | 0 responsáveis | 346/1686 (20.5%) | Falhas: 0
11:59:38 | INFO     | [11:59:38] ✅ DONE | 961451 | 0 responsáveis | 347/1686 (20.6%) | Falhas: 0
11:59:38 | INFO     | [11:59:38] ✅ DONE | 961452 | 0 responsáveis | 348/1686 (20.6%) | Falhas: 0
11:59:38 | INFO     | [11:59:38] ✅ DONE | 961453 | 0 responsáveis | 349/1686 (20.7%) | Falhas: 0
11:59:39 | INFO     | [11:59:39] ✅ DONE | 42823 | 3 responsáveis | 350/1686 (20.8%) | Falhas: 0
11:59:39 | INFO     | [11:59:39] ✅ DONE | 71836 | 7 responsáveis | 351/1686 (20.8%) | Falhas: 0
11:59:39 | INFO     | [11:59:39] ✅ DONE | 44357 | 4 responsáveis | 352/1686 (20.9%) | Falhas: 0
11:59:39 | INFO     | [11:59:39] ✅ DONE | 43360 | 0 responsáveis | 353/1686 (20.9%) | Falhas: 0
11:59:39 | INFO     | [11:59:39] ✅ DONE | 71866 | 5 responsáveis | 354/1686 (21.0%) | Falhas: 0
11:59:39 | INFO     | [11:59:39] ✅ DONE | 71644 | 4 responsáveis | 355/1686 (21.1%) | Falhas: 0
11:59:39 | INFO     | [11:59:39] ✅ DONE | 71854 | 7 responsáveis | 356/1686 (21.1%) | Falhas: 0
11:59:39 | INFO     | [11:59:39] ✅ DONE | 71812 | 2 responsáveis | 357/1686 (21.2%) | Falhas: 0
11:59:39 | INFO     | [11:59:39] ✅ DONE | 71986 | 4 responsáveis | 358/1686 (21.2%) | Falhas: 0
11:59:39 | INFO     | [11:59:39] ✅ DONE | 71940 | 5 responsáveis | 359/1686 (21.3%) | Falhas: 0
11:59:39 | INFO     | [11:59:39] ✅ DONE | 90822 | 6 responsáveis | 360/1686 (21.4%) | Falhas: 0
11:59:39 | INFO     | [11:59:39] ✅ DONE | 127956 | 3 responsáveis | 361/1686 (21.4%) | Falhas: 0
11:59:39 | INFO     | [11:59:39] ✅ DONE | 317345 | 7 responsáveis | 362/1686 (21.5%) | Falhas: 0
11:59:39 | INFO     | [11:59:39] ✅ DONE | 326097 | 5 responsáveis | 363/1686 (21.5%) | Falhas: 0
11:59:39 | INFO     | [11:59:39] ✅ DONE | 326116 | 5 responsáveis | 364/1686 (21.6%) | Falhas: 0
11:59:40 | INFO     | [11:59:40] ✅ DONE | 326127 | 5 responsáveis | 365/1686 (21.6%) | Falhas: 0
11:59:40 | INFO     | [11:59:40] ✅ DONE | 327832 | 4 responsáveis | 366/1686 (21.7%) | Falhas: 0
11:59:40 | INFO     | [11:59:40] ✅ DONE | 326138 | 5 responsáveis | 367/1686 (21.8%) | Falhas: 0
11:59:40 | INFO     | [11:59:40] ✅ DONE | 343275 | 4 responsáveis | 368/1686 (21.8%) | Falhas: 0
11:59:40 | INFO     | [11:59:40] ✅ DONE | 415606 | 0 responsáveis | 369/1686 (21.9%) | Falhas: 0
11:59:40 | INFO     | [11:59:40] ✅ DONE | 414358 | 0 responsáveis | 370/1686 (21.9%) | Falhas: 0
11:59:40 | INFO     | [11:59:40] ✅ DONE | 417757 | 0 responsáveis | 371/1686 (22.0%) | Falhas: 0
11:59:40 | INFO     | [11:59:40] ✅ DONE | 417925 | 0 responsáveis | 372/1686 (22.1%) | Falhas: 0
11:59:40 | INFO     | [11:59:40] ✅ DONE | 414324 | 0 responsáveis | 373/1686 (22.1%) | Falhas: 0
11:59:40 | INFO     | [11:59:40] ✅ DONE | 407097 | 0 responsáveis | 374/1686 (22.2%) | Falhas: 0
11:59:40 | INFO     | [11:59:40] ✅ DONE | 417715 | 6 responsáveis | 375/1686 (22.2%) | Falhas: 0
11:59:40 | INFO     | [11:59:40] ✅ DONE | 419618 | 0 responsáveis | 376/1686 (22.3%) | Falhas: 0
11:59:40 | INFO     | [11:59:40] ✅ DONE | 401686 | 5 responsáveis | 377/1686 (22.4%) | Falhas: 0
11:59:40 | INFO     | [11:59:40] ✅ DONE | 421190 | 0 responsáveis | 378/1686 (22.4%) | Falhas: 0
11:59:40 | INFO     | [11:59:40] ✅ DONE | 420254 | 0 responsáveis | 379/1686 (22.5%) | Falhas: 0
11:59:41 | INFO     | [11:59:41] ✅ DONE | 421902 | 0 responsáveis | 380/1686 (22.5%) | Falhas: 0
11:59:41 | INFO     | [11:59:41] ✅ DONE | 425431 | 0 responsáveis | 381/1686 (22.6%) | Falhas: 0
11:59:41 | INFO     | [11:59:41] ✅ DONE | 428194 | 0 responsáveis | 382/1686 (22.7%) | Falhas: 0
11:59:41 | INFO     | [11:59:41] ✅ DONE | 428350 | 0 responsáveis | 383/1686 (22.7%) | Falhas: 0
11:59:41 | INFO     | [11:59:41] ✅ DONE | 423393 | 0 responsáveis | 384/1686 (22.8%) | Falhas: 0
11:59:41 | INFO     | [11:59:41] ✅ DONE | 430235 | 0 responsáveis | 385/1686 (22.8%) | Falhas: 0
11:59:41 | INFO     | [11:59:41] ✅ DONE | 430891 | 0 responsáveis | 386/1686 (22.9%) | Falhas: 0
11:59:41 | INFO     | [11:59:41] ✅ DONE | 431204 | 0 responsáveis | 387/1686 (23.0%) | Falhas: 0
11:59:41 | INFO     | [11:59:41] ✅ DONE | 432844 | 0 responsáveis | 388/1686 (23.0%) | Falhas: 0
11:59:41 | INFO     | [11:59:41] ✅ DONE | 439455 | 0 responsáveis | 389/1686 (23.1%) | Falhas: 0
11:59:41 | INFO     | [11:59:41] ✅ DONE | 440085 | 0 responsáveis | 390/1686 (23.1%) | Falhas: 0
11:59:41 | INFO     | [11:59:41] ✅ DONE | 440796 | 0 responsáveis | 391/1686 (23.2%) | Falhas: 0
11:59:41 | INFO     | [11:59:41] ✅ DONE | 440152 | 0 responsáveis | 392/1686 (23.3%) | Falhas: 0
11:59:41 | INFO     | [11:59:41] ✅ DONE | 440828 | 0 responsáveis | 393/1686 (23.3%) | Falhas: 0
11:59:41 | INFO     | [11:59:41] ✅ DONE | 443995 | 0 responsáveis | 394/1686 (23.4%) | Falhas: 0
11:59:41 | INFO     | [11:59:41] ✅ DONE | 445452 | 0 responsáveis | 395/1686 (23.4%) | Falhas: 0
11:59:42 | INFO     | [11:59:42] ✅ DONE | 448049 | 0 responsáveis | 396/1686 (23.5%) | Falhas: 0
11:59:42 | INFO     | [11:59:42] ✅ DONE | 445482 | 0 responsáveis | 397/1686 (23.5%) | Falhas: 0
11:59:42 | INFO     | [11:59:42] ✅ DONE | 447573 | 0 responsáveis | 398/1686 (23.6%) | Falhas: 0
11:59:42 | INFO     | [11:59:42] ✅ DONE | 447476 | 0 responsáveis | 399/1686 (23.7%) | Falhas: 0
11:59:42 | INFO     | [11:59:42] ✅ DONE | 449073 | 0 responsáveis | 400/1686 (23.7%) | Falhas: 0
11:59:42 | INFO     | [11:59:42] ✅ DONE | 449988 | 0 responsáveis | 401/1686 (23.8%) | Falhas: 0
11:59:42 | INFO     | [11:59:42] ✅ DONE | 455926 | 0 responsáveis | 402/1686 (23.8%) | Falhas: 0
11:59:42 | INFO     | [11:59:42] ✅ DONE | 465222 | 0 responsáveis | 403/1686 (23.9%) | Falhas: 0
11:59:42 | INFO     | [11:59:42] ✅ DONE | 461851 | 0 responsáveis | 404/1686 (24.0%) | Falhas: 0
11:59:42 | INFO     | [11:59:42] ✅ DONE | 456805 | 0 responsáveis | 405/1686 (24.0%) | Falhas: 0
11:59:42 | INFO     | [11:59:42] ✅ DONE | 457591 | 0 responsáveis | 406/1686 (24.1%) | Falhas: 0
11:59:42 | INFO     | [11:59:42] ✅ DONE | 465210 | 0 responsáveis | 407/1686 (24.1%) | Falhas: 0
11:59:42 | INFO     | [11:59:42] ✅ DONE | 464201 | 0 responsáveis | 408/1686 (24.2%) | Falhas: 0
11:59:42 | INFO     | [11:59:42] ✅ DONE | 469772 | 0 responsáveis | 409/1686 (24.3%) | Falhas: 0
11:59:42 | INFO     | [11:59:42] ✅ DONE | 470967 | 0 responsáveis | 410/1686 (24.3%) | Falhas: 0
11:59:43 | INFO     | [11:59:43] ✅ DONE | 470981 | 0 responsáveis | 411/1686 (24.4%) | Falhas: 0
11:59:43 | INFO     | [11:59:43] ✅ DONE | 471351 | 0 responsáveis | 412/1686 (24.4%) | Falhas: 0
11:59:43 | INFO     | [11:59:43] ✅ DONE | 471358 | 0 responsáveis | 413/1686 (24.5%) | Falhas: 0
11:59:43 | INFO     | [11:59:43] ✅ DONE | 473005 | 0 responsáveis | 414/1686 (24.6%) | Falhas: 0
11:59:43 | INFO     | [11:59:43] ✅ DONE | 473236 | 0 responsáveis | 415/1686 (24.6%) | Falhas: 0
11:59:43 | INFO     | [11:59:43] ✅ DONE | 474020 | 0 responsáveis | 416/1686 (24.7%) | Falhas: 0
11:59:43 | INFO     | [11:59:43] ✅ DONE | 474003 | 0 responsáveis | 417/1686 (24.7%) | Falhas: 0
11:59:43 | INFO     | [11:59:43] ✅ DONE | 477259 | 0 responsáveis | 418/1686 (24.8%) | Falhas: 0
11:59:43 | INFO     | [11:59:43] ✅ DONE | 474903 | 0 responsáveis | 419/1686 (24.9%) | Falhas: 0
11:59:43 | INFO     | [11:59:43] ✅ DONE | 479070 | 0 responsáveis | 420/1686 (24.9%) | Falhas: 0
11:59:43 | INFO     | [11:59:43] ✅ DONE | 479049 | 0 responsáveis | 421/1686 (25.0%) | Falhas: 0
11:59:43 | INFO     | [11:59:43] ✅ DONE | 477710 | 0 responsáveis | 422/1686 (25.0%) | Falhas: 0
11:59:43 | INFO     | [11:59:43] ✅ DONE | 483897 | 0 responsáveis | 423/1686 (25.1%) | Falhas: 0
11:59:43 | INFO     | [11:59:43] ✅ DONE | 485595 | 0 responsáveis | 424/1686 (25.1%) | Falhas: 0
11:59:43 | INFO     | [11:59:43] ✅ DONE | 487118 | 4 responsáveis | 425/1686 (25.2%) | Falhas: 0
11:59:43 | INFO     | [11:59:43] ✅ DONE | 488859 | 0 responsáveis | 426/1686 (25.3%) | Falhas: 0
11:59:44 | INFO     | [11:59:44] ✅ DONE | 488860 | 0 responsáveis | 427/1686 (25.3%) | Falhas: 0
11:59:44 | INFO     | [11:59:44] ✅ DONE | 489191 | 0 responsáveis | 428/1686 (25.4%) | Falhas: 0
11:59:44 | INFO     | [11:59:44] ✅ DONE | 504749 | 0 responsáveis | 429/1686 (25.4%) | Falhas: 0
11:59:44 | INFO     | [11:59:44] ✅ DONE | 504580 | 0 responsáveis | 430/1686 (25.5%) | Falhas: 0
11:59:44 | INFO     | [11:59:44] ✅ DONE | 508033 | 0 responsáveis | 431/1686 (25.6%) | Falhas: 0
11:59:44 | INFO     | [11:59:44] ✅ DONE | 519999 | 0 responsáveis | 432/1686 (25.6%) | Falhas: 0
11:59:44 | INFO     | [11:59:44] ✅ DONE | 531017 | 0 responsáveis | 433/1686 (25.7%) | Falhas: 0
11:59:44 | INFO     | [11:59:44] ✅ DONE | 522201 | 6 responsáveis | 434/1686 (25.7%) | Falhas: 0
11:59:44 | INFO     | [11:59:44] ✅ DONE | 531021 | 0 responsáveis | 435/1686 (25.8%) | Falhas: 0
11:59:44 | INFO     | [11:59:44] ✅ DONE | 531917 | 0 responsáveis | 436/1686 (25.9%) | Falhas: 0
11:59:44 | INFO     | [11:59:44] ✅ DONE | 560141 | 0 responsáveis | 437/1686 (25.9%) | Falhas: 0
11:59:44 | INFO     | [11:59:44] ✅ DONE | 560676 | 0 responsáveis | 438/1686 (26.0%) | Falhas: 0
11:59:44 | INFO     | [11:59:44] ✅ DONE | 579634 | 0 responsáveis | 439/1686 (26.0%) | Falhas: 0
11:59:44 | INFO     | [11:59:44] ✅ DONE | 591523 | 0 responsáveis | 440/1686 (26.1%) | Falhas: 0
11:59:44 | INFO     | [11:59:44] ✅ DONE | 595492 | 4 responsáveis | 441/1686 (26.2%) | Falhas: 0
11:59:44 | INFO     | [11:59:44] ✅ DONE | 600240 | 0 responsáveis | 442/1686 (26.2%) | Falhas: 0
11:59:44 | INFO     | [11:59:44] ✅ DONE | 602133 | 0 responsáveis | 443/1686 (26.3%) | Falhas: 0
11:59:44 | INFO     | [11:59:44] ✅ DONE | 596659 | 0 responsáveis | 444/1686 (26.3%) | Falhas: 0
11:59:45 | INFO     | [11:59:45] ✅ DONE | 608477 | 4 responsáveis | 445/1686 (26.4%) | Falhas: 0
11:59:45 | INFO     | [11:59:45] ✅ DONE | 609344 | 0 responsáveis | 446/1686 (26.5%) | Falhas: 0
11:59:45 | INFO     | [11:59:45] ✅ DONE | 612961 | 0 responsáveis | 447/1686 (26.5%) | Falhas: 0
11:59:45 | INFO     | [11:59:45] ✅ DONE | 614184 | 0 responsáveis | 448/1686 (26.6%) | Falhas: 0
11:59:45 | INFO     | [11:59:45] ✅ DONE | 629452 | 0 responsáveis | 449/1686 (26.6%) | Falhas: 0
11:59:45 | INFO     | [11:59:45] ✅ DONE | 646974 | 0 responsáveis | 450/1686 (26.7%) | Falhas: 0
11:59:45 | INFO     | [11:59:45] ✅ DONE | 675397 | 0 responsáveis | 451/1686 (26.7%) | Falhas: 0
11:59:45 | INFO     | [11:59:45] ✅ DONE | 660346 | 4 responsáveis | 452/1686 (26.8%) | Falhas: 0
11:59:45 | INFO     | [11:59:45] ✅ DONE | 694687 | 0 responsáveis | 453/1686 (26.9%) | Falhas: 0
11:59:45 | INFO     | [11:59:45] ✅ DONE | 730365 | 4 responsáveis | 454/1686 (26.9%) | Falhas: 0
11:59:45 | INFO     | [11:59:45] ✅ DONE | 749015 | 7 responsáveis | 455/1686 (27.0%) | Falhas: 0
11:59:45 | INFO     | [11:59:45] ✅ DONE | 748083 | 6 responsáveis | 456/1686 (27.0%) | Falhas: 0
11:59:46 | INFO     | [11:59:46] ✅ DONE | 870200 | 6 responsáveis | 457/1686 (27.1%) | Falhas: 0
11:59:46 | INFO     | [11:59:46] ✅ DONE | 902769 | 4 responsáveis | 458/1686 (27.2%) | Falhas: 0
11:59:46 | INFO     | [11:59:46] ✅ DONE | 767798 | 6 responsáveis | 459/1686 (27.2%) | Falhas: 0
11:59:46 | INFO     | [11:59:46] ✅ DONE | 902774 | 4 responsáveis | 460/1686 (27.3%) | Falhas: 0
11:59:46 | INFO     | [11:59:46] ✅ DONE | 902727 | 4 responsáveis | 461/1686 (27.3%) | Falhas: 0
11:59:46 | INFO     | [11:59:46] ✅ DONE | 902838 | 4 responsáveis | 462/1686 (27.4%) | Falhas: 0
11:59:46 | INFO     | [11:59:46] ✅ DONE | 902842 | 4 responsáveis | 463/1686 (27.5%) | Falhas: 0
11:59:46 | INFO     | [11:59:46] ✅ DONE | 935587 | 0 responsáveis | 464/1686 (27.5%) | Falhas: 0
11:59:46 | INFO     | [11:59:46] ✅ DONE | 29636 | 0 responsáveis | 465/1686 (27.6%) | Falhas: 0
11:59:46 | INFO     | [11:59:46] ✅ DONE | 29918 | 0 responsáveis | 466/1686 (27.6%) | Falhas: 0
11:59:46 | INFO     | [11:59:46] ✅ DONE | 44224 | 0 responsáveis | 467/1686 (27.7%) | Falhas: 0
11:59:46 | INFO     | [11:59:46] ✅ DONE | 57426 | 0 responsáveis | 468/1686 (27.8%) | Falhas: 0
11:59:46 | INFO     | [11:59:46] ✅ DONE | 57551 | 0 responsáveis | 469/1686 (27.8%) | Falhas: 0
11:59:46 | INFO     | [11:59:46] ✅ DONE | 57612 | 0 responsáveis | 470/1686 (27.9%) | Falhas: 0
11:59:46 | INFO     | [11:59:46] ✅ DONE | 57890 | 0 responsáveis | 471/1686 (27.9%) | Falhas: 0
11:59:46 | INFO     | [11:59:46] ✅ DONE | 58021 | 0 responsáveis | 472/1686 (28.0%) | Falhas: 0
11:59:46 | INFO     | [11:59:46] ✅ DONE | 58362 | 0 responsáveis | 473/1686 (28.1%) | Falhas: 0
11:59:46 | INFO     | [11:59:46] ✅ DONE | 57961 | 0 responsáveis | 474/1686 (28.1%) | Falhas: 0
11:59:46 | INFO     | [11:59:46] ✅ DONE | 58627 | 0 responsáveis | 475/1686 (28.2%) | Falhas: 0
11:59:47 | INFO     | [11:59:47] ✅ DONE | 58688 | 0 responsáveis | 476/1686 (28.2%) | Falhas: 0
11:59:47 | INFO     | [11:59:47] ✅ DONE | 65548 | 0 responsáveis | 477/1686 (28.3%) | Falhas: 0
11:59:47 | INFO     | [11:59:47] ✅ DONE | 66167 | 0 responsáveis | 478/1686 (28.4%) | Falhas: 0
11:59:47 | INFO     | [11:59:47] ✅ DONE | 70315 | 0 responsáveis | 479/1686 (28.4%) | Falhas: 0
11:59:47 | INFO     | [11:59:47] ✅ DONE | 96439 | 0 responsáveis | 480/1686 (28.5%) | Falhas: 0
11:59:47 | INFO     | [11:59:47] ✅ DONE | 109518 | 0 responsáveis | 481/1686 (28.5%) | Falhas: 0
11:59:47 | INFO     | [11:59:47] ✅ DONE | 132086 | 0 responsáveis | 482/1686 (28.6%) | Falhas: 0
11:59:47 | INFO     | [11:59:47] ✅ DONE | 150365 | 0 responsáveis | 483/1686 (28.6%) | Falhas: 0
11:59:47 | INFO     | [11:59:47] ✅ DONE | 149719 | 0 responsáveis | 484/1686 (28.7%) | Falhas: 0
11:59:47 | INFO     | [11:59:47] ✅ DONE | 218384 | 0 responsáveis | 485/1686 (28.8%) | Falhas: 0
11:59:47 | INFO     | [11:59:47] ✅ DONE | 259817 | 0 responsáveis | 486/1686 (28.8%) | Falhas: 0
11:59:47 | INFO     | [11:59:47] ✅ DONE | 401769 | 0 responsáveis | 487/1686 (28.9%) | Falhas: 0
11:59:47 | INFO     | [11:59:47] ✅ DONE | 257710 | 0 responsáveis | 488/1686 (28.9%) | Falhas: 0
11:59:47 | INFO     | [11:59:47] ✅ DONE | 414374 | 0 responsáveis | 489/1686 (29.0%) | Falhas: 0
11:59:47 | INFO     | [11:59:47] ✅ DONE | 340799 | 0 responsáveis | 490/1686 (29.1%) | Falhas: 0
11:59:48 | INFO     | [11:59:48] ✅ DONE | 486346 | 0 responsáveis | 491/1686 (29.1%) | Falhas: 0
11:59:48 | INFO     | [11:59:48] ✅ DONE | 486558 | 0 responsáveis | 492/1686 (29.2%) | Falhas: 0
11:59:48 | INFO     | [11:59:48] ✅ DONE | 486964 | 0 responsáveis | 493/1686 (29.2%) | Falhas: 0
11:59:48 | INFO     | [11:59:48] ✅ DONE | 487688 | 0 responsáveis | 494/1686 (29.3%) | Falhas: 0
11:59:48 | INFO     | [11:59:48] ✅ DONE | 510300 | 0 responsáveis | 495/1686 (29.4%) | Falhas: 0
11:59:48 | INFO     | [11:59:48] ✅ DONE | 494471 | 0 responsáveis | 496/1686 (29.4%) | Falhas: 0
11:59:48 | INFO     | [11:59:48] ✅ DONE | 509673 | 0 responsáveis | 497/1686 (29.5%) | Falhas: 0
11:59:48 | INFO     | [11:59:48] ✅ DONE | 521859 | 0 responsáveis | 498/1686 (29.5%) | Falhas: 0
11:59:48 | INFO     | [11:59:48] ✅ DONE | 520392 | 0 responsáveis | 499/1686 (29.6%) | Falhas: 0
11:59:48 | INFO     | [11:59:48] ✅ DONE | 521786 | 0 responsáveis | 500/1686 (29.7%) | Falhas: 0
11:59:48 | INFO     | [11:59:48] ✅ DONE | 526948 | 0 responsáveis | 501/1686 (29.7%) | Falhas: 0
11:59:48 | INFO     | [11:59:48] ✅ DONE | 521948 | 0 responsáveis | 502/1686 (29.8%) | Falhas: 0
11:59:48 | INFO     | [11:59:48] ✅ DONE | 522058 | 0 responsáveis | 503/1686 (29.8%) | Falhas: 0
11:59:48 | INFO     | [11:59:48] ✅ DONE | 531780 | 0 responsáveis | 504/1686 (29.9%) | Falhas: 0
11:59:48 | INFO     | [11:59:48] ✅ DONE | 530328 | 0 responsáveis | 505/1686 (30.0%) | Falhas: 0
11:59:48 | INFO     | [11:59:48] ✅ DONE | 531781 | 0 responsáveis | 506/1686 (30.0%) | Falhas: 0
11:59:48 | INFO     | [11:59:48] ✅ DONE | 535654 | 0 responsáveis | 507/1686 (30.1%) | Falhas: 0
11:59:49 | INFO     | [11:59:49] ✅ DONE | 541027 | 0 responsáveis | 508/1686 (30.1%) | Falhas: 0
11:59:49 | INFO     | [11:59:49] ✅ DONE | 541047 | 0 responsáveis | 509/1686 (30.2%) | Falhas: 0
11:59:49 | INFO     | [11:59:49] ✅ DONE | 559642 | 0 responsáveis | 510/1686 (30.2%) | Falhas: 0
11:59:49 | INFO     | [11:59:49] ✅ DONE | 541037 | 0 responsáveis | 511/1686 (30.3%) | Falhas: 0
11:59:49 | INFO     | [11:59:49] ✅ DONE | 549428 | 0 responsáveis | 512/1686 (30.4%) | Falhas: 0
11:59:49 | INFO     | [11:59:49] ✅ DONE | 569657 | 0 responsáveis | 513/1686 (30.4%) | Falhas: 0
11:59:49 | INFO     | [11:59:49] ✅ DONE | 572389 | 0 responsáveis | 514/1686 (30.5%) | Falhas: 0
11:59:49 | INFO     | [11:59:49] ✅ DONE | 581522 | 0 responsáveis | 515/1686 (30.5%) | Falhas: 0
11:59:49 | INFO     | [11:59:49] ✅ DONE | 581834 | 0 responsáveis | 516/1686 (30.6%) | Falhas: 0
11:59:49 | INFO     | [11:59:49] ✅ DONE | 593298 | 0 responsáveis | 517/1686 (30.7%) | Falhas: 0
11:59:49 | INFO     | [11:59:49] ✅ DONE | 596711 | 0 responsáveis | 518/1686 (30.7%) | Falhas: 0
11:59:49 | INFO     | [11:59:49] ✅ DONE | 682339 | 0 responsáveis | 519/1686 (30.8%) | Falhas: 0
11:59:49 | INFO     | [11:59:49] ✅ DONE | 614690 | 0 responsáveis | 520/1686 (30.8%) | Falhas: 0
11:59:49 | INFO     | [11:59:49] ✅ DONE | 696315 | 0 responsáveis | 521/1686 (30.9%) | Falhas: 0
11:59:49 | INFO     | [11:59:49] ✅ DONE | 682623 | 0 responsáveis | 522/1686 (31.0%) | Falhas: 0
11:59:50 | INFO     | [11:59:50] ✅ DONE | 798909 | 0 responsáveis | 523/1686 (31.0%) | Falhas: 0
11:59:50 | INFO     | [11:59:50] ✅ DONE | 698181 | 0 responsáveis | 524/1686 (31.1%) | Falhas: 0
11:59:50 | INFO     | [11:59:50] ✅ DONE | 799923 | 0 responsáveis | 525/1686 (31.1%) | Falhas: 0
11:59:50 | INFO     | [11:59:50] ✅ DONE | 799911 | 0 responsáveis | 526/1686 (31.2%) | Falhas: 0
11:59:50 | INFO     | [11:59:50] ✅ DONE | 805052 | 0 responsáveis | 527/1686 (31.3%) | Falhas: 0
11:59:50 | INFO     | [11:59:50] ✅ DONE | 805730 | 0 responsáveis | 528/1686 (31.3%) | Falhas: 0
11:59:50 | INFO     | [11:59:50] ✅ DONE | 809916 | 0 responsáveis | 529/1686 (31.4%) | Falhas: 0
11:59:50 | INFO     | [11:59:50] ✅ DONE | 810297 | 0 responsáveis | 530/1686 (31.4%) | Falhas: 0
11:59:50 | INFO     | [11:59:50] ✅ DONE | 830813 | 0 responsáveis | 531/1686 (31.5%) | Falhas: 0
11:59:50 | INFO     | [11:59:50] ✅ DONE | 832969 | 0 responsáveis | 532/1686 (31.6%) | Falhas: 0
11:59:50 | INFO     | [11:59:50] ✅ DONE | 860785 | 0 responsáveis | 533/1686 (31.6%) | Falhas: 0
11:59:50 | INFO     | [11:59:50] ✅ DONE | 860757 | 0 responsáveis | 534/1686 (31.7%) | Falhas: 0
11:59:50 | INFO     | [11:59:50] ✅ DONE | 870652 | 0 responsáveis | 535/1686 (31.7%) | Falhas: 0
11:59:50 | INFO     | [11:59:50] ✅ DONE | 833095 | 0 responsáveis | 536/1686 (31.8%) | Falhas: 0
11:59:50 | INFO     | [11:59:50] ✅ DONE | 870757 | 0 responsáveis | 537/1686 (31.9%) | Falhas: 0
11:59:50 | INFO     | [11:59:50] ✅ DONE | 871399 | 0 responsáveis | 538/1686 (31.9%) | Falhas: 0
11:59:51 | INFO     | [11:59:51] ✅ DONE | 950347 | 0 responsáveis | 539/1686 (32.0%) | Falhas: 0
11:59:51 | INFO     | [11:59:51] ✅ DONE | 44226 | 0 responsáveis | 540/1686 (32.0%) | Falhas: 0
11:59:51 | INFO     | [11:59:51] ✅ DONE | 960532 | 0 responsáveis | 541/1686 (32.1%) | Falhas: 0
11:59:51 | INFO     | [11:59:51] ✅ DONE | 67440 | 0 responsáveis | 542/1686 (32.1%) | Falhas: 0
11:59:51 | INFO     | [11:59:51] ✅ DONE | 19735 | 0 responsáveis | 543/1686 (32.2%) | Falhas: 0
11:59:51 | INFO     | [11:59:51] ✅ DONE | 57891 | 0 responsáveis | 544/1686 (32.3%) | Falhas: 0
11:59:51 | INFO     | [11:59:51] ✅ DONE | 85096 | 0 responsáveis | 545/1686 (32.3%) | Falhas: 0
11:59:51 | INFO     | [11:59:51] ✅ DONE | 85612 | 1 responsáveis | 546/1686 (32.4%) | Falhas: 0
11:59:51 | INFO     | [11:59:51] ✅ DONE | 93401 | 0 responsáveis | 547/1686 (32.4%) | Falhas: 0
11:59:51 | INFO     | [11:59:51] ✅ DONE | 185451 | 0 responsáveis | 548/1686 (32.5%) | Falhas: 0
11:59:51 | INFO     | [11:59:51] ✅ DONE | 258331 | 0 responsáveis | 549/1686 (32.6%) | Falhas: 0
11:59:51 | INFO     | [11:59:51] ✅ DONE | 127864 | 0 responsáveis | 550/1686 (32.6%) | Falhas: 0
11:59:51 | INFO     | [11:59:51] ✅ DONE | 182540 | 0 responsáveis | 551/1686 (32.7%) | Falhas: 0
11:59:51 | INFO     | [11:59:51] ✅ DONE | 260522 | 0 responsáveis | 552/1686 (32.7%) | Falhas: 0
11:59:51 | INFO     | [11:59:51] ✅ DONE | 412300 | 0 responsáveis | 553/1686 (32.8%) | Falhas: 0
11:59:52 | INFO     | [11:59:52] ✅ DONE | 412311 | 0 responsáveis | 554/1686 (32.9%) | Falhas: 0
11:59:52 | INFO     | [11:59:52] ✅ DONE | 418708 | 2 responsáveis | 555/1686 (32.9%) | Falhas: 0
11:59:52 | INFO     | [11:59:52] ✅ DONE | 445050 | 0 responsáveis | 556/1686 (33.0%) | Falhas: 0
11:59:52 | INFO     | [11:59:52] ✅ DONE | 475800 | 0 responsáveis | 557/1686 (33.0%) | Falhas: 0
11:59:52 | INFO     | [11:59:52] ✅ DONE | 482435 | 0 responsáveis | 558/1686 (33.1%) | Falhas: 0
11:59:52 | INFO     | [11:59:52] ✅ DONE | 482449 | 0 responsáveis | 559/1686 (33.2%) | Falhas: 0
11:59:52 | INFO     | [11:59:52] ✅ DONE | 482474 | 0 responsáveis | 560/1686 (33.2%) | Falhas: 0
11:59:52 | INFO     | [11:59:52] ✅ DONE | 482471 | 0 responsáveis | 561/1686 (33.3%) | Falhas: 0
11:59:52 | INFO     | [11:59:52] ✅ DONE | 482487 | 0 responsáveis | 562/1686 (33.3%) | Falhas: 0
11:59:52 | INFO     | [11:59:52] ✅ DONE | 488119 | 0 responsáveis | 563/1686 (33.4%) | Falhas: 0
11:59:52 | INFO     | [11:59:52] ✅ DONE | 482509 | 0 responsáveis | 564/1686 (33.5%) | Falhas: 0
11:59:52 | INFO     | [11:59:52] ✅ DONE | 482497 | 0 responsáveis | 565/1686 (33.5%) | Falhas: 0
11:59:52 | INFO     | [11:59:52] ✅ DONE | 498605 | 0 responsáveis | 566/1686 (33.6%) | Falhas: 0
11:59:52 | INFO     | [11:59:52] ✅ DONE | 488128 | 0 responsáveis | 567/1686 (33.6%) | Falhas: 0
11:59:52 | INFO     | [11:59:52] ✅ DONE | 507281 | 0 responsáveis | 568/1686 (33.7%) | Falhas: 0
11:59:52 | INFO     | [11:59:52] ✅ DONE | 510253 | 0 responsáveis | 569/1686 (33.7%) | Falhas: 0
11:59:52 | INFO     | [11:59:52] ✅ DONE | 510303 | 0 responsáveis | 570/1686 (33.8%) | Falhas: 0
11:59:53 | INFO     | [11:59:53] ✅ DONE | 522689 | 0 responsáveis | 571/1686 (33.9%) | Falhas: 0
11:59:53 | INFO     | [11:59:53] ✅ DONE | 511783 | 1 responsáveis | 572/1686 (33.9%) | Falhas: 0
11:59:53 | INFO     | [11:59:53] ✅ DONE | 525747 | 0 responsáveis | 573/1686 (34.0%) | Falhas: 0
11:59:53 | INFO     | [11:59:53] ✅ DONE | 535033 | 0 responsáveis | 574/1686 (34.0%) | Falhas: 0
11:59:53 | INFO     | [11:59:53] ✅ DONE | 533740 | 0 responsáveis | 575/1686 (34.1%) | Falhas: 0
11:59:53 | INFO     | [11:59:53] ✅ DONE | 534681 | 0 responsáveis | 576/1686 (34.2%) | Falhas: 0
11:59:53 | INFO     | [11:59:53] ✅ DONE | 534673 | 0 responsáveis | 577/1686 (34.2%) | Falhas: 0
11:59:53 | INFO     | [11:59:53] ✅ DONE | 534685 | 0 responsáveis | 578/1686 (34.3%) | Falhas: 0
11:59:53 | INFO     | [11:59:53] ✅ DONE | 534662 | 0 responsáveis | 579/1686 (34.3%) | Falhas: 0
11:59:53 | INFO     | [11:59:53] ✅ DONE | 534659 | 0 responsáveis | 580/1686 (34.4%) | Falhas: 0
11:59:53 | INFO     | [11:59:53] ✅ DONE | 535878 | 8 responsáveis | 581/1686 (34.5%) | Falhas: 0
11:59:53 | INFO     | [11:59:53] ✅ DONE | 538916 | 1 responsáveis | 582/1686 (34.5%) | Falhas: 0
11:59:53 | INFO     | [11:59:53] ✅ DONE | 569256 | 0 responsáveis | 583/1686 (34.6%) | Falhas: 0
11:59:53 | INFO     | [11:59:53] ✅ DONE | 569393 | 0 responsáveis | 584/1686 (34.6%) | Falhas: 0
11:59:53 | INFO     | [11:59:53] ✅ DONE | 580924 | 0 responsáveis | 585/1686 (34.7%) | Falhas: 0
11:59:54 | INFO     | [11:59:54] ✅ DONE | 580985 | 0 responsáveis | 586/1686 (34.8%) | Falhas: 0
11:59:54 | INFO     | [11:59:54] ✅ DONE | 586533 | 0 responsáveis | 587/1686 (34.8%) | Falhas: 0
11:59:54 | INFO     | [11:59:54] ✅ DONE | 586564 | 0 responsáveis | 588/1686 (34.9%) | Falhas: 0
11:59:54 | INFO     | [11:59:54] ✅ DONE | 596331 | 0 responsáveis | 589/1686 (34.9%) | Falhas: 0
11:59:54 | INFO     | [11:59:54] ✅ DONE | 596862 | 0 responsáveis | 590/1686 (35.0%) | Falhas: 0
11:59:54 | INFO     | [11:59:54] ✅ DONE | 587802 | 3 responsáveis | 591/1686 (35.1%) | Falhas: 0
11:59:54 | INFO     | [11:59:54] ✅ DONE | 622910 | 0 responsáveis | 592/1686 (35.1%) | Falhas: 0
11:59:54 | INFO     | [11:59:54] ✅ DONE | 622911 | 0 responsáveis | 593/1686 (35.2%) | Falhas: 0
11:59:54 | INFO     | [11:59:54] ✅ DONE | 621695 | 0 responsáveis | 594/1686 (35.2%) | Falhas: 0
11:59:54 | INFO     | [11:59:54] ✅ DONE | 621698 | 0 responsáveis | 595/1686 (35.3%) | Falhas: 0
11:59:54 | INFO     | [11:59:54] ✅ DONE | 622912 | 0 responsáveis | 596/1686 (35.3%) | Falhas: 0
11:59:54 | INFO     | [11:59:54] ✅ DONE | 622914 | 0 responsáveis | 597/1686 (35.4%) | Falhas: 0
11:59:54 | INFO     | [11:59:54] ✅ DONE | 622913 | 0 responsáveis | 598/1686 (35.5%) | Falhas: 0
11:59:54 | INFO     | [11:59:54] ✅ DONE | 622915 | 0 responsáveis | 599/1686 (35.5%) | Falhas: 0
11:59:54 | INFO     | [11:59:54] ✅ DONE | 622916 | 0 responsáveis | 600/1686 (35.6%) | Falhas: 0
11:59:54 | INFO     | [11:59:54] ✅ DONE | 622918 | 0 responsáveis | 601/1686 (35.6%) | Falhas: 0
11:59:54 | INFO     | [11:59:54] ✅ DONE | 622919 | 0 responsáveis | 602/1686 (35.7%) | Falhas: 0
11:59:55 | INFO     | [11:59:55] ✅ DONE | 622917 | 0 responsáveis | 603/1686 (35.8%) | Falhas: 0
11:59:55 | INFO     | [11:59:55] ✅ DONE | 622920 | 0 responsáveis | 604/1686 (35.8%) | Falhas: 0
11:59:55 | INFO     | [11:59:55] ✅ DONE | 622921 | 0 responsáveis | 605/1686 (35.9%) | Falhas: 0
11:59:55 | INFO     | [11:59:55] ✅ DONE | 631832 | 0 responsáveis | 606/1686 (35.9%) | Falhas: 0
11:59:55 | INFO     | [11:59:55] ✅ DONE | 631852 | 0 responsáveis | 607/1686 (36.0%) | Falhas: 0
11:59:55 | INFO     | [11:59:55] ✅ DONE | 631861 | 0 responsáveis | 608/1686 (36.1%) | Falhas: 0
11:59:55 | INFO     | [11:59:55] ✅ DONE | 632069 | 0 responsáveis | 609/1686 (36.1%) | Falhas: 0
11:59:55 | INFO     | [11:59:55] ✅ DONE | 631923 | 0 responsáveis | 610/1686 (36.2%) | Falhas: 0
11:59:55 | INFO     | [11:59:55] ✅ DONE | 631879 | 0 responsáveis | 611/1686 (36.2%) | Falhas: 0
11:59:55 | INFO     | [11:59:55] ✅ DONE | 631913 | 0 responsáveis | 612/1686 (36.3%) | Falhas: 0
11:59:55 | INFO     | [11:59:55] ✅ DONE | 632076 | 0 responsáveis | 613/1686 (36.4%) | Falhas: 0
11:59:55 | INFO     | [11:59:55] ✅ DONE | 632359 | 0 responsáveis | 614/1686 (36.4%) | Falhas: 0
11:59:55 | INFO     | [11:59:55] ✅ DONE | 632352 | 0 responsáveis | 615/1686 (36.5%) | Falhas: 0
11:59:55 | INFO     | [11:59:55] ✅ DONE | 632299 | 0 responsáveis | 616/1686 (36.5%) | Falhas: 0
11:59:55 | INFO     | [11:59:55] ✅ DONE | 632071 | 0 responsáveis | 617/1686 (36.6%) | Falhas: 0
11:59:55 | INFO     | [11:59:55] ✅ DONE | 632316 | 0 responsáveis | 618/1686 (36.7%) | Falhas: 0
11:59:56 | INFO     | [11:59:56] ✅ DONE | 632385 | 0 responsáveis | 619/1686 (36.7%) | Falhas: 0
11:59:56 | INFO     | [11:59:56] ✅ DONE | 632364 | 0 responsáveis | 620/1686 (36.8%) | Falhas: 0
11:59:56 | INFO     | [11:59:56] ✅ DONE | 632418 | 0 responsáveis | 621/1686 (36.8%) | Falhas: 0
11:59:56 | INFO     | [11:59:56] ✅ DONE | 632428 | 0 responsáveis | 622/1686 (36.9%) | Falhas: 0
11:59:56 | INFO     | [11:59:56] ✅ DONE | 647263 | 0 responsáveis | 623/1686 (37.0%) | Falhas: 0
11:59:56 | INFO     | [11:59:56] ✅ DONE | 684007 | 0 responsáveis | 624/1686 (37.0%) | Falhas: 0
11:59:56 | INFO     | [11:59:56] ✅ DONE | 697077 | 0 responsáveis | 625/1686 (37.1%) | Falhas: 0
11:59:56 | INFO     | [11:59:56] ✅ DONE | 760489 | 0 responsáveis | 626/1686 (37.1%) | Falhas: 0
11:59:56 | INFO     | [11:59:56] ✅ DONE | 782526 | 0 responsáveis | 627/1686 (37.2%) | Falhas: 0
11:59:56 | INFO     | [11:59:56] ✅ DONE | 782522 | 0 responsáveis | 628/1686 (37.2%) | Falhas: 0
11:59:56 | INFO     | [11:59:56] ✅ DONE | 715784 | 0 responsáveis | 629/1686 (37.3%) | Falhas: 0
11:59:56 | INFO     | [11:59:56] ✅ DONE | 782430 | 0 responsáveis | 630/1686 (37.4%) | Falhas: 0
11:59:57 | INFO     | [11:59:57] ✅ DONE | 782538 | 0 responsáveis | 631/1686 (37.4%) | Falhas: 0
11:59:57 | INFO     | [11:59:57] ✅ DONE | 782564 | 0 responsáveis | 632/1686 (37.5%) | Falhas: 0
11:59:57 | INFO     | [11:59:57] ✅ DONE | 782466 | 0 responsáveis | 633/1686 (37.5%) | Falhas: 0
11:59:57 | INFO     | [11:59:57] ✅ DONE | 782568 | 0 responsáveis | 634/1686 (37.6%) | Falhas: 0
11:59:57 | INFO     | [11:59:57] ✅ DONE | 782578 | 0 responsáveis | 635/1686 (37.7%) | Falhas: 0
11:59:57 | INFO     | [11:59:57] ✅ DONE | 782571 | 0 responsáveis | 636/1686 (37.7%) | Falhas: 0
11:59:57 | INFO     | [11:59:57] ✅ DONE | 782600 | 0 responsáveis | 637/1686 (37.8%) | Falhas: 0
11:59:57 | INFO     | [11:59:57] ✅ DONE | 787725 | 0 responsáveis | 638/1686 (37.8%) | Falhas: 0
11:59:57 | INFO     | [11:59:57] ✅ DONE | 782615 | 0 responsáveis | 639/1686 (37.9%) | Falhas: 0
11:59:57 | INFO     | [11:59:57] ✅ DONE | 870188 | 0 responsáveis | 640/1686 (38.0%) | Falhas: 0
11:59:57 | INFO     | [11:59:57] ✅ DONE | 855625 | 0 responsáveis | 641/1686 (38.0%) | Falhas: 0
11:59:57 | INFO     | [11:59:57] ✅ DONE | 29912 | 0 responsáveis | 642/1686 (38.1%) | Falhas: 0
11:59:58 | INFO     | [11:59:58] ✅ DONE | 950216 | 0 responsáveis | 643/1686 (38.1%) | Falhas: 0
11:59:58 | INFO     | [11:59:58] ✅ DONE | 44098 | 0 responsáveis | 644/1686 (38.2%) | Falhas: 0
11:59:58 | INFO     | [11:59:58] ✅ DONE | 10341 | 0 responsáveis | 645/1686 (38.3%) | Falhas: 0
11:59:58 | INFO     | [11:59:58] ✅ DONE | 43981 | 0 responsáveis | 646/1686 (38.3%) | Falhas: 0
11:59:58 | INFO     | [11:59:58] ✅ DONE | 44225 | 0 responsáveis | 647/1686 (38.4%) | Falhas: 0
11:59:58 | INFO     | [11:59:58] ✅ DONE | 20780 | 0 responsáveis | 648/1686 (38.4%) | Falhas: 0
11:59:58 | INFO     | [11:59:58] ✅ DONE | 43166 | 0 responsáveis | 649/1686 (38.5%) | Falhas: 0
11:59:58 | INFO     | [11:59:58] ✅ DONE | 57613 | 0 responsáveis | 650/1686 (38.6%) | Falhas: 0
11:59:58 | INFO     | [11:59:58] ✅ DONE | 43652 | 0 responsáveis | 651/1686 (38.6%) | Falhas: 0
11:59:58 | INFO     | [11:59:58] ✅ DONE | 58093 | 0 responsáveis | 652/1686 (38.7%) | Falhas: 0
11:59:58 | INFO     | [11:59:58] ✅ DONE | 66168 | 1 responsáveis | 653/1686 (38.7%) | Falhas: 0
11:59:58 | INFO     | [11:59:58] ✅ DONE | 71773 | 0 responsáveis | 654/1686 (38.8%) | Falhas: 0
11:59:58 | INFO     | [11:59:58] ✅ DONE | 71928 | 0 responsáveis | 655/1686 (38.8%) | Falhas: 0
11:59:58 | INFO     | [11:59:58] ✅ DONE | 112143 | 2 responsáveis | 656/1686 (38.9%) | Falhas: 0
11:59:58 | INFO     | [11:59:58] ✅ DONE | 112178 | 1 responsáveis | 657/1686 (39.0%) | Falhas: 0
11:59:59 | INFO     | [11:59:59] ✅ DONE | 113680 | 0 responsáveis | 658/1686 (39.0%) | Falhas: 0
11:59:59 | INFO     | [11:59:59] ✅ DONE | 119923 | 0 responsáveis | 659/1686 (39.1%) | Falhas: 0
11:59:59 | INFO     | [11:59:59] ✅ DONE | 125761 | 0 responsáveis | 660/1686 (39.1%) | Falhas: 0
11:59:59 | INFO     | [11:59:59] ✅ DONE | 119920 | 1 responsáveis | 661/1686 (39.2%) | Falhas: 0
11:59:59 | INFO     | [11:59:59] ✅ DONE | 129632 | 0 responsáveis | 662/1686 (39.3%) | Falhas: 0
11:59:59 | INFO     | [11:59:59] ✅ DONE | 148393 | 2 responsáveis | 663/1686 (39.3%) | Falhas: 0
11:59:59 | INFO     | [11:59:59] ✅ DONE | 132961 | 0 responsáveis | 664/1686 (39.4%) | Falhas: 0
11:59:59 | INFO     | [11:59:59] ✅ DONE | 158780 | 1 responsáveis | 665/1686 (39.4%) | Falhas: 0
11:59:59 | INFO     | [11:59:59] ✅ DONE | 156820 | 2 responsáveis | 666/1686 (39.5%) | Falhas: 0
11:59:59 | INFO     | [11:59:59] ✅ DONE | 172217 | 1 responsáveis | 667/1686 (39.6%) | Falhas: 0
11:59:59 | INFO     | [11:59:59] ✅ DONE | 174935 | 0 responsáveis | 668/1686 (39.6%) | Falhas: 0
11:59:59 | INFO     | [11:59:59] ✅ DONE | 179009 | 0 responsáveis | 669/1686 (39.7%) | Falhas: 0
11:59:59 | INFO     | [11:59:59] ✅ DONE | 202015 | 0 responsáveis | 670/1686 (39.7%) | Falhas: 0
11:59:59 | INFO     | [11:59:59] ✅ DONE | 198178 | 0 responsáveis | 671/1686 (39.8%) | Falhas: 0
11:59:59 | INFO     | [11:59:59] ✅ DONE | 205876 | 0 responsáveis | 672/1686 (39.9%) | Falhas: 0
12:00:00 | INFO     | [12:00:00] ✅ DONE | 219219 | 0 responsáveis | 673/1686 (39.9%) | Falhas: 0
12:00:00 | INFO     | [12:00:00] ✅ DONE | 222460 | 0 responsáveis | 674/1686 (40.0%) | Falhas: 0
12:00:00 | INFO     | [12:00:00] ✅ DONE | 243448 | 1 responsáveis | 675/1686 (40.0%) | Falhas: 0
12:00:00 | INFO     | [12:00:00] ✅ DONE | 243664 | 0 responsáveis | 676/1686 (40.1%) | Falhas: 0
12:00:00 | INFO     | [12:00:00] ✅ DONE | 425036 | 1 responsáveis | 677/1686 (40.2%) | Falhas: 0
12:00:00 | INFO     | [12:00:00] ✅ DONE | 245500 | 0 responsáveis | 678/1686 (40.2%) | Falhas: 0
12:00:00 | INFO     | [12:00:00] ✅ DONE | 425040 | 1 responsáveis | 679/1686 (40.3%) | Falhas: 0
12:00:00 | INFO     | [12:00:00] ✅ DONE | 258558 | 1 responsáveis | 680/1686 (40.3%) | Falhas: 0
12:00:00 | INFO     | [12:00:00] ✅ DONE | 369035 | 0 responsáveis | 681/1686 (40.4%) | Falhas: 0
12:00:00 | INFO     | [12:00:00] ✅ DONE | 438903 | 1 responsáveis | 682/1686 (40.5%) | Falhas: 0
12:00:00 | INFO     | [12:00:00] ✅ DONE | 314143 | 2 responsáveis | 683/1686 (40.5%) | Falhas: 0
12:00:00 | INFO     | [12:00:00] ✅ DONE | 442930 | 0 responsáveis | 684/1686 (40.6%) | Falhas: 0
12:00:00 | INFO     | [12:00:00] ✅ DONE | 430044 | 1 responsáveis | 685/1686 (40.6%) | Falhas: 0
12:00:00 | INFO     | [12:00:00] ✅ DONE | 425039 | 1 responsáveis | 686/1686 (40.7%) | Falhas: 0
12:00:00 | INFO     | [12:00:00] ✅ DONE | 439247 | 0 responsáveis | 687/1686 (40.7%) | Falhas: 0
12:00:01 | INFO     | [12:00:01] ✅ DONE | 444856 | 0 responsáveis | 688/1686 (40.8%) | Falhas: 0
12:00:01 | INFO     | [12:00:01] ✅ DONE | 446240 | 1 responsáveis | 689/1686 (40.9%) | Falhas: 0
12:00:01 | INFO     | [12:00:01] ✅ DONE | 446242 | 1 responsáveis | 690/1686 (40.9%) | Falhas: 0
12:00:01 | INFO     | [12:00:01] ✅ DONE | 449901 | 0 responsáveis | 691/1686 (41.0%) | Falhas: 0
12:00:01 | INFO     | [12:00:01] ✅ DONE | 446241 | 1 responsáveis | 692/1686 (41.0%) | Falhas: 0
12:00:01 | INFO     | [12:00:01] ✅ DONE | 451084 | 0 responsáveis | 693/1686 (41.1%) | Falhas: 0
12:00:01 | INFO     | [12:00:01] ✅ DONE | 482816 | 0 responsáveis | 694/1686 (41.2%) | Falhas: 0
12:00:01 | INFO     | [12:00:01] ✅ DONE | 488496 | 0 responsáveis | 695/1686 (41.2%) | Falhas: 0
12:00:01 | INFO     | [12:00:01] ✅ DONE | 465880 | 1 responsáveis | 696/1686 (41.3%) | Falhas: 0
12:00:01 | INFO     | [12:00:01] ✅ DONE | 476289 | 1 responsáveis | 697/1686 (41.3%) | Falhas: 0
12:00:01 | INFO     | [12:00:01] ✅ DONE | 487966 | 0 responsáveis | 698/1686 (41.4%) | Falhas: 0
12:00:01 | INFO     | [12:00:01] ✅ DONE | 482496 | 0 responsáveis | 699/1686 (41.5%) | Falhas: 0
12:00:01 | INFO     | [12:00:01] ✅ DONE | 494259 | 0 responsáveis | 700/1686 (41.5%) | Falhas: 0
12:00:01 | INFO     | [12:00:01] ✅ DONE | 482228 | 0 responsáveis | 701/1686 (41.6%) | Falhas: 0
12:00:02 | INFO     | [12:00:02] ✅ DONE | 491260 | 0 responsáveis | 702/1686 (41.6%) | Falhas: 0
12:00:02 | INFO     | [12:00:02] ✅ DONE | 494283 | 0 responsáveis | 703/1686 (41.7%) | Falhas: 0
12:00:02 | INFO     | [12:00:02] ✅ DONE | 495321 | 0 responsáveis | 704/1686 (41.8%) | Falhas: 0
12:00:02 | INFO     | [12:00:02] ✅ DONE | 522210 | 3 responsáveis | 705/1686 (41.8%) | Falhas: 0
12:00:02 | INFO     | [12:00:02] ✅ DONE | 509833 | 0 responsáveis | 706/1686 (41.9%) | Falhas: 0
12:00:02 | INFO     | [12:00:02] ✅ DONE | 504447 | 0 responsáveis | 707/1686 (41.9%) | Falhas: 0
12:00:02 | INFO     | [12:00:02] ✅ DONE | 532707 | 0 responsáveis | 708/1686 (42.0%) | Falhas: 0
12:00:02 | INFO     | [12:00:02] ✅ DONE | 591373 | 0 responsáveis | 709/1686 (42.1%) | Falhas: 0
12:00:03 | INFO     | [12:00:03] ✅ DONE | 605556 | 0 responsáveis | 710/1686 (42.1%) | Falhas: 0
12:00:03 | INFO     | [12:00:03] ✅ DONE | 591049 | 0 responsáveis | 711/1686 (42.2%) | Falhas: 0
12:00:03 | INFO     | [12:00:03] ❌ ERRO_404 | 665391 | 712/1686 (42.2%) | Falhas: 1
12:00:03 | INFO     | [12:00:03] ✅ DONE | 596518 | 0 responsáveis | 713/1686 (42.3%) | Falhas: 1
12:00:03 | INFO     | [12:00:03] ✅ DONE | 597488 | 0 responsáveis | 714/1686 (42.3%) | Falhas: 1
12:00:03 | INFO     | [12:00:03] ❌ ERRO_404 | 564674 | 715/1686 (42.4%) | Falhas: 2
12:00:03 | INFO     | [12:00:03] ❌ ERRO_404 | 547109 | 716/1686 (42.5%) | Falhas: 3
12:00:03 | INFO     | [12:00:03] ❌ ERRO_404 | 690248 | 717/1686 (42.5%) | Falhas: 4
12:00:03 | INFO     | [12:00:03] ❌ ERRO_404 | 636955 | 718/1686 (42.6%) | Falhas: 5
12:00:03 | INFO     | [12:00:03] ❌ ERRO_404 | 665281 | 719/1686 (42.6%) | Falhas: 6
12:00:03 | INFO     | [12:00:03] ❌ ERRO_404 | 700662 | 720/1686 (42.7%) | Falhas: 7
12:00:03 | INFO     | [12:00:03] ❌ ERRO_404 | 743110 | 721/1686 (42.8%) | Falhas: 8
12:00:03 | INFO     | [12:00:03] ❌ ERRO_404 | 757511 | 722/1686 (42.8%) | Falhas: 9
12:00:03 | INFO     | [12:00:03] ❌ ERRO_404 | 698023 | 723/1686 (42.9%) | Falhas: 10
12:00:03 | INFO     | [12:00:03] ❌ ERRO_404 | 704639 | 724/1686 (42.9%) | Falhas: 11
12:00:03 | INFO     | [12:00:03] ❌ ERRO_404 | 764393 | 725/1686 (43.0%) | Falhas: 12
12:00:03 | INFO     | [12:00:03] ❌ ERRO_404 | 785536 | 726/1686 (43.1%) | Falhas: 13
12:00:03 | INFO     | [12:00:03] ❌ ERRO_404 | 791398 | 727/1686 (43.1%) | Falhas: 14
12:00:04 | INFO     | [12:00:04] ❌ ERRO_404 | 791400 | 728/1686 (43.2%) | Falhas: 15
12:00:04 | INFO     | [12:00:04] ❌ ERRO_404 | 791399 | 729/1686 (43.2%) | Falhas: 16
12:00:04 | INFO     | [12:00:04] ❌ ERRO_404 | 793927 | 730/1686 (43.3%) | Falhas: 17
12:00:04 | INFO     | [12:00:04] ❌ ERRO_404 | 795761 | 731/1686 (43.4%) | Falhas: 18
12:00:04 | INFO     | [12:00:04] ❌ ERRO_404 | 793928 | 732/1686 (43.4%) | Falhas: 19
12:00:04 | INFO     | [12:00:04] ❌ ERRO_404 | 802994 | 733/1686 (43.5%) | Falhas: 20
12:00:04 | INFO     | [12:00:04] ❌ ERRO_404 | 806376 | 734/1686 (43.5%) | Falhas: 21
12:00:04 | INFO     | [12:00:04] ❌ ERRO_404 | 806377 | 735/1686 (43.6%) | Falhas: 22
12:00:04 | INFO     | [12:00:04] ❌ ERRO_404 | 806379 | 736/1686 (43.7%) | Falhas: 23
12:00:04 | INFO     | [12:00:04] ❌ ERRO_404 | 806378 | 737/1686 (43.7%) | Falhas: 24
12:00:04 | INFO     | [12:00:04] ❌ ERRO_404 | 815513 | 738/1686 (43.8%) | Falhas: 25
12:00:04 | INFO     | [12:00:04] ❌ ERRO_404 | 815514 | 739/1686 (43.8%) | Falhas: 26
12:00:04 | INFO     | [12:00:04] ❌ ERRO_404 | 823229 | 740/1686 (43.9%) | Falhas: 27
12:00:04 | INFO     | [12:00:04] ❌ ERRO_404 | 823231 | 741/1686 (44.0%) | Falhas: 28
12:00:04 | INFO     | [12:00:04] ❌ ERRO_404 | 823230 | 742/1686 (44.0%) | Falhas: 29
12:00:04 | INFO     | [12:00:04] ❌ ERRO_404 | 823232 | 743/1686 (44.1%) | Falhas: 30
12:00:04 | INFO     | [12:00:04] ❌ ERRO_404 | 836281 | 744/1686 (44.1%) | Falhas: 31
12:00:04 | INFO     | [12:00:04] ❌ ERRO_404 | 836283 | 745/1686 (44.2%) | Falhas: 32
12:00:04 | INFO     | [12:00:04] ❌ ERRO_404 | 838415 | 746/1686 (44.2%) | Falhas: 33
12:00:05 | INFO     | [12:00:05] ❌ ERRO_404 | 836282 | 747/1686 (44.3%) | Falhas: 34
12:00:05 | INFO     | [12:00:05] ❌ ERRO_404 | 857287 | 748/1686 (44.4%) | Falhas: 35
12:00:05 | INFO     | [12:00:05] ❌ ERRO_404 | 857288 | 749/1686 (44.4%) | Falhas: 36
12:00:05 | INFO     | [12:00:05] ❌ ERRO_404 | 867078 | 750/1686 (44.5%) | Falhas: 37
12:00:05 | INFO     | [12:00:05] ❌ ERRO_404 | 857289 | 751/1686 (44.5%) | Falhas: 38
12:00:05 | INFO     | [12:00:05] ❌ ERRO_404 | 895832 | 752/1686 (44.6%) | Falhas: 39
12:00:05 | INFO     | [12:00:05] ❌ ERRO_404 | 902859 | 753/1686 (44.7%) | Falhas: 40
12:00:05 | INFO     | [12:00:05] ❌ ERRO_404 | 902894 | 754/1686 (44.7%) | Falhas: 41
12:00:05 | INFO     | [12:00:05] ❌ ERRO_404 | 902904 | 755/1686 (44.8%) | Falhas: 42
12:00:05 | INFO     | [12:00:05] ❌ ERRO_404 | 907788 | 756/1686 (44.8%) | Falhas: 43
12:00:05 | INFO     | [12:00:05] ❌ ERRO_404 | 920294 | 757/1686 (44.9%) | Falhas: 44
12:00:05 | INFO     | [12:00:05] ❌ ERRO_404 | 926556 | 758/1686 (45.0%) | Falhas: 45
12:00:05 | INFO     | [12:00:05] ❌ ERRO_404 | 922010 | 759/1686 (45.0%) | Falhas: 46
12:00:05 | INFO     | [12:00:05] ❌ ERRO_404 | 932457 | 760/1686 (45.1%) | Falhas: 47
12:00:05 | INFO     | [12:00:05] ❌ ERRO_404 | 942592 | 761/1686 (45.1%) | Falhas: 48
12:00:05 | INFO     | [12:00:05] ❌ ERRO_404 | 951563 | 762/1686 (45.2%) | Falhas: 49
12:00:05 | INFO     | [12:00:05] ❌ ERRO_404 | 29365 | 763/1686 (45.3%) | Falhas: 50
12:00:06 | INFO     | [12:00:06] ❌ ERRO_404 | 88680 | 764/1686 (45.3%) | Falhas: 51
12:00:06 | INFO     | [12:00:06] ❌ ERRO_404 | 113995 | 765/1686 (45.4%) | Falhas: 52
12:00:06 | INFO     | [12:00:06] ❌ ERRO_404 | 164359 | 766/1686 (45.4%) | Falhas: 53
12:00:06 | INFO     | [12:00:06] ❌ ERRO_404 | 189314 | 767/1686 (45.5%) | Falhas: 54
12:00:06 | INFO     | [12:00:06] ❌ ERRO_404 | 168940 | 768/1686 (45.6%) | Falhas: 55
12:00:06 | INFO     | [12:00:06] ❌ ERRO_404 | 208144 | 769/1686 (45.6%) | Falhas: 56
12:00:06 | INFO     | [12:00:06] ❌ ERRO_404 | 233894 | 770/1686 (45.7%) | Falhas: 57
12:00:06 | INFO     | [12:00:06] ❌ ERRO_404 | 258935 | 771/1686 (45.7%) | Falhas: 58
12:00:06 | INFO     | [12:00:06] ❌ ERRO_404 | 259545 | 772/1686 (45.8%) | Falhas: 59
12:00:06 | INFO     | [12:00:06] ❌ ERRO_404 | 317330 | 773/1686 (45.8%) | Falhas: 60
12:00:06 | INFO     | [12:00:06] ❌ ERRO_404 | 309915 | 774/1686 (45.9%) | Falhas: 61
12:00:06 | INFO     | [12:00:06] ❌ ERRO_404 | 399523 | 775/1686 (46.0%) | Falhas: 62
12:00:06 | INFO     | [12:00:06] ❌ ERRO_404 | 430157 | 776/1686 (46.0%) | Falhas: 63
12:00:06 | INFO     | [12:00:06] ❌ ERRO_404 | 446442 | 777/1686 (46.1%) | Falhas: 64
12:00:06 | INFO     | [12:00:06] ❌ ERRO_404 | 446616 | 778/1686 (46.1%) | Falhas: 65
12:00:06 | INFO     | [12:00:06] ❌ ERRO_404 | 447567 | 779/1686 (46.2%) | Falhas: 66
12:00:07 | INFO     | [12:00:07] ❌ ERRO_404 | 447575 | 780/1686 (46.3%) | Falhas: 67
12:00:07 | INFO     | [12:00:07] ❌ ERRO_404 | 447577 | 781/1686 (46.3%) | Falhas: 68
12:00:07 | INFO     | [12:00:07] ❌ ERRO_404 | 447576 | 782/1686 (46.4%) | Falhas: 69
12:00:07 | INFO     | [12:00:07] ❌ ERRO_404 | 447578 | 783/1686 (46.4%) | Falhas: 70
12:00:07 | INFO     | [12:00:07] ❌ ERRO_404 | 447579 | 784/1686 (46.5%) | Falhas: 71
12:00:07 | INFO     | [12:00:07] ❌ ERRO_404 | 447580 | 785/1686 (46.6%) | Falhas: 72
12:00:07 | INFO     | [12:00:07] ❌ ERRO_404 | 447583 | 786/1686 (46.6%) | Falhas: 73
12:00:07 | INFO     | [12:00:07] ❌ ERRO_404 | 447584 | 787/1686 (46.7%) | Falhas: 74
12:00:07 | INFO     | [12:00:07] ❌ ERRO_404 | 447582 | 788/1686 (46.7%) | Falhas: 75
12:00:07 | INFO     | [12:00:07] ❌ ERRO_404 | 447581 | 789/1686 (46.8%) | Falhas: 76
12:00:07 | INFO     | [12:00:07] ❌ ERRO_404 | 447585 | 790/1686 (46.9%) | Falhas: 77
12:00:07 | INFO     | [12:00:07] ❌ ERRO_404 | 447586 | 791/1686 (46.9%) | Falhas: 78
12:00:07 | INFO     | [12:00:07] ❌ ERRO_404 | 447587 | 792/1686 (47.0%) | Falhas: 79
12:00:07 | INFO     | [12:00:07] ❌ ERRO_404 | 457721 | 793/1686 (47.0%) | Falhas: 80
12:00:07 | INFO     | [12:00:07] ❌ ERRO_404 | 456003 | 794/1686 (47.1%) | Falhas: 81
12:00:08 | INFO     | [12:00:08] ❌ ERRO_404 | 461486 | 795/1686 (47.2%) | Falhas: 82
12:00:08 | INFO     | [12:00:08] ❌ ERRO_404 | 475903 | 796/1686 (47.2%) | Falhas: 83
12:00:08 | INFO     | [12:00:08] ❌ ERRO_404 | 485091 | 797/1686 (47.3%) | Falhas: 84
12:00:08 | INFO     | [12:00:08] ❌ ERRO_404 | 480080 | 798/1686 (47.3%) | Falhas: 85
12:00:08 | INFO     | [12:00:08] ❌ ERRO_404 | 484998 | 799/1686 (47.4%) | Falhas: 86
12:00:08 | INFO     | [12:00:08] ❌ ERRO_404 | 485403 | 800/1686 (47.4%) | Falhas: 87
12:00:08 | INFO     | [12:00:08] ❌ ERRO_404 | 488264 | 801/1686 (47.5%) | Falhas: 88
12:00:08 | INFO     | [12:00:08] ❌ ERRO_404 | 485557 | 802/1686 (47.6%) | Falhas: 89
12:00:08 | INFO     | [12:00:08] ❌ ERRO_404 | 500090 | 803/1686 (47.6%) | Falhas: 90
12:00:08 | INFO     | [12:00:08] ❌ ERRO_404 | 491846 | 804/1686 (47.7%) | Falhas: 91
12:00:08 | INFO     | [12:00:08] ❌ ERRO_404 | 501416 | 805/1686 (47.7%) | Falhas: 92
12:00:09 | INFO     | [12:00:09] ❌ ERRO_404 | 523118 | 806/1686 (47.8%) | Falhas: 93
12:00:09 | INFO     | [12:00:09] ❌ ERRO_404 | 506115 | 807/1686 (47.9%) | Falhas: 94
12:00:09 | INFO     | [12:00:09] ❌ ERRO_404 | 513653 | 808/1686 (47.9%) | Falhas: 95
12:00:09 | INFO     | [12:00:09] ❌ ERRO_404 | 532566 | 809/1686 (48.0%) | Falhas: 96
12:00:09 | INFO     | [12:00:09] ❌ ERRO_404 | 532473 | 810/1686 (48.0%) | Falhas: 97
12:00:09 | INFO     | [12:00:09] ❌ ERRO_404 | 541291 | 811/1686 (48.1%) | Falhas: 98
12:00:09 | INFO     | [12:00:09] ❌ ERRO_404 | 540287 | 812/1686 (48.2%) | Falhas: 99
12:00:09 | INFO     | [12:00:09] ❌ ERRO_404 | 548082 | 813/1686 (48.2%) | Falhas: 100
12:00:09 | INFO     | [12:00:09] ❌ ERRO_404 | 568904 | 814/1686 (48.3%) | Falhas: 101
12:00:09 | INFO     | [12:00:09] ❌ ERRO_404 | 561633 | 815/1686 (48.3%) | Falhas: 102
12:00:09 | INFO     | [12:00:09] ❌ ERRO_404 | 568906 | 816/1686 (48.4%) | Falhas: 103
12:00:09 | INFO     | [12:00:09] ❌ ERRO_404 | 568908 | 817/1686 (48.5%) | Falhas: 104
12:00:09 | INFO     | [12:00:09] ❌ ERRO_404 | 573272 | 818/1686 (48.5%) | Falhas: 105
12:00:09 | INFO     | [12:00:09] ❌ ERRO_404 | 559042 | 819/1686 (48.6%) | Falhas: 106
12:00:09 | INFO     | [12:00:09] ❌ ERRO_404 | 575301 | 820/1686 (48.6%) | Falhas: 107
12:00:10 | INFO     | [12:00:10] ❌ ERRO_404 | 575316 | 821/1686 (48.7%) | Falhas: 108
12:00:10 | INFO     | [12:00:10] ❌ ERRO_404 | 584182 | 822/1686 (48.8%) | Falhas: 109
12:00:10 | INFO     | [12:00:10] ❌ ERRO_404 | 580338 | 823/1686 (48.8%) | Falhas: 110
12:00:10 | INFO     | [12:00:10] ❌ ERRO_404 | 591501 | 824/1686 (48.9%) | Falhas: 111
12:00:10 | INFO     | [12:00:10] ❌ ERRO_404 | 706202 | 825/1686 (48.9%) | Falhas: 112
12:00:10 | INFO     | [12:00:10] ❌ ERRO_404 | 594201 | 826/1686 (49.0%) | Falhas: 113
12:00:10 | INFO     | [12:00:10] ❌ ERRO_404 | 616289 | 827/1686 (49.1%) | Falhas: 114
12:00:10 | INFO     | [12:00:10] ❌ ERRO_404 | 712318 | 828/1686 (49.1%) | Falhas: 115
12:00:10 | INFO     | [12:00:10] ❌ ERRO_404 | 724134 | 829/1686 (49.2%) | Falhas: 116
12:00:10 | INFO     | [12:00:10] ❌ ERRO_404 | 725107 | 830/1686 (49.2%) | Falhas: 117
12:00:10 | INFO     | [12:00:10] ❌ ERRO_404 | 734369 | 831/1686 (49.3%) | Falhas: 118
12:00:10 | INFO     | [12:00:10] ❌ ERRO_404 | 729792 | 832/1686 (49.3%) | Falhas: 119
12:00:10 | INFO     | [12:00:10] ❌ ERRO_404 | 751128 | 833/1686 (49.4%) | Falhas: 120
12:00:10 | INFO     | [12:00:10] ❌ ERRO_404 | 736665 | 834/1686 (49.5%) | Falhas: 121
12:00:10 | INFO     | [12:00:10] ❌ ERRO_404 | 752615 | 835/1686 (49.5%) | Falhas: 122
12:00:10 | INFO     | [12:00:10] ❌ ERRO_404 | 773226 | 836/1686 (49.6%) | Falhas: 123
12:00:10 | INFO     | [12:00:10] ❌ ERRO_404 | 773305 | 837/1686 (49.6%) | Falhas: 124
12:00:10 | INFO     | [12:00:10] ❌ ERRO_404 | 778433 | 838/1686 (49.7%) | Falhas: 125
12:00:10 | INFO     | [12:00:10] ❌ ERRO_404 | 776797 | 839/1686 (49.8%) | Falhas: 126
12:00:11 | INFO     | [12:00:11] ❌ ERRO_404 | 809741 | 840/1686 (49.8%) | Falhas: 127
12:00:11 | INFO     | [12:00:11] ❌ ERRO_404 | 822185 | 841/1686 (49.9%) | Falhas: 128
12:00:11 | INFO     | [12:00:11] ❌ ERRO_404 | 826022 | 842/1686 (49.9%) | Falhas: 129
12:00:11 | INFO     | [12:00:11] ❌ ERRO_404 | 833230 | 843/1686 (50.0%) | Falhas: 130
12:00:11 | INFO     | [12:00:11] ❌ ERRO_404 | 848634 | 844/1686 (50.1%) | Falhas: 131
12:00:11 | INFO     | [12:00:11] ❌ ERRO_404 | 833219 | 845/1686 (50.1%) | Falhas: 132
12:00:11 | INFO     | [12:00:11] ❌ ERRO_404 | 837285 | 846/1686 (50.2%) | Falhas: 133
12:00:11 | INFO     | [12:00:11] ❌ ERRO_404 | 850260 | 847/1686 (50.2%) | Falhas: 134
12:00:11 | INFO     | [12:00:11] ❌ ERRO_404 | 842989 | 848/1686 (50.3%) | Falhas: 135
12:00:11 | INFO     | [12:00:11] ❌ ERRO_404 | 860456 | 849/1686 (50.4%) | Falhas: 136
12:00:11 | INFO     | [12:00:11] ❌ ERRO_404 | 871620 | 850/1686 (50.4%) | Falhas: 137
12:00:11 | INFO     | [12:00:11] ❌ ERRO_404 | 894610 | 851/1686 (50.5%) | Falhas: 138
12:00:11 | INFO     | [12:00:11] ❌ ERRO_404 | 929226 | 852/1686 (50.5%) | Falhas: 139
12:00:11 | INFO     | [12:00:11] ❌ ERRO_404 | 929537 | 853/1686 (50.6%) | Falhas: 140
12:00:11 | INFO     | [12:00:11] ❌ ERRO_404 | 934137 | 854/1686 (50.7%) | Falhas: 141
12:00:11 | INFO     | [12:00:11] ❌ ERRO_404 | 943831 | 855/1686 (50.7%) | Falhas: 142
12:00:11 | INFO     | [12:00:11] ❌ ERRO_404 | 948323 | 856/1686 (50.8%) | Falhas: 143
12:00:11 | INFO     | [12:00:11] ❌ ERRO_404 | 952575 | 857/1686 (50.8%) | Falhas: 144
12:00:12 | INFO     | [12:00:12] ❌ ERRO_404 | 10342 | 858/1686 (50.9%) | Falhas: 145
12:00:12 | INFO     | [12:00:12] ❌ ERRO_404 | 26827 | 859/1686 (50.9%) | Falhas: 146
12:00:12 | INFO     | [12:00:12] ❌ ERRO_404 | 20559 | 860/1686 (51.0%) | Falhas: 147
12:00:12 | INFO     | [12:00:12] ❌ ERRO_404 | 29852 | 861/1686 (51.1%) | Falhas: 148
12:00:12 | INFO     | [12:00:12] ❌ ERRO_404 | 14953 | 862/1686 (51.1%) | Falhas: 149
12:00:12 | INFO     | [12:00:12] ❌ ERRO_404 | 29851 | 863/1686 (51.2%) | Falhas: 150
12:00:12 | INFO     | [12:00:12] ❌ ERRO_404 | 21812 | 864/1686 (51.2%) | Falhas: 151
12:00:12 | INFO     | [12:00:12] ❌ ERRO_404 | 29915 | 865/1686 (51.3%) | Falhas: 152
12:00:12 | INFO     | [12:00:12] ❌ ERRO_404 | 72020 | 866/1686 (51.4%) | Falhas: 153
12:00:12 | INFO     | [12:00:12] ❌ ERRO_404 | 82432 | 867/1686 (51.4%) | Falhas: 154
12:00:12 | INFO     | [12:00:12] ❌ ERRO_404 | 119715 | 868/1686 (51.5%) | Falhas: 155
12:00:12 | INFO     | [12:00:12] ❌ ERRO_404 | 120576 | 869/1686 (51.5%) | Falhas: 156
12:00:12 | INFO     | [12:00:12] ❌ ERRO_404 | 144476 | 870/1686 (51.6%) | Falhas: 157
12:00:12 | INFO     | [12:00:12] ❌ ERRO_404 | 147490 | 871/1686 (51.7%) | Falhas: 158
12:00:12 | INFO     | [12:00:12] ❌ ERRO_404 | 145634 | 872/1686 (51.7%) | Falhas: 159
12:00:12 | INFO     | [12:00:12] ❌ ERRO_404 | 157052 | 873/1686 (51.8%) | Falhas: 160
12:00:12 | INFO     | [12:00:12] ❌ ERRO_404 | 173787 | 874/1686 (51.8%) | Falhas: 161
12:00:12 | INFO     | [12:00:12] ❌ ERRO_404 | 446589 | 875/1686 (51.9%) | Falhas: 162
12:00:12 | INFO     | [12:00:12] ❌ ERRO_404 | 254798 | 876/1686 (52.0%) | Falhas: 163
12:00:12 | INFO     | [12:00:12] ❌ ERRO_404 | 446209 | 877/1686 (52.0%) | Falhas: 164
12:00:12 | INFO     | [12:00:12] ❌ ERRO_404 | 174778 | 878/1686 (52.1%) | Falhas: 165
12:00:12 | INFO     | [12:00:12] ❌ ERRO_404 | 206208 | 879/1686 (52.1%) | Falhas: 166
12:00:12 | INFO     | [12:00:12] ❌ ERRO_404 | 450466 | 880/1686 (52.2%) | Falhas: 167
12:00:13 | INFO     | [12:00:13] ❌ ERRO_404 | 451530 | 881/1686 (52.3%) | Falhas: 168
12:00:13 | INFO     | [12:00:13] ❌ ERRO_404 | 451662 | 882/1686 (52.3%) | Falhas: 169
12:00:13 | INFO     | [12:00:13] ❌ ERRO_404 | 451742 | 883/1686 (52.4%) | Falhas: 170
12:00:13 | INFO     | [12:00:13] ❌ ERRO_404 | 451874 | 884/1686 (52.4%) | Falhas: 171
12:00:13 | INFO     | [12:00:13] ❌ ERRO_404 | 451963 | 885/1686 (52.5%) | Falhas: 172
12:00:13 | INFO     | [12:00:13] ❌ ERRO_404 | 452131 | 886/1686 (52.6%) | Falhas: 173
12:00:13 | INFO     | [12:00:13] ❌ ERRO_404 | 452708 | 887/1686 (52.6%) | Falhas: 174
12:00:13 | INFO     | [12:00:13] ❌ ERRO_404 | 452712 | 888/1686 (52.7%) | Falhas: 175
12:00:13 | INFO     | [12:00:13] ❌ ERRO_404 | 471443 | 889/1686 (52.7%) | Falhas: 176
12:00:13 | INFO     | [12:00:13] ❌ ERRO_404 | 483875 | 890/1686 (52.8%) | Falhas: 177
12:00:13 | INFO     | [12:00:13] ❌ ERRO_404 | 471390 | 891/1686 (52.8%) | Falhas: 178
12:00:13 | INFO     | [12:00:13] ❌ ERRO_404 | 479340 | 892/1686 (52.9%) | Falhas: 179
12:00:13 | INFO     | [12:00:13] ❌ ERRO_404 | 479725 | 893/1686 (53.0%) | Falhas: 180
12:00:13 | INFO     | [12:00:13] ❌ ERRO_404 | 484344 | 894/1686 (53.0%) | Falhas: 181
12:00:13 | INFO     | [12:00:13] ❌ ERRO_404 | 483888 | 895/1686 (53.1%) | Falhas: 182
12:00:14 | INFO     | [12:00:14] ❌ ERRO_404 | 495093 | 896/1686 (53.1%) | Falhas: 183
12:00:14 | INFO     | [12:00:14] ❌ ERRO_404 | 486149 | 897/1686 (53.2%) | Falhas: 184
12:00:14 | INFO     | [12:00:14] ❌ ERRO_404 | 499114 | 898/1686 (53.3%) | Falhas: 185
12:00:14 | INFO     | [12:00:14] ❌ ERRO_404 | 500050 | 899/1686 (53.3%) | Falhas: 186
12:00:14 | INFO     | [12:00:14] ❌ ERRO_404 | 500213 | 900/1686 (53.4%) | Falhas: 187
12:00:14 | INFO     | [12:00:14] ❌ ERRO_404 | 520408 | 901/1686 (53.4%) | Falhas: 188
12:00:14 | INFO     | [12:00:14] ❌ ERRO_404 | 531486 | 902/1686 (53.5%) | Falhas: 189
12:00:14 | INFO     | [12:00:14] ❌ ERRO_404 | 559219 | 903/1686 (53.6%) | Falhas: 190
12:00:14 | INFO     | [12:00:14] ❌ ERRO_404 | 565567 | 904/1686 (53.6%) | Falhas: 191
12:00:14 | INFO     | [12:00:14] ❌ ERRO_404 | 577280 | 905/1686 (53.7%) | Falhas: 192
12:00:14 | INFO     | [12:00:14] ❌ ERRO_404 | 566432 | 906/1686 (53.7%) | Falhas: 193
12:00:14 | INFO     | [12:00:14] ❌ ERRO_404 | 577169 | 907/1686 (53.8%) | Falhas: 194
12:00:14 | INFO     | [12:00:14] ❌ ERRO_404 | 615323 | 908/1686 (53.9%) | Falhas: 195
12:00:14 | INFO     | [12:00:14] ❌ ERRO_404 | 585317 | 909/1686 (53.9%) | Falhas: 196
12:00:14 | INFO     | [12:00:14] ❌ ERRO_404 | 609937 | 910/1686 (54.0%) | Falhas: 197
12:00:14 | INFO     | [12:00:14] ❌ ERRO_404 | 639389 | 911/1686 (54.0%) | Falhas: 198
12:00:14 | INFO     | [12:00:14] ❌ ERRO_404 | 656499 | 912/1686 (54.1%) | Falhas: 199
12:00:14 | INFO     | [12:00:14] ❌ ERRO_404 | 669647 | 913/1686 (54.2%) | Falhas: 200
12:00:14 | INFO     | [12:00:14] ❌ ERRO_404 | 694791 | 914/1686 (54.2%) | Falhas: 201
12:00:15 | INFO     | [12:00:15] ❌ ERRO_404 | 694909 | 915/1686 (54.3%) | Falhas: 202
12:00:15 | INFO     | [12:00:15] ❌ ERRO_404 | 702157 | 916/1686 (54.3%) | Falhas: 203
12:00:15 | INFO     | [12:00:15] ❌ ERRO_404 | 702189 | 917/1686 (54.4%) | Falhas: 204
12:00:15 | INFO     | [12:00:15] ❌ ERRO_404 | 702552 | 918/1686 (54.4%) | Falhas: 205
12:00:15 | INFO     | [12:00:15] ❌ ERRO_404 | 702602 | 919/1686 (54.5%) | Falhas: 206
12:00:15 | INFO     | [12:00:15] ❌ ERRO_404 | 702682 | 920/1686 (54.6%) | Falhas: 207
12:00:15 | INFO     | [12:00:15] ❌ ERRO_404 | 702645 | 921/1686 (54.6%) | Falhas: 208
12:00:15 | INFO     | [12:00:15] ❌ ERRO_404 | 732884 | 922/1686 (54.7%) | Falhas: 209
12:00:15 | INFO     | [12:00:15] ❌ ERRO_404 | 702819 | 923/1686 (54.7%) | Falhas: 210
12:00:15 | INFO     | [12:00:15] ❌ ERRO_404 | 702752 | 924/1686 (54.8%) | Falhas: 211
12:00:15 | INFO     | [12:00:15] ❌ ERRO_404 | 745005 | 925/1686 (54.9%) | Falhas: 212
12:00:15 | INFO     | [12:00:15] ❌ ERRO_404 | 745029 | 926/1686 (54.9%) | Falhas: 213
12:00:15 | INFO     | [12:00:15] ❌ ERRO_404 | 748263 | 927/1686 (55.0%) | Falhas: 214
12:00:15 | INFO     | [12:00:15] ❌ ERRO_404 | 751322 | 928/1686 (55.0%) | Falhas: 215
12:00:15 | INFO     | [12:00:15] ❌ ERRO_404 | 758104 | 929/1686 (55.1%) | Falhas: 216
12:00:15 | INFO     | [12:00:15] ❌ ERRO_404 | 758619 | 930/1686 (55.2%) | Falhas: 217
12:00:15 | INFO     | [12:00:15] ❌ ERRO_404 | 761771 | 931/1686 (55.2%) | Falhas: 218
12:00:15 | INFO     | [12:00:15] ❌ ERRO_404 | 761773 | 932/1686 (55.3%) | Falhas: 219
12:00:16 | INFO     | [12:00:16] ❌ ERRO_404 | 806579 | 933/1686 (55.3%) | Falhas: 220
12:00:16 | INFO     | [12:00:16] ❌ ERRO_404 | 806617 | 934/1686 (55.4%) | Falhas: 221
12:00:16 | INFO     | [12:00:16] ❌ ERRO_404 | 806665 | 935/1686 (55.5%) | Falhas: 222
12:00:16 | INFO     | [12:00:16] ❌ ERRO_404 | 807730 | 936/1686 (55.5%) | Falhas: 223
12:00:16 | INFO     | [12:00:16] ❌ ERRO_404 | 807721 | 937/1686 (55.6%) | Falhas: 224
12:00:16 | INFO     | [12:00:16] ❌ ERRO_404 | 807839 | 938/1686 (55.6%) | Falhas: 225
12:00:16 | INFO     | [12:00:16] ❌ ERRO_404 | 809514 | 939/1686 (55.7%) | Falhas: 226
12:00:16 | INFO     | [12:00:16] ❌ ERRO_404 | 811947 | 940/1686 (55.8%) | Falhas: 227
12:00:16 | INFO     | [12:00:16] ❌ ERRO_404 | 811963 | 941/1686 (55.8%) | Falhas: 228
12:00:16 | INFO     | [12:00:16] ❌ ERRO_404 | 811977 | 942/1686 (55.9%) | Falhas: 229
12:00:16 | INFO     | [12:00:16] ❌ ERRO_404 | 811981 | 943/1686 (55.9%) | Falhas: 230
12:00:16 | INFO     | [12:00:16] ❌ ERRO_404 | 823043 | 944/1686 (56.0%) | Falhas: 231
12:00:16 | INFO     | [12:00:16] ❌ ERRO_404 | 827376 | 945/1686 (56.0%) | Falhas: 232
12:00:16 | INFO     | [12:00:16] ❌ ERRO_404 | 828387 | 946/1686 (56.1%) | Falhas: 233
12:00:16 | INFO     | [12:00:16] ❌ ERRO_404 | 829788 | 947/1686 (56.2%) | Falhas: 234
12:00:17 | INFO     | [12:00:17] ❌ ERRO_404 | 833172 | 948/1686 (56.2%) | Falhas: 235
12:00:17 | INFO     | [12:00:17] ❌ ERRO_404 | 835534 | 949/1686 (56.3%) | Falhas: 236
12:00:17 | INFO     | [12:00:17] ❌ ERRO_404 | 849547 | 950/1686 (56.3%) | Falhas: 237
12:00:17 | INFO     | [12:00:17] ❌ ERRO_404 | 849721 | 951/1686 (56.4%) | Falhas: 238
12:00:17 | INFO     | [12:00:17] ❌ ERRO_404 | 863851 | 952/1686 (56.5%) | Falhas: 239
12:00:17 | INFO     | [12:00:17] ❌ ERRO_404 | 868399 | 953/1686 (56.5%) | Falhas: 240
12:00:17 | INFO     | [12:00:17] ❌ ERRO_404 | 867070 | 954/1686 (56.6%) | Falhas: 241
12:00:17 | INFO     | [12:00:17] ❌ ERRO_404 | 870783 | 955/1686 (56.6%) | Falhas: 242
12:00:17 | INFO     | [12:00:17] ❌ ERRO_404 | 918482 | 956/1686 (56.7%) | Falhas: 243
12:00:17 | INFO     | [12:00:17] ❌ ERRO_404 | 922375 | 957/1686 (56.8%) | Falhas: 244
12:00:17 | INFO     | [12:00:17] ❌ ERRO_404 | 940753 | 958/1686 (56.8%) | Falhas: 245
12:00:17 | INFO     | [12:00:17] ❌ ERRO_404 | 952563 | 959/1686 (56.9%) | Falhas: 246
12:00:17 | INFO     | [12:00:17] ❌ ERRO_404 | 29919 | 960/1686 (56.9%) | Falhas: 247
12:00:17 | INFO     | [12:00:17] ❌ ERRO_404 | 43163 | 961/1686 (57.0%) | Falhas: 248
12:00:17 | INFO     | [12:00:17] ❌ ERRO_404 | 44097 | 962/1686 (57.1%) | Falhas: 249
12:00:17 | INFO     | [12:00:17] ❌ ERRO_404 | 58223 | 963/1686 (57.1%) | Falhas: 250
12:00:17 | INFO     | [12:00:17] ❌ ERRO_404 | 58494 | 964/1686 (57.2%) | Falhas: 251
12:00:17 | INFO     | [12:00:17] ❌ ERRO_404 | 66166 | 965/1686 (57.2%) | Falhas: 252
12:00:18 | INFO     | [12:00:18] ❌ ERRO_404 | 70569 | 966/1686 (57.3%) | Falhas: 253
12:00:18 | INFO     | [12:00:18] ❌ ERRO_404 | 70590 | 967/1686 (57.4%) | Falhas: 254
12:00:18 | INFO     | [12:00:18] ❌ ERRO_404 | 87430 | 968/1686 (57.4%) | Falhas: 255
12:00:18 | INFO     | [12:00:18] ❌ ERRO_404 | 89041 | 969/1686 (57.5%) | Falhas: 256
12:00:18 | INFO     | [12:00:18] ❌ ERRO_404 | 70599 | 970/1686 (57.5%) | Falhas: 257
12:00:18 | INFO     | [12:00:18] ❌ ERRO_404 | 110076 | 971/1686 (57.6%) | Falhas: 258
12:00:18 | INFO     | [12:00:18] ❌ ERRO_404 | 124020 | 972/1686 (57.7%) | Falhas: 259
12:00:18 | INFO     | [12:00:18] ❌ ERRO_404 | 126839 | 973/1686 (57.7%) | Falhas: 260
12:00:18 | INFO     | [12:00:18] ❌ ERRO_404 | 129005 | 974/1686 (57.8%) | Falhas: 261
12:00:18 | INFO     | [12:00:18] ❌ ERRO_404 | 131999 | 975/1686 (57.8%) | Falhas: 262
12:00:18 | INFO     | [12:00:18] ❌ ERRO_404 | 132571 | 976/1686 (57.9%) | Falhas: 263
12:00:18 | INFO     | [12:00:18] ❌ ERRO_404 | 133054 | 977/1686 (57.9%) | Falhas: 264
12:00:18 | INFO     | [12:00:18] ❌ ERRO_404 | 133252 | 978/1686 (58.0%) | Falhas: 265
12:00:18 | INFO     | [12:00:18] ❌ ERRO_404 | 134993 | 979/1686 (58.1%) | Falhas: 266
12:00:18 | INFO     | [12:00:18] ❌ ERRO_404 | 135664 | 980/1686 (58.1%) | Falhas: 267
12:00:18 | INFO     | [12:00:18] ❌ ERRO_404 | 136610 | 981/1686 (58.2%) | Falhas: 268
12:00:18 | INFO     | [12:00:18] ❌ ERRO_404 | 136741 | 982/1686 (58.2%) | Falhas: 269
12:00:18 | INFO     | [12:00:18] ❌ ERRO_404 | 136750 | 983/1686 (58.3%) | Falhas: 270
12:00:18 | INFO     | [12:00:18] ❌ ERRO_404 | 139144 | 984/1686 (58.4%) | Falhas: 271
12:00:18 | INFO     | [12:00:18] ❌ ERRO_404 | 137395 | 985/1686 (58.4%) | Falhas: 272
12:00:19 | INFO     | [12:00:19] ❌ ERRO_404 | 139666 | 986/1686 (58.5%) | Falhas: 273
12:00:19 | INFO     | [12:00:19] ❌ ERRO_404 | 144649 | 987/1686 (58.5%) | Falhas: 274
12:00:19 | INFO     | [12:00:19] ❌ ERRO_404 | 145506 | 988/1686 (58.6%) | Falhas: 275
12:00:19 | INFO     | [12:00:19] ❌ ERRO_404 | 145522 | 989/1686 (58.7%) | Falhas: 276
12:00:19 | INFO     | [12:00:19] ❌ ERRO_404 | 156065 | 990/1686 (58.7%) | Falhas: 277
12:00:19 | INFO     | [12:00:19] ❌ ERRO_404 | 151777 | 991/1686 (58.8%) | Falhas: 278
12:00:19 | INFO     | [12:00:19] ❌ ERRO_404 | 156214 | 992/1686 (58.8%) | Falhas: 279
12:00:19 | INFO     | [12:00:19] ❌ ERRO_404 | 158521 | 993/1686 (58.9%) | Falhas: 280
12:00:19 | INFO     | [12:00:19] ❌ ERRO_404 | 160257 | 994/1686 (59.0%) | Falhas: 281
12:00:19 | INFO     | [12:00:19] ❌ ERRO_404 | 161186 | 995/1686 (59.0%) | Falhas: 282
12:00:19 | INFO     | [12:00:19] ❌ ERRO_404 | 162891 | 996/1686 (59.1%) | Falhas: 283
12:00:19 | INFO     | [12:00:19] ❌ ERRO_404 | 163107 | 997/1686 (59.1%) | Falhas: 284
12:00:19 | INFO     | [12:00:19] ❌ ERRO_404 | 163343 | 998/1686 (59.2%) | Falhas: 285
12:00:19 | INFO     | [12:00:19] ❌ ERRO_404 | 163844 | 999/1686 (59.3%) | Falhas: 286
12:00:19 | INFO     | [12:00:19] ❌ ERRO_404 | 163856 | 1000/1686 (59.3%) | Falhas: 287
12:00:19 | INFO     | [12:00:19] ❌ ERRO_404 | 166962 | 1001/1686 (59.4%) | Falhas: 288
12:00:19 | INFO     | [12:00:19] ❌ ERRO_404 | 171989 | 1002/1686 (59.4%) | Falhas: 289
12:00:19 | INFO     | [12:00:19] ❌ ERRO_404 | 172446 | 1003/1686 (59.5%) | Falhas: 290
12:00:19 | INFO     | [12:00:19] ❌ ERRO_404 | 173910 | 1004/1686 (59.5%) | Falhas: 291
12:00:19 | INFO     | [12:00:19] ❌ ERRO_404 | 178950 | 1005/1686 (59.6%) | Falhas: 292
12:00:19 | INFO     | [12:00:19] ❌ ERRO_404 | 179490 | 1006/1686 (59.7%) | Falhas: 293
12:00:20 | INFO     | [12:00:20] ❌ ERRO_404 | 181350 | 1007/1686 (59.7%) | Falhas: 294
12:00:20 | INFO     | [12:00:20] ❌ ERRO_404 | 181506 | 1008/1686 (59.8%) | Falhas: 295
12:00:20 | INFO     | [12:00:20] ❌ ERRO_404 | 181658 | 1009/1686 (59.8%) | Falhas: 296
12:00:20 | INFO     | [12:00:20] ❌ ERRO_404 | 181745 | 1010/1686 (59.9%) | Falhas: 297
12:00:20 | INFO     | [12:00:20] ❌ ERRO_404 | 182139 | 1011/1686 (60.0%) | Falhas: 298
12:00:20 | INFO     | [12:00:20] ❌ ERRO_404 | 182154 | 1012/1686 (60.0%) | Falhas: 299
12:00:20 | INFO     | [12:00:20] ❌ ERRO_404 | 183939 | 1013/1686 (60.1%) | Falhas: 300
12:00:20 | INFO     | [12:00:20] ❌ ERRO_404 | 183416 | 1014/1686 (60.1%) | Falhas: 301
12:00:20 | INFO     | [12:00:20] ❌ ERRO_404 | 183990 | 1015/1686 (60.2%) | Falhas: 302
12:00:20 | INFO     | [12:00:20] ❌ ERRO_404 | 188966 | 1016/1686 (60.3%) | Falhas: 303
12:00:20 | INFO     | [12:00:20] ❌ ERRO_404 | 184010 | 1017/1686 (60.3%) | Falhas: 304
12:00:20 | INFO     | [12:00:20] ❌ ERRO_404 | 184019 | 1018/1686 (60.4%) | Falhas: 305
12:00:20 | INFO     | [12:00:20] ❌ ERRO_404 | 185707 | 1019/1686 (60.4%) | Falhas: 306
12:00:20 | INFO     | [12:00:20] ❌ ERRO_404 | 186876 | 1020/1686 (60.5%) | Falhas: 307
12:00:20 | INFO     | [12:00:20] ❌ ERRO_404 | 186461 | 1021/1686 (60.6%) | Falhas: 308
12:00:20 | INFO     | [12:00:20] ❌ ERRO_404 | 189079 | 1022/1686 (60.6%) | Falhas: 309
12:00:20 | INFO     | [12:00:20] ❌ ERRO_404 | 189095 | 1023/1686 (60.7%) | Falhas: 310
12:00:21 | INFO     | [12:00:21] ❌ ERRO_404 | 189260 | 1024/1686 (60.7%) | Falhas: 311
12:00:21 | INFO     | [12:00:21] ❌ ERRO_404 | 189318 | 1025/1686 (60.8%) | Falhas: 312
12:00:21 | INFO     | [12:00:21] ❌ ERRO_404 | 189331 | 1026/1686 (60.9%) | Falhas: 313
12:00:21 | INFO     | [12:00:21] ❌ ERRO_404 | 191318 | 1027/1686 (60.9%) | Falhas: 314
12:00:21 | INFO     | [12:00:21] ❌ ERRO_404 | 192460 | 1028/1686 (61.0%) | Falhas: 315
12:00:21 | INFO     | [12:00:21] ❌ ERRO_404 | 192467 | 1029/1686 (61.0%) | Falhas: 316
12:00:21 | INFO     | [12:00:21] ❌ ERRO_404 | 193505 | 1030/1686 (61.1%) | Falhas: 317
12:00:21 | INFO     | [12:00:21] ❌ ERRO_404 | 218161 | 1031/1686 (61.2%) | Falhas: 318
12:00:21 | INFO     | [12:00:21] ❌ ERRO_404 | 202019 | 1032/1686 (61.2%) | Falhas: 319
12:00:21 | INFO     | [12:00:21] ❌ ERRO_404 | 204632 | 1033/1686 (61.3%) | Falhas: 320
12:00:21 | INFO     | [12:00:21] ❌ ERRO_404 | 207044 | 1034/1686 (61.3%) | Falhas: 321
12:00:21 | INFO     | [12:00:21] ❌ ERRO_404 | 199358 | 1035/1686 (61.4%) | Falhas: 322
12:00:21 | INFO     | [12:00:21] ❌ ERRO_404 | 220756 | 1036/1686 (61.4%) | Falhas: 323
12:00:21 | INFO     | [12:00:21] ❌ ERRO_404 | 225977 | 1037/1686 (61.5%) | Falhas: 324
12:00:21 | INFO     | [12:00:21] ❌ ERRO_404 | 227860 | 1038/1686 (61.6%) | Falhas: 325
12:00:21 | INFO     | [12:00:21] ❌ ERRO_404 | 229546 | 1039/1686 (61.6%) | Falhas: 326
12:00:21 | INFO     | [12:00:21] ❌ ERRO_404 | 235728 | 1040/1686 (61.7%) | Falhas: 327
12:00:22 | INFO     | [12:00:22] ❌ ERRO_404 | 242123 | 1041/1686 (61.7%) | Falhas: 328
12:00:22 | INFO     | [12:00:22] ❌ ERRO_404 | 243125 | 1042/1686 (61.8%) | Falhas: 329
12:00:22 | INFO     | [12:00:22] ❌ ERRO_404 | 247338 | 1043/1686 (61.9%) | Falhas: 330
12:00:22 | INFO     | [12:00:22] ❌ ERRO_404 | 245845 | 1044/1686 (61.9%) | Falhas: 331
12:00:22 | INFO     | [12:00:22] ❌ ERRO_404 | 247412 | 1045/1686 (62.0%) | Falhas: 332
12:00:22 | INFO     | [12:00:22] ❌ ERRO_404 | 250820 | 1046/1686 (62.0%) | Falhas: 333
12:00:22 | INFO     | [12:00:22] ❌ ERRO_404 | 258829 | 1047/1686 (62.1%) | Falhas: 334
12:00:22 | INFO     | [12:00:22] ❌ ERRO_404 | 258095 | 1048/1686 (62.2%) | Falhas: 335
12:00:22 | INFO     | [12:00:22] ❌ ERRO_404 | 255911 | 1049/1686 (62.2%) | Falhas: 336
12:00:22 | INFO     | [12:00:22] ❌ ERRO_404 | 260775 | 1050/1686 (62.3%) | Falhas: 337
12:00:22 | INFO     | [12:00:22] ❌ ERRO_404 | 265149 | 1051/1686 (62.3%) | Falhas: 338
12:00:22 | INFO     | [12:00:22] ❌ ERRO_404 | 265150 | 1052/1686 (62.4%) | Falhas: 339
12:00:22 | INFO     | [12:00:22] ❌ ERRO_404 | 286018 | 1053/1686 (62.5%) | Falhas: 340
12:00:22 | INFO     | [12:00:22] ❌ ERRO_404 | 299993 | 1054/1686 (62.5%) | Falhas: 341
12:00:22 | INFO     | [12:00:22] ❌ ERRO_404 | 300103 | 1055/1686 (62.6%) | Falhas: 342
12:00:22 | INFO     | [12:00:22] ❌ ERRO_404 | 300116 | 1056/1686 (62.6%) | Falhas: 343
12:00:22 | INFO     | [12:00:22] ❌ ERRO_404 | 322665 | 1057/1686 (62.7%) | Falhas: 344
12:00:23 | INFO     | [12:00:23] ❌ ERRO_404 | 322760 | 1058/1686 (62.8%) | Falhas: 345
12:00:23 | INFO     | [12:00:23] ❌ ERRO_404 | 322761 | 1059/1686 (62.8%) | Falhas: 346
12:00:23 | INFO     | [12:00:23] ❌ ERRO_404 | 333750 | 1060/1686 (62.9%) | Falhas: 347
12:00:23 | INFO     | [12:00:23] ❌ ERRO_404 | 333791 | 1061/1686 (62.9%) | Falhas: 348
12:00:23 | INFO     | [12:00:23] ❌ ERRO_404 | 357227 | 1062/1686 (63.0%) | Falhas: 349
12:00:23 | INFO     | [12:00:23] ❌ ERRO_404 | 351153 | 1063/1686 (63.0%) | Falhas: 350
12:00:23 | INFO     | [12:00:23] ❌ ERRO_404 | 346024 | 1064/1686 (63.1%) | Falhas: 351
12:00:23 | INFO     | [12:00:23] ❌ ERRO_404 | 357259 | 1065/1686 (63.2%) | Falhas: 352
12:00:23 | INFO     | [12:00:23] ❌ ERRO_404 | 359814 | 1066/1686 (63.2%) | Falhas: 353
12:00:23 | INFO     | [12:00:23] ❌ ERRO_404 | 362408 | 1067/1686 (63.3%) | Falhas: 354
12:00:23 | INFO     | [12:00:23] ❌ ERRO_404 | 362397 | 1068/1686 (63.3%) | Falhas: 355
12:00:23 | INFO     | [12:00:23] ❌ ERRO_404 | 362431 | 1069/1686 (63.4%) | Falhas: 356
12:00:23 | INFO     | [12:00:23] ❌ ERRO_404 | 362445 | 1070/1686 (63.5%) | Falhas: 357
12:00:23 | INFO     | [12:00:23] ❌ ERRO_404 | 366177 | 1071/1686 (63.5%) | Falhas: 358
12:00:23 | INFO     | [12:00:23] ❌ ERRO_404 | 394239 | 1072/1686 (63.6%) | Falhas: 359
12:00:23 | INFO     | [12:00:23] ❌ ERRO_404 | 401293 | 1073/1686 (63.6%) | Falhas: 360
12:00:23 | INFO     | [12:00:23] ❌ ERRO_404 | 401047 | 1074/1686 (63.7%) | Falhas: 361
12:00:23 | INFO     | [12:00:23] ❌ ERRO_404 | 403522 | 1075/1686 (63.8%) | Falhas: 362
12:00:24 | INFO     | [12:00:24] ❌ ERRO_404 | 404330 | 1076/1686 (63.8%) | Falhas: 363
12:00:24 | INFO     | [12:00:24] ❌ ERRO_404 | 407357 | 1077/1686 (63.9%) | Falhas: 364
12:00:24 | INFO     | [12:00:24] ❌ ERRO_404 | 405437 | 1078/1686 (63.9%) | Falhas: 365
12:00:24 | INFO     | [12:00:24] ❌ ERRO_404 | 413928 | 1079/1686 (64.0%) | Falhas: 366
12:00:24 | INFO     | [12:00:24] ❌ ERRO_404 | 418721 | 1080/1686 (64.1%) | Falhas: 367
12:00:24 | INFO     | [12:00:24] ❌ ERRO_404 | 421971 | 1081/1686 (64.1%) | Falhas: 368
12:00:24 | INFO     | [12:00:24] ❌ ERRO_404 | 419151 | 1082/1686 (64.2%) | Falhas: 369
12:00:24 | INFO     | [12:00:24] ❌ ERRO_404 | 423401 | 1083/1686 (64.2%) | Falhas: 370
12:00:24 | INFO     | [12:00:24] ❌ ERRO_404 | 430007 | 1084/1686 (64.3%) | Falhas: 371
12:00:24 | INFO     | [12:00:24] ❌ ERRO_404 | 430739 | 1085/1686 (64.4%) | Falhas: 372
12:00:24 | INFO     | [12:00:24] ❌ ERRO_404 | 439866 | 1086/1686 (64.4%) | Falhas: 373
12:00:24 | INFO     | [12:00:24] ❌ ERRO_404 | 447521 | 1087/1686 (64.5%) | Falhas: 374
12:00:24 | INFO     | [12:00:24] ❌ ERRO_404 | 447546 | 1088/1686 (64.5%) | Falhas: 375
12:00:24 | INFO     | [12:00:24] ❌ ERRO_404 | 451017 | 1089/1686 (64.6%) | Falhas: 376
12:00:24 | INFO     | [12:00:24] ❌ ERRO_404 | 455314 | 1090/1686 (64.7%) | Falhas: 377
12:00:25 | INFO     | [12:00:25] ❌ ERRO_404 | 457621 | 1091/1686 (64.7%) | Falhas: 378
12:00:25 | INFO     | [12:00:25] ❌ ERRO_404 | 471007 | 1092/1686 (64.8%) | Falhas: 379
12:00:25 | INFO     | [12:00:25] ❌ ERRO_404 | 471308 | 1093/1686 (64.8%) | Falhas: 380
12:00:25 | INFO     | [12:00:25] ❌ ERRO_404 | 471604 | 1094/1686 (64.9%) | Falhas: 381
12:00:25 | INFO     | [12:00:25] ❌ ERRO_404 | 484388 | 1095/1686 (64.9%) | Falhas: 382
12:00:25 | INFO     | [12:00:25] ❌ ERRO_404 | 471366 | 1096/1686 (65.0%) | Falhas: 383
12:00:25 | INFO     | [12:00:25] ❌ ERRO_404 | 477887 | 1097/1686 (65.1%) | Falhas: 384
12:00:25 | INFO     | [12:00:25] ❌ ERRO_404 | 484671 | 1098/1686 (65.1%) | Falhas: 385
12:00:25 | INFO     | [12:00:25] ❌ ERRO_404 | 485292 | 1099/1686 (65.2%) | Falhas: 386
12:00:25 | INFO     | [12:00:25] ❌ ERRO_404 | 485855 | 1100/1686 (65.2%) | Falhas: 387
12:00:25 | INFO     | [12:00:25] ❌ ERRO_404 | 491081 | 1101/1686 (65.3%) | Falhas: 388
12:00:25 | INFO     | [12:00:25] ❌ ERRO_404 | 496972 | 1102/1686 (65.4%) | Falhas: 389
12:00:25 | INFO     | [12:00:25] ❌ ERRO_404 | 502749 | 1103/1686 (65.4%) | Falhas: 390
12:00:25 | INFO     | [12:00:25] ❌ ERRO_404 | 500958 | 1104/1686 (65.5%) | Falhas: 391
12:00:25 | INFO     | [12:00:25] ❌ ERRO_404 | 502738 | 1105/1686 (65.5%) | Falhas: 392
12:00:25 | INFO     | [12:00:25] ❌ ERRO_404 | 504034 | 1106/1686 (65.6%) | Falhas: 393
12:00:25 | INFO     | [12:00:25] ❌ ERRO_404 | 505238 | 1107/1686 (65.7%) | Falhas: 394
12:00:25 | INFO     | [12:00:25] ❌ ERRO_404 | 506731 | 1108/1686 (65.7%) | Falhas: 395
12:00:26 | INFO     | [12:00:26] ❌ ERRO_404 | 521494 | 1109/1686 (65.8%) | Falhas: 396
12:00:26 | INFO     | [12:00:26] ❌ ERRO_404 | 507290 | 1110/1686 (65.8%) | Falhas: 397
12:00:26 | INFO     | [12:00:26] ❌ ERRO_404 | 521527 | 1111/1686 (65.9%) | Falhas: 398
12:00:26 | INFO     | [12:00:26] ❌ ERRO_404 | 521565 | 1112/1686 (66.0%) | Falhas: 399
12:00:26 | INFO     | [12:00:26] ❌ ERRO_404 | 524606 | 1113/1686 (66.0%) | Falhas: 400
12:00:26 | INFO     | [12:00:26] ❌ ERRO_404 | 524621 | 1114/1686 (66.1%) | Falhas: 401
12:00:26 | INFO     | [12:00:26] ❌ ERRO_404 | 538915 | 1115/1686 (66.1%) | Falhas: 402
12:00:26 | INFO     | [12:00:26] ❌ ERRO_404 | 545273 | 1116/1686 (66.2%) | Falhas: 403
12:00:26 | INFO     | [12:00:26] ❌ ERRO_404 | 563557 | 1117/1686 (66.3%) | Falhas: 404
12:00:26 | INFO     | [12:00:26] ❌ ERRO_404 | 565001 | 1118/1686 (66.3%) | Falhas: 405
12:00:26 | INFO     | [12:00:26] ❌ ERRO_404 | 564411 | 1119/1686 (66.4%) | Falhas: 406
12:00:26 | INFO     | [12:00:26] ❌ ERRO_404 | 565318 | 1120/1686 (66.4%) | Falhas: 407
12:00:26 | INFO     | [12:00:26] ❌ ERRO_404 | 565359 | 1121/1686 (66.5%) | Falhas: 408
12:00:26 | INFO     | [12:00:26] ❌ ERRO_404 | 566212 | 1122/1686 (66.5%) | Falhas: 409
12:00:26 | INFO     | [12:00:26] ❌ ERRO_404 | 568228 | 1123/1686 (66.6%) | Falhas: 410
12:00:26 | INFO     | [12:00:26] ❌ ERRO_404 | 578420 | 1124/1686 (66.7%) | Falhas: 411
12:00:26 | INFO     | [12:00:26] ❌ ERRO_404 | 582478 | 1125/1686 (66.7%) | Falhas: 412
12:00:26 | INFO     | [12:00:26] ❌ ERRO_404 | 579676 | 1126/1686 (66.8%) | Falhas: 413
12:00:26 | INFO     | [12:00:26] ❌ ERRO_404 | 582998 | 1127/1686 (66.8%) | Falhas: 414
12:00:26 | INFO     | [12:00:26] ❌ ERRO_404 | 585050 | 1128/1686 (66.9%) | Falhas: 415
12:00:26 | INFO     | [12:00:26] ❌ ERRO_404 | 585488 | 1129/1686 (67.0%) | Falhas: 416
12:00:26 | INFO     | [12:00:26] ❌ ERRO_404 | 585585 | 1130/1686 (67.0%) | Falhas: 417
12:00:26 | INFO     | [12:00:26] ❌ ERRO_404 | 585657 | 1131/1686 (67.1%) | Falhas: 418
12:00:26 | INFO     | [12:00:26] ❌ ERRO_404 | 589639 | 1132/1686 (67.1%) | Falhas: 419
12:00:26 | INFO     | [12:00:26] ❌ ERRO_404 | 589617 | 1133/1686 (67.2%) | Falhas: 420
12:00:27 | INFO     | [12:00:27] ❌ ERRO_404 | 590178 | 1134/1686 (67.3%) | Falhas: 421
12:00:27 | INFO     | [12:00:27] ❌ ERRO_404 | 597556 | 1135/1686 (67.3%) | Falhas: 422
12:00:27 | INFO     | [12:00:27] ❌ ERRO_404 | 600539 | 1136/1686 (67.4%) | Falhas: 423
12:00:27 | INFO     | [12:00:27] ❌ ERRO_404 | 600568 | 1137/1686 (67.4%) | Falhas: 424
12:00:27 | INFO     | [12:00:27] ❌ ERRO_404 | 600586 | 1138/1686 (67.5%) | Falhas: 425
12:00:27 | INFO     | [12:00:27] ❌ ERRO_404 | 600700 | 1139/1686 (67.6%) | Falhas: 426
12:00:27 | INFO     | [12:00:27] ❌ ERRO_404 | 603917 | 1140/1686 (67.6%) | Falhas: 427
12:00:27 | INFO     | [12:00:27] ❌ ERRO_404 | 609350 | 1141/1686 (67.7%) | Falhas: 428
12:00:27 | INFO     | [12:00:27] ❌ ERRO_404 | 605832 | 1142/1686 (67.7%) | Falhas: 429
12:00:27 | INFO     | [12:00:27] ❌ ERRO_404 | 609469 | 1143/1686 (67.8%) | Falhas: 430
12:00:27 | INFO     | [12:00:27] ❌ ERRO_404 | 609575 | 1144/1686 (67.9%) | Falhas: 431
12:00:27 | INFO     | [12:00:27] ❌ ERRO_404 | 619253 | 1145/1686 (67.9%) | Falhas: 432
12:00:27 | INFO     | [12:00:27] ❌ ERRO_404 | 627279 | 1146/1686 (68.0%) | Falhas: 433
12:00:27 | INFO     | [12:00:27] ❌ ERRO_404 | 635910 | 1147/1686 (68.0%) | Falhas: 434
12:00:27 | INFO     | [12:00:27] ❌ ERRO_404 | 632635 | 1148/1686 (68.1%) | Falhas: 435
12:00:27 | INFO     | [12:00:27] ❌ ERRO_404 | 633270 | 1149/1686 (68.1%) | Falhas: 436
12:00:27 | INFO     | [12:00:27] ❌ ERRO_404 | 628977 | 1150/1686 (68.2%) | Falhas: 437
12:00:27 | INFO     | [12:00:27] ❌ ERRO_404 | 649368 | 1151/1686 (68.3%) | Falhas: 438
12:00:28 | INFO     | [12:00:28] ❌ ERRO_404 | 652096 | 1152/1686 (68.3%) | Falhas: 439
12:00:28 | INFO     | [12:00:28] ❌ ERRO_404 | 657774 | 1153/1686 (68.4%) | Falhas: 440
12:00:28 | INFO     | [12:00:28] ❌ ERRO_404 | 661307 | 1154/1686 (68.4%) | Falhas: 441
12:00:28 | INFO     | [12:00:28] ❌ ERRO_404 | 664989 | 1155/1686 (68.5%) | Falhas: 442
12:00:28 | INFO     | [12:00:28] ❌ ERRO_404 | 669064 | 1156/1686 (68.6%) | Falhas: 443
12:00:28 | INFO     | [12:00:28] ❌ ERRO_404 | 671581 | 1157/1686 (68.6%) | Falhas: 444
12:00:28 | INFO     | [12:00:28] ❌ ERRO_404 | 673180 | 1158/1686 (68.7%) | Falhas: 445
12:00:28 | INFO     | [12:00:28] ❌ ERRO_404 | 674361 | 1159/1686 (68.7%) | Falhas: 446
12:00:28 | INFO     | [12:00:28] ❌ ERRO_404 | 679134 | 1160/1686 (68.8%) | Falhas: 447
12:00:28 | INFO     | [12:00:28] ❌ ERRO_404 | 678713 | 1161/1686 (68.9%) | Falhas: 448
12:00:28 | INFO     | [12:00:28] ❌ ERRO_404 | 693264 | 1162/1686 (68.9%) | Falhas: 449
12:00:28 | INFO     | [12:00:28] ❌ ERRO_404 | 696457 | 1163/1686 (69.0%) | Falhas: 450
12:00:28 | INFO     | [12:00:28] ❌ ERRO_404 | 689995 | 1164/1686 (69.0%) | Falhas: 451
12:00:28 | INFO     | [12:00:28] ❌ ERRO_404 | 688900 | 1165/1686 (69.1%) | Falhas: 452
12:00:28 | INFO     | [12:00:28] ❌ ERRO_404 | 701717 | 1166/1686 (69.2%) | Falhas: 453
12:00:28 | INFO     | [12:00:28] ❌ ERRO_404 | 705528 | 1167/1686 (69.2%) | Falhas: 454
12:00:28 | INFO     | [12:00:28] ❌ ERRO_404 | 707316 | 1168/1686 (69.3%) | Falhas: 455
12:00:29 | INFO     | [12:00:29] ❌ ERRO_404 | 707317 | 1169/1686 (69.3%) | Falhas: 456
12:00:29 | INFO     | [12:00:29] ❌ ERRO_404 | 707318 | 1170/1686 (69.4%) | Falhas: 457
12:00:29 | INFO     | [12:00:29] ❌ ERRO_404 | 707319 | 1171/1686 (69.5%) | Falhas: 458
12:00:29 | INFO     | [12:00:29] ❌ ERRO_404 | 707320 | 1172/1686 (69.5%) | Falhas: 459
12:00:29 | INFO     | [12:00:29] ❌ ERRO_404 | 707321 | 1173/1686 (69.6%) | Falhas: 460
12:00:29 | INFO     | [12:00:29] ❌ ERRO_404 | 707322 | 1174/1686 (69.6%) | Falhas: 461
12:00:29 | INFO     | [12:00:29] ❌ ERRO_404 | 707326 | 1175/1686 (69.7%) | Falhas: 462
12:00:29 | INFO     | [12:00:29] ❌ ERRO_404 | 707324 | 1176/1686 (69.8%) | Falhas: 463
12:00:29 | INFO     | [12:00:29] ❌ ERRO_404 | 707325 | 1177/1686 (69.8%) | Falhas: 464
12:00:29 | INFO     | [12:00:29] ❌ ERRO_404 | 707328 | 1178/1686 (69.9%) | Falhas: 465
12:00:29 | INFO     | [12:00:29] ❌ ERRO_404 | 707327 | 1179/1686 (69.9%) | Falhas: 466
12:00:29 | INFO     | [12:00:29] ❌ ERRO_404 | 707323 | 1180/1686 (70.0%) | Falhas: 467
12:00:29 | INFO     | [12:00:29] ❌ ERRO_404 | 707329 | 1181/1686 (70.0%) | Falhas: 468
12:00:29 | INFO     | [12:00:29] ❌ ERRO_404 | 707330 | 1182/1686 (70.1%) | Falhas: 469
12:00:29 | INFO     | [12:00:29] ❌ ERRO_404 | 707331 | 1183/1686 (70.2%) | Falhas: 470
12:00:29 | INFO     | [12:00:29] ❌ ERRO_404 | 707332 | 1184/1686 (70.2%) | Falhas: 471
12:00:30 | INFO     | [12:00:30] ❌ ERRO_404 | 707333 | 1185/1686 (70.3%) | Falhas: 472
12:00:30 | INFO     | [12:00:30] ❌ ERRO_404 | 707334 | 1186/1686 (70.3%) | Falhas: 473
12:00:30 | INFO     | [12:00:30] ❌ ERRO_404 | 707335 | 1187/1686 (70.4%) | Falhas: 474
12:00:30 | INFO     | [12:00:30] ❌ ERRO_404 | 707336 | 1188/1686 (70.5%) | Falhas: 475
12:00:30 | INFO     | [12:00:30] ❌ ERRO_404 | 707337 | 1189/1686 (70.5%) | Falhas: 476
12:00:30 | INFO     | [12:00:30] ❌ ERRO_404 | 707338 | 1190/1686 (70.6%) | Falhas: 477
12:00:30 | INFO     | [12:00:30] ❌ ERRO_404 | 707342 | 1191/1686 (70.6%) | Falhas: 478
12:00:30 | INFO     | [12:00:30] ❌ ERRO_404 | 707339 | 1192/1686 (70.7%) | Falhas: 479
12:00:30 | INFO     | [12:00:30] ❌ ERRO_404 | 707344 | 1193/1686 (70.8%) | Falhas: 480
12:00:30 | INFO     | [12:00:30] ❌ ERRO_404 | 707340 | 1194/1686 (70.8%) | Falhas: 481
12:00:30 | INFO     | [12:00:30] ❌ ERRO_404 | 707341 | 1195/1686 (70.9%) | Falhas: 482
12:00:30 | INFO     | [12:00:30] ❌ ERRO_404 | 707343 | 1196/1686 (70.9%) | Falhas: 483
12:00:30 | INFO     | [12:00:30] ❌ ERRO_404 | 707345 | 1197/1686 (71.0%) | Falhas: 484
12:00:30 | INFO     | [12:00:30] ❌ ERRO_404 | 707346 | 1198/1686 (71.1%) | Falhas: 485
12:00:30 | INFO     | [12:00:30] ❌ ERRO_404 | 707347 | 1199/1686 (71.1%) | Falhas: 486
12:00:30 | INFO     | [12:00:30] ❌ ERRO_404 | 707348 | 1200/1686 (71.2%) | Falhas: 487
12:00:30 | INFO     | [12:00:30] ❌ ERRO_404 | 707349 | 1201/1686 (71.2%) | Falhas: 488
12:00:30 | INFO     | [12:00:30] ❌ ERRO_404 | 707350 | 1202/1686 (71.3%) | Falhas: 489
12:00:30 | INFO     | [12:00:30] ❌ ERRO_404 | 707351 | 1203/1686 (71.4%) | Falhas: 490
12:00:31 | INFO     | [12:00:31] ❌ ERRO_404 | 707352 | 1204/1686 (71.4%) | Falhas: 491
12:00:31 | INFO     | [12:00:31] ❌ ERRO_404 | 707357 | 1205/1686 (71.5%) | Falhas: 492
12:00:31 | INFO     | [12:00:31] ❌ ERRO_404 | 707356 | 1206/1686 (71.5%) | Falhas: 493
12:00:31 | INFO     | [12:00:31] ❌ ERRO_404 | 707353 | 1207/1686 (71.6%) | Falhas: 494
12:00:31 | INFO     | [12:00:31] ❌ ERRO_404 | 707354 | 1208/1686 (71.6%) | Falhas: 495
12:00:31 | INFO     | [12:00:31] ❌ ERRO_404 | 707355 | 1209/1686 (71.7%) | Falhas: 496
12:00:31 | INFO     | [12:00:31] ❌ ERRO_404 | 707358 | 1210/1686 (71.8%) | Falhas: 497
12:00:31 | INFO     | [12:00:31] ❌ ERRO_404 | 707359 | 1211/1686 (71.8%) | Falhas: 498
12:00:31 | INFO     | [12:00:31] ❌ ERRO_404 | 707360 | 1212/1686 (71.9%) | Falhas: 499
12:00:31 | INFO     | [12:00:31] ❌ ERRO_404 | 707361 | 1213/1686 (71.9%) | Falhas: 500
12:00:31 | INFO     | [12:00:31] ❌ ERRO_404 | 707362 | 1214/1686 (72.0%) | Falhas: 501
12:00:31 | INFO     | [12:00:31] ❌ ERRO_404 | 707363 | 1215/1686 (72.1%) | Falhas: 502
12:00:31 | INFO     | [12:00:31] ❌ ERRO_404 | 707364 | 1216/1686 (72.1%) | Falhas: 503
12:00:31 | INFO     | [12:00:31] ❌ ERRO_404 | 707365 | 1217/1686 (72.2%) | Falhas: 504
12:00:31 | INFO     | [12:00:31] ❌ ERRO_404 | 707366 | 1218/1686 (72.2%) | Falhas: 505
12:00:31 | INFO     | [12:00:31] ❌ ERRO_404 | 707367 | 1219/1686 (72.3%) | Falhas: 506
12:00:32 | INFO     | [12:00:32] ❌ ERRO_404 | 707368 | 1220/1686 (72.4%) | Falhas: 507
12:00:32 | INFO     | [12:00:32] ❌ ERRO_404 | 707370 | 1221/1686 (72.4%) | Falhas: 508
12:00:32 | INFO     | [12:00:32] ❌ ERRO_404 | 707369 | 1222/1686 (72.5%) | Falhas: 509
12:00:32 | INFO     | [12:00:32] ❌ ERRO_404 | 707372 | 1223/1686 (72.5%) | Falhas: 510
12:00:32 | INFO     | [12:00:32] ❌ ERRO_404 | 707375 | 1224/1686 (72.6%) | Falhas: 511
12:00:32 | INFO     | [12:00:32] ❌ ERRO_404 | 707371 | 1225/1686 (72.7%) | Falhas: 512
12:00:32 | INFO     | [12:00:32] ❌ ERRO_404 | 707373 | 1226/1686 (72.7%) | Falhas: 513
12:00:32 | INFO     | [12:00:32] ❌ ERRO_404 | 707374 | 1227/1686 (72.8%) | Falhas: 514
12:00:32 | INFO     | [12:00:32] ❌ ERRO_404 | 707376 | 1228/1686 (72.8%) | Falhas: 515
12:00:32 | INFO     | [12:00:32] ❌ ERRO_404 | 707377 | 1229/1686 (72.9%) | Falhas: 516
12:00:32 | INFO     | [12:00:32] ❌ ERRO_404 | 707378 | 1230/1686 (73.0%) | Falhas: 517
12:00:32 | INFO     | [12:00:32] ❌ ERRO_404 | 707379 | 1231/1686 (73.0%) | Falhas: 518
12:00:32 | INFO     | [12:00:32] ❌ ERRO_404 | 707380 | 1232/1686 (73.1%) | Falhas: 519
12:00:32 | INFO     | [12:00:32] ❌ ERRO_404 | 707381 | 1233/1686 (73.1%) | Falhas: 520
12:00:32 | INFO     | [12:00:32] ❌ ERRO_404 | 707382 | 1234/1686 (73.2%) | Falhas: 521
12:00:32 | INFO     | [12:00:32] ❌ ERRO_404 | 707383 | 1235/1686 (73.3%) | Falhas: 522
12:00:32 | INFO     | [12:00:32] ❌ ERRO_404 | 707384 | 1236/1686 (73.3%) | Falhas: 523
12:00:32 | INFO     | [12:00:32] ❌ ERRO_404 | 707385 | 1237/1686 (73.4%) | Falhas: 524
12:00:32 | INFO     | [12:00:32] ❌ ERRO_404 | 707386 | 1238/1686 (73.4%) | Falhas: 525
12:00:33 | INFO     | [12:00:33] ❌ ERRO_404 | 707388 | 1239/1686 (73.5%) | Falhas: 526
12:00:33 | INFO     | [12:00:33] ❌ ERRO_404 | 707390 | 1240/1686 (73.5%) | Falhas: 527
12:00:33 | INFO     | [12:00:33] ❌ ERRO_404 | 707387 | 1241/1686 (73.6%) | Falhas: 528
12:00:33 | INFO     | [12:00:33] ❌ ERRO_404 | 707391 | 1242/1686 (73.7%) | Falhas: 529
12:00:33 | INFO     | [12:00:33] ❌ ERRO_404 | 707389 | 1243/1686 (73.7%) | Falhas: 530
12:00:33 | INFO     | [12:00:33] ❌ ERRO_404 | 707392 | 1244/1686 (73.8%) | Falhas: 531
12:00:33 | INFO     | [12:00:33] ❌ ERRO_404 | 707393 | 1245/1686 (73.8%) | Falhas: 532
12:00:33 | INFO     | [12:00:33] ❌ ERRO_404 | 707394 | 1246/1686 (73.9%) | Falhas: 533
12:00:33 | INFO     | [12:00:33] ❌ ERRO_404 | 707395 | 1247/1686 (74.0%) | Falhas: 534
12:00:33 | INFO     | [12:00:33] ❌ ERRO_404 | 707396 | 1248/1686 (74.0%) | Falhas: 535
12:00:33 | INFO     | [12:00:33] ❌ ERRO_404 | 707397 | 1249/1686 (74.1%) | Falhas: 536
12:00:33 | INFO     | [12:00:33] ❌ ERRO_404 | 707398 | 1250/1686 (74.1%) | Falhas: 537
12:00:33 | INFO     | [12:00:33] ❌ ERRO_404 | 707399 | 1251/1686 (74.2%) | Falhas: 538
12:00:33 | INFO     | [12:00:33] ❌ ERRO_404 | 707401 | 1252/1686 (74.3%) | Falhas: 539
12:00:33 | INFO     | [12:00:33] ❌ ERRO_404 | 707400 | 1253/1686 (74.3%) | Falhas: 540
12:00:33 | INFO     | [12:00:33] ❌ ERRO_404 | 707405 | 1254/1686 (74.4%) | Falhas: 541
12:00:33 | INFO     | [12:00:33] ❌ ERRO_404 | 707402 | 1255/1686 (74.4%) | Falhas: 542
12:00:33 | INFO     | [12:00:33] ❌ ERRO_404 | 707404 | 1256/1686 (74.5%) | Falhas: 543
12:00:33 | INFO     | [12:00:33] ❌ ERRO_404 | 707403 | 1257/1686 (74.6%) | Falhas: 544
12:00:33 | INFO     | [12:00:33] ❌ ERRO_404 | 707406 | 1258/1686 (74.6%) | Falhas: 545
12:00:33 | INFO     | [12:00:33] ❌ ERRO_404 | 707407 | 1259/1686 (74.7%) | Falhas: 546
12:00:33 | INFO     | [12:00:33] ❌ ERRO_404 | 707408 | 1260/1686 (74.7%) | Falhas: 547
12:00:33 | INFO     | [12:00:33] ❌ ERRO_404 | 707409 | 1261/1686 (74.8%) | Falhas: 548
12:00:34 | INFO     | [12:00:34] ❌ ERRO_404 | 707410 | 1262/1686 (74.9%) | Falhas: 549
12:00:34 | INFO     | [12:00:34] ❌ ERRO_404 | 707411 | 1263/1686 (74.9%) | Falhas: 550
12:00:34 | INFO     | [12:00:34] ❌ ERRO_404 | 707412 | 1264/1686 (75.0%) | Falhas: 551
12:00:34 | INFO     | [12:00:34] ❌ ERRO_404 | 707413 | 1265/1686 (75.0%) | Falhas: 552
12:00:34 | INFO     | [12:00:34] ❌ ERRO_404 | 707414 | 1266/1686 (75.1%) | Falhas: 553
12:00:34 | INFO     | [12:00:34] ❌ ERRO_404 | 707416 | 1267/1686 (75.1%) | Falhas: 554
12:00:34 | INFO     | [12:00:34] ❌ ERRO_404 | 707415 | 1268/1686 (75.2%) | Falhas: 555
12:00:34 | INFO     | [12:00:34] ❌ ERRO_404 | 707417 | 1269/1686 (75.3%) | Falhas: 556
12:00:34 | INFO     | [12:00:34] ❌ ERRO_404 | 707419 | 1270/1686 (75.3%) | Falhas: 557
12:00:34 | INFO     | [12:00:34] ❌ ERRO_404 | 707420 | 1271/1686 (75.4%) | Falhas: 558
12:00:34 | INFO     | [12:00:34] ❌ ERRO_404 | 707421 | 1272/1686 (75.4%) | Falhas: 559
12:00:34 | INFO     | [12:00:34] ❌ ERRO_404 | 707418 | 1273/1686 (75.5%) | Falhas: 560
12:00:34 | INFO     | [12:00:34] ❌ ERRO_404 | 707422 | 1274/1686 (75.6%) | Falhas: 561
12:00:34 | INFO     | [12:00:34] ❌ ERRO_404 | 707424 | 1275/1686 (75.6%) | Falhas: 562
12:00:34 | INFO     | [12:00:34] ❌ ERRO_404 | 707423 | 1276/1686 (75.7%) | Falhas: 563
12:00:34 | INFO     | [12:00:34] ❌ ERRO_404 | 707425 | 1277/1686 (75.7%) | Falhas: 564
12:00:34 | INFO     | [12:00:34] ❌ ERRO_404 | 707426 | 1278/1686 (75.8%) | Falhas: 565
12:00:34 | INFO     | [12:00:34] ❌ ERRO_404 | 707427 | 1279/1686 (75.9%) | Falhas: 566
12:00:35 | INFO     | [12:00:35] ❌ ERRO_404 | 707428 | 1280/1686 (75.9%) | Falhas: 567
12:00:35 | INFO     | [12:00:35] ❌ ERRO_404 | 707429 | 1281/1686 (76.0%) | Falhas: 568
12:00:35 | INFO     | [12:00:35] ❌ ERRO_404 | 707430 | 1282/1686 (76.0%) | Falhas: 569
12:00:35 | INFO     | [12:00:35] ❌ ERRO_404 | 707431 | 1283/1686 (76.1%) | Falhas: 570
12:00:35 | INFO     | [12:00:35] ❌ ERRO_404 | 707432 | 1284/1686 (76.2%) | Falhas: 571
12:00:35 | INFO     | [12:00:35] ❌ ERRO_404 | 707436 | 1285/1686 (76.2%) | Falhas: 572
12:00:35 | INFO     | [12:00:35] ❌ ERRO_404 | 707433 | 1286/1686 (76.3%) | Falhas: 573
12:00:35 | INFO     | [12:00:35] ❌ ERRO_404 | 707434 | 1287/1686 (76.3%) | Falhas: 574
12:00:35 | INFO     | [12:00:35] ❌ ERRO_404 | 707435 | 1288/1686 (76.4%) | Falhas: 575
12:00:35 | INFO     | [12:00:35] ❌ ERRO_404 | 707437 | 1289/1686 (76.5%) | Falhas: 576
12:00:35 | INFO     | [12:00:35] ❌ ERRO_404 | 707438 | 1290/1686 (76.5%) | Falhas: 577
12:00:35 | INFO     | [12:00:35] ❌ ERRO_404 | 707440 | 1291/1686 (76.6%) | Falhas: 578
12:00:35 | INFO     | [12:00:35] ❌ ERRO_404 | 707439 | 1292/1686 (76.6%) | Falhas: 579
12:00:35 | INFO     | [12:00:35] ❌ ERRO_404 | 707441 | 1293/1686 (76.7%) | Falhas: 580
12:00:35 | INFO     | [12:00:35] ❌ ERRO_404 | 707442 | 1294/1686 (76.7%) | Falhas: 581
12:00:35 | INFO     | [12:00:35] ❌ ERRO_404 | 707443 | 1295/1686 (76.8%) | Falhas: 582
12:00:36 | INFO     | [12:00:36] ❌ ERRO_404 | 707444 | 1296/1686 (76.9%) | Falhas: 583
12:00:36 | INFO     | [12:00:36] ❌ ERRO_404 | 707445 | 1297/1686 (76.9%) | Falhas: 584
12:00:36 | INFO     | [12:00:36] ❌ ERRO_404 | 707446 | 1298/1686 (77.0%) | Falhas: 585
12:00:36 | INFO     | [12:00:36] ❌ ERRO_404 | 707447 | 1299/1686 (77.0%) | Falhas: 586
12:00:36 | INFO     | [12:00:36] ❌ ERRO_404 | 707449 | 1300/1686 (77.1%) | Falhas: 587
12:00:36 | INFO     | [12:00:36] ❌ ERRO_404 | 707448 | 1301/1686 (77.2%) | Falhas: 588
12:00:36 | INFO     | [12:00:36] ❌ ERRO_404 | 707453 | 1302/1686 (77.2%) | Falhas: 589
12:00:36 | INFO     | [12:00:36] ❌ ERRO_404 | 707450 | 1303/1686 (77.3%) | Falhas: 590
12:00:36 | INFO     | [12:00:36] ❌ ERRO_404 | 707454 | 1304/1686 (77.3%) | Falhas: 591
12:00:36 | INFO     | [12:00:36] ❌ ERRO_404 | 707452 | 1305/1686 (77.4%) | Falhas: 592
12:00:36 | INFO     | [12:00:36] ❌ ERRO_404 | 707457 | 1306/1686 (77.5%) | Falhas: 593
12:00:36 | INFO     | [12:00:36] ❌ ERRO_404 | 707456 | 1307/1686 (77.5%) | Falhas: 594
12:00:36 | INFO     | [12:00:36] ❌ ERRO_404 | 707455 | 1308/1686 (77.6%) | Falhas: 595
12:00:36 | INFO     | [12:00:36] ❌ ERRO_404 | 707458 | 1309/1686 (77.6%) | Falhas: 596
12:00:36 | INFO     | [12:00:36] ❌ ERRO_404 | 707459 | 1310/1686 (77.7%) | Falhas: 597
12:00:36 | INFO     | [12:00:36] ❌ ERRO_404 | 707460 | 1311/1686 (77.8%) | Falhas: 598
12:00:36 | INFO     | [12:00:36] ❌ ERRO_404 | 707461 | 1312/1686 (77.8%) | Falhas: 599
12:00:37 | INFO     | [12:00:37] ❌ ERRO_404 | 707462 | 1313/1686 (77.9%) | Falhas: 600
12:00:37 | INFO     | [12:00:37] ❌ ERRO_404 | 707463 | 1314/1686 (77.9%) | Falhas: 601
12:00:37 | INFO     | [12:00:37] ❌ ERRO_404 | 707467 | 1315/1686 (78.0%) | Falhas: 602
12:00:37 | INFO     | [12:00:37] ❌ ERRO_404 | 707464 | 1316/1686 (78.1%) | Falhas: 603
12:00:37 | INFO     | [12:00:37] ❌ ERRO_404 | 707466 | 1317/1686 (78.1%) | Falhas: 604
12:00:37 | INFO     | [12:00:37] ❌ ERRO_404 | 707465 | 1318/1686 (78.2%) | Falhas: 605
12:00:37 | INFO     | [12:00:37] ❌ ERRO_404 | 707468 | 1319/1686 (78.2%) | Falhas: 606
12:00:37 | INFO     | [12:00:37] ❌ ERRO_404 | 707469 | 1320/1686 (78.3%) | Falhas: 607
12:00:37 | INFO     | [12:00:37] ❌ ERRO_404 | 707470 | 1321/1686 (78.4%) | Falhas: 608
12:00:37 | INFO     | [12:00:37] ❌ ERRO_404 | 707472 | 1322/1686 (78.4%) | Falhas: 609
12:00:37 | INFO     | [12:00:37] ❌ ERRO_404 | 707473 | 1323/1686 (78.5%) | Falhas: 610
12:00:37 | INFO     | [12:00:37] ❌ ERRO_404 | 707471 | 1324/1686 (78.5%) | Falhas: 611
12:00:37 | INFO     | [12:00:37] ❌ ERRO_404 | 707474 | 1325/1686 (78.6%) | Falhas: 612
12:00:37 | INFO     | [12:00:37] ❌ ERRO_404 | 707476 | 1326/1686 (78.6%) | Falhas: 613
12:00:37 | INFO     | [12:00:37] ❌ ERRO_404 | 707475 | 1327/1686 (78.7%) | Falhas: 614
12:00:37 | INFO     | [12:00:37] ❌ ERRO_404 | 707477 | 1328/1686 (78.8%) | Falhas: 615
12:00:38 | INFO     | [12:00:38] ❌ ERRO_404 | 707478 | 1329/1686 (78.8%) | Falhas: 616
12:00:38 | INFO     | [12:00:38] ❌ ERRO_404 | 707479 | 1330/1686 (78.9%) | Falhas: 617
12:00:38 | INFO     | [12:00:38] ❌ ERRO_404 | 707480 | 1331/1686 (78.9%) | Falhas: 618
12:00:38 | INFO     | [12:00:38] ❌ ERRO_404 | 707482 | 1332/1686 (79.0%) | Falhas: 619
12:00:38 | INFO     | [12:00:38] ❌ ERRO_404 | 707481 | 1333/1686 (79.1%) | Falhas: 620
12:00:38 | INFO     | [12:00:38] ❌ ERRO_404 | 707483 | 1334/1686 (79.1%) | Falhas: 621
12:00:38 | INFO     | [12:00:38] ❌ ERRO_404 | 707484 | 1335/1686 (79.2%) | Falhas: 622
12:00:38 | INFO     | [12:00:38] ❌ ERRO_404 | 707485 | 1336/1686 (79.2%) | Falhas: 623
12:00:38 | INFO     | [12:00:38] ❌ ERRO_404 | 707486 | 1337/1686 (79.3%) | Falhas: 624
12:00:38 | INFO     | [12:00:38] ❌ ERRO_404 | 707487 | 1338/1686 (79.4%) | Falhas: 625
12:00:38 | INFO     | [12:00:38] ❌ ERRO_404 | 707488 | 1339/1686 (79.4%) | Falhas: 626
12:00:38 | INFO     | [12:00:38] ❌ ERRO_404 | 707489 | 1340/1686 (79.5%) | Falhas: 627
12:00:38 | INFO     | [12:00:38] ❌ ERRO_404 | 707490 | 1341/1686 (79.5%) | Falhas: 628
12:00:38 | INFO     | [12:00:38] ❌ ERRO_404 | 707491 | 1342/1686 (79.6%) | Falhas: 629
12:00:38 | INFO     | [12:00:38] ❌ ERRO_404 | 707492 | 1343/1686 (79.7%) | Falhas: 630
12:00:38 | INFO     | [12:00:38] ❌ ERRO_404 | 707493 | 1344/1686 (79.7%) | Falhas: 631
12:00:39 | INFO     | [12:00:39] ❌ ERRO_404 | 707495 | 1345/1686 (79.8%) | Falhas: 632
12:00:39 | INFO     | [12:00:39] ❌ ERRO_404 | 707494 | 1346/1686 (79.8%) | Falhas: 633
12:00:39 | INFO     | [12:00:39] ❌ ERRO_404 | 707496 | 1347/1686 (79.9%) | Falhas: 634
12:00:39 | INFO     | [12:00:39] ❌ ERRO_404 | 707497 | 1348/1686 (80.0%) | Falhas: 635
12:00:39 | INFO     | [12:00:39] ❌ ERRO_404 | 707498 | 1349/1686 (80.0%) | Falhas: 636
12:00:39 | INFO     | [12:00:39] ❌ ERRO_404 | 707499 | 1350/1686 (80.1%) | Falhas: 637
12:00:39 | INFO     | [12:00:39] ❌ ERRO_404 | 707501 | 1351/1686 (80.1%) | Falhas: 638
12:00:39 | INFO     | [12:00:39] ❌ ERRO_404 | 707502 | 1352/1686 (80.2%) | Falhas: 639
12:00:39 | INFO     | [12:00:39] ❌ ERRO_404 | 707503 | 1353/1686 (80.2%) | Falhas: 640
12:00:39 | INFO     | [12:00:39] ❌ ERRO_404 | 707500 | 1354/1686 (80.3%) | Falhas: 641
12:00:39 | INFO     | [12:00:39] ❌ ERRO_404 | 707504 | 1355/1686 (80.4%) | Falhas: 642
12:00:39 | INFO     | [12:00:39] ❌ ERRO_404 | 707505 | 1356/1686 (80.4%) | Falhas: 643
12:00:39 | INFO     | [12:00:39] ❌ ERRO_404 | 707506 | 1357/1686 (80.5%) | Falhas: 644
12:00:39 | INFO     | [12:00:39] ❌ ERRO_404 | 707507 | 1358/1686 (80.5%) | Falhas: 645
12:00:39 | INFO     | [12:00:39] ❌ ERRO_404 | 707508 | 1359/1686 (80.6%) | Falhas: 646
12:00:40 | INFO     | [12:00:40] ❌ ERRO_404 | 707509 | 1360/1686 (80.7%) | Falhas: 647
12:00:40 | INFO     | [12:00:40] ❌ ERRO_404 | 707511 | 1361/1686 (80.7%) | Falhas: 648
12:00:40 | INFO     | [12:00:40] ❌ ERRO_404 | 707510 | 1362/1686 (80.8%) | Falhas: 649
12:00:40 | INFO     | [12:00:40] ❌ ERRO_404 | 707513 | 1363/1686 (80.8%) | Falhas: 650
12:00:40 | INFO     | [12:00:40] ❌ ERRO_404 | 707512 | 1364/1686 (80.9%) | Falhas: 651
12:00:40 | INFO     | [12:00:40] ❌ ERRO_404 | 707514 | 1365/1686 (81.0%) | Falhas: 652
12:00:40 | INFO     | [12:00:40] ❌ ERRO_404 | 707515 | 1366/1686 (81.0%) | Falhas: 653
12:00:40 | INFO     | [12:00:40] ❌ ERRO_404 | 707517 | 1367/1686 (81.1%) | Falhas: 654
12:00:40 | INFO     | [12:00:40] ❌ ERRO_404 | 707516 | 1368/1686 (81.1%) | Falhas: 655
12:00:40 | INFO     | [12:00:40] ❌ ERRO_404 | 707519 | 1369/1686 (81.2%) | Falhas: 656
12:00:40 | INFO     | [12:00:40] ❌ ERRO_404 | 707518 | 1370/1686 (81.3%) | Falhas: 657
12:00:40 | INFO     | [12:00:40] ❌ ERRO_404 | 707521 | 1371/1686 (81.3%) | Falhas: 658
12:00:40 | INFO     | [12:00:40] ❌ ERRO_404 | 707520 | 1372/1686 (81.4%) | Falhas: 659
12:00:40 | INFO     | [12:00:40] ❌ ERRO_404 | 707522 | 1373/1686 (81.4%) | Falhas: 660
12:00:40 | INFO     | [12:00:40] ❌ ERRO_404 | 707523 | 1374/1686 (81.5%) | Falhas: 661
12:00:40 | INFO     | [12:00:40] ❌ ERRO_404 | 707524 | 1375/1686 (81.6%) | Falhas: 662
12:00:40 | INFO     | [12:00:40] ❌ ERRO_404 | 707527 | 1376/1686 (81.6%) | Falhas: 663
12:00:40 | INFO     | [12:00:40] ❌ ERRO_404 | 707525 | 1377/1686 (81.7%) | Falhas: 664
12:00:40 | INFO     | [12:00:40] ❌ ERRO_404 | 707526 | 1378/1686 (81.7%) | Falhas: 665
12:00:40 | INFO     | [12:00:40] ❌ ERRO_404 | 707528 | 1379/1686 (81.8%) | Falhas: 666
12:00:41 | INFO     | [12:00:41] ❌ ERRO_404 | 707529 | 1380/1686 (81.9%) | Falhas: 667
12:00:41 | INFO     | [12:00:41] ❌ ERRO_404 | 707530 | 1381/1686 (81.9%) | Falhas: 668
12:00:41 | INFO     | [12:00:41] ❌ ERRO_404 | 707531 | 1382/1686 (82.0%) | Falhas: 669
12:00:41 | INFO     | [12:00:41] ❌ ERRO_404 | 707532 | 1383/1686 (82.0%) | Falhas: 670
12:00:41 | INFO     | [12:00:41] ❌ ERRO_404 | 707534 | 1384/1686 (82.1%) | Falhas: 671
12:00:41 | INFO     | [12:00:41] ❌ ERRO_404 | 707533 | 1385/1686 (82.1%) | Falhas: 672
12:00:41 | INFO     | [12:00:41] ❌ ERRO_404 | 707535 | 1386/1686 (82.2%) | Falhas: 673
12:00:41 | INFO     | [12:00:41] ❌ ERRO_404 | 707536 | 1387/1686 (82.3%) | Falhas: 674
12:00:41 | INFO     | [12:00:41] ❌ ERRO_404 | 707537 | 1388/1686 (82.3%) | Falhas: 675
12:00:41 | INFO     | [12:00:41] ❌ ERRO_404 | 707538 | 1389/1686 (82.4%) | Falhas: 676
12:00:41 | INFO     | [12:00:41] ❌ ERRO_404 | 707539 | 1390/1686 (82.4%) | Falhas: 677
12:00:41 | INFO     | [12:00:41] ❌ ERRO_404 | 707541 | 1391/1686 (82.5%) | Falhas: 678
12:00:41 | INFO     | [12:00:41] ❌ ERRO_404 | 707543 | 1392/1686 (82.6%) | Falhas: 679
12:00:41 | INFO     | [12:00:41] ❌ ERRO_404 | 707542 | 1393/1686 (82.6%) | Falhas: 680
12:00:41 | INFO     | [12:00:41] ❌ ERRO_404 | 707544 | 1394/1686 (82.7%) | Falhas: 681
12:00:41 | INFO     | [12:00:41] ❌ ERRO_404 | 707545 | 1395/1686 (82.7%) | Falhas: 682
12:00:41 | INFO     | [12:00:41] ❌ ERRO_404 | 707547 | 1396/1686 (82.8%) | Falhas: 683
12:00:41 | INFO     | [12:00:41] ❌ ERRO_404 | 707549 | 1397/1686 (82.9%) | Falhas: 684
12:00:41 | INFO     | [12:00:41] ❌ ERRO_404 | 707552 | 1398/1686 (82.9%) | Falhas: 685
12:00:41 | INFO     | [12:00:41] ❌ ERRO_404 | 707551 | 1399/1686 (83.0%) | Falhas: 686
12:00:41 | INFO     | [12:00:41] ❌ ERRO_404 | 707550 | 1400/1686 (83.0%) | Falhas: 687
12:00:41 | INFO     | [12:00:41] ❌ ERRO_404 | 707548 | 1401/1686 (83.1%) | Falhas: 688
12:00:41 | INFO     | [12:00:41] ❌ ERRO_404 | 707553 | 1402/1686 (83.2%) | Falhas: 689
12:00:41 | INFO     | [12:00:41] ❌ ERRO_404 | 707554 | 1403/1686 (83.2%) | Falhas: 690
12:00:42 | INFO     | [12:00:42] ❌ ERRO_404 | 707555 | 1404/1686 (83.3%) | Falhas: 691
12:00:42 | INFO     | [12:00:42] ❌ ERRO_404 | 707556 | 1405/1686 (83.3%) | Falhas: 692
12:00:42 | INFO     | [12:00:42] ❌ ERRO_404 | 707557 | 1406/1686 (83.4%) | Falhas: 693
12:00:42 | INFO     | [12:00:42] ❌ ERRO_404 | 707558 | 1407/1686 (83.5%) | Falhas: 694
12:00:42 | INFO     | [12:00:42] ❌ ERRO_404 | 707559 | 1408/1686 (83.5%) | Falhas: 695
12:00:42 | INFO     | [12:00:42] ❌ ERRO_404 | 707560 | 1409/1686 (83.6%) | Falhas: 696
12:00:42 | INFO     | [12:00:42] ❌ ERRO_404 | 707561 | 1410/1686 (83.6%) | Falhas: 697
12:00:42 | INFO     | [12:00:42] ❌ ERRO_404 | 707562 | 1411/1686 (83.7%) | Falhas: 698
12:00:42 | INFO     | [12:00:42] ❌ ERRO_404 | 707563 | 1412/1686 (83.7%) | Falhas: 699
12:00:42 | INFO     | [12:00:42] ❌ ERRO_404 | 707565 | 1413/1686 (83.8%) | Falhas: 700
12:00:42 | INFO     | [12:00:42] ❌ ERRO_404 | 707566 | 1414/1686 (83.9%) | Falhas: 701
12:00:42 | INFO     | [12:00:42] ❌ ERRO_404 | 707564 | 1415/1686 (83.9%) | Falhas: 702
12:00:42 | INFO     | [12:00:42] ❌ ERRO_404 | 707567 | 1416/1686 (84.0%) | Falhas: 703
12:00:42 | INFO     | [12:00:42] ❌ ERRO_404 | 707568 | 1417/1686 (84.0%) | Falhas: 704
12:00:42 | INFO     | [12:00:42] ❌ ERRO_404 | 707569 | 1418/1686 (84.1%) | Falhas: 705
12:00:42 | INFO     | [12:00:42] ❌ ERRO_404 | 707570 | 1419/1686 (84.2%) | Falhas: 706
12:00:43 | INFO     | [12:00:43] ❌ ERRO_404 | 707571 | 1420/1686 (84.2%) | Falhas: 707
12:00:43 | INFO     | [12:00:43] ❌ ERRO_404 | 707572 | 1421/1686 (84.3%) | Falhas: 708
12:00:43 | INFO     | [12:00:43] ❌ ERRO_404 | 707573 | 1422/1686 (84.3%) | Falhas: 709
12:00:43 | INFO     | [12:00:43] ❌ ERRO_404 | 707574 | 1423/1686 (84.4%) | Falhas: 710
12:00:43 | INFO     | [12:00:43] ❌ ERRO_404 | 707576 | 1424/1686 (84.5%) | Falhas: 711
12:00:43 | INFO     | [12:00:43] ❌ ERRO_404 | 707575 | 1425/1686 (84.5%) | Falhas: 712
12:00:43 | INFO     | [12:00:43] ❌ ERRO_404 | 707577 | 1426/1686 (84.6%) | Falhas: 713
12:00:43 | INFO     | [12:00:43] ❌ ERRO_404 | 707578 | 1427/1686 (84.6%) | Falhas: 714
12:00:43 | INFO     | [12:00:43] ❌ ERRO_404 | 707579 | 1428/1686 (84.7%) | Falhas: 715
12:00:43 | INFO     | [12:00:43] ❌ ERRO_404 | 707582 | 1429/1686 (84.8%) | Falhas: 716
12:00:43 | INFO     | [12:00:43] ❌ ERRO_404 | 707584 | 1430/1686 (84.8%) | Falhas: 717
12:00:43 | INFO     | [12:00:43] ❌ ERRO_404 | 707585 | 1431/1686 (84.9%) | Falhas: 718
12:00:43 | INFO     | [12:00:43] ❌ ERRO_404 | 707580 | 1432/1686 (84.9%) | Falhas: 719
12:00:43 | INFO     | [12:00:43] ❌ ERRO_404 | 707581 | 1433/1686 (85.0%) | Falhas: 720
12:00:43 | INFO     | [12:00:43] ❌ ERRO_404 | 707586 | 1434/1686 (85.1%) | Falhas: 721
12:00:44 | INFO     | [12:00:44] ❌ ERRO_500 | 719078 | 1435/1686 (85.1%) | Falhas: 722
12:00:44 | INFO     | [12:00:44] ❌ ERRO_500 | 748214 | 1436/1686 (85.2%) | Falhas: 723
12:00:44 | INFO     | [12:00:44] ❌ ERRO_500 | 749491 | 1437/1686 (85.2%) | Falhas: 724
12:00:44 | INFO     | [12:00:44] ❌ ERRO_500 | 707591 | 1438/1686 (85.3%) | Falhas: 725
12:00:44 | INFO     | [12:00:44] ❌ ERRO_500 | 707608 | 1439/1686 (85.3%) | Falhas: 726
12:00:44 | INFO     | [12:00:44] ❌ ERRO_500 | 750714 | 1440/1686 (85.4%) | Falhas: 727
12:00:44 | INFO     | [12:00:44] ❌ ERRO_500 | 731393 | 1441/1686 (85.5%) | Falhas: 728
12:00:44 | INFO     | [12:00:44] ❌ ERRO_500 | 707590 | 1442/1686 (85.5%) | Falhas: 729
12:00:44 | INFO     | [12:00:44] ❌ ERRO_500 | 756884 | 1443/1686 (85.6%) | Falhas: 730
12:00:44 | INFO     | [12:00:44] ❌ ERRO_500 | 707587 | 1444/1686 (85.6%) | Falhas: 731
12:00:44 | INFO     | [12:00:44] ❌ ERRO_500 | 766422 | 1445/1686 (85.7%) | Falhas: 732
12:00:44 | INFO     | [12:00:44] ❌ ERRO_500 | 747813 | 1446/1686 (85.8%) | Falhas: 733
12:00:44 | INFO     | [12:00:44] ❌ ERRO_500 | 707588 | 1447/1686 (85.8%) | Falhas: 734
12:00:44 | INFO     | [12:00:44] ❌ ERRO_500 | 707589 | 1448/1686 (85.9%) | Falhas: 735
12:00:44 | INFO     | [12:00:44] ❌ ERRO_500 | 707692 | 1449/1686 (85.9%) | Falhas: 736
12:00:45 | INFO     | [12:00:45] ❌ ERRO_500 | 767579 | 1450/1686 (86.0%) | Falhas: 737
12:00:45 | INFO     | [12:00:45] ❌ ERRO_500 | 825511 | 1451/1686 (86.1%) | Falhas: 738
12:00:45 | INFO     | [12:00:45] ❌ ERRO_500 | 832634 | 1452/1686 (86.1%) | Falhas: 739
12:00:45 | INFO     | [12:00:45] ❌ ERRO_500 | 829439 | 1453/1686 (86.2%) | Falhas: 740
12:00:45 | INFO     | [12:00:45] ❌ ERRO_500 | 817696 | 1454/1686 (86.2%) | Falhas: 741
12:00:45 | INFO     | [12:00:45] ❌ ERRO_500 | 832720 | 1455/1686 (86.3%) | Falhas: 742
12:00:45 | INFO     | [12:00:45] ❌ ERRO_500 | 831465 | 1456/1686 (86.4%) | Falhas: 743
12:00:45 | INFO     | [12:00:45] ❌ ERRO_500 | 797505 | 1457/1686 (86.4%) | Falhas: 744
12:00:45 | INFO     | [12:00:45] ❌ ERRO_500 | 766705 | 1458/1686 (86.5%) | Falhas: 745
12:00:45 | INFO     | [12:00:45] ❌ ERRO_500 | 801558 | 1459/1686 (86.5%) | Falhas: 746
12:00:45 | INFO     | [12:00:45] ❌ ERRO_500 | 834388 | 1460/1686 (86.6%) | Falhas: 747
12:00:45 | INFO     | [12:00:45] ❌ ERRO_500 | 831506 | 1461/1686 (86.7%) | Falhas: 748
12:00:45 | INFO     | [12:00:45] ❌ ERRO_500 | 793393 | 1462/1686 (86.7%) | Falhas: 749
12:00:45 | INFO     | [12:00:45] ❌ ERRO_500 | 831435 | 1463/1686 (86.8%) | Falhas: 750
12:00:45 | INFO     | [12:00:45] ❌ ERRO_500 | 804184 | 1464/1686 (86.8%) | Falhas: 751
12:00:47 | INFO     | [12:00:47] ✅ DONE | 856734 | 0 responsáveis | 1465/1686 (86.9%) | Falhas: 751
12:00:47 | INFO     | [12:00:47] ✅ DONE | 870405 | 0 responsáveis | 1466/1686 (87.0%) | Falhas: 751
12:00:47 | INFO     | [12:00:47] ✅ DONE | 840870 | 0 responsáveis | 1467/1686 (87.0%) | Falhas: 751
12:00:47 | INFO     | [12:00:47] ✅ DONE | 852718 | 0 responsáveis | 1468/1686 (87.1%) | Falhas: 751
12:00:47 | INFO     | [12:00:47] ✅ DONE | 850889 | 0 responsáveis | 1469/1686 (87.1%) | Falhas: 751
12:00:47 | INFO     | [12:00:47] ✅ DONE | 860842 | 0 responsáveis | 1470/1686 (87.2%) | Falhas: 751
12:00:47 | INFO     | [12:00:47] ✅ DONE | 865873 | 0 responsáveis | 1471/1686 (87.2%) | Falhas: 751
12:00:47 | INFO     | [12:00:47] ✅ DONE | 845228 | 0 responsáveis | 1472/1686 (87.3%) | Falhas: 751
12:00:47 | INFO     | [12:00:47] ✅ DONE | 856724 | 0 responsáveis | 1473/1686 (87.4%) | Falhas: 751
12:00:47 | INFO     | [12:00:47] ✅ DONE | 840008 | 0 responsáveis | 1474/1686 (87.4%) | Falhas: 751
12:00:47 | INFO     | [12:00:47] ✅ DONE | 856694 | 0 responsáveis | 1475/1686 (87.5%) | Falhas: 751
12:00:47 | INFO     | [12:00:47] ✅ DONE | 834397 | 0 responsáveis | 1476/1686 (87.5%) | Falhas: 751
12:00:47 | INFO     | [12:00:47] ✅ DONE | 862554 | 0 responsáveis | 1477/1686 (87.6%) | Falhas: 751
12:00:47 | INFO     | [12:00:47] ✅ DONE | 844712 | 0 responsáveis | 1478/1686 (87.7%) | Falhas: 751
12:00:47 | INFO     | [12:00:47] ✅ DONE | 847884 | 0 responsáveis | 1479/1686 (87.7%) | Falhas: 751
12:00:48 | INFO     | [12:00:48] ✅ DONE | 899352 | 0 responsáveis | 1480/1686 (87.8%) | Falhas: 751
12:00:48 | INFO     | [12:00:48] ✅ DONE | 885631 | 0 responsáveis | 1481/1686 (87.8%) | Falhas: 751
12:00:48 | INFO     | [12:00:48] ✅ DONE | 933967 | 0 responsáveis | 1482/1686 (87.9%) | Falhas: 751
12:00:48 | INFO     | [12:00:48] ✅ DONE | 885968 | 0 responsáveis | 1483/1686 (88.0%) | Falhas: 751
12:00:48 | INFO     | [12:00:48] ✅ DONE | 888049 | 0 responsáveis | 1484/1686 (88.0%) | Falhas: 751
12:00:48 | INFO     | [12:00:48] ✅ DONE | 934715 | 0 responsáveis | 1485/1686 (88.1%) | Falhas: 751
12:00:48 | INFO     | [12:00:48] ✅ DONE | 909486 | 0 responsáveis | 1486/1686 (88.1%) | Falhas: 751
12:00:48 | INFO     | [12:00:48] ✅ DONE | 907150 | 0 responsáveis | 1487/1686 (88.2%) | Falhas: 751
12:00:48 | INFO     | [12:00:48] ✅ DONE | 930292 | 0 responsáveis | 1488/1686 (88.3%) | Falhas: 751
12:00:48 | INFO     | [12:00:48] ✅ DONE | 872090 | 0 responsáveis | 1489/1686 (88.3%) | Falhas: 751
12:00:48 | INFO     | [12:00:48] ✅ DONE | 889943 | 4 responsáveis | 1490/1686 (88.4%) | Falhas: 751
12:00:48 | INFO     | [12:00:48] ✅ DONE | 934686 | 0 responsáveis | 1491/1686 (88.4%) | Falhas: 751
12:00:48 | INFO     | [12:00:48] ✅ DONE | 927057 | 0 responsáveis | 1492/1686 (88.5%) | Falhas: 751
12:00:48 | INFO     | [12:00:48] ✅ DONE | 930456 | 0 responsáveis | 1493/1686 (88.6%) | Falhas: 751
12:00:48 | INFO     | [12:00:48] ✅ DONE | 912251 | 0 responsáveis | 1494/1686 (88.6%) | Falhas: 751
12:00:49 | INFO     | [12:00:49] ✅ DONE | 935660 | 0 responsáveis | 1495/1686 (88.7%) | Falhas: 751
12:00:49 | INFO     | [12:00:49] ✅ DONE | 935871 | 0 responsáveis | 1496/1686 (88.7%) | Falhas: 751
12:00:49 | INFO     | [12:00:49] ✅ DONE | 935800 | 0 responsáveis | 1497/1686 (88.8%) | Falhas: 751
12:00:49 | INFO     | [12:00:49] ✅ DONE | 942309 | 0 responsáveis | 1498/1686 (88.8%) | Falhas: 751
12:00:49 | INFO     | [12:00:49] ✅ DONE | 949017 | 0 responsáveis | 1499/1686 (88.9%) | Falhas: 751
12:00:49 | INFO     | [12:00:49] ✅ DONE | 940418 | 0 responsáveis | 1500/1686 (89.0%) | Falhas: 751
12:00:49 | INFO     | [12:00:49] ✅ DONE | 936580 | 0 responsáveis | 1501/1686 (89.0%) | Falhas: 751
12:00:49 | INFO     | [12:00:49] ✅ DONE | 949054 | 0 responsáveis | 1502/1686 (89.1%) | Falhas: 751
12:00:49 | INFO     | [12:00:49] ✅ DONE | 950817 | 0 responsáveis | 1503/1686 (89.1%) | Falhas: 751
12:00:49 | INFO     | [12:00:49] ✅ DONE | 944975 | 0 responsáveis | 1504/1686 (89.2%) | Falhas: 751
12:00:49 | INFO     | [12:00:49] ✅ DONE | 944916 | 0 responsáveis | 1505/1686 (89.3%) | Falhas: 751
12:00:49 | INFO     | [12:00:49] ✅ DONE | 940303 | 0 responsáveis | 1506/1686 (89.3%) | Falhas: 751
12:00:49 | INFO     | [12:00:49] ✅ DONE | 942296 | 0 responsáveis | 1507/1686 (89.4%) | Falhas: 751
12:00:49 | INFO     | [12:00:49] ✅ DONE | 942278 | 0 responsáveis | 1508/1686 (89.4%) | Falhas: 751
12:00:49 | INFO     | [12:00:49] ✅ DONE | 946422 | 0 responsáveis | 1509/1686 (89.5%) | Falhas: 751
12:00:50 | INFO     | [12:00:50] ✅ DONE | 953518 | 0 responsáveis | 1510/1686 (89.6%) | Falhas: 751
12:00:50 | INFO     | [12:00:50] ✅ DONE | 952285 | 0 responsáveis | 1511/1686 (89.6%) | Falhas: 751
12:00:50 | INFO     | [12:00:50] ✅ DONE | 953192 | 0 responsáveis | 1512/1686 (89.7%) | Falhas: 751
12:00:50 | INFO     | [12:00:50] ✅ DONE | 21817 | 0 responsáveis | 1513/1686 (89.7%) | Falhas: 751
12:00:50 | INFO     | [12:00:50] ✅ DONE | 29916 | 0 responsáveis | 1514/1686 (89.8%) | Falhas: 751
12:00:50 | INFO     | [12:00:50] ✅ DONE | 960404 | 0 responsáveis | 1515/1686 (89.9%) | Falhas: 751
12:00:50 | INFO     | [12:00:50] ✅ DONE | 28639 | 0 responsáveis | 1516/1686 (89.9%) | Falhas: 751
12:00:50 | INFO     | [12:00:50] ✅ DONE | 955573 | 0 responsáveis | 1517/1686 (90.0%) | Falhas: 751
12:00:50 | INFO     | [12:00:50] ✅ DONE | 959853 | 0 responsáveis | 1518/1686 (90.0%) | Falhas: 751
12:00:50 | INFO     | [12:00:50] ✅ DONE | 43232 | 0 responsáveis | 1519/1686 (90.1%) | Falhas: 751
12:00:50 | INFO     | [12:00:50] ✅ DONE | 10343 | 0 responsáveis | 1520/1686 (90.2%) | Falhas: 751
12:00:50 | INFO     | [12:00:50] ✅ DONE | 43921 | 0 responsáveis | 1521/1686 (90.2%) | Falhas: 751
12:00:50 | INFO     | [12:00:50] ✅ DONE | 21691 | 0 responsáveis | 1522/1686 (90.3%) | Falhas: 751
12:00:50 | INFO     | [12:00:50] ✅ DONE | 20510 | 0 responsáveis | 1523/1686 (90.3%) | Falhas: 751
12:00:50 | INFO     | [12:00:50] ✅ DONE | 44291 | 4 responsáveis | 1524/1686 (90.4%) | Falhas: 751
12:00:51 | INFO     | [12:00:51] ✅ DONE | 72486 | 0 responsáveis | 1525/1686 (90.5%) | Falhas: 751
12:00:51 | INFO     | [12:00:51] ✅ DONE | 71838 | 2 responsáveis | 1526/1686 (90.5%) | Falhas: 751
12:00:51 | INFO     | [12:00:51] ✅ DONE | 72001 | 2 responsáveis | 1527/1686 (90.6%) | Falhas: 751
12:00:51 | INFO     | [12:00:51] ✅ DONE | 144989 | 0 responsáveis | 1528/1686 (90.6%) | Falhas: 751
12:00:51 | INFO     | [12:00:51] ✅ DONE | 94895 | 2 responsáveis | 1529/1686 (90.7%) | Falhas: 751
12:00:51 | INFO     | [12:00:51] ✅ DONE | 124926 | 0 responsáveis | 1530/1686 (90.7%) | Falhas: 751
12:00:51 | INFO     | [12:00:51] ✅ DONE | 208150 | 0 responsáveis | 1531/1686 (90.8%) | Falhas: 751
12:00:51 | INFO     | [12:00:51] ✅ DONE | 199366 | 0 responsáveis | 1532/1686 (90.9%) | Falhas: 751
12:00:51 | INFO     | [12:00:51] ✅ DONE | 162879 | 0 responsáveis | 1533/1686 (90.9%) | Falhas: 751
12:00:51 | INFO     | [12:00:51] ✅ DONE | 324128 | 3 responsáveis | 1534/1686 (91.0%) | Falhas: 751
12:00:51 | INFO     | [12:00:51] ✅ DONE | 304434 | 3 responsáveis | 1535/1686 (91.0%) | Falhas: 751
12:00:51 | INFO     | [12:00:51] ✅ DONE | 325219 | 2 responsáveis | 1536/1686 (91.1%) | Falhas: 751
12:00:51 | INFO     | [12:00:51] ✅ DONE | 323103 | 9 responsáveis | 1537/1686 (91.2%) | Falhas: 751
12:00:51 | INFO     | [12:00:51] ✅ DONE | 324466 | 4 responsáveis | 1538/1686 (91.2%) | Falhas: 751
12:00:51 | INFO     | [12:00:51] ✅ DONE | 304606 | 6 responsáveis | 1539/1686 (91.3%) | Falhas: 751
12:00:51 | INFO     | [12:00:51] ✅ DONE | 407550 | 2 responsáveis | 1540/1686 (91.3%) | Falhas: 751
12:00:51 | INFO     | [12:00:51] ✅ DONE | 355734 | 4 responsáveis | 1541/1686 (91.4%) | Falhas: 751
12:00:51 | INFO     | [12:00:51] ✅ DONE | 404124 | 0 responsáveis | 1542/1686 (91.5%) | Falhas: 751
12:00:52 | INFO     | [12:00:52] ✅ DONE | 412228 | 0 responsáveis | 1543/1686 (91.5%) | Falhas: 751
12:00:52 | INFO     | [12:00:52] ✅ DONE | 414341 | 0 responsáveis | 1544/1686 (91.6%) | Falhas: 751
12:00:52 | INFO     | [12:00:52] ✅ DONE | 415281 | 3 responsáveis | 1545/1686 (91.6%) | Falhas: 751
12:00:52 | INFO     | [12:00:52] ✅ DONE | 440786 | 0 responsáveis | 1546/1686 (91.7%) | Falhas: 751
12:00:52 | INFO     | [12:00:52] ✅ DONE | 417829 | 2 responsáveis | 1547/1686 (91.8%) | Falhas: 751
12:00:52 | INFO     | [12:00:52] ✅ DONE | 440168 | 0 responsáveis | 1548/1686 (91.8%) | Falhas: 751
12:00:52 | INFO     | [12:00:52] ✅ DONE | 420042 | 2 responsáveis | 1549/1686 (91.9%) | Falhas: 751
12:00:52 | INFO     | [12:00:52] ✅ DONE | 433586 | 0 responsáveis | 1550/1686 (91.9%) | Falhas: 751
12:00:52 | INFO     | [12:00:52] ✅ DONE | 418599 | 6 responsáveis | 1551/1686 (92.0%) | Falhas: 751
12:00:52 | INFO     | [12:00:52] ✅ DONE | 442436 | 0 responsáveis | 1552/1686 (92.1%) | Falhas: 751
12:00:52 | INFO     | [12:00:52] ✅ DONE | 433598 | 0 responsáveis | 1553/1686 (92.1%) | Falhas: 751
12:00:52 | INFO     | [12:00:52] ✅ DONE | 438583 | 0 responsáveis | 1554/1686 (92.2%) | Falhas: 751
12:00:52 | INFO     | [12:00:52] ✅ DONE | 443786 | 0 responsáveis | 1555/1686 (92.2%) | Falhas: 751
12:00:52 | INFO     | [12:00:52] ✅ DONE | 444606 | 0 responsáveis | 1556/1686 (92.3%) | Falhas: 751
12:00:52 | INFO     | [12:00:52] ✅ DONE | 445535 | 0 responsáveis | 1557/1686 (92.3%) | Falhas: 751
12:00:52 | INFO     | [12:00:52] ✅ DONE | 445637 | 0 responsáveis | 1558/1686 (92.4%) | Falhas: 751
12:00:53 | INFO     | [12:00:53] ✅ DONE | 445703 | 0 responsáveis | 1559/1686 (92.5%) | Falhas: 751
12:00:53 | INFO     | [12:00:53] ✅ DONE | 445800 | 0 responsáveis | 1560/1686 (92.5%) | Falhas: 751
12:00:53 | INFO     | [12:00:53] ✅ DONE | 446349 | 0 responsáveis | 1561/1686 (92.6%) | Falhas: 751
12:00:53 | INFO     | [12:00:53] ✅ DONE | 446095 | 0 responsáveis | 1562/1686 (92.6%) | Falhas: 751
12:00:53 | INFO     | [12:00:53] ✅ DONE | 445798 | 0 responsáveis | 1563/1686 (92.7%) | Falhas: 751
12:00:53 | INFO     | [12:00:53] ✅ DONE | 450022 | 0 responsáveis | 1564/1686 (92.8%) | Falhas: 751
12:00:53 | INFO     | [12:00:53] ✅ DONE | 448269 | 2 responsáveis | 1565/1686 (92.8%) | Falhas: 751
12:00:53 | INFO     | [12:00:53] ✅ DONE | 448130 | 0 responsáveis | 1566/1686 (92.9%) | Falhas: 751
12:00:53 | INFO     | [12:00:53] ✅ DONE | 447995 | 0 responsáveis | 1567/1686 (92.9%) | Falhas: 751
12:00:53 | INFO     | [12:00:53] ✅ DONE | 447479 | 0 responsáveis | 1568/1686 (93.0%) | Falhas: 751
12:00:53 | INFO     | [12:00:53] ✅ DONE | 447749 | 0 responsáveis | 1569/1686 (93.1%) | Falhas: 751
12:00:53 | INFO     | [12:00:53] ✅ DONE | 450026 | 0 responsáveis | 1570/1686 (93.1%) | Falhas: 751
12:00:53 | INFO     | [12:00:53] ✅ DONE | 451371 | 0 responsáveis | 1571/1686 (93.2%) | Falhas: 751
12:00:53 | INFO     | [12:00:53] ✅ DONE | 453817 | 0 responsáveis | 1572/1686 (93.2%) | Falhas: 751
12:00:53 | INFO     | [12:00:53] ✅ DONE | 454101 | 0 responsáveis | 1573/1686 (93.3%) | Falhas: 751
12:00:53 | INFO     | [12:00:53] ❌ ERRO_500 | 454353 | 1574/1686 (93.4%) | Falhas: 752
12:00:53 | INFO     | [12:00:53] ✅ DONE | 454137 | 0 responsáveis | 1575/1686 (93.4%) | Falhas: 752
12:00:54 | INFO     | [12:00:54] ✅ DONE | 457703 | 0 responsáveis | 1576/1686 (93.5%) | Falhas: 752
12:00:54 | INFO     | [12:00:54] ✅ DONE | 454897 | 0 responsáveis | 1577/1686 (93.5%) | Falhas: 752
12:00:54 | INFO     | [12:00:54] ✅ DONE | 454825 | 0 responsáveis | 1578/1686 (93.6%) | Falhas: 752
12:00:54 | INFO     | [12:00:54] ✅ DONE | 455097 | 0 responsáveis | 1579/1686 (93.7%) | Falhas: 752
12:00:54 | INFO     | [12:00:54] ✅ DONE | 465934 | 0 responsáveis | 1580/1686 (93.7%) | Falhas: 752
12:00:54 | INFO     | [12:00:54] ✅ DONE | 464207 | 0 responsáveis | 1581/1686 (93.8%) | Falhas: 752
12:00:54 | INFO     | [12:00:54] ✅ DONE | 468570 | 0 responsáveis | 1582/1686 (93.8%) | Falhas: 752
12:00:54 | INFO     | [12:00:54] ✅ DONE | 471221 | 0 responsáveis | 1583/1686 (93.9%) | Falhas: 752
12:00:54 | INFO     | [12:00:54] ✅ DONE | 457704 | 0 responsáveis | 1584/1686 (94.0%) | Falhas: 752
12:00:54 | INFO     | [12:00:54] ✅ DONE | 472689 | 0 responsáveis | 1585/1686 (94.0%) | Falhas: 752
12:00:54 | INFO     | [12:00:54] ✅ DONE | 472752 | 0 responsáveis | 1586/1686 (94.1%) | Falhas: 752
12:00:54 | INFO     | [12:00:54] ✅ DONE | 473414 | 0 responsáveis | 1587/1686 (94.1%) | Falhas: 752
12:00:54 | INFO     | [12:00:54] ✅ DONE | 473507 | 0 responsáveis | 1588/1686 (94.2%) | Falhas: 752
12:00:54 | INFO     | [12:00:54] ✅ DONE | 477977 | 0 responsáveis | 1589/1686 (94.2%) | Falhas: 752
12:00:54 | INFO     | [12:00:54] ✅ DONE | 477994 | 0 responsáveis | 1590/1686 (94.3%) | Falhas: 752
12:00:54 | INFO     | [12:00:54] ✅ DONE | 477997 | 0 responsáveis | 1591/1686 (94.4%) | Falhas: 752
12:00:54 | INFO     | [12:00:54] ✅ DONE | 478473 | 0 responsáveis | 1592/1686 (94.4%) | Falhas: 752
12:00:54 | INFO     | [12:00:54] ✅ DONE | 478415 | 0 responsáveis | 1593/1686 (94.5%) | Falhas: 752
12:00:54 | INFO     | [12:00:54] ✅ DONE | 486145 | 0 responsáveis | 1594/1686 (94.5%) | Falhas: 752
12:00:54 | INFO     | [12:00:54] ✅ DONE | 486148 | 0 responsáveis | 1595/1686 (94.6%) | Falhas: 752
12:00:54 | INFO     | [12:00:54] ✅ DONE | 480071 | 0 responsáveis | 1596/1686 (94.7%) | Falhas: 752
12:00:55 | INFO     | [12:00:55] ✅ DONE | 489706 | 0 responsáveis | 1597/1686 (94.7%) | Falhas: 752
12:00:55 | INFO     | [12:00:55] ✅ DONE | 489976 | 0 responsáveis | 1598/1686 (94.8%) | Falhas: 752
12:00:55 | INFO     | [12:00:55] ✅ DONE | 479328 | 0 responsáveis | 1599/1686 (94.8%) | Falhas: 752
12:00:55 | INFO     | [12:00:55] ✅ DONE | 491269 | 0 responsáveis | 1600/1686 (94.9%) | Falhas: 752
12:00:55 | INFO     | [12:00:55] ✅ DONE | 493935 | 0 responsáveis | 1601/1686 (95.0%) | Falhas: 752
12:00:55 | INFO     | [12:00:55] ✅ DONE | 495949 | 0 responsáveis | 1602/1686 (95.0%) | Falhas: 752
12:00:55 | INFO     | [12:00:55] ✅ DONE | 496974 | 0 responsáveis | 1603/1686 (95.1%) | Falhas: 752
12:00:55 | INFO     | [12:00:55] ✅ DONE | 498146 | 0 responsáveis | 1604/1686 (95.1%) | Falhas: 752
12:00:55 | INFO     | [12:00:55] ✅ DONE | 500370 | 0 responsáveis | 1605/1686 (95.2%) | Falhas: 752
12:00:55 | INFO     | [12:00:55] ✅ DONE | 505189 | 0 responsáveis | 1606/1686 (95.3%) | Falhas: 752
12:00:55 | INFO     | [12:00:55] ✅ DONE | 504860 | 0 responsáveis | 1607/1686 (95.3%) | Falhas: 752
12:00:55 | INFO     | [12:00:55] ✅ DONE | 508935 | 0 responsáveis | 1608/1686 (95.4%) | Falhas: 752
12:00:55 | INFO     | [12:00:55] ✅ DONE | 507627 | 0 responsáveis | 1609/1686 (95.4%) | Falhas: 752
12:00:55 | INFO     | [12:00:55] ✅ DONE | 520511 | 0 responsáveis | 1610/1686 (95.5%) | Falhas: 752
12:00:55 | INFO     | [12:00:55] ✅ DONE | 524019 | 0 responsáveis | 1611/1686 (95.6%) | Falhas: 752
12:00:55 | INFO     | [12:00:55] ✅ DONE | 509867 | 0 responsáveis | 1612/1686 (95.6%) | Falhas: 752
12:00:55 | INFO     | [12:00:55] ✅ DONE | 520418 | 6 responsáveis | 1613/1686 (95.7%) | Falhas: 752
12:00:55 | INFO     | [12:00:55] ✅ DONE | 521191 | 0 responsáveis | 1614/1686 (95.7%) | Falhas: 752
12:00:55 | INFO     | [12:00:55] ✅ DONE | 532185 | 0 responsáveis | 1615/1686 (95.8%) | Falhas: 752
12:00:56 | INFO     | [12:00:56] ✅ DONE | 533207 | 0 responsáveis | 1616/1686 (95.8%) | Falhas: 752
12:00:56 | INFO     | [12:00:56] ✅ DONE | 532227 | 0 responsáveis | 1617/1686 (95.9%) | Falhas: 752
12:00:56 | INFO     | [12:00:56] ✅ DONE | 533258 | 0 responsáveis | 1618/1686 (96.0%) | Falhas: 752
12:00:56 | INFO     | [12:00:56] ✅ DONE | 533634 | 0 responsáveis | 1619/1686 (96.0%) | Falhas: 752
12:00:56 | INFO     | [12:00:56] ✅ DONE | 534126 | 0 responsáveis | 1620/1686 (96.1%) | Falhas: 752
12:00:56 | INFO     | [12:00:56] ✅ DONE | 543735 | 0 responsáveis | 1621/1686 (96.1%) | Falhas: 752
12:00:56 | INFO     | [12:00:56] ✅ DONE | 567584 | 0 responsáveis | 1622/1686 (96.2%) | Falhas: 752
12:00:56 | INFO     | [12:00:56] ✅ DONE | 565910 | 0 responsáveis | 1623/1686 (96.3%) | Falhas: 752
12:00:56 | INFO     | [12:00:56] ✅ DONE | 584850 | 0 responsáveis | 1624/1686 (96.3%) | Falhas: 752
12:00:56 | INFO     | [12:00:56] ✅ DONE | 584861 | 0 responsáveis | 1625/1686 (96.4%) | Falhas: 752
12:00:56 | INFO     | [12:00:56] ✅ DONE | 587691 | 0 responsáveis | 1626/1686 (96.4%) | Falhas: 752
12:00:56 | INFO     | [12:00:56] ✅ DONE | 596775 | 0 responsáveis | 1627/1686 (96.5%) | Falhas: 752
12:00:56 | INFO     | [12:00:56] ✅ DONE | 607888 | 4 responsáveis | 1628/1686 (96.6%) | Falhas: 752
12:00:56 | INFO     | [12:00:56] ✅ DONE | 611540 | 0 responsáveis | 1629/1686 (96.6%) | Falhas: 752
12:00:56 | INFO     | [12:00:56] ✅ DONE | 611178 | 0 responsáveis | 1630/1686 (96.7%) | Falhas: 752
12:00:56 | INFO     | [12:00:56] ✅ DONE | 620474 | 4 responsáveis | 1631/1686 (96.7%) | Falhas: 752
12:00:56 | INFO     | [12:00:56] ✅ DONE | 628440 | 0 responsáveis | 1632/1686 (96.8%) | Falhas: 752
12:00:57 | INFO     | [12:00:57] ✅ DONE | 632478 | 0 responsáveis | 1633/1686 (96.9%) | Falhas: 752
12:00:57 | INFO     | [12:00:57] ✅ DONE | 633712 | 6 responsáveis | 1634/1686 (96.9%) | Falhas: 752
12:00:57 | INFO     | [12:00:57] ✅ DONE | 649213 | 2 responsáveis | 1635/1686 (97.0%) | Falhas: 752
12:00:57 | INFO     | [12:00:57] ✅ DONE | 650200 | 0 responsáveis | 1636/1686 (97.0%) | Falhas: 752
12:00:57 | INFO     | [12:00:57] ✅ DONE | 690976 | 0 responsáveis | 1637/1686 (97.1%) | Falhas: 752
12:00:57 | INFO     | [12:00:57] ✅ DONE | 715163 | 4 responsáveis | 1638/1686 (97.2%) | Falhas: 752
12:00:57 | INFO     | [12:00:57] ✅ DONE | 715296 | 4 responsáveis | 1639/1686 (97.2%) | Falhas: 752
12:00:57 | INFO     | [12:00:57] ✅ DONE | 715432 | 4 responsáveis | 1640/1686 (97.3%) | Falhas: 752
12:00:57 | INFO     | [12:00:57] ✅ DONE | 726533 | 0 responsáveis | 1641/1686 (97.3%) | Falhas: 752
12:00:57 | INFO     | [12:00:57] ✅ DONE | 720770 | 0 responsáveis | 1642/1686 (97.4%) | Falhas: 752
12:00:57 | INFO     | [12:00:57] ✅ DONE | 730067 | 3 responsáveis | 1643/1686 (97.4%) | Falhas: 752
12:00:57 | INFO     | [12:00:57] ✅ DONE | 774470 | 2 responsáveis | 1644/1686 (97.5%) | Falhas: 752
12:00:57 | INFO     | [12:00:57] ✅ DONE | 743116 | 0 responsáveis | 1645/1686 (97.6%) | Falhas: 752
12:00:57 | INFO     | [12:00:57] ✅ DONE | 804680 | 0 responsáveis | 1646/1686 (97.6%) | Falhas: 752
12:00:57 | INFO     | [12:00:57] ✅ DONE | 807791 | 0 responsáveis | 1647/1686 (97.7%) | Falhas: 752
12:00:57 | INFO     | [12:00:57] ✅ DONE | 750790 | 2 responsáveis | 1648/1686 (97.7%) | Falhas: 752
12:00:57 | INFO     | [12:00:57] ✅ DONE | 808927 | 0 responsáveis | 1649/1686 (97.8%) | Falhas: 752
12:00:57 | INFO     | [12:00:57] ✅ DONE | 810305 | 0 responsáveis | 1650/1686 (97.9%) | Falhas: 752
12:00:58 | INFO     | [12:00:58] ✅ DONE | 812135 | 0 responsáveis | 1651/1686 (97.9%) | Falhas: 752
12:00:58 | INFO     | [12:00:58] ✅ DONE | 813073 | 0 responsáveis | 1652/1686 (98.0%) | Falhas: 752
12:00:58 | INFO     | [12:00:58] ✅ DONE | 814446 | 0 responsáveis | 1653/1686 (98.0%) | Falhas: 752
12:00:58 | INFO     | [12:00:58] ✅ DONE | 818149 | 0 responsáveis | 1654/1686 (98.1%) | Falhas: 752
12:00:58 | INFO     | [12:00:58] ✅ DONE | 818388 | 0 responsáveis | 1655/1686 (98.2%) | Falhas: 752
12:00:58 | INFO     | [12:00:58] ✅ DONE | 821962 | 0 responsáveis | 1656/1686 (98.2%) | Falhas: 752
12:00:58 | INFO     | [12:00:58] ✅ DONE | 826230 | 0 responsáveis | 1657/1686 (98.3%) | Falhas: 752
12:00:58 | INFO     | [12:00:58] ✅ DONE | 830689 | 0 responsáveis | 1658/1686 (98.3%) | Falhas: 752
12:00:58 | INFO     | [12:00:58] ✅ DONE | 831945 | 0 responsáveis | 1659/1686 (98.4%) | Falhas: 752
12:00:58 | INFO     | [12:00:58] ✅ DONE | 832609 | 0 responsáveis | 1660/1686 (98.5%) | Falhas: 752
12:00:58 | INFO     | [12:00:58] ✅ DONE | 833286 | 0 responsáveis | 1661/1686 (98.5%) | Falhas: 752
12:00:58 | INFO     | [12:00:58] ✅ DONE | 830926 | 0 responsáveis | 1662/1686 (98.6%) | Falhas: 752
12:00:58 | INFO     | [12:00:58] ✅ DONE | 840678 | 0 responsáveis | 1663/1686 (98.6%) | Falhas: 752
12:00:58 | INFO     | [12:00:58] ✅ DONE | 839682 | 0 responsáveis | 1664/1686 (98.7%) | Falhas: 752
12:00:58 | INFO     | [12:00:58] ✅ DONE | 837306 | 0 responsáveis | 1665/1686 (98.8%) | Falhas: 752
12:00:58 | INFO     | [12:00:58] ✅ DONE | 841875 | 0 responsáveis | 1666/1686 (98.8%) | Falhas: 752
12:00:59 | INFO     | [12:00:59] ✅ DONE | 842823 | 0 responsáveis | 1667/1686 (98.9%) | Falhas: 752
12:00:59 | INFO     | [12:00:59] ✅ DONE | 845428 | 0 responsáveis | 1668/1686 (98.9%) | Falhas: 752
12:00:59 | INFO     | [12:00:59] ✅ DONE | 851849 | 0 responsáveis | 1669/1686 (99.0%) | Falhas: 752
12:00:59 | INFO     | [12:00:59] ✅ DONE | 855371 | 0 responsáveis | 1670/1686 (99.1%) | Falhas: 752
12:00:59 | INFO     | [12:00:59] ✅ DONE | 855483 | 0 responsáveis | 1671/1686 (99.1%) | Falhas: 752
12:00:59 | INFO     | [12:00:59] ✅ DONE | 855537 | 0 responsáveis | 1672/1686 (99.2%) | Falhas: 752
12:00:59 | INFO     | [12:00:59] ✅ DONE | 855573 | 0 responsáveis | 1673/1686 (99.2%) | Falhas: 752
12:00:59 | INFO     | [12:00:59] ✅ DONE | 855611 | 0 responsáveis | 1674/1686 (99.3%) | Falhas: 752
12:00:59 | INFO     | [12:00:59] ✅ DONE | 864839 | 0 responsáveis | 1675/1686 (99.3%) | Falhas: 752
12:00:59 | INFO     | [12:00:59] ✅ DONE | 859999 | 0 responsáveis | 1676/1686 (99.4%) | Falhas: 752
12:00:59 | INFO     | [12:00:59] ✅ DONE | 861319 | 0 responsáveis | 1677/1686 (99.5%) | Falhas: 752
12:00:59 | INFO     | [12:00:59] ✅ DONE | 879498 | 0 responsáveis | 1678/1686 (99.5%) | Falhas: 752
12:00:59 | INFO     | [12:00:59] ✅ DONE | 893459 | 0 responsáveis | 1679/1686 (99.6%) | Falhas: 752
12:00:59 | INFO     | [12:00:59] ✅ DONE | 866008 | 0 responsáveis | 1680/1686 (99.6%) | Falhas: 752
12:00:59 | INFO     | [12:00:59] ✅ DONE | 902882 | 0 responsáveis | 1681/1686 (99.7%) | Falhas: 752
12:00:59 | INFO     | [12:00:59] ✅ DONE | 915164 | 0 responsáveis | 1682/1686 (99.8%) | Falhas: 752
12:00:59 | INFO     | [12:00:59] ✅ DONE | 939916 | 0 responsáveis | 1683/1686 (99.8%) | Falhas: 752
12:01:00 | INFO     | [12:01:00] ✅ DONE | 959506 | 0 responsáveis | 1684/1686 (99.9%) | Falhas: 752
12:01:00 | INFO     | [12:01:00] ✅ DONE | 959928 | 0 responsáveis | 1685/1686 (99.9%) | Falhas: 752
12:01:00 | INFO     | [12:01:00] ✅ DONE | 961708 | 0 responsáveis | 1686/1686 (100.0%) | Falhas: 752
12:01:00 | INFO     | ✅ FIM | Falhas: 752 | SKIPs: 0
12:01:00 | INFO     | ============================================================
12:01:00 | INFO     | 📤 GERANDO contratos_responsaveis.csv...
12:01:00 | INFO     | 📂 1704 arquivo(s) de responsáveis encontrado(s). Processando...
12:01:01 | INFO     | ✅ CSV gerado: data\contratos_responsaveis.csv
12:01:01 | INFO     | Responsáveis : 1124
12:01:01 | INFO     | Ativos       : 934
12:01:01 | INFO     | Colunas      : 11
12:01:01 | INFO     | ============================================================
12:01:01 | INFO     | 📦 INICIANDO OBTENÇÃO DE ITENS EMPENHADOS DO GOOGLE DRIVE
12:01:01 | INFO     | 📦 OBTENDO ITENS EMPENHADOS DO GOOGLE DRIVE...
12:01:21 | INFO     | ✅ ITENS EMPENHADOS OBTIDOS E SALVOS
12:01:21 | INFO     | ============================================================
12:01:21 | INFO     | 📊 RESUMO FINAL
12:01:21 | INFO     |   Falhas compras        : 0
12:01:21 | INFO     |   Falhas itens          : 0
12:01:21 | INFO     |   Falhas atas           : 0
12:01:21 | INFO     |   Falhas atas_itens     : 0
12:01:21 | INFO     |   Falhas atas_saldos    : 0
12:01:21 | INFO     |   Falhas atas_unidades  : 0
12:01:21 | INFO     |   Falhas contratos      : 0
12:01:21 | INFO     |   Falhas contratos_resp : 752
12:01:21 | INFO     |   Falhas itens_empenhad : 0
12:01:21 | INFO     | ⚠️  Pipeline finalizado com 752 falha(s).
