13:51:51 | INFO     | 🚀 INICIANDO PIPELINE DE EXTRAÇÃO DE COMPRAS PÚBLICAS
13:51:51 | INFO     | ============================================================
13:51:51 | INFO     | ℹ️  Módulo LEGADO está desativado em config.config['CONFIG_APIS']['LEGADO']['executar_legado']; pulando extração.
13:51:51 | INFO     | ▶ Módulo LEI 14.133 — 24 tarefas | 2 threads
13:51:52 | INFO     | ✅ DONE | RT | PNCP-PREGAO           | 2021 | 1/24 (4.2%) | Falhas: 0
13:51:52 | INFO     | ✅ DONE | RT | PNCP-CONCORRENCIA     | 2021 | 2/24 (8.3%) | Falhas: 0
13:51:53 | INFO     | ✅ DONE | RT | PNCP-INEXIGIBILIDADE  | 2021 | 3/24 (12.5%) | Falhas: 0
13:51:53 | INFO     | ✅ DONE | RT | PNCP-CONCORRENCIA     | 2022 | 4/24 (16.7%) | Falhas: 0
13:51:54 | INFO     | ✅ DONE | RT | PNCP-PREGAO           | 2022 | 5/24 (20.8%) | Falhas: 0
13:51:54 | INFO     | ✅ DONE | RT | PNCP-DISPENSA         | 2021 | 6/24 (25.0%) | Falhas: 0
13:51:55 | INFO     | ✅ DONE | RT | PNCP-INEXIGIBILIDADE  | 2022 | 7/24 (29.2%) | Falhas: 0
13:51:57 | INFO     | ✅ DONE | RT | PNCP-CONCORRENCIA     | 2023 | 8/24 (33.3%) | Falhas: 0
13:52:01 | INFO     | ✅ DONE | RT | PNCP-DISPENSA         | 2022 | 9/24 (37.5%) | Falhas: 0
13:52:05 | INFO     | ✅ DONE | RT | PNCP-PREGAO           | 2023 | 10/24 (41.7%) | Falhas: 0
13:52:10 | INFO     | ✅ DONE | RT | PNCP-INEXIGIBILIDADE  | 2023 | 11/24 (45.8%) | Falhas: 0
13:52:13 | INFO     | ✅ DONE | RT | PNCP-DISPENSA         | 2023 | 12/24 (50.0%) | Falhas: 0
13:52:14 | INFO     | ✅ DONE | RT | PNCP-PREGAO           | 2024 | 13/24 (54.2%) | Falhas: 0
13:52:15 | INFO     | ✅ DONE | RT | PNCP-CONCORRENCIA     | 2024 | 14/24 (58.3%) | Falhas: 0
13:52:32 | INFO     | ✅ DONE | RT | PNCP-INEXIGIBILIDADE  | 2024 | 15/24 (62.5%) | Falhas: 0
13:52:34 | INFO     | ✅ DONE | RT | PNCP-CONCORRENCIA     | 2025 | 16/24 (66.7%) | Falhas: 0
13:52:37 | INFO     | ✅ DONE | RT | PNCP-PREGAO           | 2025 | 17/24 (70.8%) | Falhas: 0
13:52:41 | INFO     | ✅ DONE | RT | PNCP-DISPENSA         | 2025 | 18/24 (75.0%) | Falhas: 0
13:52:48 | INFO     | ✅ DONE | RT | PNCP-DISPENSA         | 2024 | 19/24 (79.2%) | Falhas: 0
13:52:49 | INFO     | ✅ DONE | RT | PNCP-CONCORRENCIA     | 2026 | 20/24 (83.3%) | Falhas: 0
13:52:50 | INFO     | ✅ DONE | RT | PNCP-INEXIGIBILIDADE  | 2025 | 21/24 (87.5%) | Falhas: 0
13:52:50 | INFO     | ✅ DONE | RT | PNCP-PREGAO           | 2026 | 22/24 (91.7%) | Falhas: 0
13:52:51 | INFO     | ✅ DONE | RT | PNCP-DISPENSA         | 2026 | 23/24 (95.8%) | Falhas: 0
13:52:57 | INFO     | ✅ DONE | RT | PNCP-INEXIGIBILIDADE  | 2026 | 24/24 (100.0%) | Falhas: 0
13:52:57 | INFO     |    Concluído — DONE: 24 | SKIP: 0 | FAIL: 0
13:52:57 | INFO     | ============================================================
13:52:57 | INFO     | 📊 RESUMO DA EXTRAÇÃO DE COMPRAS
13:52:57 | INFO     |   Falhas Legado   : 0
13:52:57 | INFO     |   Falhas Lei14133 : 0
13:52:57 | INFO     |   SKIPs           : 0
13:52:57 | INFO     | ============================================================
13:52:57 | INFO     | 📤 GERANDO compras.csv...
13:52:57 | INFO     | 📂 341 arquivo(s) encontrado(s). Processando...
13:52:59 | INFO     | ✅ CSV gerado: data\compras.csv
13:52:59 | INFO     | IDs únicos     : 2383
13:52:59 | INFO     | Legado         : 1924
13:52:59 | INFO     | Lei 14.133     : 459
13:52:59 | INFO     | Com responsável: 2061
13:52:59 | INFO     | Sem objeto     : 0
13:52:59 | INFO     | Colunas        : 27
13:52:59 | INFO     | ============================================================
13:52:59 | INFO     | 🔩 INICIANDO EXTRAÇÃO DE ITENS
13:52:59 | INFO     | 🔍 Coletando ids de compras para montar a fila de itens...
13:53:32 | INFO     | IDs únicos     : 2383
13:53:32 | INFO     | Consultas prev.: 4695  (vs 9532 no modo bruto)
13:53:32 | INFO     | Já em cache    : 4695
13:53:32 | INFO     | A extrair      : 0
13:53:32 | INFO     | TOTAL fila     : 0
13:53:32 | INFO     | ⚠️  Nenhuma compra encontrada ou todas já em cache.
13:53:32 | INFO     | ============================================================
13:53:32 | INFO     | 📤 GERANDO compras_itens.csv...
13:53:32 | INFO     | 📂 4699 arquivo(s) de itens encontrado(s). Processando...
13:53:35 | INFO     | ✅ CSV gerado: data\compras_itens.csv
13:53:35 | INFO     | Itens únicos  : 27751
13:53:35 | INFO     | Legado        : 20870
13:53:35 | INFO     | Lei 14.133    : 6881
13:53:35 | INFO     | Colunas       : 33
13:53:35 | INFO     | ============================================================
13:53:35 | INFO     | 📋 INICIANDO EXTRAÇÃO DE ATAS
13:53:35 | INFO     | UASG      : RT (158132)
13:53:35 | INFO     | Anos      : 2023–2027
13:53:35 | INFO     | A extrair : 5
13:53:35 | INFO     | 🚀 INICIANDO EXTRAÇÃO DE ATAS | WORKERS: 3 | TOTAL: 5
13:53:37 | INFO     | [13:53:37] ✅ DONE | RT | 2023 | 1/5 (20.0%) | Falhas: 0
13:53:37 | INFO     | [13:53:37] ✅ DONE | RT | 2024 | 2/5 (40.0%) | Falhas: 0
13:53:37 | INFO     | [13:53:37] ✅ DONE | RT | 2025 | 3/5 (60.0%) | Falhas: 0
13:53:39 | INFO     | [13:53:39] ✅ DONE | RT | 2027 | 4/5 (80.0%) | Falhas: 0
13:53:39 | INFO     | [13:53:39] ✅ DONE | RT | 2026 | 5/5 (100.0%) | Falhas: 0
13:53:39 | INFO     | ✅ FIM | Falhas: 0
13:53:39 | INFO     | ============================================================
13:53:39 | INFO     | 📤 GERANDO atas.csv...
13:53:39 | INFO     | 📂 6 arquivo(s) de atas encontrado(s). Processando...
13:53:39 | INFO     | ✅ CSV gerado: data\atas.csv
13:53:39 | INFO     | Atas únicas   : 422
13:53:39 | INFO     | Atas excluídas: 0
13:53:39 | INFO     | Colunas       : 22
13:53:39 | INFO     | ============================================================
13:53:39 | INFO     | 📦 INICIANDO EXTRAÇÃO DE ITENS DAS ATAS
13:53:39 | INFO     | UASG        : RT (158132)
13:53:39 | INFO     | Anos        : 2023–2027
13:53:39 | INFO     | Já em cache : 3
13:53:39 | INFO     | A extrair   : 2
13:53:39 | INFO     | 🚀 INICIANDO EXTRAÇÃO DE ITENS DE ATAS | WORKERS: 3 | TOTAL: 2
13:53:41 | INFO     | [13:53:41] ✅ DONE | RT | 2024 | 1/2 (50.0%) | Falhas: 0
13:53:42 | INFO     | [13:53:42] ✅ DONE | RT | 2025 | 2/2 (100.0%) | Falhas: 0
13:53:42 | INFO     | ✅ FIM | Falhas: 0 | SKIPs: 0
13:53:42 | INFO     | ============================================================
13:53:42 | INFO     | 📤 GERANDO atas_itens.csv...
13:53:42 | INFO     | ✅ Mapa de atas carregado: 69 compras | 422 atas conhecidas
13:53:42 | INFO     | 📂 7 arquivo(s) de itens de atas encontrado(s). Processando...
13:53:42 | INFO     | ✅ Nenhuma ata ausente detectada.
13:53:42 | INFO     | ✅ CSV gerado: data\atas_itens.csv
13:53:42 | INFO     | Itens únicos     : 2304
13:53:42 | INFO     | Material         : 1910
13:53:42 | INFO     | Serviço          : 394
13:53:42 | INFO     | Excluídos        : 0
13:53:42 | INFO     | Sem id_compra    : 0
13:53:42 | INFO     | Sem numero_compra: 0
13:53:42 | INFO     | Colunas          : 35
13:53:42 | INFO     | ============================================================
13:53:42 | INFO     | 💰 INICIANDO EXTRAÇÃO DE SALDOS DAS ATAS
13:53:44 | INFO     | UASG             : RT (158132)
13:53:44 | INFO     | Validade cache   : 3 dias
13:53:44 | INFO     | A extrair/atualizar: 422
13:53:44 | INFO     | 🚀 INICIANDO EXTRAÇÃO DE SALDOS | WORKERS: 3 | TOTAL: 422
13:54:03 | INFO     | [13:54:03] ✅ DONE | RT | 00001/2025 | 1/422 (0.2%) | Falhas: 0
13:54:03 | INFO     | [13:54:03] ✅ DONE | RT | 00001/2023 | 2/422 (0.5%) | Falhas: 0
13:54:03 | INFO     | [13:54:03] ✅ DONE | RT | 00001/2024 | 3/422 (0.7%) | Falhas: 0
13:54:08 | INFO     | [13:54:08] ✅ DONE | RT | 00002/2023 | 4/422 (0.9%) | Falhas: 0
13:54:09 | INFO     | [13:54:09] ✅ DONE | RT | 00002/2024 | 5/422 (1.2%) | Falhas: 0
13:54:09 | INFO     | [13:54:09] ✅ DONE | RT | 00001/2026 | 6/422 (1.4%) | Falhas: 0
13:54:12 | INFO     | [13:54:12] ✅ DONE | RT | 00002/2025 | 7/422 (1.7%) | Falhas: 0
13:54:17 | INFO     | [13:54:17] ✅ DONE | RT | 00002/2026 | 8/422 (1.9%) | Falhas: 0
13:54:17 | INFO     | [13:54:17] ✅ DONE | RT | 00003/2023 | 9/422 (2.1%) | Falhas: 0
13:54:20 | INFO     | [13:54:20] ✅ DONE | RT | 00003/2024 | 10/422 (2.4%) | Falhas: 0
13:54:22 | INFO     | [13:54:22] ✅ DONE | RT | 00003/2026 | 11/422 (2.6%) | Falhas: 0
13:54:23 | INFO     | [13:54:23] ✅ DONE | RT | 00003/2025 | 12/422 (2.8%) | Falhas: 0
13:54:24 | INFO     | [13:54:24] ✅ DONE | RT | 00004/2023 | 13/422 (3.1%) | Falhas: 0
13:54:25 | INFO     | [13:54:25] ✅ DONE | RT | 00004/2024 | 14/422 (3.3%) | Falhas: 0
13:54:27 | INFO     | [13:54:27] ✅ DONE | RT | 00004/2026 | 15/422 (3.6%) | Falhas: 0
13:54:28 | INFO     | [13:54:28] ✅ DONE | RT | 00004/2025 | 16/422 (3.8%) | Falhas: 0
13:54:29 | INFO     | [13:54:29] ✅ DONE | RT | 00005/2023 | 17/422 (4.0%) | Falhas: 0
13:54:30 | INFO     | [13:54:30] ✅ DONE | RT | 00005/2024 | 18/422 (4.3%) | Falhas: 0
13:54:31 | INFO     | [13:54:31] ✅ DONE | RT | 00005/2026 | 19/422 (4.5%) | Falhas: 0
13:54:33 | INFO     | [13:54:33] ✅ DONE | RT | 00005/2025 | 20/422 (4.7%) | Falhas: 0
13:54:35 | INFO     | [13:54:35] ✅ DONE | RT | 00006/2024 | 21/422 (5.0%) | Falhas: 0
13:54:40 | INFO     | [13:54:40] ✅ DONE | RT | 00006/2023 | 22/422 (5.2%) | Falhas: 0
13:54:44 | INFO     | [13:54:44] ✅ DONE | RT | 00006/2026 | 23/422 (5.5%) | Falhas: 0
13:54:44 | INFO     | [13:54:44] ✅ DONE | RT | 00006/2025 | 24/422 (5.7%) | Falhas: 0
13:54:45 | INFO     | [13:54:45] ✅ DONE | RT | 00007/2023 | 25/422 (5.9%) | Falhas: 0
13:54:47 | INFO     | [13:54:47] ✅ DONE | RT | 00007/2025 | 26/422 (6.2%) | Falhas: 0
13:54:47 | INFO     | [13:54:47] ✅ DONE | RT | 00007/2024 | 27/422 (6.4%) | Falhas: 0
13:54:48 | INFO     | [13:54:48] ✅ DONE | RT | 00007/2026 | 28/422 (6.6%) | Falhas: 0
13:54:49 | INFO     | [13:54:49] ✅ DONE | RT | 00008/2023 | 29/422 (6.9%) | Falhas: 0
13:54:50 | INFO     | [13:54:50] ✅ DONE | RT | 00008/2024 | 30/422 (7.1%) | Falhas: 0
13:54:50 | INFO     | [13:54:50] ✅ DONE | RT | 00008/2025 | 31/422 (7.3%) | Falhas: 0
13:54:52 | INFO     | [13:54:52] ✅ DONE | RT | 00009/2023 | 32/422 (7.6%) | Falhas: 0
13:54:52 | INFO     | [13:54:52] ✅ DONE | RT | 00008/2026 | 33/422 (7.8%) | Falhas: 0
13:54:54 | INFO     | [13:54:54] ✅ DONE | RT | 00009/2024 | 34/422 (8.1%) | Falhas: 0
13:54:54 | INFO     | [13:54:54] ✅ DONE | RT | 00009/2025 | 35/422 (8.3%) | Falhas: 0
13:54:56 | INFO     | [13:54:56] ✅ DONE | RT | 00010/2023 | 36/422 (8.5%) | Falhas: 0
13:54:57 | INFO     | [13:54:57] ✅ DONE | RT | 00009/2026 | 37/422 (8.8%) | Falhas: 0
13:54:57 | INFO     | [13:54:57] ✅ DONE | RT | 00010/2024 | 38/422 (9.0%) | Falhas: 0
13:55:00 | INFO     | [13:55:00] ✅ DONE | RT | 00010/2026 | 39/422 (9.2%) | Falhas: 0
13:55:00 | INFO     | [13:55:00] ✅ DONE | RT | 00010/2025 | 40/422 (9.5%) | Falhas: 0
13:55:00 | INFO     | [13:55:00] ✅ DONE | RT | 00011/2023 | 41/422 (9.7%) | Falhas: 0
13:55:06 | INFO     | [13:55:06] ✅ DONE | RT | 00011/2024 | 42/422 (10.0%) | Falhas: 0
13:55:06 | INFO     | [13:55:06] ✅ DONE | RT | 00011/2025 | 43/422 (10.2%) | Falhas: 0
13:55:08 | INFO     | [13:55:08] ✅ DONE | RT | 00012/2023 | 44/422 (10.4%) | Falhas: 0
13:55:08 | INFO     | [13:55:08] ✅ DONE | RT | 00012/2024 | 45/422 (10.7%) | Falhas: 0
13:55:09 | INFO     | [13:55:09] ✅ DONE | RT | 00011/2026 | 46/422 (10.9%) | Falhas: 0
13:55:11 | INFO     | [13:55:11] ✅ DONE | RT | 00012/2026 | 47/422 (11.1%) | Falhas: 0
13:55:11 | INFO     | [13:55:11] ✅ DONE | RT | 00013/2024 | 48/422 (11.4%) | Falhas: 0
13:55:12 | INFO     | [13:55:12] ✅ DONE | RT | 00013/2023 | 49/422 (11.6%) | Falhas: 0
13:55:14 | INFO     | [13:55:14] ✅ DONE | RT | 00013/2026 | 50/422 (11.8%) | Falhas: 0
13:55:15 | INFO     | [13:55:15] ✅ DONE | RT | 00014/2023 | 51/422 (12.1%) | Falhas: 0
13:55:15 | INFO     | [13:55:15] ✅ DONE | RT | 00014/2024 | 52/422 (12.3%) | Falhas: 0
13:55:17 | INFO     | [13:55:17] ✅ DONE | RT | 00015/2023 | 53/422 (12.6%) | Falhas: 0
13:55:18 | INFO     | [13:55:18] ✅ DONE | RT | 00014/2026 | 54/422 (12.8%) | Falhas: 0
13:55:18 | INFO     | [13:55:18] ✅ DONE | RT | 00015/2024 | 55/422 (13.0%) | Falhas: 0
13:55:21 | INFO     | [13:55:21] ✅ DONE | RT | 00015/2026 | 56/422 (13.3%) | Falhas: 0
13:55:21 | INFO     | [13:55:21] ✅ DONE | RT | 00015/2025 | 57/422 (13.5%) | Falhas: 0
13:55:22 | INFO     | [13:55:22] ✅ DONE | RT | 00016/2023 | 58/422 (13.7%) | Falhas: 0
13:55:23 | INFO     | [13:55:23] ✅ DONE | RT | 00016/2024 | 59/422 (14.0%) | Falhas: 0
13:55:25 | INFO     | [13:55:25] ✅ DONE | RT | 00017/2023 | 60/422 (14.2%) | Falhas: 0
13:55:25 | INFO     | [13:55:25] ✅ DONE | RT | 00016/2026 | 61/422 (14.5%) | Falhas: 0
13:55:25 | INFO     | [13:55:25] ✅ DONE | RT | 00016/2025 | 62/422 (14.7%) | Falhas: 0
13:55:26 | INFO     | [13:55:26] ✅ DONE | RT | 00017/2024 | 63/422 (14.9%) | Falhas: 0
13:55:26 | INFO     | [13:55:26] ✅ DONE | RT | 00017/2025 | 64/422 (15.2%) | Falhas: 0
13:55:27 | INFO     | [13:55:27] ✅ DONE | RT | 00017/2026 | 65/422 (15.4%) | Falhas: 0
13:55:29 | INFO     | [13:55:29] ✅ DONE | RT | 00018/2023 | 66/422 (15.6%) | Falhas: 0
13:55:29 | INFO     | [13:55:29] ✅ DONE | RT | 00018/2024 | 67/422 (15.9%) | Falhas: 0
13:55:30 | INFO     | [13:55:30] ✅ DONE | RT | 00018/2025 | 68/422 (16.1%) | Falhas: 0
13:55:33 | INFO     | [13:55:33] ✅ DONE | RT | 00018/2026 | 69/422 (16.4%) | Falhas: 0
13:55:34 | INFO     | [13:55:34] ✅ DONE | RT | 00019/2023 | 70/422 (16.6%) | Falhas: 0
13:55:34 | INFO     | [13:55:34] ✅ DONE | RT | 00019/2024 | 71/422 (16.8%) | Falhas: 0
13:55:35 | INFO     | [13:55:35] ✅ DONE | RT | 00019/2025 | 72/422 (17.1%) | Falhas: 0
13:55:36 | INFO     | [13:55:36] ✅ DONE | RT | 00019/2026 | 73/422 (17.3%) | Falhas: 0
13:55:37 | INFO     | [13:55:37] ✅ DONE | RT | 00020/2023 | 74/422 (17.5%) | Falhas: 0
13:55:37 | INFO     | [13:55:37] ✅ DONE | RT | 00020/2024 | 75/422 (17.8%) | Falhas: 0
13:55:37 | INFO     | [13:55:37] ✅ DONE | RT | 00020/2025 | 76/422 (18.0%) | Falhas: 0
13:55:39 | INFO     | [13:55:39] ✅ DONE | RT | 00020/2026 | 77/422 (18.2%) | Falhas: 0
13:55:39 | INFO     | [13:55:39] ✅ DONE | RT | 00021/2023 | 78/422 (18.5%) | Falhas: 0
13:55:40 | INFO     | [13:55:40] ✅ DONE | RT | 00021/2024 | 79/422 (18.7%) | Falhas: 0
13:55:41 | INFO     | [13:55:41] ✅ DONE | RT | 00021/2026 | 80/422 (19.0%) | Falhas: 0
13:55:42 | INFO     | [13:55:42] ✅ DONE | RT | 00021/2025 | 81/422 (19.2%) | Falhas: 0
13:55:42 | INFO     | [13:55:42] ✅ DONE | RT | 00022/2023 | 82/422 (19.4%) | Falhas: 0
13:55:44 | INFO     | [13:55:44] ✅ DONE | RT | 00022/2025 | 83/422 (19.7%) | Falhas: 0
13:55:45 | INFO     | [13:55:45] ✅ DONE | RT | 00022/2024 | 84/422 (19.9%) | Falhas: 0
13:55:47 | INFO     | [13:55:47] ✅ DONE | RT | 00022/2026 | 85/422 (20.1%) | Falhas: 0
13:55:48 | INFO     | [13:55:48] ✅ DONE | RT | 00023/2024 | 86/422 (20.4%) | Falhas: 0
13:55:48 | INFO     | [13:55:48] ✅ DONE | RT | 00023/2023 | 87/422 (20.6%) | Falhas: 0
13:55:50 | INFO     | [13:55:50] ✅ DONE | RT | 00023/2026 | 88/422 (20.9%) | Falhas: 0
13:55:51 | INFO     | [13:55:51] ✅ DONE | RT | 00023/2025 | 89/422 (21.1%) | Falhas: 0
13:55:51 | INFO     | [13:55:51] ✅ DONE | RT | 00024/2023 | 90/422 (21.3%) | Falhas: 0
13:55:54 | INFO     | [13:55:54] ✅ DONE | RT | 00024/2024 | 91/422 (21.6%) | Falhas: 0
13:55:54 | INFO     | [13:55:54] ✅ DONE | RT | 00024/2025 | 92/422 (21.8%) | Falhas: 0
13:55:54 | INFO     | [13:55:54] ✅ DONE | RT | 00024/2026 | 93/422 (22.0%) | Falhas: 0
13:55:57 | INFO     | [13:55:57] ✅ DONE | RT | 00025/2023 | 94/422 (22.3%) | Falhas: 0
13:55:58 | INFO     | [13:55:58] ✅ DONE | RT | 00025/2024 | 95/422 (22.5%) | Falhas: 0
13:55:58 | INFO     | [13:55:58] ✅ DONE | RT | 00025/2025 | 96/422 (22.7%) | Falhas: 0
13:55:59 | INFO     | [13:55:59] ✅ DONE | RT | 00025/2026 | 97/422 (23.0%) | Falhas: 0
13:56:01 | INFO     | [13:56:01] ✅ DONE | RT | 00026/2024 | 98/422 (23.2%) | Falhas: 0
13:56:02 | INFO     | [13:56:02] ✅ DONE | RT | 00026/2023 | 99/422 (23.5%) | Falhas: 0
13:56:04 | INFO     | [13:56:04] ✅ DONE | RT | 00026/2025 | 100/422 (23.7%) | Falhas: 0
13:56:05 | INFO     | [13:56:05] ✅ DONE | RT | 00026/2026 | 101/422 (23.9%) | Falhas: 0
13:56:05 | INFO     | [13:56:05] ✅ DONE | RT | 00027/2023 | 102/422 (24.2%) | Falhas: 0
13:56:07 | INFO     | [13:56:07] ✅ DONE | RT | 00027/2024 | 103/422 (24.4%) | Falhas: 0
13:56:07 | INFO     | [13:56:07] ✅ DONE | RT | 00027/2026 | 104/422 (24.6%) | Falhas: 0
13:56:08 | INFO     | [13:56:08] ✅ DONE | RT | 00027/2025 | 105/422 (24.9%) | Falhas: 0
13:56:10 | INFO     | [13:56:10] ✅ DONE | RT | 00028/2023 | 106/422 (25.1%) | Falhas: 0
13:56:10 | INFO     | [13:56:10] ✅ DONE | RT | 00028/2024 | 107/422 (25.4%) | Falhas: 0
13:56:10 | INFO     | [13:56:10] ✅ DONE | RT | 00028/2025 | 108/422 (25.6%) | Falhas: 0
13:56:13 | INFO     | [13:56:13] ✅ DONE | RT | 00028/2026 | 109/422 (25.8%) | Falhas: 0
13:56:14 | INFO     | [13:56:14] ✅ DONE | RT | 00029/2023 | 110/422 (26.1%) | Falhas: 0
13:56:14 | INFO     | [13:56:14] ✅ DONE | RT | 00029/2024 | 111/422 (26.3%) | Falhas: 0
13:56:16 | INFO     | [13:56:16] ✅ DONE | RT | 00029/2025 | 112/422 (26.5%) | Falhas: 0
13:56:18 | INFO     | [13:56:18] ✅ DONE | RT | 00029/2026 | 113/422 (26.8%) | Falhas: 0
13:56:18 | INFO     | [13:56:18] ✅ DONE | RT | 00030/2023 | 114/422 (27.0%) | Falhas: 0
13:56:21 | INFO     | [13:56:21] ✅ DONE | RT | 00030/2025 | 115/422 (27.3%) | Falhas: 0
13:56:22 | INFO     | [13:56:22] ✅ DONE | RT | 00030/2026 | 116/422 (27.5%) | Falhas: 0
13:56:24 | INFO     | [13:56:24] ✅ DONE | RT | 00030/2024 | 117/422 (27.7%) | Falhas: 0
13:56:25 | INFO     | [13:56:25] ✅ DONE | RT | 00031/2025 | 118/422 (28.0%) | Falhas: 0
13:56:27 | INFO     | [13:56:27] ✅ DONE | RT | 00031/2026 | 119/422 (28.2%) | Falhas: 0
13:56:27 | INFO     | [13:56:27] ✅ DONE | RT | 00031/2023 | 120/422 (28.4%) | Falhas: 0
13:56:28 | INFO     | [13:56:28] ✅ DONE | RT | 00032/2023 | 121/422 (28.7%) | Falhas: 0
13:56:28 | INFO     | [13:56:28] ✅ DONE | RT | 00031/2024 | 122/422 (28.9%) | Falhas: 0
13:56:29 | INFO     | [13:56:29] ✅ DONE | RT | 00032/2024 | 123/422 (29.1%) | Falhas: 0
13:56:30 | INFO     | [13:56:30] ✅ DONE | RT | 00032/2025 | 124/422 (29.4%) | Falhas: 0
13:56:31 | INFO     | [13:56:31] ✅ DONE | RT | 00032/2026 | 125/422 (29.6%) | Falhas: 0
13:56:32 | INFO     | [13:56:32] ✅ DONE | RT | 00033/2023 | 126/422 (29.9%) | Falhas: 0
13:56:32 | INFO     | [13:56:32] ✅ DONE | RT | 00033/2024 | 127/422 (30.1%) | Falhas: 0
13:56:33 | INFO     | [13:56:33] ✅ DONE | RT | 00033/2025 | 128/422 (30.3%) | Falhas: 0
13:56:34 | INFO     | [13:56:34] ✅ DONE | RT | 00034/2023 | 129/422 (30.6%) | Falhas: 0
13:56:35 | INFO     | [13:56:35] ✅ DONE | RT | 00033/2026 | 130/422 (30.8%) | Falhas: 0
13:56:35 | INFO     | [13:56:35] ✅ DONE | RT | 00034/2024 | 131/422 (31.0%) | Falhas: 0
13:56:37 | INFO     | [13:56:37] ✅ DONE | RT | 00034/2025 | 132/422 (31.3%) | Falhas: 0
13:56:37 | INFO     | [13:56:37] ✅ DONE | RT | 00034/2026 | 133/422 (31.5%) | Falhas: 0
13:56:38 | INFO     | [13:56:38] ✅ DONE | RT | 00035/2023 | 134/422 (31.8%) | Falhas: 0
13:56:39 | INFO     | [13:56:39] ✅ DONE | RT | 00035/2025 | 135/422 (32.0%) | Falhas: 0
13:56:40 | INFO     | [13:56:40] ✅ DONE | RT | 00035/2024 | 136/422 (32.2%) | Falhas: 0
13:56:41 | INFO     | [13:56:41] ✅ DONE | RT | 00035/2026 | 137/422 (32.5%) | Falhas: 0
13:56:43 | INFO     | [13:56:43] ✅ DONE | RT | 00036/2025 | 138/422 (32.7%) | Falhas: 0
13:56:43 | INFO     | [13:56:43] ✅ DONE | RT | 00036/2023 | 139/422 (32.9%) | Falhas: 0
13:56:43 | INFO     | [13:56:43] ✅ DONE | RT | 00036/2024 | 140/422 (33.2%) | Falhas: 0
13:56:46 | INFO     | [13:56:46] ✅ DONE | RT | 00036/2026 | 141/422 (33.4%) | Falhas: 0
13:56:48 | INFO     | [13:56:48] ✅ DONE | RT | 00037/2025 | 142/422 (33.6%) | Falhas: 0
13:56:50 | INFO     | [13:56:50] ✅ DONE | RT | 00037/2024 | 143/422 (33.9%) | Falhas: 0
13:56:51 | INFO     | [13:56:51] ✅ DONE | RT | 00037/2023 | 144/422 (34.1%) | Falhas: 0
13:56:51 | INFO     | [13:56:51] ✅ DONE | RT | 00037/2026 | 145/422 (34.4%) | Falhas: 0
13:56:54 | INFO     | [13:56:54] ✅ DONE | RT | 00038/2023 | 146/422 (34.6%) | Falhas: 0
13:56:54 | INFO     | [13:56:54] ✅ DONE | RT | 00038/2025 | 147/422 (34.8%) | Falhas: 0
13:56:55 | INFO     | [13:56:55] ✅ DONE | RT | 00038/2024 | 148/422 (35.1%) | Falhas: 0
13:56:57 | INFO     | [13:56:57] ✅ DONE | RT | 00038/2026 | 149/422 (35.3%) | Falhas: 0
13:56:58 | INFO     | [13:56:58] ✅ DONE | RT | 00039/2023 | 150/422 (35.5%) | Falhas: 0
13:57:01 | INFO     | [13:57:01] ✅ DONE | RT | 00039/2026 | 151/422 (35.8%) | Falhas: 0
13:57:01 | INFO     | [13:57:01] ✅ DONE | RT | 00039/2024 | 152/422 (36.0%) | Falhas: 0
13:57:02 | INFO     | [13:57:02] ✅ DONE | RT | 00039/2025 | 153/422 (36.3%) | Falhas: 0
13:57:03 | INFO     | [13:57:03] ✅ DONE | RT | 00040/2023 | 154/422 (36.5%) | Falhas: 0
13:57:04 | INFO     | [13:57:04] ✅ DONE | RT | 00040/2025 | 155/422 (36.7%) | Falhas: 0
13:57:06 | INFO     | [13:57:06] ✅ DONE | RT | 00041/2024 | 156/422 (37.0%) | Falhas: 0
13:57:07 | INFO     | [13:57:07] ✅ DONE | RT | 00041/2025 | 157/422 (37.2%) | Falhas: 0
13:57:08 | INFO     | [13:57:08] ✅ DONE | RT | 00040/2026 | 158/422 (37.4%) | Falhas: 0
13:57:10 | INFO     | [13:57:10] ✅ DONE | RT | 00041/2026 | 159/422 (37.7%) | Falhas: 0
13:57:11 | INFO     | [13:57:11] ✅ DONE | RT | 00042/2025 | 160/422 (37.9%) | Falhas: 0
13:57:13 | INFO     | [13:57:13] ✅ DONE | RT | 00042/2024 | 161/422 (38.2%) | Falhas: 0
13:57:14 | INFO     | [13:57:14] ✅ DONE | RT | 00042/2026 | 162/422 (38.4%) | Falhas: 0
13:57:15 | INFO     | [13:57:15] ✅ DONE | RT | 00043/2024 | 163/422 (38.6%) | Falhas: 0
13:57:17 | INFO     | [13:57:17] ✅ DONE | RT | 00043/2025 | 164/422 (38.9%) | Falhas: 0
13:57:18 | INFO     | [13:57:18] ✅ DONE | RT | 00043/2026 | 165/422 (39.1%) | Falhas: 0
13:57:18 | INFO     | [13:57:18] ✅ DONE | RT | 00044/2024 | 166/422 (39.3%) | Falhas: 0
13:57:20 | INFO     | [13:57:20] ✅ DONE | RT | 00044/2025 | 167/422 (39.6%) | Falhas: 0
13:57:21 | INFO     | [13:57:21] ✅ DONE | RT | 00045/2024 | 168/422 (39.8%) | Falhas: 0
13:57:21 | INFO     | [13:57:21] ✅ DONE | RT | 00044/2026 | 169/422 (40.0%) | Falhas: 0
13:57:23 | INFO     | [13:57:23] ✅ DONE | RT | 00045/2025 | 170/422 (40.3%) | Falhas: 0
13:57:24 | INFO     | [13:57:24] ✅ DONE | RT | 00046/2024 | 171/422 (40.5%) | Falhas: 0
13:57:24 | INFO     | [13:57:24] ✅ DONE | RT | 00045/2026 | 172/422 (40.8%) | Falhas: 0
13:57:25 | INFO     | [13:57:25] ✅ DONE | RT | 00046/2025 | 173/422 (41.0%) | Falhas: 0
13:57:25 | INFO     | [13:57:25] ✅ DONE | RT | 00046/2026 | 174/422 (41.2%) | Falhas: 0
13:57:26 | INFO     | [13:57:26] ✅ DONE | RT | 00047/2024 | 175/422 (41.5%) | Falhas: 0
13:57:27 | INFO     | [13:57:27] ✅ DONE | RT | 00047/2025 | 176/422 (41.7%) | Falhas: 0
13:57:28 | INFO     | [13:57:28] ✅ DONE | RT | 00048/2024 | 177/422 (41.9%) | Falhas: 0
13:57:29 | INFO     | [13:57:29] ✅ DONE | RT | 00047/2026 | 178/422 (42.2%) | Falhas: 0
13:57:30 | INFO     | [13:57:30] ✅ DONE | RT | 00048/2025 | 179/422 (42.4%) | Falhas: 0
13:57:30 | INFO     | [13:57:30] ✅ DONE | RT | 00048/2026 | 180/422 (42.7%) | Falhas: 0
13:57:31 | INFO     | [13:57:31] ✅ DONE | RT | 00049/2024 | 181/422 (42.9%) | Falhas: 0
13:57:33 | INFO     | [13:57:33] ✅ DONE | RT | 00049/2026 | 182/422 (43.1%) | Falhas: 0
13:57:33 | INFO     | [13:57:33] ✅ DONE | RT | 00049/2025 | 183/422 (43.4%) | Falhas: 0
13:57:33 | INFO     | [13:57:33] ✅ DONE | RT | 00050/2024 | 184/422 (43.6%) | Falhas: 0
13:57:36 | INFO     | [13:57:36] ✅ DONE | RT | 00051/2024 | 185/422 (43.8%) | Falhas: 0
13:57:36 | INFO     | [13:57:36] ✅ DONE | RT | 00050/2025 | 186/422 (44.1%) | Falhas: 0
13:57:37 | INFO     | [13:57:37] ✅ DONE | RT | 00050/2026 | 187/422 (44.3%) | Falhas: 0
13:57:38 | INFO     | [13:57:38] ✅ DONE | RT | 00051/2026 | 188/422 (44.5%) | Falhas: 0
13:57:39 | INFO     | [13:57:39] ✅ DONE | RT | 00052/2024 | 189/422 (44.8%) | Falhas: 0
13:57:39 | INFO     | [13:57:39] ✅ DONE | RT | 00051/2025 | 190/422 (45.0%) | Falhas: 0
13:57:41 | INFO     | [13:57:41] ✅ DONE | RT | 00052/2025 | 191/422 (45.3%) | Falhas: 0
13:57:42 | INFO     | [13:57:42] ✅ DONE | RT | 00053/2025 | 192/422 (45.5%) | Falhas: 0
13:57:42 | INFO     | [13:57:42] ✅ DONE | RT | 00053/2024 | 193/422 (45.7%) | Falhas: 0
13:57:42 | INFO     | [13:57:42] ✅ DONE | RT | 00053/2026 | 194/422 (46.0%) | Falhas: 0
13:57:45 | INFO     | [13:57:45] ✅ DONE | RT | 00054/2025 | 195/422 (46.2%) | Falhas: 0
13:57:46 | INFO     | [13:57:46] ✅ DONE | RT | 00054/2024 | 196/422 (46.4%) | Falhas: 0
13:57:47 | INFO     | [13:57:47] ✅ DONE | RT | 00054/2026 | 197/422 (46.7%) | Falhas: 0
13:57:48 | INFO     | [13:57:48] ✅ DONE | RT | 00055/2024 | 198/422 (46.9%) | Falhas: 0
13:57:49 | INFO     | [13:57:49] ✅ DONE | RT | 00055/2025 | 199/422 (47.2%) | Falhas: 0
13:57:49 | INFO     | [13:57:49] ✅ DONE | RT | 00055/2026 | 200/422 (47.4%) | Falhas: 0
13:57:51 | INFO     | [13:57:51] ✅ DONE | RT | 00056/2024 | 201/422 (47.6%) | Falhas: 0
13:57:52 | INFO     | [13:57:52] ✅ DONE | RT | 00056/2025 | 202/422 (47.9%) | Falhas: 0
13:57:52 | INFO     | [13:57:52] ✅ DONE | RT | 00056/2026 | 203/422 (48.1%) | Falhas: 0
13:57:54 | INFO     | [13:57:54] ✅ DONE | RT | 00057/2024 | 204/422 (48.3%) | Falhas: 0
13:57:57 | INFO     | [13:57:57] ✅ DONE | RT | 00058/2024 | 205/422 (48.6%) | Falhas: 0
13:57:57 | INFO     | [13:57:57] ✅ DONE | RT | 00057/2025 | 206/422 (48.8%) | Falhas: 0
13:57:57 | INFO     | [13:57:57] ✅ DONE | RT | 00057/2026 | 207/422 (49.1%) | Falhas: 0
13:58:00 | INFO     | [13:58:00] ✅ DONE | RT | 00059/2024 | 208/422 (49.3%) | Falhas: 0
13:58:00 | INFO     | [13:58:00] ✅ DONE | RT | 00058/2025 | 209/422 (49.5%) | Falhas: 0
13:58:01 | INFO     | [13:58:01] ✅ DONE | RT | 00058/2026 | 210/422 (49.8%) | Falhas: 0
13:58:05 | INFO     | [13:58:05] ✅ DONE | RT | 00059/2025 | 211/422 (50.0%) | Falhas: 0
13:58:05 | INFO     | [13:58:05] ✅ DONE | RT | 00059/2026 | 212/422 (50.2%) | Falhas: 0
13:58:06 | INFO     | [13:58:06] ✅ DONE | RT | 00060/2024 | 213/422 (50.5%) | Falhas: 0
13:58:08 | INFO     | [13:58:08] ✅ DONE | RT | 00060/2025 | 214/422 (50.7%) | Falhas: 0
13:58:08 | INFO     | [13:58:08] ✅ DONE | RT | 00060/2026 | 215/422 (50.9%) | Falhas: 0
13:58:09 | INFO     | [13:58:09] ✅ DONE | RT | 00061/2024 | 216/422 (51.2%) | Falhas: 0
13:58:11 | INFO     | [13:58:11] ✅ DONE | RT | 00061/2025 | 217/422 (51.4%) | Falhas: 0
13:58:11 | INFO     | [13:58:11] ✅ DONE | RT | 00062/2024 | 218/422 (51.7%) | Falhas: 0
13:58:11 | INFO     | [13:58:11] ✅ DONE | RT | 00061/2026 | 219/422 (51.9%) | Falhas: 0
13:58:13 | INFO     | [13:58:13] ✅ DONE | RT | 00062/2025 | 220/422 (52.1%) | Falhas: 0
13:58:14 | INFO     | [13:58:14] ✅ DONE | RT | 00063/2024 | 221/422 (52.4%) | Falhas: 0
13:58:15 | INFO     | [13:58:15] ✅ DONE | RT | 00062/2026 | 222/422 (52.6%) | Falhas: 0
13:58:16 | INFO     | [13:58:16] ✅ DONE | RT | 00063/2026 | 223/422 (52.8%) | Falhas: 0
13:58:16 | INFO     | [13:58:16] ✅ DONE | RT | 00063/2025 | 224/422 (53.1%) | Falhas: 0
13:58:17 | INFO     | [13:58:17] ✅ DONE | RT | 00064/2024 | 225/422 (53.3%) | Falhas: 0
13:58:19 | INFO     | [13:58:19] ✅ DONE | RT | 00064/2025 | 226/422 (53.6%) | Falhas: 0
13:58:19 | INFO     | [13:58:19] ✅ DONE | RT | 00064/2026 | 227/422 (53.8%) | Falhas: 0
13:58:19 | INFO     | [13:58:19] ✅ DONE | RT | 00065/2024 | 228/422 (54.0%) | Falhas: 0
13:58:22 | INFO     | [13:58:22] ✅ DONE | RT | 00065/2025 | 229/422 (54.3%) | Falhas: 0
13:58:22 | INFO     | [13:58:22] ✅ DONE | RT | 00066/2024 | 230/422 (54.5%) | Falhas: 0
13:58:23 | INFO     | [13:58:23] ✅ DONE | RT | 00065/2026 | 231/422 (54.7%) | Falhas: 0
13:58:25 | INFO     | [13:58:25] ✅ DONE | RT | 00066/2025 | 232/422 (55.0%) | Falhas: 0
13:58:25 | INFO     | [13:58:25] ✅ DONE | RT | 00067/2024 | 233/422 (55.2%) | Falhas: 0
13:58:25 | INFO     | [13:58:25] ✅ DONE | RT | 00067/2025 | 234/422 (55.5%) | Falhas: 0
13:58:27 | INFO     | [13:58:27] ✅ DONE | RT | 00068/2024 | 235/422 (55.7%) | Falhas: 0
13:58:27 | INFO     | [13:58:27] ✅ DONE | RT | 00068/2025 | 236/422 (55.9%) | Falhas: 0
13:58:28 | INFO     | [13:58:28] ✅ DONE | RT | 00069/2024 | 237/422 (56.2%) | Falhas: 0
13:58:29 | INFO     | [13:58:29] ✅ DONE | RT | 00069/2025 | 238/422 (56.4%) | Falhas: 0
13:58:30 | INFO     | [13:58:30] ✅ DONE | RT | 00070/2024 | 239/422 (56.6%) | Falhas: 0
13:58:30 | INFO     | [13:58:30] ✅ DONE | RT | 00070/2025 | 240/422 (56.9%) | Falhas: 0
13:58:32 | INFO     | [13:58:32] ✅ DONE | RT | 00071/2024 | 241/422 (57.1%) | Falhas: 0
13:58:32 | INFO     | [13:58:32] ✅ DONE | RT | 00072/2024 | 242/422 (57.3%) | Falhas: 0
13:58:34 | INFO     | [13:58:34] ✅ DONE | RT | 00071/2025 | 243/422 (57.6%) | Falhas: 0
13:58:35 | INFO     | [13:58:35] ✅ DONE | RT | 00072/2025 | 244/422 (57.8%) | Falhas: 0
13:58:35 | INFO     | [13:58:35] ✅ DONE | RT | 00073/2024 | 245/422 (58.1%) | Falhas: 0
13:58:37 | INFO     | [13:58:37] ✅ DONE | RT | 00073/2025 | 246/422 (58.3%) | Falhas: 0
13:58:37 | INFO     | [13:58:37] ✅ DONE | RT | 00074/2024 | 247/422 (58.5%) | Falhas: 0
13:58:37 | INFO     | [13:58:37] ✅ DONE | RT | 00074/2025 | 248/422 (58.8%) | Falhas: 0
13:58:38 | INFO     | [13:58:38] ✅ DONE | RT | 00075/2024 | 249/422 (59.0%) | Falhas: 0
13:58:38 | INFO     | [13:58:38] ✅ DONE | RT | 00075/2025 | 250/422 (59.2%) | Falhas: 0
13:58:39 | INFO     | [13:58:39] ✅ DONE | RT | 00076/2024 | 251/422 (59.5%) | Falhas: 0
13:58:40 | INFO     | [13:58:40] ✅ DONE | RT | 00076/2025 | 252/422 (59.7%) | Falhas: 0
13:58:41 | INFO     | [13:58:41] ✅ DONE | RT | 00077/2024 | 253/422 (60.0%) | Falhas: 0
13:58:42 | INFO     | [13:58:42] ✅ DONE | RT | 00077/2025 | 254/422 (60.2%) | Falhas: 0
13:58:42 | INFO     | [13:58:42] ✅ DONE | RT | 00078/2024 | 255/422 (60.4%) | Falhas: 0
13:58:43 | INFO     | [13:58:43] ✅ DONE | RT | 00078/2025 | 256/422 (60.7%) | Falhas: 0
13:58:45 | INFO     | [13:58:45] ✅ DONE | RT | 00079/2025 | 257/422 (60.9%) | Falhas: 0
13:58:46 | INFO     | [13:58:46] ✅ DONE | RT | 00079/2024 | 258/422 (61.1%) | Falhas: 0
13:58:47 | INFO     | [13:58:47] ✅ DONE | RT | 00080/2024 | 259/422 (61.4%) | Falhas: 0
13:58:48 | INFO     | [13:58:48] ✅ DONE | RT | 00080/2025 | 260/422 (61.6%) | Falhas: 0
13:58:49 | INFO     | [13:58:49] ✅ DONE | RT | 00081/2025 | 261/422 (61.8%) | Falhas: 0
13:58:49 | INFO     | [13:58:49] ✅ DONE | RT | 00081/2024 | 262/422 (62.1%) | Falhas: 0
13:58:50 | INFO     | [13:58:50] ✅ DONE | RT | 00082/2024 | 263/422 (62.3%) | Falhas: 0
13:58:51 | INFO     | [13:58:51] ✅ DONE | RT | 00082/2025 | 264/422 (62.6%) | Falhas: 0
13:58:52 | INFO     | [13:58:52] ✅ DONE | RT | 00083/2024 | 265/422 (62.8%) | Falhas: 0
13:58:53 | INFO     | [13:58:53] ✅ DONE | RT | 00083/2025 | 266/422 (63.0%) | Falhas: 0
13:58:55 | INFO     | [13:58:55] ✅ DONE | RT | 00084/2025 | 267/422 (63.3%) | Falhas: 0
13:58:55 | INFO     | [13:58:55] ✅ DONE | RT | 00085/2024 | 268/422 (63.5%) | Falhas: 0
13:58:55 | INFO     | [13:58:55] ✅ DONE | RT | 00084/2024 | 269/422 (63.7%) | Falhas: 0
13:58:57 | INFO     | [13:58:57] ✅ DONE | RT | 00086/2025 | 270/422 (64.0%) | Falhas: 0
13:58:57 | INFO     | [13:58:57] ✅ DONE | RT | 00085/2025 | 271/422 (64.2%) | Falhas: 0
13:58:57 | INFO     | [13:58:57] ✅ DONE | RT | 00086/2024 | 272/422 (64.5%) | Falhas: 0
13:59:00 | INFO     | [13:59:00] ✅ DONE | RT | 00087/2025 | 273/422 (64.7%) | Falhas: 0
13:59:00 | INFO     | [13:59:00] ✅ DONE | RT | 00087/2024 | 274/422 (64.9%) | Falhas: 0
13:59:01 | INFO     | [13:59:01] ✅ DONE | RT | 00088/2024 | 275/422 (65.2%) | Falhas: 0
13:59:02 | INFO     | [13:59:02] ✅ DONE | RT | 00088/2025 | 276/422 (65.4%) | Falhas: 0
13:59:02 | INFO     | [13:59:02] ✅ DONE | RT | 00089/2024 | 277/422 (65.6%) | Falhas: 0
13:59:04 | INFO     | [13:59:04] ✅ DONE | RT | 00090/2024 | 278/422 (65.9%) | Falhas: 0
13:59:04 | INFO     | [13:59:04] ✅ DONE | RT | 00089/2025 | 279/422 (66.1%) | Falhas: 0
13:59:05 | INFO     | [13:59:05] ✅ DONE | RT | 00090/2025 | 280/422 (66.4%) | Falhas: 0
13:59:06 | INFO     | [13:59:06] ✅ DONE | RT | 00091/2025 | 281/422 (66.6%) | Falhas: 0
13:59:07 | INFO     | [13:59:07] ✅ DONE | RT | 00091/2024 | 282/422 (66.8%) | Falhas: 0
13:59:08 | INFO     | [13:59:08] ✅ DONE | RT | 00092/2024 | 283/422 (67.1%) | Falhas: 0
13:59:11 | INFO     | [13:59:11] ✅ DONE | RT | 00093/2025 | 284/422 (67.3%) | Falhas: 0
13:59:11 | INFO     | [13:59:11] ✅ DONE | RT | 00092/2025 | 285/422 (67.5%) | Falhas: 0
13:59:11 | INFO     | [13:59:11] ✅ DONE | RT | 00093/2024 | 286/422 (67.8%) | Falhas: 0
13:59:13 | INFO     | [13:59:13] ✅ DONE | RT | 00094/2024 | 287/422 (68.0%) | Falhas: 0
13:59:14 | INFO     | [13:59:14] ✅ DONE | RT | 00094/2025 | 288/422 (68.2%) | Falhas: 0
13:59:15 | INFO     | [13:59:15] ✅ DONE | RT | 00095/2024 | 289/422 (68.5%) | Falhas: 0
13:59:16 | INFO     | [13:59:16] ✅ DONE | RT | 00095/2025 | 290/422 (68.7%) | Falhas: 0
13:59:17 | INFO     | [13:59:17] ✅ DONE | RT | 00096/2024 | 291/422 (69.0%) | Falhas: 0
13:59:18 | INFO     | [13:59:18] ✅ DONE | RT | 00096/2025 | 292/422 (69.2%) | Falhas: 0
13:59:19 | INFO     | [13:59:19] ✅ DONE | RT | 00097/2024 | 293/422 (69.4%) | Falhas: 0
13:59:21 | INFO     | [13:59:21] ✅ DONE | RT | 00097/2025 | 294/422 (69.7%) | Falhas: 0
13:59:21 | INFO     | [13:59:21] ✅ DONE | RT | 00098/2024 | 295/422 (69.9%) | Falhas: 0
13:59:21 | INFO     | [13:59:21] ✅ DONE | RT | 00098/2025 | 296/422 (70.1%) | Falhas: 0
13:59:24 | INFO     | [13:59:24] ✅ DONE | RT | 00099/2025 | 297/422 (70.4%) | Falhas: 0
13:59:24 | INFO     | [13:59:24] ✅ DONE | RT | 00100/2024 | 298/422 (70.6%) | Falhas: 0
13:59:25 | INFO     | [13:59:25] ✅ DONE | RT | 00099/2024 | 299/422 (70.9%) | Falhas: 0
13:59:26 | INFO     | [13:59:26] ✅ DONE | RT | 00100/2025 | 300/422 (71.1%) | Falhas: 0
13:59:26 | INFO     | [13:59:26] ✅ DONE | RT | 00101/2024 | 301/422 (71.3%) | Falhas: 0
13:59:26 | INFO     | [13:59:26] ✅ DONE | RT | 00101/2025 | 302/422 (71.6%) | Falhas: 0
13:59:28 | INFO     | [13:59:28] ✅ DONE | RT | 00102/2024 | 303/422 (71.8%) | Falhas: 0
13:59:28 | INFO     | [13:59:28] ✅ DONE | RT | 00103/2025 | 304/422 (72.0%) | Falhas: 0
13:59:28 | INFO     | [13:59:28] ✅ DONE | RT | 00102/2025 | 305/422 (72.3%) | Falhas: 0
13:59:30 | INFO     | [13:59:30] ✅ DONE | RT | 00104/2025 | 306/422 (72.5%) | Falhas: 0
13:59:30 | INFO     | [13:59:30] ✅ DONE | RT | 00106/2025 | 307/422 (72.7%) | Falhas: 0
13:59:30 | INFO     | [13:59:30] ✅ DONE | RT | 00105/2025 | 308/422 (73.0%) | Falhas: 0
13:59:32 | INFO     | [13:59:32] ✅ DONE | RT | 00107/2025 | 309/422 (73.2%) | Falhas: 0
13:59:32 | INFO     | [13:59:32] ✅ DONE | RT | 00109/2025 | 310/422 (73.5%) | Falhas: 0
13:59:33 | INFO     | [13:59:33] ✅ DONE | RT | 00108/2025 | 311/422 (73.7%) | Falhas: 0
13:59:35 | INFO     | [13:59:35] ✅ DONE | RT | 00110/2025 | 312/422 (73.9%) | Falhas: 0
13:59:36 | INFO     | [13:59:36] ✅ DONE | RT | 00111/2025 | 313/422 (74.2%) | Falhas: 0
13:59:36 | INFO     | [13:59:36] ✅ DONE | RT | 00112/2025 | 314/422 (74.4%) | Falhas: 0
13:59:37 | INFO     | [13:59:37] ✅ DONE | RT | 00113/2025 | 315/422 (74.6%) | Falhas: 0
13:59:38 | INFO     | [13:59:38] ✅ DONE | RT | 00115/2025 | 316/422 (74.9%) | Falhas: 0
13:59:38 | INFO     | [13:59:38] ✅ DONE | RT | 00116/2025 | 317/422 (75.1%) | Falhas: 0
13:59:38 | INFO     | [13:59:38] ✅ DONE | RT | 00114/2025 | 318/422 (75.4%) | Falhas: 0
13:59:39 | INFO     | [13:59:39] ✅ DONE | RT | 00117/2025 | 319/422 (75.6%) | Falhas: 0
13:59:40 | INFO     | [13:59:40] ✅ DONE | RT | 00119/2025 | 320/422 (75.8%) | Falhas: 0
13:59:41 | INFO     | [13:59:41] ✅ DONE | RT | 00118/2025 | 321/422 (76.1%) | Falhas: 0
13:59:41 | INFO     | [13:59:41] ✅ DONE | RT | 00120/2025 | 322/422 (76.3%) | Falhas: 0
13:59:43 | INFO     | [13:59:43] ✅ DONE | RT | 00121/2025 | 323/422 (76.5%) | Falhas: 0
13:59:43 | INFO     | [13:59:43] ✅ DONE | RT | 00122/2025 | 324/422 (76.8%) | Falhas: 0
13:59:43 | INFO     | [13:59:43] ✅ DONE | RT | 00123/2025 | 325/422 (77.0%) | Falhas: 0
13:59:47 | INFO     | [13:59:47] ✅ DONE | RT | 00124/2025 | 326/422 (77.3%) | Falhas: 0
13:59:47 | INFO     | [13:59:47] ✅ DONE | RT | 00125/2025 | 327/422 (77.5%) | Falhas: 0
13:59:48 | INFO     | [13:59:48] ✅ DONE | RT | 00126/2025 | 328/422 (77.7%) | Falhas: 0
13:59:49 | INFO     | [13:59:49] ✅ DONE | RT | 00127/2025 | 329/422 (78.0%) | Falhas: 0
13:59:51 | INFO     | [13:59:51] ✅ DONE | RT | 00129/2025 | 330/422 (78.2%) | Falhas: 0
13:59:51 | INFO     | [13:59:51] ✅ DONE | RT | 00128/2025 | 331/422 (78.4%) | Falhas: 0
13:59:53 | INFO     | [13:59:53] ✅ DONE | RT | 00130/2025 | 332/422 (78.7%) | Falhas: 0
13:59:53 | INFO     | [13:59:53] ✅ DONE | RT | 00131/2025 | 333/422 (78.9%) | Falhas: 0
13:59:53 | INFO     | [13:59:53] ✅ DONE | RT | 00131/2023 | 334/422 (79.1%) | Falhas: 0
13:59:55 | INFO     | [13:59:55] ✅ DONE | RT | 00132/2025 | 335/422 (79.4%) | Falhas: 0
13:59:57 | INFO     | [13:59:57] ✅ DONE | RT | 00135/2025 | 336/422 (79.6%) | Falhas: 0
13:59:57 | INFO     | [13:59:57] ✅ DONE | RT | 00133/2025 | 337/422 (79.9%) | Falhas: 0
13:59:57 | INFO     | [13:59:57] ✅ DONE | RT | 00134/2025 | 338/422 (80.1%) | Falhas: 0
13:59:59 | INFO     | [13:59:59] ✅ DONE | RT | 00137/2025 | 339/422 (80.3%) | Falhas: 0
13:59:59 | INFO     | [13:59:59] ✅ DONE | RT | 00136/2025 | 340/422 (80.6%) | Falhas: 0
14:00:01 | INFO     | [14:00:01] ✅ DONE | RT | 00138/2025 | 341/422 (80.8%) | Falhas: 0
14:00:02 | INFO     | [14:00:02] ✅ DONE | RT | 00139/2025 | 342/422 (81.0%) | Falhas: 0
14:00:03 | INFO     | [14:00:03] ✅ DONE | RT | 00140/2025 | 343/422 (81.3%) | Falhas: 0
14:00:05 | INFO     | [14:00:05] ✅ DONE | RT | 00141/2025 | 344/422 (81.5%) | Falhas: 0
14:00:08 | INFO     | [14:00:08] ✅ DONE | RT | 00142/2025 | 345/422 (81.8%) | Falhas: 0
14:00:08 | INFO     | [14:00:08] ✅ DONE | RT | 00143/2025 | 346/422 (82.0%) | Falhas: 0
14:00:10 | INFO     | [14:00:10] ✅ DONE | RT | 00144/2025 | 347/422 (82.2%) | Falhas: 0
14:00:12 | INFO     | [14:00:12] ✅ DONE | RT | 00145/2025 | 348/422 (82.5%) | Falhas: 0
14:00:13 | INFO     | [14:00:13] ✅ DONE | RT | 00146/2025 | 349/422 (82.7%) | Falhas: 0
14:00:14 | INFO     | [14:00:14] ✅ DONE | RT | 00147/2025 | 350/422 (82.9%) | Falhas: 0
14:00:16 | INFO     | [14:00:16] ✅ DONE | RT | 00148/2025 | 351/422 (83.2%) | Falhas: 0
14:00:17 | INFO     | [14:00:17] ✅ DONE | RT | 00150/2025 | 352/422 (83.4%) | Falhas: 0
14:00:18 | INFO     | [14:00:18] ✅ DONE | RT | 00149/2025 | 353/422 (83.6%) | Falhas: 0
14:00:19 | INFO     | [14:00:19] ✅ DONE | RT | 00151/2025 | 354/422 (83.9%) | Falhas: 0
14:00:19 | INFO     | [14:00:19] ✅ DONE | RT | 00152/2025 | 355/422 (84.1%) | Falhas: 0
14:00:22 | INFO     | [14:00:22] ✅ DONE | RT | 00155/2025 | 356/422 (84.4%) | Falhas: 0
14:00:22 | INFO     | [14:00:22] ✅ DONE | RT | 00153/2025 | 357/422 (84.6%) | Falhas: 0
14:00:23 | INFO     | [14:00:23] ✅ DONE | RT | 00154/2025 | 358/422 (84.8%) | Falhas: 0
14:00:25 | INFO     | [14:00:25] ✅ DONE | RT | 00156/2025 | 359/422 (85.1%) | Falhas: 0
14:00:25 | INFO     | [14:00:25] ✅ DONE | RT | 00157/2025 | 360/422 (85.3%) | Falhas: 0
14:00:28 | INFO     | [14:00:28] ✅ DONE | RT | 00160/2025 | 361/422 (85.5%) | Falhas: 0
14:00:29 | INFO     | [14:00:29] ✅ DONE | RT | 00158/2025 | 362/422 (85.8%) | Falhas: 0
14:00:29 | INFO     | [14:00:29] ✅ DONE | RT | 00161/2025 | 363/422 (86.0%) | Falhas: 0
14:00:30 | INFO     | [14:00:30] ✅ DONE | RT | 00159/2025 | 364/422 (86.3%) | Falhas: 0
14:00:31 | INFO     | [14:00:31] ✅ DONE | RT | 00162/2025 | 365/422 (86.5%) | Falhas: 0
14:00:32 | INFO     | [14:00:32] ✅ DONE | RT | 00163/2025 | 366/422 (86.7%) | Falhas: 0
14:00:32 | INFO     | [14:00:32] ✅ DONE | RT | 00164/2025 | 367/422 (87.0%) | Falhas: 0
14:00:34 | INFO     | [14:00:34] ✅ DONE | RT | 00165/2025 | 368/422 (87.2%) | Falhas: 0
14:00:35 | INFO     | [14:00:35] ✅ DONE | RT | 00167/2025 | 369/422 (87.4%) | Falhas: 0
14:00:36 | INFO     | [14:00:36] ✅ DONE | RT | 00166/2025 | 370/422 (87.7%) | Falhas: 0
14:00:37 | INFO     | [14:00:37] ✅ DONE | RT | 00168/2025 | 371/422 (87.9%) | Falhas: 0
14:00:39 | INFO     | [14:00:39] ✅ DONE | RT | 00171/2025 | 372/422 (88.2%) | Falhas: 0
14:00:39 | INFO     | [14:00:39] ✅ DONE | RT | 00169/2025 | 373/422 (88.4%) | Falhas: 0
14:00:39 | INFO     | [14:00:39] ✅ DONE | RT | 00170/2025 | 374/422 (88.6%) | Falhas: 0
14:00:41 | INFO     | [14:00:41] ✅ DONE | RT | 00172/2025 | 375/422 (88.9%) | Falhas: 0
14:00:42 | INFO     | [14:00:42] ✅ DONE | RT | 00173/2025 | 376/422 (89.1%) | Falhas: 0
14:00:42 | INFO     | [14:00:42] ✅ DONE | RT | 00174/2025 | 377/422 (89.3%) | Falhas: 0
14:00:43 | INFO     | [14:00:43] ✅ DONE | RT | 00175/2025 | 378/422 (89.6%) | Falhas: 0
14:00:45 | INFO     | [14:00:45] ✅ DONE | RT | 00176/2025 | 379/422 (89.8%) | Falhas: 0
14:00:45 | INFO     | [14:00:45] ✅ DONE | RT | 00178/2025 | 380/422 (90.0%) | Falhas: 0
14:00:46 | INFO     | [14:00:46] ✅ DONE | RT | 00179/2025 | 381/422 (90.3%) | Falhas: 0
14:00:47 | INFO     | [14:00:47] ✅ DONE | RT | 00177/2025 | 382/422 (90.5%) | Falhas: 0
14:00:47 | INFO     | [14:00:47] ✅ DONE | RT | 00180/2025 | 383/422 (90.8%) | Falhas: 0
14:00:49 | INFO     | [14:00:49] ✅ DONE | RT | 00182/2025 | 384/422 (91.0%) | Falhas: 0
14:00:51 | INFO     | [14:00:51] ✅ DONE | RT | 00181/2025 | 385/422 (91.2%) | Falhas: 0
14:00:51 | INFO     | [14:00:51] ✅ DONE | RT | 00183/2025 | 386/422 (91.5%) | Falhas: 0
14:00:52 | INFO     | [14:00:52] ✅ DONE | RT | 00184/2025 | 387/422 (91.7%) | Falhas: 0
14:00:54 | INFO     | [14:00:54] ✅ DONE | RT | 00186/2025 | 388/422 (91.9%) | Falhas: 0
14:00:54 | INFO     | [14:00:54] ✅ DONE | RT | 00188/2025 | 389/422 (92.2%) | Falhas: 0
14:00:55 | INFO     | [14:00:55] ✅ DONE | RT | 00187/2025 | 390/422 (92.4%) | Falhas: 0
14:00:58 | INFO     | [14:00:58] ✅ DONE | RT | 00190/2025 | 391/422 (92.7%) | Falhas: 0
14:00:58 | INFO     | [14:00:58] ✅ DONE | RT | 00189/2025 | 392/422 (92.9%) | Falhas: 0
14:01:00 | INFO     | [14:01:00] ✅ DONE | RT | 00191/2025 | 393/422 (93.1%) | Falhas: 0
14:01:01 | INFO     | [14:01:01] ✅ DONE | RT | 00193/2025 | 394/422 (93.4%) | Falhas: 0
14:01:01 | INFO     | [14:01:01] ✅ DONE | RT | 00192/2025 | 395/422 (93.6%) | Falhas: 0
14:01:03 | INFO     | [14:01:03] ✅ DONE | RT | 00194/2025 | 396/422 (93.8%) | Falhas: 0
14:01:04 | INFO     | [14:01:04] ✅ DONE | RT | 00195/2025 | 397/422 (94.1%) | Falhas: 0
14:01:04 | INFO     | [14:01:04] ✅ DONE | RT | 00196/2025 | 398/422 (94.3%) | Falhas: 0
14:01:07 | INFO     | [14:01:07] ✅ DONE | RT | 00199/2025 | 399/422 (94.5%) | Falhas: 0
14:01:08 | INFO     | [14:01:08] ✅ DONE | RT | 00197/2025 | 400/422 (94.8%) | Falhas: 0
14:01:09 | INFO     | [14:01:09] ✅ DONE | RT | 00200/2025 | 401/422 (95.0%) | Falhas: 0
14:01:10 | INFO     | [14:01:10] ✅ DONE | RT | 00201/2025 | 402/422 (95.3%) | Falhas: 0
14:01:11 | INFO     | [14:01:11] ✅ DONE | RT | 00203/2025 | 403/422 (95.5%) | Falhas: 0
14:01:13 | INFO     | [14:01:13] ✅ DONE | RT | 00202/2025 | 404/422 (95.7%) | Falhas: 0
14:01:13 | INFO     | [14:01:13] ✅ DONE | RT | 00204/2025 | 405/422 (96.0%) | Falhas: 0
14:01:15 | INFO     | [14:01:15] ✅ DONE | RT | 00205/2025 | 406/422 (96.2%) | Falhas: 0
14:01:17 | INFO     | [14:01:17] ✅ DONE | RT | 00206/2025 | 407/422 (96.4%) | Falhas: 0
14:01:17 | INFO     | [14:01:17] ✅ DONE | RT | 00207/2025 | 408/422 (96.7%) | Falhas: 0
14:01:18 | INFO     | [14:01:18] ✅ DONE | RT | 00208/2025 | 409/422 (96.9%) | Falhas: 0
14:01:21 | INFO     | [14:01:21] ✅ DONE | RT | 00211/2025 | 410/422 (97.2%) | Falhas: 0
14:01:21 | INFO     | [14:01:21] ✅ DONE | RT | 00209/2025 | 411/422 (97.4%) | Falhas: 0
14:01:21 | INFO     | [14:01:21] ✅ DONE | RT | 00210/2025 | 412/422 (97.6%) | Falhas: 0
14:01:24 | INFO     | [14:01:24] ✅ DONE | RT | 00212/2025 | 413/422 (97.9%) | Falhas: 0
14:01:24 | INFO     | [14:01:24] ✅ DONE | RT | 00213/2025 | 414/422 (98.1%) | Falhas: 0
14:01:26 | INFO     | [14:01:26] ✅ DONE | RT | 00214/2025 | 415/422 (98.3%) | Falhas: 0
14:01:28 | INFO     | [14:01:28] ✅ DONE | RT | 00215/2025 | 416/422 (98.6%) | Falhas: 0
14:01:29 | INFO     | [14:01:29] ✅ DONE | RT | 00821/2024 | 417/422 (98.8%) | Falhas: 0
14:01:30 | INFO     | [14:01:30] ✅ DONE | RT | 90014/2024 | 418/422 (99.1%) | Falhas: 0
14:01:31 | INFO     | [14:01:31] ✅ DONE | RT | 00263/2025 | 419/422 (99.3%) | Falhas: 0
14:01:32 | INFO     | [14:01:32] ✅ DONE | RT | 90204/2025 | 420/422 (99.5%) | Falhas: 0
14:01:33 | INFO     | [14:01:33] ✅ DONE | RT | 91400/2024 | 421/422 (99.8%) | Falhas: 0
14:01:35 | INFO     | [14:01:35] ✅ DONE | RT | 99263/2025 | 422/422 (100.0%) | Falhas: 0
14:01:35 | INFO     | ✅ FIM | Falhas: 0 | SKIPs: 0
14:01:35 | INFO     | ============================================================
14:01:35 | INFO     | 📤 GERANDO atas_saldos.csv...
14:01:35 | INFO     | 📂 422 arquivo(s) de saldos encontrado(s). Processando...
14:01:37 | INFO     | ✅ CSV gerado: data\atas_saldos.csv
14:01:37 | INFO     | Registros        : 2165
14:01:37 | INFO     | Participantes    : 1918
14:01:37 | INFO     | Não participantes: 141
14:01:37 | INFO     | Colunas          : 12
14:01:37 | INFO     | ============================================================
14:01:37 | INFO     | 🏢 INICIANDO EXTRAÇÃO DE UNIDADES PARTICIPANTES
14:01:45 | INFO     | UASG        : RT (158132)
14:01:45 | INFO     | A extrair   : 996
14:01:45 | INFO     | 🚀 INICIANDO EXTRAÇÃO DE UNIDADES | WORKERS: 3 | TOTAL: 996
14:02:04 | INFO     | [14:02:04] ✅ DONE | 00019/2024 | item 00028 | 1/996 (0.1%) | Falhas: 0
14:02:04 | INFO     | [14:02:04] ✅ DONE | 00019/2024 | item 00027 | 2/996 (0.2%) | Falhas: 0
14:02:04 | INFO     | [14:02:04] ✅ DONE | 00019/2024 | item 00025 | 3/996 (0.3%) | Falhas: 0
14:02:05 | INFO     | [14:02:05] ✅ DONE | 00019/2024 | item 00029 | 4/996 (0.4%) | Falhas: 0
14:02:06 | INFO     | [14:02:06] ✅ DONE | 00019/2024 | item 00032 | 5/996 (0.5%) | Falhas: 0
14:02:06 | INFO     | [14:02:06] ✅ DONE | 00019/2024 | item 00030 | 6/996 (0.6%) | Falhas: 0
14:02:07 | INFO     | [14:02:07] ✅ DONE | 00019/2024 | item 00042 | 7/996 (0.7%) | Falhas: 0
14:02:08 | INFO     | [14:02:08] ✅ DONE | 00019/2024 | item 00051 | 8/996 (0.8%) | Falhas: 0
14:02:08 | INFO     | [14:02:08] ✅ DONE | 00019/2024 | item 00048 | 9/996 (0.9%) | Falhas: 0
14:02:10 | INFO     | [14:02:10] ✅ DONE | 00019/2024 | item 00095 | 10/996 (1.0%) | Falhas: 0
14:02:10 | INFO     | [14:02:10] ✅ DONE | 00019/2024 | item 00092 | 11/996 (1.1%) | Falhas: 0
14:02:10 | INFO     | [14:02:10] ✅ DONE | 00019/2024 | item 00093 | 12/996 (1.2%) | Falhas: 0
14:02:12 | INFO     | [14:02:12] ✅ DONE | 00020/2024 | item 00038 | 13/996 (1.3%) | Falhas: 0
14:02:13 | INFO     | [14:02:13] ✅ DONE | 00020/2024 | item 00016 | 14/996 (1.4%) | Falhas: 0
14:02:13 | INFO     | [14:02:13] ✅ DONE | 00020/2024 | item 00036 | 15/996 (1.5%) | Falhas: 0
14:02:14 | INFO     | [14:02:14] ✅ DONE | 00020/2024 | item 00043 | 16/996 (1.6%) | Falhas: 0
14:02:14 | INFO     | [14:02:14] ✅ DONE | 00020/2024 | item 00041 | 17/996 (1.7%) | Falhas: 0
14:02:15 | INFO     | [14:02:15] ✅ DONE | 00020/2024 | item 00040 | 18/996 (1.8%) | Falhas: 0
14:02:16 | INFO     | [14:02:16] ✅ DONE | 00020/2024 | item 00050 | 19/996 (1.9%) | Falhas: 0
14:02:16 | INFO     | [14:02:16] ✅ DONE | 00021/2024 | item 00003 | 20/996 (2.0%) | Falhas: 0
14:02:17 | INFO     | [14:02:17] ✅ DONE | 00020/2024 | item 00083 | 21/996 (2.1%) | Falhas: 0
14:02:17 | INFO     | [14:02:17] ✅ DONE | 00021/2024 | item 00058 | 22/996 (2.2%) | Falhas: 0
14:02:18 | INFO     | [14:02:18] ✅ DONE | 00021/2024 | item 00057 | 23/996 (2.3%) | Falhas: 0
14:02:18 | INFO     | [14:02:18] ✅ DONE | 00021/2024 | item 00085 | 24/996 (2.4%) | Falhas: 0
14:02:19 | INFO     | [14:02:19] ✅ DONE | 00021/2024 | item 00091 | 25/996 (2.5%) | Falhas: 0
14:02:19 | INFO     | [14:02:19] ✅ DONE | 00021/2024 | item 00096 | 26/996 (2.6%) | Falhas: 0
14:02:19 | INFO     | [14:02:19] ✅ DONE | 00021/2024 | item 00097 | 27/996 (2.7%) | Falhas: 0
14:02:20 | INFO     | [14:02:20] ✅ DONE | 00022/2024 | item 00021 | 28/996 (2.8%) | Falhas: 0
14:02:20 | INFO     | [14:02:20] ✅ DONE | 00022/2024 | item 00076 | 29/996 (2.9%) | Falhas: 0
14:02:21 | INFO     | [14:02:21] ✅ DONE | 00022/2024 | item 00094 | 30/996 (3.0%) | Falhas: 0
14:02:21 | INFO     | [14:02:21] ✅ DONE | 00022/2024 | item 00101 | 31/996 (3.1%) | Falhas: 0
14:02:22 | INFO     | [14:02:22] ✅ DONE | 00022/2024 | item 00100 | 32/996 (3.2%) | Falhas: 0
14:02:22 | INFO     | [14:02:22] ✅ DONE | 00023/2024 | item 00087 | 33/996 (3.3%) | Falhas: 0
14:02:23 | INFO     | [14:02:23] ✅ DONE | 00023/2024 | item 00088 | 34/996 (3.4%) | Falhas: 0
14:02:24 | INFO     | [14:02:24] ✅ DONE | 00023/2024 | item 00089 | 35/996 (3.5%) | Falhas: 0
14:02:24 | INFO     | [14:02:24] ✅ DONE | 00023/2024 | item 00090 | 36/996 (3.6%) | Falhas: 0
14:02:24 | INFO     | [14:02:24] ✅ DONE | 00024/2024 | item 00049 | 37/996 (3.7%) | Falhas: 0
14:02:25 | INFO     | [14:02:25] ✅ DONE | 00024/2024 | item 00075 | 38/996 (3.8%) | Falhas: 0
14:02:25 | INFO     | [14:02:25] ✅ DONE | 00025/2024 | item 00047 | 39/996 (3.9%) | Falhas: 0
14:02:26 | INFO     | [14:02:26] ✅ DONE | 00025/2024 | item 00053 | 40/996 (4.0%) | Falhas: 0
14:02:27 | INFO     | [14:02:27] ✅ DONE | 00026/2024 | item 00001 | 41/996 (4.1%) | Falhas: 0
14:02:27 | INFO     | [14:02:27] ✅ DONE | 00026/2024 | item 00010 | 42/996 (4.2%) | Falhas: 0
14:02:27 | INFO     | [14:02:27] ✅ DONE | 00027/2024 | item 00012 | 43/996 (4.3%) | Falhas: 0
14:02:28 | INFO     | [14:02:28] ✅ DONE | 00028/2024 | item 00065 | 44/996 (4.4%) | Falhas: 0
14:02:28 | INFO     | [14:02:28] ✅ DONE | 00027/2024 | item 00099 | 45/996 (4.5%) | Falhas: 0
14:02:29 | INFO     | [14:02:29] ✅ DONE | 00028/2024 | item 00077 | 46/996 (4.6%) | Falhas: 0
14:02:30 | INFO     | [14:02:30] ✅ DONE | 00029/2023 | item 00001 | 47/996 (4.7%) | Falhas: 0
14:02:30 | INFO     | [14:02:30] ✅ DONE | 00030/2023 | item 00033 | 48/996 (4.8%) | Falhas: 0
14:02:30 | INFO     | [14:02:30] ✅ DONE | 00029/2023 | item 00034 | 49/996 (4.9%) | Falhas: 0
14:02:31 | INFO     | [14:02:31] ✅ DONE | 00030/2024 | item 00033 | 50/996 (5.0%) | Falhas: 0
14:02:31 | INFO     | [14:02:31] ✅ DONE | 00031/2023 | item 00009 | 51/996 (5.1%) | Falhas: 0
14:02:31 | INFO     | [14:02:31] ✅ DONE | 00031/2023 | item 00003 | 52/996 (5.2%) | Falhas: 0
14:02:32 | INFO     | [14:02:32] ✅ DONE | 00031/2023 | item 00019 | 53/996 (5.3%) | Falhas: 0
14:02:33 | INFO     | [14:02:33] ✅ DONE | 00031/2023 | item 00017 | 54/996 (5.4%) | Falhas: 0
14:02:33 | INFO     | [14:02:33] ✅ DONE | 00031/2023 | item 00020 | 55/996 (5.5%) | Falhas: 0
14:02:34 | INFO     | [14:02:34] ✅ DONE | 00031/2023 | item 00021 | 56/996 (5.6%) | Falhas: 0
14:02:34 | INFO     | [14:02:34] ✅ DONE | 00031/2023 | item 00031 | 57/996 (5.7%) | Falhas: 0
14:02:35 | INFO     | [14:02:35] ✅ DONE | 00031/2023 | item 00036 | 58/996 (5.8%) | Falhas: 0
14:02:35 | INFO     | [14:02:35] ✅ DONE | 00031/2024 | item 00004 | 59/996 (5.9%) | Falhas: 0
14:02:35 | INFO     | [14:02:35] ✅ DONE | 00031/2023 | item 00035 | 60/996 (6.0%) | Falhas: 0
14:02:36 | INFO     | [14:02:36] ✅ DONE | 00031/2024 | item 00007 | 61/996 (6.1%) | Falhas: 0
14:02:36 | INFO     | [14:02:36] ✅ DONE | 00032/2023 | item 00012 | 62/996 (6.2%) | Falhas: 0
14:02:36 | INFO     | [14:02:36] ✅ DONE | 00032/2023 | item 00014 | 63/996 (6.3%) | Falhas: 0
14:02:37 | INFO     | [14:02:37] ✅ DONE | 00032/2024 | item 00035 | 64/996 (6.4%) | Falhas: 0
14:02:38 | INFO     | [14:02:38] ✅ DONE | 00011/2024 | item 00632 | 65/996 (6.5%) | Falhas: 0
14:02:38 | INFO     | [14:02:38] ✅ DONE | 00029/2024 | item 00023 | 66/996 (6.6%) | Falhas: 0
14:02:38 | INFO     | [14:02:38] ✅ DONE | 00033/2024 | item 00022 | 67/996 (6.7%) | Falhas: 0
14:02:39 | INFO     | [14:02:39] ✅ DONE | 00034/2024 | item 00064 | 68/996 (6.8%) | Falhas: 0
14:02:39 | INFO     | [14:02:39] ✅ DONE | 00035/2023 | item 00018 | 69/996 (6.9%) | Falhas: 0
14:02:39 | INFO     | [14:02:39] ✅ DONE | 00033/2023 | item 00005 | 70/996 (7.0%) | Falhas: 0
14:02:40 | INFO     | [14:02:40] ✅ DONE | 00036/2023 | item 00004 | 71/996 (7.1%) | Falhas: 0
14:02:40 | INFO     | [14:02:40] ✅ DONE | 00037/2024 | item 00024 | 72/996 (7.2%) | Falhas: 0
14:02:41 | INFO     | [14:02:41] ✅ DONE | 00037/2023 | item 00032 | 73/996 (7.3%) | Falhas: 0
14:02:41 | INFO     | [14:02:41] ✅ DONE | 00038/2023 | item 00006 | 74/996 (7.4%) | Falhas: 0
14:02:41 | INFO     | [14:02:41] ✅ DONE | 00038/2023 | item 00007 | 75/996 (7.5%) | Falhas: 0
14:02:42 | INFO     | [14:02:42] ✅ DONE | 00038/2023 | item 00008 | 76/996 (7.6%) | Falhas: 0
14:02:42 | INFO     | [14:02:42] ✅ DONE | 00038/2023 | item 00010 | 77/996 (7.7%) | Falhas: 0
14:02:42 | INFO     | [14:02:42] ✅ DONE | 00038/2023 | item 00011 | 78/996 (7.8%) | Falhas: 0
14:02:43 | INFO     | [14:02:43] ✅ DONE | 00038/2023 | item 00013 | 79/996 (7.9%) | Falhas: 0
14:02:43 | INFO     | [14:02:43] ✅ DONE | 00038/2023 | item 00015 | 80/996 (8.0%) | Falhas: 0
14:02:44 | INFO     | [14:02:44] ✅ DONE | 00038/2023 | item 00023 | 81/996 (8.1%) | Falhas: 0
14:02:44 | INFO     | [14:02:44] ✅ DONE | 00038/2023 | item 00016 | 82/996 (8.2%) | Falhas: 0
14:02:44 | INFO     | [14:02:44] ✅ DONE | 00038/2024 | item 00013 | 83/996 (8.3%) | Falhas: 0
14:02:45 | INFO     | [14:02:45] ✅ DONE | 00034/2023 | item 00029 | 84/996 (8.4%) | Falhas: 0
14:02:45 | INFO     | [14:02:45] ✅ DONE | 00034/2023 | item 00028 | 85/996 (8.5%) | Falhas: 0
14:02:46 | INFO     | [14:02:46] ✅ DONE | 00035/2024 | item 00079 | 86/996 (8.6%) | Falhas: 0
14:02:46 | INFO     | [14:02:46] ✅ DONE | 00036/2024 | item 00059 | 87/996 (8.7%) | Falhas: 0
14:02:46 | INFO     | [14:02:46] ✅ DONE | 00039/2023 | item 00030 | 88/996 (8.8%) | Falhas: 0
14:02:47 | INFO     | [14:02:47] ✅ DONE | 00039/2024 | item 00006 | 89/996 (8.9%) | Falhas: 0
14:02:47 | INFO     | [14:02:47] ✅ DONE | 00040/2023 | item 00022 | 90/996 (9.0%) | Falhas: 0
14:02:47 | INFO     | [14:02:47] ✅ DONE | 00042/2024 | item 00038 | 91/996 (9.1%) | Falhas: 0
14:02:47 | INFO     | [14:02:47] ✅ DONE | 00042/2024 | item 00045 | 92/996 (9.2%) | Falhas: 0
14:02:48 | INFO     | [14:02:48] ✅ DONE | 00042/2024 | item 00050 | 93/996 (9.3%) | Falhas: 0
14:02:48 | INFO     | [14:02:48] ✅ DONE | 00042/2024 | item 00048 | 94/996 (9.4%) | Falhas: 0
14:02:48 | INFO     | [14:02:48] ✅ DONE | 00042/2024 | item 00122 | 95/996 (9.5%) | Falhas: 0
14:02:50 | INFO     | [14:02:50] ✅ DONE | 00043/2024 | item 00003 | 96/996 (9.6%) | Falhas: 0
14:02:50 | INFO     | [14:02:50] ✅ DONE | 00043/2024 | item 00002 | 97/996 (9.7%) | Falhas: 0
14:02:50 | INFO     | [14:02:50] ✅ DONE | 00043/2024 | item 00001 | 98/996 (9.8%) | Falhas: 0
14:02:51 | INFO     | [14:02:51] ✅ DONE | 00043/2024 | item 00007 | 99/996 (9.9%) | Falhas: 0
14:02:51 | INFO     | [14:02:51] ✅ DONE | 00043/2024 | item 00006 | 100/996 (10.0%) | Falhas: 0
14:02:51 | INFO     | [14:02:51] ✅ DONE | 00043/2024 | item 00005 | 101/996 (10.1%) | Falhas: 0
14:02:52 | INFO     | [14:02:52] ✅ DONE | 00043/2024 | item 00008 | 102/996 (10.2%) | Falhas: 0
14:02:52 | INFO     | [14:02:52] ✅ DONE | 00043/2024 | item 00010 | 103/996 (10.3%) | Falhas: 0
14:03:08 | INFO     | [14:03:08] ✅ DONE | 00043/2024 | item 00011 | 104/996 (10.4%) | Falhas: 0
14:03:09 | INFO     | [14:03:09] ✅ DONE | 00043/2024 | item 00013 | 105/996 (10.5%) | Falhas: 0
14:03:09 | INFO     | [14:03:09] ✅ DONE | 00043/2024 | item 00012 | 106/996 (10.6%) | Falhas: 0
14:03:09 | INFO     | [14:03:09] ✅ DONE | 00043/2024 | item 00014 | 107/996 (10.7%) | Falhas: 0
14:03:10 | INFO     | [14:03:10] ✅ DONE | 00043/2024 | item 00019 | 108/996 (10.8%) | Falhas: 0
14:03:10 | INFO     | [14:03:10] ✅ DONE | 00043/2024 | item 00018 | 109/996 (10.9%) | Falhas: 0
14:03:11 | INFO     | [14:03:11] ✅ DONE | 00043/2024 | item 00020 | 110/996 (11.0%) | Falhas: 0
14:03:11 | INFO     | [14:03:11] ✅ DONE | 00043/2024 | item 00022 | 111/996 (11.1%) | Falhas: 0
14:03:12 | INFO     | [14:03:12] ✅ DONE | 00043/2024 | item 00025 | 112/996 (11.2%) | Falhas: 0
14:03:12 | INFO     | [14:03:12] ✅ DONE | 00043/2024 | item 00023 | 113/996 (11.3%) | Falhas: 0
14:03:12 | INFO     | [14:03:12] ✅ DONE | 00043/2024 | item 00024 | 114/996 (11.4%) | Falhas: 0
14:03:13 | INFO     | [14:03:13] ✅ DONE | 00043/2024 | item 00027 | 115/996 (11.5%) | Falhas: 0
14:03:14 | INFO     | [14:03:14] ✅ DONE | 00043/2024 | item 00030 | 116/996 (11.6%) | Falhas: 0
14:03:15 | INFO     | [14:03:15] ✅ DONE | 00043/2024 | item 00031 | 117/996 (11.7%) | Falhas: 0
14:03:16 | INFO     | [14:03:16] ✅ DONE | 00043/2024 | item 00032 | 118/996 (11.8%) | Falhas: 0
14:03:17 | INFO     | [14:03:17] ✅ DONE | 00043/2024 | item 00033 | 119/996 (11.9%) | Falhas: 0
14:03:17 | INFO     | [14:03:17] ✅ DONE | 00043/2024 | item 00034 | 120/996 (12.0%) | Falhas: 0
14:03:18 | INFO     | [14:03:18] ✅ DONE | 00043/2024 | item 00036 | 121/996 (12.1%) | Falhas: 0
14:03:19 | INFO     | [14:03:19] ✅ DONE | 00043/2024 | item 00037 | 122/996 (12.2%) | Falhas: 0
14:03:20 | INFO     | [14:03:20] ✅ DONE | 00043/2024 | item 00040 | 123/996 (12.3%) | Falhas: 0
14:03:22 | INFO     | [14:03:22] ✅ DONE | 00043/2024 | item 00041 | 124/996 (12.4%) | Falhas: 0
14:03:23 | INFO     | [14:03:23] ✅ DONE | 00043/2024 | item 00042 | 125/996 (12.6%) | Falhas: 0
14:03:24 | INFO     | [14:03:24] ✅ DONE | 00043/2024 | item 00043 | 126/996 (12.7%) | Falhas: 0
14:03:26 | INFO     | [14:03:26] ✅ DONE | 00043/2024 | item 00044 | 127/996 (12.8%) | Falhas: 0
14:03:27 | INFO     | [14:03:27] ✅ DONE | 00043/2024 | item 00046 | 128/996 (12.9%) | Falhas: 0
14:03:29 | INFO     | [14:03:29] ✅ DONE | 00043/2024 | item 00029 | 129/996 (13.0%) | Falhas: 0
14:03:29 | INFO     | [14:03:29] ✅ DONE | 00043/2024 | item 00049 | 130/996 (13.1%) | Falhas: 0
14:03:29 | INFO     | [14:03:29] ✅ DONE | 00043/2024 | item 00028 | 131/996 (13.2%) | Falhas: 0
14:03:34 | INFO     | [14:03:34] ✅ DONE | 00043/2024 | item 00056 | 132/996 (13.3%) | Falhas: 0
14:03:34 | INFO     | [14:03:34] ✅ DONE | 00043/2024 | item 00055 | 133/996 (13.4%) | Falhas: 0
14:03:35 | INFO     | [14:03:35] ✅ DONE | 00043/2024 | item 00054 | 134/996 (13.5%) | Falhas: 0
14:03:36 | INFO     | [14:03:36] ✅ DONE | 00043/2024 | item 00057 | 135/996 (13.6%) | Falhas: 0
14:03:36 | INFO     | [14:03:36] ✅ DONE | 00043/2024 | item 00058 | 136/996 (13.7%) | Falhas: 0
14:03:37 | INFO     | [14:03:37] ✅ DONE | 00043/2024 | item 00059 | 137/996 (13.8%) | Falhas: 0
14:03:37 | INFO     | [14:03:37] ✅ DONE | 00043/2024 | item 00061 | 138/996 (13.9%) | Falhas: 0
14:03:38 | INFO     | [14:03:38] ✅ DONE | 00043/2024 | item 00060 | 139/996 (14.0%) | Falhas: 0
14:03:38 | INFO     | [14:03:38] ✅ DONE | 00043/2024 | item 00062 | 140/996 (14.1%) | Falhas: 0
14:03:39 | INFO     | [14:03:39] ✅ DONE | 00043/2024 | item 00069 | 141/996 (14.2%) | Falhas: 0
14:03:39 | INFO     | [14:03:39] ✅ DONE | 00043/2024 | item 00063 | 142/996 (14.3%) | Falhas: 0
14:03:39 | INFO     | [14:03:39] ✅ DONE | 00043/2024 | item 00070 | 143/996 (14.4%) | Falhas: 0
14:03:40 | INFO     | [14:03:40] ✅ DONE | 00043/2024 | item 00071 | 144/996 (14.5%) | Falhas: 0
14:03:41 | INFO     | ⚠️  Tentativa 1 (https://dadosabertos.compras.gov.br/modulo-arp/3_consultarUnidadesItem): HTTPSConnectionPool(host='dadosabertos.compras.gov.br', port=443): Max retries exceeded with url: /modulo-arp/3_consultarUnidadesItem?numeroAta=00043%2F2024&unidadeGerenciadora=158132&numeroItem=00073&pagina=1&tamanhoPagina=500 (Caused by NameResolutionError("HTTPSConnection(host='dadosabertos.compras.gov.br', port=443): Failed to resolve 'dadosabertos.compras.gov.br' ([Errno 11001] getaddrinfo failed)"))
14:03:41 | INFO     | ⚠️  Tentativa 1 (https://dadosabertos.compras.gov.br/modulo-arp/3_consultarUnidadesItem): HTTPSConnectionPool(host='dadosabertos.compras.gov.br', port=443): Max retries exceeded with url: /modulo-arp/3_consultarUnidadesItem?numeroAta=00043%2F2024&unidadeGerenciadora=158132&numeroItem=00074&pagina=1&tamanhoPagina=500 (Caused by NameResolutionError("HTTPSConnection(host='dadosabertos.compras.gov.br', port=443): Failed to resolve 'dadosabertos.compras.gov.br' ([Errno 11001] getaddrinfo failed)"))
14:03:47 | INFO     | [14:03:47] ✅ DONE | 00043/2024 | item 00075 | 145/996 (14.6%) | Falhas: 0
14:03:47 | INFO     | [14:03:47] ✅ DONE | 00043/2024 | item 00074 | 146/996 (14.7%) | Falhas: 0
14:03:48 | INFO     | [14:03:48] ✅ DONE | 00043/2024 | item 00073 | 147/996 (14.8%) | Falhas: 0
14:03:48 | INFO     | [14:03:48] ✅ DONE | 00043/2024 | item 00076 | 148/996 (14.9%) | Falhas: 0
14:03:49 | INFO     | [14:03:49] ✅ DONE | 00043/2024 | item 00078 | 149/996 (15.0%) | Falhas: 0
14:03:49 | INFO     | [14:03:49] ✅ DONE | 00043/2024 | item 00079 | 150/996 (15.1%) | Falhas: 0
14:03:49 | INFO     | [14:03:49] ✅ DONE | 00043/2024 | item 00077 | 151/996 (15.2%) | Falhas: 0
14:03:50 | INFO     | [14:03:50] ✅ DONE | 00043/2024 | item 00080 | 152/996 (15.3%) | Falhas: 0
14:03:50 | INFO     | [14:03:50] ✅ DONE | 00043/2024 | item 00081 | 153/996 (15.4%) | Falhas: 0
14:03:50 | INFO     | [14:03:50] ✅ DONE | 00043/2024 | item 00083 | 154/996 (15.5%) | Falhas: 0
14:03:51 | INFO     | [14:03:51] ✅ DONE | 00043/2024 | item 00084 | 155/996 (15.6%) | Falhas: 0
14:03:51 | INFO     | [14:03:51] ✅ DONE | 00043/2024 | item 00085 | 156/996 (15.7%) | Falhas: 0
14:03:51 | INFO     | [14:03:51] ✅ DONE | 00043/2024 | item 00086 | 157/996 (15.8%) | Falhas: 0
14:03:52 | INFO     | [14:03:52] ✅ DONE | 00043/2024 | item 00087 | 158/996 (15.9%) | Falhas: 0
14:03:53 | INFO     | [14:03:53] ✅ DONE | 00043/2024 | item 00088 | 159/996 (16.0%) | Falhas: 0
14:03:53 | INFO     | [14:03:53] ✅ DONE | 00043/2024 | item 00089 | 160/996 (16.1%) | Falhas: 0
14:03:53 | INFO     | [14:03:53] ✅ DONE | 00043/2024 | item 00090 | 161/996 (16.2%) | Falhas: 0
14:03:54 | INFO     | [14:03:54] ✅ DONE | 00043/2024 | item 00091 | 162/996 (16.3%) | Falhas: 0
14:03:54 | INFO     | [14:03:54] ✅ DONE | 00043/2024 | item 00094 | 163/996 (16.4%) | Falhas: 0
14:03:55 | INFO     | [14:03:55] ✅ DONE | 00043/2024 | item 00093 | 164/996 (16.5%) | Falhas: 0
14:03:55 | INFO     | [14:03:55] ✅ DONE | 00043/2024 | item 00096 | 165/996 (16.6%) | Falhas: 0
14:03:56 | INFO     | [14:03:56] ✅ DONE | 00043/2024 | item 00095 | 166/996 (16.7%) | Falhas: 0
14:03:57 | INFO     | [14:03:57] ✅ DONE | 00043/2024 | item 00098 | 167/996 (16.8%) | Falhas: 0
14:03:57 | INFO     | [14:03:57] ✅ DONE | 00043/2024 | item 00100 | 168/996 (16.9%) | Falhas: 0
14:03:57 | INFO     | [14:03:57] ✅ DONE | 00043/2024 | item 00099 | 169/996 (17.0%) | Falhas: 0
14:03:58 | INFO     | [14:03:58] ✅ DONE | 00043/2024 | item 00101 | 170/996 (17.1%) | Falhas: 0
14:03:58 | INFO     | [14:03:58] ✅ DONE | 00043/2024 | item 00102 | 171/996 (17.2%) | Falhas: 0
14:03:58 | INFO     | [14:03:58] ✅ DONE | 00043/2024 | item 00103 | 172/996 (17.3%) | Falhas: 0
14:03:59 | INFO     | [14:03:59] ✅ DONE | 00043/2024 | item 00104 | 173/996 (17.4%) | Falhas: 0
14:04:00 | INFO     | [14:04:00] ✅ DONE | 00043/2024 | item 00105 | 174/996 (17.5%) | Falhas: 0
14:04:00 | INFO     | [14:04:00] ✅ DONE | 00043/2024 | item 00106 | 175/996 (17.6%) | Falhas: 0
14:04:01 | INFO     | [14:04:01] ✅ DONE | 00043/2024 | item 00107 | 176/996 (17.7%) | Falhas: 0
14:04:01 | INFO     | [14:04:01] ✅ DONE | 00043/2024 | item 00110 | 177/996 (17.8%) | Falhas: 0
14:04:01 | INFO     | [14:04:01] ✅ DONE | 00043/2024 | item 00108 | 178/996 (17.9%) | Falhas: 0
14:04:02 | INFO     | [14:04:02] ✅ DONE | 00043/2024 | item 00111 | 179/996 (18.0%) | Falhas: 0
14:04:03 | INFO     | [14:04:03] ✅ DONE | 00043/2024 | item 00112 | 180/996 (18.1%) | Falhas: 0
14:04:03 | INFO     | [14:04:03] ✅ DONE | 00043/2024 | item 00113 | 181/996 (18.2%) | Falhas: 0
14:04:04 | INFO     | [14:04:04] ✅ DONE | 00043/2024 | item 00114 | 182/996 (18.3%) | Falhas: 0
14:04:05 | INFO     | [14:04:05] ✅ DONE | 00043/2024 | item 00116 | 183/996 (18.4%) | Falhas: 0
14:04:05 | INFO     | [14:04:05] ✅ DONE | 00043/2024 | item 00115 | 184/996 (18.5%) | Falhas: 0
14:04:06 | INFO     | [14:04:06] ✅ DONE | 00043/2024 | item 00118 | 185/996 (18.6%) | Falhas: 0
14:04:07 | INFO     | [14:04:07] ✅ DONE | 00043/2024 | item 00119 | 186/996 (18.7%) | Falhas: 0
14:04:07 | INFO     | [14:04:07] ✅ DONE | 00043/2024 | item 00117 | 187/996 (18.8%) | Falhas: 0
14:04:08 | INFO     | [14:04:08] ✅ DONE | 00043/2024 | item 00121 | 188/996 (18.9%) | Falhas: 0
14:04:09 | INFO     | [14:04:09] ✅ DONE | 00043/2024 | item 00120 | 189/996 (19.0%) | Falhas: 0
14:04:09 | INFO     | [14:04:09] ✅ DONE | 00043/2024 | item 00126 | 190/996 (19.1%) | Falhas: 0
14:04:10 | INFO     | [14:04:10] ✅ DONE | 00043/2024 | item 00129 | 191/996 (19.2%) | Falhas: 0
14:04:10 | INFO     | [14:04:10] ✅ DONE | 00043/2024 | item 00131 | 192/996 (19.3%) | Falhas: 0
14:04:11 | INFO     | [14:04:11] ✅ DONE | 00043/2024 | item 00128 | 193/996 (19.4%) | Falhas: 0
14:04:12 | INFO     | [14:04:12] ✅ DONE | 00043/2024 | item 00133 | 194/996 (19.5%) | Falhas: 0
14:04:12 | INFO     | [14:04:12] ✅ DONE | 00043/2024 | item 00132 | 195/996 (19.6%) | Falhas: 0
14:04:12 | INFO     | [14:04:12] ✅ DONE | 00043/2024 | item 00134 | 196/996 (19.7%) | Falhas: 0
14:04:13 | INFO     | [14:04:13] ✅ DONE | 00043/2024 | item 00136 | 197/996 (19.8%) | Falhas: 0
14:04:15 | INFO     | [14:04:15] ✅ DONE | 00043/2024 | item 00138 | 198/996 (19.9%) | Falhas: 0
14:04:15 | INFO     | [14:04:15] ✅ DONE | 00043/2024 | item 00135 | 199/996 (20.0%) | Falhas: 0
14:04:15 | INFO     | [14:04:15] ✅ DONE | 00043/2024 | item 00137 | 200/996 (20.1%) | Falhas: 0
14:04:16 | INFO     | [14:04:16] ✅ DONE | 00043/2024 | item 00148 | 201/996 (20.2%) | Falhas: 0
14:04:16 | INFO     | [14:04:16] ✅ DONE | 00043/2024 | item 00147 | 202/996 (20.3%) | Falhas: 0
14:04:17 | INFO     | [14:04:17] ✅ DONE | 00043/2024 | item 00140 | 203/996 (20.4%) | Falhas: 0
14:04:18 | INFO     | [14:04:18] ✅ DONE | 00043/2024 | item 00150 | 204/996 (20.5%) | Falhas: 0
14:04:18 | INFO     | [14:04:18] ✅ DONE | 00043/2024 | item 00149 | 205/996 (20.6%) | Falhas: 0
14:04:18 | INFO     | [14:04:18] ✅ DONE | 00043/2024 | item 00151 | 206/996 (20.7%) | Falhas: 0
14:04:18 | INFO     | [14:04:18] ✅ DONE | 00043/2024 | item 00152 | 207/996 (20.8%) | Falhas: 0
14:04:19 | INFO     | [14:04:19] ✅ DONE | 00043/2024 | item 00153 | 208/996 (20.9%) | Falhas: 0
14:04:20 | INFO     | [14:04:20] ✅ DONE | 00043/2024 | item 00157 | 209/996 (21.0%) | Falhas: 0
14:04:20 | INFO     | [14:04:20] ✅ DONE | 00043/2024 | item 00156 | 210/996 (21.1%) | Falhas: 0
14:04:20 | INFO     | [14:04:20] ✅ DONE | 00043/2024 | item 00158 | 211/996 (21.2%) | Falhas: 0
14:04:21 | INFO     | [14:04:21] ✅ DONE | 00043/2024 | item 00159 | 212/996 (21.3%) | Falhas: 0
14:04:21 | INFO     | [14:04:21] ✅ DONE | 00043/2024 | item 00160 | 213/996 (21.4%) | Falhas: 0
14:04:21 | INFO     | [14:04:21] ✅ DONE | 00043/2024 | item 00161 | 214/996 (21.5%) | Falhas: 0
14:04:22 | INFO     | [14:04:22] ✅ DONE | 00043/2024 | item 00162 | 215/996 (21.6%) | Falhas: 0
14:04:22 | INFO     | [14:04:22] ✅ DONE | 00043/2024 | item 00163 | 216/996 (21.7%) | Falhas: 0
14:04:22 | INFO     | [14:04:22] ✅ DONE | 00043/2024 | item 00164 | 217/996 (21.8%) | Falhas: 0
14:04:23 | INFO     | [14:04:23] ✅ DONE | 00043/2024 | item 00165 | 218/996 (21.9%) | Falhas: 0
14:04:23 | INFO     | [14:04:23] ✅ DONE | 00043/2024 | item 00166 | 219/996 (22.0%) | Falhas: 0
14:04:23 | INFO     | [14:04:23] ✅ DONE | 00043/2024 | item 00167 | 220/996 (22.1%) | Falhas: 0
14:04:25 | INFO     | [14:04:25] ✅ DONE | 00043/2024 | item 00172 | 221/996 (22.2%) | Falhas: 0
14:04:26 | INFO     | [14:04:26] ✅ DONE | 00043/2024 | item 00170 | 222/996 (22.3%) | Falhas: 0
14:04:26 | INFO     | [14:04:26] ✅ DONE | 00043/2024 | item 00171 | 223/996 (22.4%) | Falhas: 0
14:04:26 | INFO     | [14:04:26] ✅ DONE | 00043/2024 | item 00173 | 224/996 (22.5%) | Falhas: 0
14:04:27 | INFO     | [14:04:27] ✅ DONE | 00043/2024 | item 00174 | 225/996 (22.6%) | Falhas: 0
14:04:27 | INFO     | [14:04:27] ✅ DONE | 00043/2024 | item 00176 | 226/996 (22.7%) | Falhas: 0
14:04:28 | INFO     | [14:04:28] ✅ DONE | 00043/2024 | item 00177 | 227/996 (22.8%) | Falhas: 0
14:04:28 | INFO     | [14:04:28] ✅ DONE | 00043/2024 | item 00179 | 228/996 (22.9%) | Falhas: 0
14:04:29 | INFO     | [14:04:29] ✅ DONE | 00043/2024 | item 00181 | 229/996 (23.0%) | Falhas: 0
14:04:29 | INFO     | [14:04:29] ✅ DONE | 00043/2024 | item 00180 | 230/996 (23.1%) | Falhas: 0
14:04:30 | INFO     | [14:04:30] ✅ DONE | 00043/2024 | item 00182 | 231/996 (23.2%) | Falhas: 0
14:04:45 | INFO     | [14:04:45] ✅ DONE | 00043/2024 | item 00183 | 232/996 (23.3%) | Falhas: 0
14:04:45 | INFO     | [14:04:45] ✅ DONE | 00043/2024 | item 00184 | 233/996 (23.4%) | Falhas: 0
14:04:46 | INFO     | [14:04:46] ✅ DONE | 00043/2024 | item 00186 | 234/996 (23.5%) | Falhas: 0
14:04:47 | INFO     | [14:04:47] ✅ DONE | 00043/2024 | item 00187 | 235/996 (23.6%) | Falhas: 0
14:04:47 | INFO     | [14:04:47] ✅ DONE | 00043/2024 | item 00185 | 236/996 (23.7%) | Falhas: 0
14:04:48 | INFO     | [14:04:48] ✅ DONE | 00043/2024 | item 00189 | 237/996 (23.8%) | Falhas: 0
14:04:49 | INFO     | [14:04:49] ✅ DONE | 00043/2024 | item 00190 | 238/996 (23.9%) | Falhas: 0
14:04:49 | INFO     | [14:04:49] ✅ DONE | 00043/2024 | item 00192 | 239/996 (24.0%) | Falhas: 0
14:04:49 | INFO     | [14:04:49] ✅ DONE | 00043/2024 | item 00191 | 240/996 (24.1%) | Falhas: 0
14:04:50 | INFO     | [14:04:50] ✅ DONE | 00043/2024 | item 00193 | 241/996 (24.2%) | Falhas: 0
14:04:51 | INFO     | [14:04:51] ✅ DONE | 00043/2024 | item 00195 | 242/996 (24.3%) | Falhas: 0
14:04:51 | INFO     | [14:04:51] ✅ DONE | 00043/2024 | item 00194 | 243/996 (24.4%) | Falhas: 0
14:04:51 | INFO     | [14:04:51] ✅ DONE | 00043/2024 | item 00196 | 244/996 (24.5%) | Falhas: 0
14:04:52 | INFO     | [14:04:52] ✅ DONE | 00043/2024 | item 00200 | 245/996 (24.6%) | Falhas: 0
14:04:53 | INFO     | [14:04:53] ✅ DONE | 00043/2024 | item 00197 | 246/996 (24.7%) | Falhas: 0
14:04:53 | INFO     | [14:04:53] ✅ DONE | 00043/2024 | item 00198 | 247/996 (24.8%) | Falhas: 0
14:04:54 | INFO     | [14:04:54] ✅ DONE | 00043/2024 | item 00201 | 248/996 (24.9%) | Falhas: 0
14:04:54 | INFO     | [14:04:54] ✅ DONE | 00043/2024 | item 00203 | 249/996 (25.0%) | Falhas: 0
14:04:54 | INFO     | [14:04:54] ✅ DONE | 00043/2024 | item 00202 | 250/996 (25.1%) | Falhas: 0
14:04:55 | INFO     | [14:04:55] ✅ DONE | 00043/2024 | item 00205 | 251/996 (25.2%) | Falhas: 0
14:04:55 | INFO     | [14:04:55] ✅ DONE | 00043/2024 | item 00207 | 252/996 (25.3%) | Falhas: 0
14:04:56 | INFO     | [14:04:56] ✅ DONE | 00043/2024 | item 00206 | 253/996 (25.4%) | Falhas: 0
14:04:57 | INFO     | [14:04:57] ✅ DONE | 00043/2024 | item 00210 | 254/996 (25.5%) | Falhas: 0
14:04:57 | INFO     | [14:04:57] ✅ DONE | 00043/2024 | item 00212 | 255/996 (25.6%) | Falhas: 0
14:04:57 | INFO     | [14:04:57] ✅ DONE | 00043/2024 | item 00211 | 256/996 (25.7%) | Falhas: 0
14:04:58 | INFO     | [14:04:58] ✅ DONE | 00043/2024 | item 00213 | 257/996 (25.8%) | Falhas: 0
14:04:59 | INFO     | [14:04:59] ✅ DONE | 00043/2024 | item 00215 | 258/996 (25.9%) | Falhas: 0
14:04:59 | INFO     | [14:04:59] ✅ DONE | 00043/2024 | item 00214 | 259/996 (26.0%) | Falhas: 0
14:04:59 | INFO     | [14:04:59] ✅ DONE | 00043/2024 | item 00216 | 260/996 (26.1%) | Falhas: 0
14:05:00 | INFO     | [14:05:00] ✅ DONE | 00043/2024 | item 00217 | 261/996 (26.2%) | Falhas: 0
14:05:00 | INFO     | [14:05:00] ✅ DONE | 00043/2024 | item 00218 | 262/996 (26.3%) | Falhas: 0
14:05:01 | INFO     | [14:05:01] ✅ DONE | 00043/2024 | item 00219 | 263/996 (26.4%) | Falhas: 0
14:05:02 | INFO     | [14:05:02] ✅ DONE | 00043/2024 | item 00222 | 264/996 (26.5%) | Falhas: 0
14:05:02 | INFO     | [14:05:02] ✅ DONE | 00043/2024 | item 00220 | 265/996 (26.6%) | Falhas: 0
14:05:03 | INFO     | [14:05:03] ✅ DONE | 00043/2024 | item 00226 | 266/996 (26.7%) | Falhas: 0
14:05:03 | INFO     | [14:05:03] ✅ DONE | 00043/2024 | item 00223 | 267/996 (26.8%) | Falhas: 0
14:05:04 | INFO     | [14:05:04] ✅ DONE | 00043/2024 | item 00227 | 268/996 (26.9%) | Falhas: 0
14:05:04 | INFO     | [14:05:04] ✅ DONE | 00043/2024 | item 00228 | 269/996 (27.0%) | Falhas: 0
14:05:05 | INFO     | [14:05:05] ✅ DONE | 00043/2024 | item 00229 | 270/996 (27.1%) | Falhas: 0
14:05:06 | INFO     | [14:05:06] ✅ DONE | 00043/2024 | item 00230 | 271/996 (27.2%) | Falhas: 0
14:05:06 | INFO     | [14:05:06] ✅ DONE | 00043/2024 | item 00231 | 272/996 (27.3%) | Falhas: 0
14:05:07 | INFO     | [14:05:07] ✅ DONE | 00043/2024 | item 00233 | 273/996 (27.4%) | Falhas: 0
14:05:07 | INFO     | [14:05:07] ✅ DONE | 00043/2024 | item 00234 | 274/996 (27.5%) | Falhas: 0
14:05:08 | INFO     | [14:05:08] ✅ DONE | 00043/2024 | item 00235 | 275/996 (27.6%) | Falhas: 0
14:05:08 | INFO     | [14:05:08] ✅ DONE | 00043/2024 | item 00237 | 276/996 (27.7%) | Falhas: 0
14:05:09 | INFO     | [14:05:09] ✅ DONE | 00043/2024 | item 00238 | 277/996 (27.8%) | Falhas: 0
14:05:09 | INFO     | [14:05:09] ✅ DONE | 00043/2024 | item 00239 | 278/996 (27.9%) | Falhas: 0
14:05:09 | INFO     | [14:05:09] ✅ DONE | 00043/2024 | item 00243 | 279/996 (28.0%) | Falhas: 0
14:05:10 | INFO     | [14:05:10] ✅ DONE | 00043/2024 | item 00246 | 280/996 (28.1%) | Falhas: 0
14:05:11 | INFO     | [14:05:11] ✅ DONE | 00043/2024 | item 00244 | 281/996 (28.2%) | Falhas: 0
14:05:11 | INFO     | [14:05:11] ✅ DONE | 00043/2024 | item 00245 | 282/996 (28.3%) | Falhas: 0
14:05:12 | INFO     | [14:05:12] ✅ DONE | 00043/2024 | item 00247 | 283/996 (28.4%) | Falhas: 0
14:05:12 | INFO     | [14:05:12] ✅ DONE | 00043/2024 | item 00248 | 284/996 (28.5%) | Falhas: 0
14:05:12 | INFO     | [14:05:12] ✅ DONE | 00043/2024 | item 00249 | 285/996 (28.6%) | Falhas: 0
14:05:13 | INFO     | [14:05:13] ✅ DONE | 00043/2024 | item 00250 | 286/996 (28.7%) | Falhas: 0
14:05:14 | INFO     | [14:05:14] ✅ DONE | 00043/2024 | item 00251 | 287/996 (28.8%) | Falhas: 0
14:05:14 | INFO     | [14:05:14] ✅ DONE | 00043/2024 | item 00252 | 288/996 (28.9%) | Falhas: 0
14:05:14 | INFO     | [14:05:14] ✅ DONE | 00043/2024 | item 00254 | 289/996 (29.0%) | Falhas: 0
14:05:15 | INFO     | [14:05:15] ✅ DONE | 00043/2024 | item 00255 | 290/996 (29.1%) | Falhas: 0
14:05:15 | INFO     | [14:05:15] ✅ DONE | 00043/2024 | item 00258 | 291/996 (29.2%) | Falhas: 0
14:05:16 | INFO     | [14:05:16] ✅ DONE | 00043/2024 | item 00260 | 292/996 (29.3%) | Falhas: 0
14:05:16 | INFO     | [14:05:16] ✅ DONE | 00043/2024 | item 00262 | 293/996 (29.4%) | Falhas: 0
14:05:16 | INFO     | [14:05:16] ✅ DONE | 00043/2024 | item 00263 | 294/996 (29.5%) | Falhas: 0
14:05:17 | INFO     | [14:05:17] ✅ DONE | 00043/2024 | item 00273 | 295/996 (29.6%) | Falhas: 0
14:05:17 | INFO     | [14:05:17] ✅ DONE | 00043/2024 | item 00272 | 296/996 (29.7%) | Falhas: 0
14:05:17 | INFO     | [14:05:17] ✅ DONE | 00043/2024 | item 00265 | 297/996 (29.8%) | Falhas: 0
14:05:18 | INFO     | [14:05:18] ✅ DONE | 00043/2024 | item 00274 | 298/996 (29.9%) | Falhas: 0
14:05:18 | INFO     | [14:05:18] ✅ DONE | 00043/2024 | item 00275 | 299/996 (30.0%) | Falhas: 0
14:05:18 | INFO     | [14:05:18] ✅ DONE | 00043/2024 | item 00276 | 300/996 (30.1%) | Falhas: 0
14:05:19 | INFO     | [14:05:19] ✅ DONE | 00043/2024 | item 00277 | 301/996 (30.2%) | Falhas: 0
14:05:19 | INFO     | [14:05:19] ✅ DONE | 00043/2024 | item 00278 | 302/996 (30.3%) | Falhas: 0
14:05:20 | INFO     | [14:05:20] ✅ DONE | 00043/2024 | item 00279 | 303/996 (30.4%) | Falhas: 0
14:05:21 | INFO     | [14:05:21] ✅ DONE | 00043/2024 | item 00280 | 304/996 (30.5%) | Falhas: 0
14:05:21 | INFO     | [14:05:21] ✅ DONE | 00043/2024 | item 00282 | 305/996 (30.6%) | Falhas: 0
14:05:21 | INFO     | [14:05:21] ✅ DONE | 00043/2024 | item 00283 | 306/996 (30.7%) | Falhas: 0
14:05:22 | INFO     | [14:05:22] ✅ DONE | 00043/2024 | item 00285 | 307/996 (30.8%) | Falhas: 0
14:05:22 | INFO     | [14:05:22] ✅ DONE | 00043/2024 | item 00286 | 308/996 (30.9%) | Falhas: 0
14:05:23 | INFO     | [14:05:23] ✅ DONE | 00043/2024 | item 00284 | 309/996 (31.0%) | Falhas: 0
14:05:24 | INFO     | [14:05:24] ✅ DONE | 00043/2024 | item 00287 | 310/996 (31.1%) | Falhas: 0
14:05:24 | INFO     | [14:05:24] ✅ DONE | 00043/2024 | item 00288 | 311/996 (31.2%) | Falhas: 0
14:05:25 | INFO     | [14:05:25] ✅ DONE | 00043/2024 | item 00289 | 312/996 (31.3%) | Falhas: 0
14:05:26 | INFO     | [14:05:26] ✅ DONE | 00043/2024 | item 00292 | 313/996 (31.4%) | Falhas: 0
14:05:27 | INFO     | [14:05:27] ✅ DONE | 00043/2024 | item 00290 | 314/996 (31.5%) | Falhas: 0
14:05:27 | INFO     | [14:05:27] ✅ DONE | 00043/2024 | item 00293 | 315/996 (31.6%) | Falhas: 0
14:05:28 | INFO     | [14:05:28] ✅ DONE | 00043/2024 | item 00294 | 316/996 (31.7%) | Falhas: 0
14:05:29 | INFO     | [14:05:29] ✅ DONE | 00043/2024 | item 00295 | 317/996 (31.8%) | Falhas: 0
14:05:29 | INFO     | [14:05:29] ✅ DONE | 00043/2024 | item 00296 | 318/996 (31.9%) | Falhas: 0
14:05:30 | INFO     | [14:05:30] ✅ DONE | 00043/2024 | item 00297 | 319/996 (32.0%) | Falhas: 0
14:05:30 | INFO     | [14:05:30] ✅ DONE | 00043/2024 | item 00299 | 320/996 (32.1%) | Falhas: 0
14:05:31 | INFO     | [14:05:31] ✅ DONE | 00043/2024 | item 00300 | 321/996 (32.2%) | Falhas: 0
14:05:32 | INFO     | [14:05:32] ✅ DONE | 00043/2024 | item 00301 | 322/996 (32.3%) | Falhas: 0
14:05:33 | INFO     | [14:05:33] ✅ DONE | 00043/2024 | item 00302 | 323/996 (32.4%) | Falhas: 0
14:05:33 | INFO     | [14:05:33] ✅ DONE | 00043/2024 | item 00303 | 324/996 (32.5%) | Falhas: 0
14:05:34 | INFO     | [14:05:34] ✅ DONE | 00043/2024 | item 00304 | 325/996 (32.6%) | Falhas: 0
14:05:36 | INFO     | [14:05:36] ✅ DONE | 00043/2024 | item 00306 | 326/996 (32.7%) | Falhas: 0
14:05:36 | INFO     | [14:05:36] ✅ DONE | 00043/2024 | item 00305 | 327/996 (32.8%) | Falhas: 0
14:05:36 | INFO     | [14:05:36] ✅ DONE | 00043/2024 | item 00310 | 328/996 (32.9%) | Falhas: 0
14:05:37 | INFO     | [14:05:37] ✅ DONE | 00041/2024 | item 00208 | 329/996 (33.0%) | Falhas: 0
14:05:38 | INFO     | [14:05:38] ✅ DONE | 00043/2024 | item 00313 | 330/996 (33.1%) | Falhas: 0
14:05:38 | INFO     | [14:05:38] ✅ DONE | 00043/2024 | item 00311 | 331/996 (33.2%) | Falhas: 0
14:05:54 | INFO     | [14:05:54] ✅ DONE | 00041/2024 | item 00253 | 332/996 (33.3%) | Falhas: 0
14:05:54 | INFO     | [14:05:54] ✅ DONE | 00044/2024 | item 00009 | 333/996 (33.4%) | Falhas: 0
14:05:55 | INFO     | [14:05:55] ✅ DONE | 00044/2024 | item 00004 | 334/996 (33.5%) | Falhas: 0
14:05:55 | INFO     | [14:05:55] ✅ DONE | 00044/2024 | item 00015 | 335/996 (33.6%) | Falhas: 0
14:05:56 | INFO     | [14:05:56] ✅ DONE | 00043/2024 | item 00314 | 336/996 (33.7%) | Falhas: 0
14:05:56 | INFO     | [14:05:56] ✅ DONE | 00044/2024 | item 00016 | 337/996 (33.8%) | Falhas: 0
14:05:57 | INFO     | [14:05:57] ✅ DONE | 00043/2024 | item 00315 | 338/996 (33.9%) | Falhas: 0
14:05:58 | INFO     | [14:05:58] ✅ DONE | 00043/2024 | item 00316 | 339/996 (34.0%) | Falhas: 0
14:05:59 | INFO     | [14:05:59] ✅ DONE | 00043/2024 | item 00317 | 340/996 (34.1%) | Falhas: 0
14:05:59 | INFO     | [14:05:59] ✅ DONE | 00043/2024 | item 00319 | 341/996 (34.2%) | Falhas: 0
14:06:00 | INFO     | [14:06:00] ✅ DONE | 00043/2024 | item 00325 | 342/996 (34.3%) | Falhas: 0
14:06:01 | INFO     | [14:06:01] ✅ DONE | 00043/2024 | item 00327 | 343/996 (34.4%) | Falhas: 0
14:06:01 | INFO     | [14:06:01] ✅ DONE | 00043/2024 | item 00326 | 344/996 (34.5%) | Falhas: 0
14:06:02 | INFO     | [14:06:02] ✅ DONE | 00043/2024 | item 00328 | 345/996 (34.6%) | Falhas: 0
14:06:03 | INFO     | [14:06:03] ✅ DONE | 00043/2024 | item 00329 | 346/996 (34.7%) | Falhas: 0
14:06:03 | INFO     | [14:06:03] ✅ DONE | 00043/2024 | item 00331 | 347/996 (34.8%) | Falhas: 0
14:06:03 | INFO     | [14:06:03] ✅ DONE | 00043/2024 | item 00332 | 348/996 (34.9%) | Falhas: 0
14:06:04 | INFO     | [14:06:04] ✅ DONE | 00043/2024 | item 00333 | 349/996 (35.0%) | Falhas: 0
14:06:05 | INFO     | [14:06:05] ✅ DONE | 00043/2024 | item 00335 | 350/996 (35.1%) | Falhas: 0
14:06:05 | INFO     | [14:06:05] ✅ DONE | 00043/2024 | item 00334 | 351/996 (35.2%) | Falhas: 0
14:06:06 | INFO     | [14:06:06] ✅ DONE | 00043/2024 | item 00336 | 352/996 (35.3%) | Falhas: 0
14:06:06 | INFO     | [14:06:06] ✅ DONE | 00043/2024 | item 00337 | 353/996 (35.4%) | Falhas: 0
14:06:07 | INFO     | [14:06:07] ✅ DONE | 00043/2024 | item 00338 | 354/996 (35.5%) | Falhas: 0
14:06:07 | INFO     | [14:06:07] ✅ DONE | 00043/2024 | item 00339 | 355/996 (35.6%) | Falhas: 0
14:06:08 | INFO     | [14:06:08] ✅ DONE | 00043/2024 | item 00340 | 356/996 (35.7%) | Falhas: 0
14:06:09 | INFO     | [14:06:09] ✅ DONE | 00043/2024 | item 00342 | 357/996 (35.8%) | Falhas: 0
14:06:09 | INFO     | [14:06:09] ✅ DONE | 00043/2024 | item 00341 | 358/996 (35.9%) | Falhas: 0
14:06:10 | INFO     | [14:06:10] ✅ DONE | 00043/2024 | item 00343 | 359/996 (36.0%) | Falhas: 0
14:06:10 | INFO     | [14:06:10] ✅ DONE | 00043/2024 | item 00344 | 360/996 (36.1%) | Falhas: 0
14:06:10 | INFO     | [14:06:10] ✅ DONE | 00043/2024 | item 00345 | 361/996 (36.2%) | Falhas: 0
14:06:11 | INFO     | [14:06:11] ✅ DONE | 00043/2024 | item 00346 | 362/996 (36.3%) | Falhas: 0
14:06:12 | INFO     | [14:06:12] ✅ DONE | 00043/2024 | item 00347 | 363/996 (36.4%) | Falhas: 0
14:06:12 | INFO     | [14:06:12] ✅ DONE | 00043/2024 | item 00348 | 364/996 (36.5%) | Falhas: 0
14:06:13 | INFO     | [14:06:13] ✅ DONE | 00043/2024 | item 00350 | 365/996 (36.6%) | Falhas: 0
14:06:14 | INFO     | [14:06:14] ✅ DONE | 00043/2024 | item 00349 | 366/996 (36.7%) | Falhas: 0
14:06:14 | INFO     | [14:06:14] ✅ DONE | 00043/2024 | item 00352 | 367/996 (36.8%) | Falhas: 0
14:06:15 | INFO     | [14:06:15] ✅ DONE | 00043/2024 | item 00353 | 368/996 (36.9%) | Falhas: 0
14:06:16 | INFO     | [14:06:16] ✅ DONE | 00043/2024 | item 00355 | 369/996 (37.0%) | Falhas: 0
14:06:16 | INFO     | [14:06:16] ✅ DONE | 00043/2024 | item 00354 | 370/996 (37.1%) | Falhas: 0
14:06:17 | INFO     | [14:06:17] ✅ DONE | 00043/2024 | item 00356 | 371/996 (37.2%) | Falhas: 0
14:06:17 | INFO     | [14:06:17] ✅ DONE | 00044/2024 | item 00017 | 372/996 (37.3%) | Falhas: 0
14:06:18 | INFO     | [14:06:18] ✅ DONE | 00044/2024 | item 00021 | 373/996 (37.4%) | Falhas: 0
14:06:18 | INFO     | [14:06:18] ✅ DONE | 00044/2024 | item 00026 | 374/996 (37.6%) | Falhas: 0
14:06:19 | INFO     | [14:06:19] ✅ DONE | 00044/2024 | item 00035 | 375/996 (37.7%) | Falhas: 0
14:06:20 | INFO     | [14:06:20] ✅ DONE | 00044/2024 | item 00047 | 376/996 (37.8%) | Falhas: 0
14:06:20 | INFO     | [14:06:20] ✅ DONE | 00044/2024 | item 00039 | 377/996 (37.9%) | Falhas: 0
14:06:20 | INFO     | [14:06:20] ✅ DONE | 00044/2024 | item 00052 | 378/996 (38.0%) | Falhas: 0
14:06:21 | INFO     | [14:06:21] ✅ DONE | 00044/2024 | item 00064 | 379/996 (38.1%) | Falhas: 0
14:06:22 | INFO     | [14:06:22] ✅ DONE | 00044/2024 | item 00053 | 380/996 (38.2%) | Falhas: 0
14:06:22 | INFO     | [14:06:22] ✅ DONE | 00044/2024 | item 00065 | 381/996 (38.3%) | Falhas: 0
14:06:24 | INFO     | [14:06:24] ✅ DONE | 00044/2024 | item 00066 | 382/996 (38.4%) | Falhas: 0
14:06:24 | INFO     | [14:06:24] ✅ DONE | 00044/2024 | item 00067 | 383/996 (38.5%) | Falhas: 0
14:06:24 | INFO     | [14:06:24] ✅ DONE | 00044/2024 | item 00068 | 384/996 (38.6%) | Falhas: 0
14:06:26 | INFO     | [14:06:26] ✅ DONE | 00044/2024 | item 00072 | 385/996 (38.7%) | Falhas: 0
14:06:27 | INFO     | [14:06:27] ✅ DONE | 00044/2024 | item 00092 | 386/996 (38.8%) | Falhas: 0
14:06:27 | INFO     | [14:06:27] ✅ DONE | 00044/2024 | item 00082 | 387/996 (38.9%) | Falhas: 0
14:06:27 | INFO     | [14:06:27] ✅ DONE | 00044/2024 | item 00097 | 388/996 (39.0%) | Falhas: 0
14:06:28 | INFO     | [14:06:28] ✅ DONE | 00044/2024 | item 00123 | 389/996 (39.1%) | Falhas: 0
14:06:29 | INFO     | [14:06:29] ✅ DONE | 00044/2024 | item 00109 | 390/996 (39.2%) | Falhas: 0
14:06:29 | INFO     | [14:06:29] ✅ DONE | 00044/2024 | item 00124 | 391/996 (39.3%) | Falhas: 0
14:06:30 | INFO     | [14:06:30] ✅ DONE | 00044/2024 | item 00125 | 392/996 (39.4%) | Falhas: 0
14:06:30 | INFO     | [14:06:30] ✅ DONE | 00044/2024 | item 00127 | 393/996 (39.5%) | Falhas: 0
14:06:31 | INFO     | [14:06:31] ✅ DONE | 00044/2024 | item 00130 | 394/996 (39.6%) | Falhas: 0
14:06:32 | INFO     | [14:06:32] ✅ DONE | 00044/2024 | item 00142 | 395/996 (39.7%) | Falhas: 0
14:06:32 | INFO     | [14:06:32] ✅ DONE | 00044/2024 | item 00141 | 396/996 (39.8%) | Falhas: 0
14:06:32 | INFO     | [14:06:32] ✅ DONE | 00044/2024 | item 00143 | 397/996 (39.9%) | Falhas: 0
14:06:33 | INFO     | [14:06:33] ✅ DONE | 00044/2024 | item 00145 | 398/996 (40.0%) | Falhas: 0
14:06:34 | INFO     | [14:06:34] ✅ DONE | 00044/2024 | item 00144 | 399/996 (40.1%) | Falhas: 0
14:06:34 | INFO     | [14:06:34] ✅ DONE | 00044/2024 | item 00146 | 400/996 (40.2%) | Falhas: 0
14:06:35 | INFO     | [14:06:35] ✅ DONE | 00044/2024 | item 00154 | 401/996 (40.3%) | Falhas: 0
14:06:35 | INFO     | [14:06:35] ✅ DONE | 00044/2024 | item 00168 | 402/996 (40.4%) | Falhas: 0
14:06:36 | INFO     | [14:06:36] ✅ DONE | 00044/2024 | item 00155 | 403/996 (40.5%) | Falhas: 0
14:06:38 | INFO     | [14:06:38] ✅ DONE | 00044/2024 | item 00175 | 404/996 (40.6%) | Falhas: 0
14:06:38 | INFO     | [14:06:38] ✅ DONE | 00044/2024 | item 00169 | 405/996 (40.7%) | Falhas: 0
14:06:38 | INFO     | [14:06:38] ✅ DONE | 00044/2024 | item 00188 | 406/996 (40.8%) | Falhas: 0
14:06:39 | INFO     | [14:06:39] ✅ DONE | 00044/2024 | item 00204 | 407/996 (40.9%) | Falhas: 0
14:06:40 | INFO     | [14:06:40] ✅ DONE | 00044/2024 | item 00199 | 408/996 (41.0%) | Falhas: 0
14:06:40 | INFO     | [14:06:40] ✅ DONE | 00044/2024 | item 00221 | 409/996 (41.1%) | Falhas: 0
14:06:41 | INFO     | [14:06:41] ✅ DONE | 00044/2024 | item 00225 | 410/996 (41.2%) | Falhas: 0
14:06:41 | INFO     | [14:06:41] ✅ DONE | 00044/2024 | item 00224 | 411/996 (41.3%) | Falhas: 0
14:06:41 | INFO     | [14:06:41] ✅ DONE | 00044/2024 | item 00232 | 412/996 (41.4%) | Falhas: 0
14:06:42 | INFO     | [14:06:42] ✅ DONE | 00044/2024 | item 00236 | 413/996 (41.5%) | Falhas: 0
14:06:42 | INFO     | [14:06:42] ✅ DONE | 00044/2024 | item 00240 | 414/996 (41.6%) | Falhas: 0
14:06:42 | INFO     | [14:06:42] ✅ DONE | 00044/2024 | item 00242 | 415/996 (41.7%) | Falhas: 0
14:06:43 | INFO     | [14:06:43] ✅ DONE | 00044/2024 | item 00241 | 416/996 (41.8%) | Falhas: 0
14:06:43 | INFO     | [14:06:43] ✅ DONE | 00044/2024 | item 00256 | 417/996 (41.9%) | Falhas: 0
14:06:44 | INFO     | [14:06:44] ✅ DONE | 00044/2024 | item 00259 | 418/996 (42.0%) | Falhas: 0
14:06:44 | INFO     | [14:06:44] ✅ DONE | 00044/2024 | item 00257 | 419/996 (42.1%) | Falhas: 0
14:06:44 | INFO     | [14:06:44] ✅ DONE | 00044/2024 | item 00261 | 420/996 (42.2%) | Falhas: 0
14:06:45 | INFO     | [14:06:45] ✅ DONE | 00044/2024 | item 00264 | 421/996 (42.3%) | Falhas: 0
14:06:46 | INFO     | [14:06:46] ✅ DONE | 00044/2024 | item 00268 | 422/996 (42.4%) | Falhas: 0
14:06:46 | INFO     | [14:06:46] ✅ DONE | 00044/2024 | item 00267 | 423/996 (42.5%) | Falhas: 0
14:06:46 | INFO     | [14:06:46] ✅ DONE | 00044/2024 | item 00266 | 424/996 (42.6%) | Falhas: 0
14:06:47 | INFO     | [14:06:47] ✅ DONE | 00044/2024 | item 00270 | 425/996 (42.7%) | Falhas: 0
14:06:48 | INFO     | [14:06:48] ✅ DONE | 00044/2024 | item 00269 | 426/996 (42.8%) | Falhas: 0
14:06:48 | INFO     | [14:06:48] ✅ DONE | 00044/2024 | item 00271 | 427/996 (42.9%) | Falhas: 0
14:06:49 | INFO     | [14:06:49] ✅ DONE | 00044/2024 | item 00281 | 428/996 (43.0%) | Falhas: 0
14:06:49 | INFO     | [14:06:49] ✅ DONE | 00044/2024 | item 00298 | 429/996 (43.1%) | Falhas: 0
14:06:50 | INFO     | [14:06:50] ✅ DONE | 00044/2024 | item 00291 | 430/996 (43.2%) | Falhas: 0
14:06:51 | INFO     | [14:06:51] ✅ DONE | 00044/2024 | item 00307 | 431/996 (43.3%) | Falhas: 0
14:07:07 | INFO     | [14:07:07] ✅ DONE | 00044/2024 | item 00308 | 432/996 (43.4%) | Falhas: 0
14:07:07 | INFO     | [14:07:07] ✅ DONE | 00044/2024 | item 00312 | 433/996 (43.5%) | Falhas: 0
14:07:08 | INFO     | [14:07:08] ✅ DONE | 00044/2024 | item 00320 | 434/996 (43.6%) | Falhas: 0
14:07:09 | INFO     | [14:07:09] ✅ DONE | 00044/2024 | item 00321 | 435/996 (43.7%) | Falhas: 0
14:07:09 | INFO     | [14:07:09] ✅ DONE | 00044/2024 | item 00323 | 436/996 (43.8%) | Falhas: 0
14:07:10 | INFO     | [14:07:10] ✅ DONE | 00044/2024 | item 00322 | 437/996 (43.9%) | Falhas: 0
14:07:11 | INFO     | [14:07:11] ✅ DONE | 00044/2024 | item 00324 | 438/996 (44.0%) | Falhas: 0
14:07:12 | INFO     | [14:07:12] ✅ DONE | 00043/2024 | item 00358 | 439/996 (44.1%) | Falhas: 0
14:07:12 | INFO     | [14:07:12] ✅ DONE | 00043/2024 | item 00357 | 440/996 (44.2%) | Falhas: 0
14:07:13 | INFO     | [14:07:13] ✅ DONE | 00045/2024 | item 00022 | 441/996 (44.3%) | Falhas: 0
14:07:13 | INFO     | [14:07:13] ✅ DONE | 00045/2024 | item 00069 | 442/996 (44.4%) | Falhas: 0
14:07:13 | INFO     | [14:07:13] ✅ DONE | 00045/2024 | item 00060 | 443/996 (44.5%) | Falhas: 0
14:07:14 | INFO     | [14:07:14] ✅ DONE | 00045/2024 | item 00073 | 444/996 (44.6%) | Falhas: 0
14:07:14 | INFO     | [14:07:14] ✅ DONE | 00045/2024 | item 00074 | 445/996 (44.7%) | Falhas: 0
14:07:15 | INFO     | [14:07:15] ✅ DONE | 00045/2024 | item 00075 | 446/996 (44.8%) | Falhas: 0
14:07:16 | INFO     | [14:07:16] ✅ DONE | 00045/2024 | item 00076 | 447/996 (44.9%) | Falhas: 0
14:07:16 | INFO     | [14:07:16] ✅ DONE | 00045/2024 | item 00112 | 448/996 (45.0%) | Falhas: 0
14:07:16 | INFO     | [14:07:16] ✅ DONE | 00045/2024 | item 00113 | 449/996 (45.1%) | Falhas: 0
14:07:18 | INFO     | [14:07:18] ✅ DONE | 00046/2024 | item 00031 | 450/996 (45.2%) | Falhas: 0
14:07:18 | INFO     | [14:07:18] ✅ DONE | 00046/2024 | item 00035 | 451/996 (45.3%) | Falhas: 0
14:07:19 | INFO     | [14:07:19] ✅ DONE | 00048/2024 | item 00037 | 452/996 (45.4%) | Falhas: 0
14:07:20 | INFO     | [14:07:20] ✅ DONE | 00049/2024 | item 00033 | 453/996 (45.5%) | Falhas: 0
14:07:20 | INFO     | [14:07:20] ✅ DONE | 00049/2024 | item 00032 | 454/996 (45.6%) | Falhas: 0
14:07:22 | INFO     | [14:07:22] ✅ DONE | 00053/2024 | item 00084 | 455/996 (45.7%) | Falhas: 0
14:07:23 | INFO     | [14:07:23] ✅ DONE | 00053/2024 | item 00085 | 456/996 (45.8%) | Falhas: 0
14:07:24 | INFO     | [14:07:24] ✅ DONE | 00051/2024 | item 00038 | 457/996 (45.9%) | Falhas: 0
14:07:24 | INFO     | [14:07:24] ✅ DONE | 00049/2024 | item 00034 | 458/996 (46.0%) | Falhas: 0
14:07:25 | INFO     | [14:07:25] ✅ DONE | 00053/2024 | item 00089 | 459/996 (46.1%) | Falhas: 0
14:07:26 | INFO     | [14:07:26] ✅ DONE | 00053/2024 | item 00090 | 460/996 (46.2%) | Falhas: 0
14:07:26 | INFO     | [14:07:26] ✅ DONE | 00053/2024 | item 00095 | 461/996 (46.3%) | Falhas: 0
14:07:26 | INFO     | [14:07:26] ✅ DONE | 00053/2024 | item 00097 | 462/996 (46.4%) | Falhas: 0
14:07:28 | INFO     | [14:07:28] ✅ DONE | 00053/2024 | item 00099 | 463/996 (46.5%) | Falhas: 0
14:07:28 | INFO     | [14:07:28] ✅ DONE | 00053/2024 | item 00098 | 464/996 (46.6%) | Falhas: 0
14:07:28 | INFO     | [14:07:28] ✅ DONE | 00053/2024 | item 00102 | 465/996 (46.7%) | Falhas: 0
14:07:29 | INFO     | [14:07:29] ✅ DONE | 00053/2024 | item 00106 | 466/996 (46.8%) | Falhas: 0
14:07:29 | INFO     | [14:07:29] ✅ DONE | 00047/2024 | item 00027 | 467/996 (46.9%) | Falhas: 0
14:07:29 | INFO     | [14:07:29] ✅ DONE | 00050/2024 | item 00016 | 468/996 (47.0%) | Falhas: 0
14:07:30 | INFO     | [14:07:30] ✅ DONE | 00050/2024 | item 00020 | 469/996 (47.1%) | Falhas: 0
14:07:30 | INFO     | [14:07:30] ✅ DONE | 00052/2024 | item 00052 | 470/996 (47.2%) | Falhas: 0
14:07:31 | INFO     | [14:07:31] ✅ DONE | 00052/2024 | item 00051 | 471/996 (47.3%) | Falhas: 0
14:07:31 | INFO     | [14:07:31] ✅ DONE | 00052/2024 | item 00053 | 472/996 (47.4%) | Falhas: 0
14:07:31 | INFO     | [14:07:31] ✅ DONE | 00052/2024 | item 00054 | 473/996 (47.5%) | Falhas: 0
14:07:31 | INFO     | [14:07:31] ✅ DONE | 00052/2024 | item 00055 | 474/996 (47.6%) | Falhas: 0
14:07:32 | INFO     | [14:07:32] ✅ DONE | 00052/2024 | item 00056 | 475/996 (47.7%) | Falhas: 0
14:07:32 | INFO     | [14:07:32] ✅ DONE | 00052/2024 | item 00059 | 476/996 (47.8%) | Falhas: 0
14:07:33 | INFO     | [14:07:33] ✅ DONE | 00052/2024 | item 00057 | 477/996 (47.9%) | Falhas: 0
14:07:33 | INFO     | [14:07:33] ✅ DONE | 00052/2024 | item 00061 | 478/996 (48.0%) | Falhas: 0
14:07:34 | INFO     | [14:07:34] ✅ DONE | 00052/2024 | item 00065 | 479/996 (48.1%) | Falhas: 0
14:07:34 | INFO     | [14:07:34] ✅ DONE | 00052/2024 | item 00064 | 480/996 (48.2%) | Falhas: 0
14:07:34 | INFO     | [14:07:34] ✅ DONE | 00052/2024 | item 00066 | 481/996 (48.3%) | Falhas: 0
14:07:35 | INFO     | [14:07:35] ✅ DONE | 00052/2024 | item 00068 | 482/996 (48.4%) | Falhas: 0
14:07:35 | INFO     | [14:07:35] ✅ DONE | 00052/2024 | item 00067 | 483/996 (48.5%) | Falhas: 0
14:07:35 | INFO     | [14:07:35] ✅ DONE | 00052/2024 | item 00071 | 484/996 (48.6%) | Falhas: 0
14:07:36 | INFO     | [14:07:36] ✅ DONE | 00052/2024 | item 00080 | 485/996 (48.7%) | Falhas: 0
14:07:36 | INFO     | [14:07:36] ✅ DONE | 00052/2024 | item 00081 | 486/996 (48.8%) | Falhas: 0
14:07:36 | INFO     | [14:07:36] ✅ DONE | 00052/2024 | item 00082 | 487/996 (48.9%) | Falhas: 0
14:07:37 | INFO     | [14:07:37] ✅ DONE | 00052/2024 | item 00086 | 488/996 (49.0%) | Falhas: 0
14:07:37 | INFO     | [14:07:37] ✅ DONE | 00052/2024 | item 00083 | 489/996 (49.1%) | Falhas: 0
14:07:37 | INFO     | [14:07:37] ✅ DONE | 00052/2024 | item 00087 | 490/996 (49.2%) | Falhas: 0
14:07:38 | INFO     | [14:07:38] ✅ DONE | 00052/2024 | item 00091 | 491/996 (49.3%) | Falhas: 0
14:07:39 | INFO     | [14:07:39] ✅ DONE | 00052/2024 | item 00101 | 492/996 (49.4%) | Falhas: 0
14:07:39 | INFO     | [14:07:39] ✅ DONE | 00052/2024 | item 00103 | 493/996 (49.5%) | Falhas: 0
14:07:39 | INFO     | [14:07:39] ✅ DONE | 00052/2024 | item 00100 | 494/996 (49.6%) | Falhas: 0
14:07:40 | INFO     | [14:07:40] ✅ DONE | 00052/2024 | item 00104 | 495/996 (49.7%) | Falhas: 0
14:07:40 | INFO     | [14:07:40] ✅ DONE | 00052/2024 | item 00111 | 496/996 (49.8%) | Falhas: 0
14:07:40 | INFO     | [14:07:40] ✅ DONE | 00052/2024 | item 00109 | 497/996 (49.9%) | Falhas: 0
14:07:41 | INFO     | [14:07:41] ✅ DONE | 00099/2025 | item 00003 | 498/996 (50.0%) | Falhas: 0
14:07:41 | INFO     | [14:07:41] ✅ DONE | 00099/2025 | item 00014 | 499/996 (50.1%) | Falhas: 0
14:07:41 | INFO     | [14:07:41] ✅ DONE | 00099/2025 | item 00023 | 500/996 (50.2%) | Falhas: 0
14:07:42 | INFO     | [14:07:42] ✅ DONE | 00099/2025 | item 00024 | 501/996 (50.3%) | Falhas: 0
14:07:42 | INFO     | [14:07:42] ✅ DONE | 00099/2025 | item 00025 | 502/996 (50.4%) | Falhas: 0
14:07:42 | INFO     | [14:07:42] ✅ DONE | 00099/2025 | item 00026 | 503/996 (50.5%) | Falhas: 0
14:07:43 | INFO     | [14:07:43] ✅ DONE | 00099/2025 | item 00027 | 504/996 (50.6%) | Falhas: 0
14:07:43 | INFO     | [14:07:43] ✅ DONE | 00099/2025 | item 00032 | 505/996 (50.7%) | Falhas: 0
14:07:43 | INFO     | [14:07:43] ✅ DONE | 00100/2025 | item 00004 | 506/996 (50.8%) | Falhas: 0
14:07:44 | INFO     | [14:07:44] ✅ DONE | 00100/2025 | item 00005 | 507/996 (50.9%) | Falhas: 0
14:07:45 | INFO     | [14:07:45] ✅ DONE | 00101/2025 | item 00009 | 508/996 (51.0%) | Falhas: 0
14:07:45 | INFO     | [14:07:45] ✅ DONE | 00101/2025 | item 00007 | 509/996 (51.1%) | Falhas: 0
14:07:45 | INFO     | [14:07:45] ✅ DONE | 00101/2025 | item 00006 | 510/996 (51.2%) | Falhas: 0
14:07:46 | INFO     | [14:07:46] ✅ DONE | 00101/2025 | item 00010 | 511/996 (51.3%) | Falhas: 0
14:07:46 | INFO     | [14:07:46] ✅ DONE | 00101/2025 | item 00011 | 512/996 (51.4%) | Falhas: 0
14:07:46 | INFO     | [14:07:46] ✅ DONE | 00101/2025 | item 00013 | 513/996 (51.5%) | Falhas: 0
14:07:47 | INFO     | [14:07:47] ✅ DONE | 00101/2025 | item 00020 | 514/996 (51.6%) | Falhas: 0
14:07:47 | INFO     | [14:07:47] ✅ DONE | 00096/2025 | item 00036 | 515/996 (51.7%) | Falhas: 0
14:07:47 | INFO     | [14:07:47] ✅ DONE | 00097/2025 | item 00028 | 516/996 (51.8%) | Falhas: 0
14:07:48 | INFO     | [14:07:48] ✅ DONE | 00098/2025 | item 00001 | 517/996 (51.9%) | Falhas: 0
14:07:48 | INFO     | [14:07:48] ✅ DONE | 00098/2025 | item 00002 | 518/996 (52.0%) | Falhas: 0
14:07:48 | INFO     | [14:07:48] ✅ DONE | 00102/2025 | item 00008 | 519/996 (52.1%) | Falhas: 0
14:07:49 | INFO     | [14:07:49] ✅ DONE | 00103/2025 | item 00012 | 520/996 (52.2%) | Falhas: 0
14:07:49 | INFO     | [14:07:49] ✅ DONE | 00103/2025 | item 00015 | 521/996 (52.3%) | Falhas: 0
14:07:50 | INFO     | [14:07:50] ✅ DONE | 00103/2025 | item 00017 | 522/996 (52.4%) | Falhas: 0
14:07:51 | INFO     | [14:07:51] ✅ DONE | 00103/2025 | item 00019 | 523/996 (52.5%) | Falhas: 0
14:07:51 | INFO     | [14:07:51] ✅ DONE | 00101/2025 | item 00022 | 524/996 (52.6%) | Falhas: 0
14:07:51 | INFO     | [14:07:51] ✅ DONE | 00103/2025 | item 00021 | 525/996 (52.7%) | Falhas: 0
14:07:52 | INFO     | [14:07:52] ✅ DONE | 00106/2025 | item 00035 | 526/996 (52.8%) | Falhas: 0
14:07:52 | INFO     | [14:07:52] ✅ DONE | 00106/2025 | item 00036 | 527/996 (52.9%) | Falhas: 0
14:07:52 | INFO     | [14:07:52] ✅ DONE | 00107/2025 | item 00028 | 528/996 (53.0%) | Falhas: 0
14:07:53 | INFO     | [14:07:53] ✅ DONE | 00104/2025 | item 00016 | 529/996 (53.1%) | Falhas: 0
14:07:54 | INFO     | [14:07:54] ✅ DONE | 00107/2025 | item 00039 | 530/996 (53.2%) | Falhas: 0
14:07:54 | INFO     | [14:07:54] ✅ DONE | 00105/2025 | item 00029 | 531/996 (53.3%) | Falhas: 0
14:08:09 | INFO     | [14:08:09] ✅ DONE | 00105/2025 | item 00030 | 532/996 (53.4%) | Falhas: 0
14:08:10 | INFO     | [14:08:10] ✅ DONE | 00111/2025 | item 00033 | 533/996 (53.5%) | Falhas: 0
14:08:11 | INFO     | [14:08:11] ✅ DONE | 00105/2025 | item 00038 | 534/996 (53.6%) | Falhas: 0
14:08:11 | INFO     | [14:08:11] ✅ DONE | 00110/2025 | item 00034 | 535/996 (53.7%) | Falhas: 0
14:08:11 | INFO     | [14:08:11] ✅ DONE | 00112/2025 | item 00018 | 536/996 (53.8%) | Falhas: 0
14:08:13 | INFO     | [14:08:13] ✅ DONE | 00113/2025 | item 00001 | 537/996 (53.9%) | Falhas: 0
14:08:13 | INFO     | [14:08:13] ✅ DONE | 00113/2025 | item 00002 | 538/996 (54.0%) | Falhas: 0
14:08:13 | INFO     | [14:08:13] ✅ DONE | 00113/2025 | item 00003 | 539/996 (54.1%) | Falhas: 0
14:08:14 | INFO     | [14:08:14] ✅ DONE | 00113/2025 | item 00004 | 540/996 (54.2%) | Falhas: 0
14:08:14 | INFO     | [14:08:14] ✅ DONE | 00113/2025 | item 00006 | 541/996 (54.3%) | Falhas: 0
14:08:15 | INFO     | [14:08:15] ✅ DONE | 00113/2025 | item 00005 | 542/996 (54.4%) | Falhas: 0
14:08:16 | INFO     | [14:08:16] ✅ DONE | 00113/2025 | item 00007 | 543/996 (54.5%) | Falhas: 0
14:08:16 | INFO     | [14:08:16] ✅ DONE | 00113/2025 | item 00008 | 544/996 (54.6%) | Falhas: 0
14:08:17 | INFO     | [14:08:17] ✅ DONE | 00113/2025 | item 00009 | 545/996 (54.7%) | Falhas: 0
14:08:17 | INFO     | [14:08:17] ✅ DONE | 00113/2025 | item 00011 | 546/996 (54.8%) | Falhas: 0
14:08:18 | INFO     | [14:08:18] ✅ DONE | 00113/2025 | item 00012 | 547/996 (54.9%) | Falhas: 0
14:08:18 | INFO     | [14:08:18] ✅ DONE | 00113/2025 | item 00010 | 548/996 (55.0%) | Falhas: 0
14:08:19 | INFO     | [14:08:19] ✅ DONE | 00109/2025 | item 00031 | 549/996 (55.1%) | Falhas: 0
14:08:19 | INFO     | [14:08:19] ✅ DONE | 00108/2025 | item 00037 | 550/996 (55.2%) | Falhas: 0
14:08:19 | INFO     | [14:08:19] ✅ DONE | 00109/2025 | item 00041 | 551/996 (55.3%) | Falhas: 0
14:08:20 | INFO     | [14:08:20] ✅ DONE | 00115/2025 | item 00001 | 552/996 (55.4%) | Falhas: 0
14:08:20 | INFO     | [14:08:20] ✅ DONE | 00114/2025 | item 00033 | 553/996 (55.5%) | Falhas: 0
14:08:21 | INFO     | [14:08:21] ✅ DONE | 00113/2025 | item 00013 | 554/996 (55.6%) | Falhas: 0
14:08:23 | INFO     | [14:08:23] ✅ DONE | 00113/2025 | item 00016 | 555/996 (55.7%) | Falhas: 0
14:08:23 | INFO     | [14:08:23] ✅ DONE | 00113/2025 | item 00017 | 556/996 (55.8%) | Falhas: 0
14:08:25 | INFO     | [14:08:25] ✅ DONE | 00113/2025 | item 00018 | 557/996 (55.9%) | Falhas: 0
14:08:26 | INFO     | [14:08:26] ✅ DONE | 00113/2025 | item 00019 | 558/996 (56.0%) | Falhas: 0
14:08:27 | INFO     | [14:08:27] ✅ DONE | 00113/2025 | item 00020 | 559/996 (56.1%) | Falhas: 0
14:08:28 | INFO     | [14:08:28] ✅ DONE | 00113/2025 | item 00021 | 560/996 (56.2%) | Falhas: 0
14:08:29 | INFO     | [14:08:29] ✅ DONE | 00113/2025 | item 00022 | 561/996 (56.3%) | Falhas: 0
14:08:31 | INFO     | [14:08:31] ✅ DONE | 00113/2025 | item 00023 | 562/996 (56.4%) | Falhas: 0
14:08:32 | INFO     | [14:08:32] ✅ DONE | 00113/2025 | item 00024 | 563/996 (56.5%) | Falhas: 0
14:08:32 | INFO     | [14:08:32] ✅ DONE | 00113/2025 | item 00025 | 564/996 (56.6%) | Falhas: 0
14:08:34 | INFO     | [14:08:34] ✅ DONE | 00113/2025 | item 00026 | 565/996 (56.7%) | Falhas: 0
14:08:35 | INFO     | [14:08:35] ✅ DONE | 00113/2025 | item 00027 | 566/996 (56.8%) | Falhas: 0
14:08:35 | INFO     | [14:08:35] ✅ DONE | 00113/2025 | item 00028 | 567/996 (56.9%) | Falhas: 0
14:08:37 | INFO     | [14:08:37] ✅ DONE | 00113/2025 | item 00029 | 568/996 (57.0%) | Falhas: 0
14:08:37 | INFO     | [14:08:37] ✅ DONE | 00113/2025 | item 00014 | 569/996 (57.1%) | Falhas: 0
14:08:37 | INFO     | [14:08:37] ✅ DONE | 00113/2025 | item 00015 | 570/996 (57.2%) | Falhas: 0
14:08:37 | INFO     | [14:08:37] ✅ DONE | 00113/2025 | item 00031 | 571/996 (57.3%) | Falhas: 0
14:08:38 | INFO     | [14:08:38] ✅ DONE | 00113/2025 | item 00030 | 572/996 (57.4%) | Falhas: 0
14:08:38 | INFO     | [14:08:38] ✅ DONE | 00113/2025 | item 00032 | 573/996 (57.5%) | Falhas: 0
14:08:39 | INFO     | [14:08:39] ✅ DONE | 00113/2025 | item 00033 | 574/996 (57.6%) | Falhas: 0
14:08:39 | INFO     | [14:08:39] ✅ DONE | 00113/2025 | item 00034 | 575/996 (57.7%) | Falhas: 0
14:08:40 | INFO     | [14:08:40] ✅ DONE | 00113/2025 | item 00035 | 576/996 (57.8%) | Falhas: 0
14:08:40 | INFO     | [14:08:40] ✅ DONE | 00113/2025 | item 00036 | 577/996 (57.9%) | Falhas: 0
14:08:41 | INFO     | [14:08:41] ✅ DONE | 00113/2025 | item 00037 | 578/996 (58.0%) | Falhas: 0
14:08:41 | INFO     | [14:08:41] ✅ DONE | 00113/2025 | item 00039 | 579/996 (58.1%) | Falhas: 0
14:08:41 | INFO     | [14:08:41] ✅ DONE | 00113/2025 | item 00038 | 580/996 (58.2%) | Falhas: 0
14:08:42 | INFO     | [14:08:42] ✅ DONE | 00116/2025 | item 00001 | 581/996 (58.3%) | Falhas: 0
14:08:42 | INFO     | [14:08:42] ✅ DONE | 00115/2025 | item 00002 | 582/996 (58.4%) | Falhas: 0
14:08:43 | INFO     | [14:08:43] ✅ DONE | 00116/2025 | item 00002 | 583/996 (58.5%) | Falhas: 0
14:08:43 | INFO     | [14:08:43] ✅ DONE | 00116/2025 | item 00004 | 584/996 (58.6%) | Falhas: 0
14:08:43 | INFO     | [14:08:43] ✅ DONE | 00116/2025 | item 00005 | 585/996 (58.7%) | Falhas: 0
14:08:43 | INFO     | [14:08:43] ✅ DONE | 00116/2025 | item 00003 | 586/996 (58.8%) | Falhas: 0
14:08:44 | INFO     | [14:08:44] ✅ DONE | 00116/2025 | item 00006 | 587/996 (58.9%) | Falhas: 0
14:08:45 | INFO     | [14:08:45] ✅ DONE | 00116/2025 | item 00008 | 588/996 (59.0%) | Falhas: 0
14:08:45 | INFO     | [14:08:45] ✅ DONE | 00116/2025 | item 00007 | 589/996 (59.1%) | Falhas: 0
14:08:45 | INFO     | [14:08:45] ✅ DONE | 00116/2025 | item 00009 | 590/996 (59.2%) | Falhas: 0
14:08:46 | INFO     | [14:08:46] ✅ DONE | 00116/2025 | item 00011 | 591/996 (59.3%) | Falhas: 0
14:08:46 | INFO     | [14:08:46] ✅ DONE | 00116/2025 | item 00010 | 592/996 (59.4%) | Falhas: 0
14:08:46 | INFO     | [14:08:46] ✅ DONE | 00116/2025 | item 00012 | 593/996 (59.5%) | Falhas: 0
14:08:46 | INFO     | [14:08:46] ✅ DONE | 00116/2025 | item 00013 | 594/996 (59.6%) | Falhas: 0
14:08:47 | INFO     | [14:08:47] ✅ DONE | 00117/2025 | item 00001 | 595/996 (59.7%) | Falhas: 0
14:08:47 | INFO     | [14:08:47] ✅ DONE | 00117/2025 | item 00003 | 596/996 (59.8%) | Falhas: 0
14:08:47 | INFO     | [14:08:47] ✅ DONE | 00117/2025 | item 00004 | 597/996 (59.9%) | Falhas: 0
14:08:48 | INFO     | [14:08:48] ✅ DONE | 00117/2025 | item 00002 | 598/996 (60.0%) | Falhas: 0
14:08:48 | INFO     | [14:08:48] ✅ DONE | 00117/2025 | item 00005 | 599/996 (60.1%) | Falhas: 0
14:08:48 | INFO     | [14:08:48] ✅ DONE | 00117/2025 | item 00006 | 600/996 (60.2%) | Falhas: 0
14:08:49 | INFO     | [14:08:49] ✅ DONE | 00117/2025 | item 00007 | 601/996 (60.3%) | Falhas: 0
14:08:49 | INFO     | [14:08:49] ✅ DONE | 00117/2025 | item 00008 | 602/996 (60.4%) | Falhas: 0
14:08:50 | INFO     | [14:08:50] ✅ DONE | 00117/2025 | item 00009 | 603/996 (60.5%) | Falhas: 0
14:08:51 | INFO     | [14:08:51] ✅ DONE | 00117/2025 | item 00010 | 604/996 (60.6%) | Falhas: 0
14:08:51 | INFO     | [14:08:51] ✅ DONE | 00117/2025 | item 00011 | 605/996 (60.7%) | Falhas: 0
14:08:51 | INFO     | [14:08:51] ✅ DONE | 00117/2025 | item 00012 | 606/996 (60.8%) | Falhas: 0
14:08:51 | INFO     | [14:08:51] ✅ DONE | 00117/2025 | item 00013 | 607/996 (60.9%) | Falhas: 0
14:08:52 | INFO     | [14:08:52] ✅ DONE | 00117/2025 | item 00014 | 608/996 (61.0%) | Falhas: 0
14:08:53 | INFO     | [14:08:53] ✅ DONE | 00117/2025 | item 00017 | 609/996 (61.1%) | Falhas: 0
14:08:53 | INFO     | [14:08:53] ✅ DONE | 00117/2025 | item 00015 | 610/996 (61.2%) | Falhas: 0
14:08:53 | INFO     | [14:08:53] ✅ DONE | 00117/2025 | item 00016 | 611/996 (61.3%) | Falhas: 0
14:08:55 | INFO     | [14:08:55] ✅ DONE | 00117/2025 | item 00018 | 612/996 (61.4%) | Falhas: 0
14:08:55 | INFO     | [14:08:55] ✅ DONE | 00117/2025 | item 00019 | 613/996 (61.5%) | Falhas: 0
14:08:56 | INFO     | [14:08:56] ✅ DONE | 00117/2025 | item 00020 | 614/996 (61.6%) | Falhas: 0
14:08:57 | INFO     | [14:08:57] ✅ DONE | 00117/2025 | item 00021 | 615/996 (61.7%) | Falhas: 0
14:08:57 | INFO     | [14:08:57] ✅ DONE | 00117/2025 | item 00022 | 616/996 (61.8%) | Falhas: 0
14:08:57 | INFO     | [14:08:57] ✅ DONE | 00117/2025 | item 00023 | 617/996 (61.9%) | Falhas: 0
14:08:58 | INFO     | [14:08:58] ✅ DONE | 00117/2025 | item 00026 | 618/996 (62.0%) | Falhas: 0
14:08:58 | INFO     | [14:08:58] ✅ DONE | 00117/2025 | item 00024 | 619/996 (62.1%) | Falhas: 0
14:08:58 | INFO     | [14:08:58] ✅ DONE | 00117/2025 | item 00025 | 620/996 (62.2%) | Falhas: 0
14:08:59 | INFO     | [14:08:59] ✅ DONE | 00117/2025 | item 00027 | 621/996 (62.3%) | Falhas: 0
14:08:59 | INFO     | [14:08:59] ✅ DONE | 00117/2025 | item 00028 | 622/996 (62.4%) | Falhas: 0
14:09:00 | INFO     | [14:09:00] ✅ DONE | 00117/2025 | item 00030 | 623/996 (62.6%) | Falhas: 0
14:09:00 | INFO     | [14:09:00] ✅ DONE | 00117/2025 | item 00029 | 624/996 (62.7%) | Falhas: 0
14:09:00 | INFO     | [14:09:00] ✅ DONE | 00118/2025 | item 00015 | 625/996 (62.8%) | Falhas: 0
14:09:01 | INFO     | [14:09:01] ✅ DONE | 00118/2025 | item 00017 | 626/996 (62.9%) | Falhas: 0
14:09:01 | INFO     | [14:09:01] ✅ DONE | 00118/2025 | item 00016 | 627/996 (63.0%) | Falhas: 0
14:09:02 | INFO     | [14:09:02] ✅ DONE | 00118/2025 | item 00020 | 628/996 (63.1%) | Falhas: 0
14:09:02 | INFO     | [14:09:02] ✅ DONE | 00118/2025 | item 00018 | 629/996 (63.2%) | Falhas: 0
14:09:02 | INFO     | [14:09:02] ✅ DONE | 00118/2025 | item 00019 | 630/996 (63.3%) | Falhas: 0
14:09:03 | INFO     | [14:09:03] ✅ DONE | 00119/2025 | item 00001 | 631/996 (63.4%) | Falhas: 0
14:09:18 | INFO     | [14:09:18] ✅ DONE | 00119/2025 | item 00002 | 632/996 (63.5%) | Falhas: 0
14:09:19 | INFO     | [14:09:19] ✅ DONE | 00119/2025 | item 00003 | 633/996 (63.6%) | Falhas: 0
14:09:19 | INFO     | [14:09:19] ✅ DONE | 00119/2025 | item 00004 | 634/996 (63.7%) | Falhas: 0
14:09:20 | INFO     | [14:09:20] ✅ DONE | 00119/2025 | item 00005 | 635/996 (63.8%) | Falhas: 0
14:09:21 | INFO     | [14:09:21] ✅ DONE | 00119/2025 | item 00006 | 636/996 (63.9%) | Falhas: 0
14:09:21 | INFO     | [14:09:21] ✅ DONE | 00119/2025 | item 00012 | 637/996 (64.0%) | Falhas: 0
14:09:21 | INFO     | [14:09:21] ✅ DONE | 00119/2025 | item 00011 | 638/996 (64.1%) | Falhas: 0
14:09:22 | INFO     | [14:09:22] ✅ DONE | 00119/2025 | item 00014 | 639/996 (64.2%) | Falhas: 0
14:09:23 | INFO     | [14:09:23] ✅ DONE | 00119/2025 | item 00013 | 640/996 (64.3%) | Falhas: 0
14:09:23 | INFO     | [14:09:23] ✅ DONE | 00120/2025 | item 00017 | 641/996 (64.4%) | Falhas: 0
14:09:23 | INFO     | [14:09:23] ✅ DONE | 00120/2025 | item 00018 | 642/996 (64.5%) | Falhas: 0
14:09:24 | INFO     | [14:09:24] ✅ DONE | 00120/2025 | item 00019 | 643/996 (64.6%) | Falhas: 0
14:09:24 | INFO     | [14:09:24] ✅ DONE | 00120/2025 | item 00020 | 644/996 (64.7%) | Falhas: 0
14:09:25 | INFO     | [14:09:25] ✅ DONE | 00120/2025 | item 00021 | 645/996 (64.8%) | Falhas: 0
14:09:25 | INFO     | [14:09:25] ✅ DONE | 00120/2025 | item 00022 | 646/996 (64.9%) | Falhas: 0
14:09:26 | INFO     | [14:09:26] ✅ DONE | 00113/2025 | item 00041 | 647/996 (65.0%) | Falhas: 0
14:09:26 | INFO     | [14:09:26] ✅ DONE | 00121/2025 | item 00002 | 648/996 (65.1%) | Falhas: 0
14:09:26 | INFO     | [14:09:26] ✅ DONE | 00113/2025 | item 00040 | 649/996 (65.2%) | Falhas: 0
14:09:27 | INFO     | [14:09:27] ✅ DONE | 00113/2025 | item 00043 | 650/996 (65.3%) | Falhas: 0
14:09:27 | INFO     | [14:09:27] ✅ DONE | 00113/2025 | item 00044 | 651/996 (65.4%) | Falhas: 0
14:09:27 | INFO     | [14:09:27] ✅ DONE | 00113/2025 | item 00042 | 652/996 (65.5%) | Falhas: 0
14:09:29 | INFO     | [14:09:29] ✅ DONE | 00113/2025 | item 00045 | 653/996 (65.6%) | Falhas: 0
14:09:29 | INFO     | [14:09:29] ✅ DONE | 00113/2025 | item 00046 | 654/996 (65.7%) | Falhas: 0
14:09:29 | INFO     | [14:09:29] ✅ DONE | 00113/2025 | item 00047 | 655/996 (65.8%) | Falhas: 0
14:09:30 | INFO     | [14:09:30] ✅ DONE | 00113/2025 | item 00048 | 656/996 (65.9%) | Falhas: 0
14:09:31 | INFO     | [14:09:31] ✅ DONE | 00113/2025 | item 00049 | 657/996 (66.0%) | Falhas: 0
14:09:31 | INFO     | [14:09:31] ✅ DONE | 00113/2025 | item 00050 | 658/996 (66.1%) | Falhas: 0
14:09:31 | INFO     | [14:09:31] ✅ DONE | 00113/2025 | item 00051 | 659/996 (66.2%) | Falhas: 0
14:09:32 | INFO     | [14:09:32] ✅ DONE | 00113/2025 | item 00052 | 660/996 (66.3%) | Falhas: 0
14:09:32 | INFO     | [14:09:32] ✅ DONE | 00113/2025 | item 00054 | 661/996 (66.4%) | Falhas: 0
14:09:32 | INFO     | [14:09:32] ✅ DONE | 00113/2025 | item 00053 | 662/996 (66.5%) | Falhas: 0
14:09:33 | INFO     | [14:09:33] ✅ DONE | 00113/2025 | item 00055 | 663/996 (66.6%) | Falhas: 0
14:09:33 | INFO     | [14:09:33] ✅ DONE | 00113/2025 | item 00057 | 664/996 (66.7%) | Falhas: 0
14:09:34 | INFO     | [14:09:34] ✅ DONE | 00113/2025 | item 00058 | 665/996 (66.8%) | Falhas: 0
14:09:35 | INFO     | [14:09:35] ✅ DONE | 00113/2025 | item 00060 | 666/996 (66.9%) | Falhas: 0
14:09:36 | INFO     | [14:09:36] ✅ DONE | 00113/2025 | item 00061 | 667/996 (67.0%) | Falhas: 0
14:09:37 | INFO     | [14:09:37] ✅ DONE | 00113/2025 | item 00062 | 668/996 (67.1%) | Falhas: 0
14:09:38 | INFO     | [14:09:38] ✅ DONE | 00113/2025 | item 00122 | 669/996 (67.2%) | Falhas: 0
14:09:39 | INFO     | [14:09:39] ✅ DONE | 00113/2025 | item 00123 | 670/996 (67.3%) | Falhas: 0
14:09:40 | INFO     | [14:09:40] ✅ DONE | 00113/2025 | item 00124 | 671/996 (67.4%) | Falhas: 0
14:09:41 | INFO     | [14:09:41] ✅ DONE | 00113/2025 | item 00125 | 672/996 (67.5%) | Falhas: 0
14:09:42 | INFO     | [14:09:42] ✅ DONE | 00113/2025 | item 00126 | 673/996 (67.6%) | Falhas: 0
14:09:43 | INFO     | [14:09:43] ✅ DONE | 00113/2025 | item 00127 | 674/996 (67.7%) | Falhas: 0
14:09:44 | INFO     | [14:09:44] ✅ DONE | 00113/2025 | item 00128 | 675/996 (67.8%) | Falhas: 0
14:09:46 | INFO     | [14:09:46] ✅ DONE | 00113/2025 | item 00129 | 676/996 (67.9%) | Falhas: 0
14:09:47 | INFO     | [14:09:47] ✅ DONE | 00113/2025 | item 00130 | 677/996 (68.0%) | Falhas: 0
14:09:48 | INFO     | [14:09:48] ✅ DONE | 00113/2025 | item 00131 | 678/996 (68.1%) | Falhas: 0
14:09:49 | INFO     | [14:09:49] ✅ DONE | 00113/2025 | item 00056 | 679/996 (68.2%) | Falhas: 0
14:09:49 | INFO     | [14:09:49] ✅ DONE | 00113/2025 | item 00132 | 680/996 (68.3%) | Falhas: 0
14:09:50 | INFO     | [14:09:50] ✅ DONE | 00113/2025 | item 00059 | 681/996 (68.4%) | Falhas: 0
14:09:50 | INFO     | [14:09:50] ✅ DONE | 00113/2025 | item 00133 | 682/996 (68.5%) | Falhas: 0
14:09:51 | INFO     | [14:09:51] ✅ DONE | 00113/2025 | item 00134 | 683/996 (68.6%) | Falhas: 0
14:09:51 | INFO     | [14:09:51] ✅ DONE | 00113/2025 | item 00135 | 684/996 (68.7%) | Falhas: 0
14:09:52 | INFO     | [14:09:52] ✅ DONE | 00113/2025 | item 00136 | 685/996 (68.8%) | Falhas: 0
14:09:52 | INFO     | [14:09:52] ✅ DONE | 00113/2025 | item 00137 | 686/996 (68.9%) | Falhas: 0
14:09:52 | INFO     | [14:09:52] ✅ DONE | 00113/2025 | item 00229 | 687/996 (69.0%) | Falhas: 0
14:09:53 | INFO     | [14:09:53] ✅ DONE | 00113/2025 | item 00230 | 688/996 (69.1%) | Falhas: 0
14:09:53 | INFO     | [14:09:53] ✅ DONE | 00113/2025 | item 00232 | 689/996 (69.2%) | Falhas: 0
14:09:54 | INFO     | [14:09:54] ✅ DONE | 00113/2025 | item 00231 | 690/996 (69.3%) | Falhas: 0
14:09:55 | INFO     | [14:09:55] ✅ DONE | 00113/2025 | item 00234 | 691/996 (69.4%) | Falhas: 0
14:09:55 | INFO     | [14:09:55] ✅ DONE | 00113/2025 | item 00233 | 692/996 (69.5%) | Falhas: 0
14:09:55 | INFO     | [14:09:55] ✅ DONE | 00113/2025 | item 00235 | 693/996 (69.6%) | Falhas: 0
14:09:56 | INFO     | [14:09:56] ✅ DONE | 00113/2025 | item 00238 | 694/996 (69.7%) | Falhas: 0
14:09:56 | INFO     | [14:09:56] ✅ DONE | 00113/2025 | item 00237 | 695/996 (69.8%) | Falhas: 0
14:09:56 | INFO     | [14:09:56] ✅ DONE | 00113/2025 | item 00236 | 696/996 (69.9%) | Falhas: 0
14:09:57 | INFO     | [14:09:57] ✅ DONE | 00113/2025 | item 00239 | 697/996 (70.0%) | Falhas: 0
14:09:57 | INFO     | [14:09:57] ✅ DONE | 00121/2025 | item 00013 | 698/996 (70.1%) | Falhas: 0
14:09:57 | INFO     | [14:09:57] ✅ DONE | 00121/2025 | item 00022 | 699/996 (70.2%) | Falhas: 0
14:09:59 | INFO     | [14:09:59] ✅ DONE | 00121/2025 | item 00031 | 700/996 (70.3%) | Falhas: 0
14:09:59 | INFO     | [14:09:59] ✅ DONE | 00122/2025 | item 00004 | 701/996 (70.4%) | Falhas: 0
14:09:59 | INFO     | [14:09:59] ✅ DONE | 00122/2025 | item 00006 | 702/996 (70.5%) | Falhas: 0
14:10:00 | INFO     | [14:10:00] ✅ DONE | 00122/2025 | item 00009 | 703/996 (70.6%) | Falhas: 0
14:10:00 | INFO     | [14:10:00] ✅ DONE | 00122/2025 | item 00010 | 704/996 (70.7%) | Falhas: 0
14:10:00 | INFO     | [14:10:00] ✅ DONE | 00122/2025 | item 00011 | 705/996 (70.8%) | Falhas: 0
14:10:01 | INFO     | [14:10:01] ✅ DONE | 00122/2025 | item 00018 | 706/996 (70.9%) | Falhas: 0
14:10:01 | INFO     | [14:10:01] ✅ DONE | 00122/2025 | item 00020 | 707/996 (71.0%) | Falhas: 0
14:10:02 | INFO     | [14:10:02] ✅ DONE | 00122/2025 | item 00019 | 708/996 (71.1%) | Falhas: 0
14:10:03 | INFO     | [14:10:03] ✅ DONE | 00113/2025 | item 00240 | 709/996 (71.2%) | Falhas: 0
14:10:03 | INFO     | [14:10:03] ✅ DONE | 00122/2025 | item 00021 | 710/996 (71.3%) | Falhas: 0
14:10:03 | INFO     | [14:10:03] ✅ DONE | 00113/2025 | item 00241 | 711/996 (71.4%) | Falhas: 0
14:10:04 | INFO     | [14:10:04] ✅ DONE | 00123/2025 | item 00001 | 712/996 (71.5%) | Falhas: 0
14:10:04 | INFO     | [14:10:04] ✅ DONE | 00123/2025 | item 00054 | 713/996 (71.6%) | Falhas: 0
14:10:04 | INFO     | [14:10:04] ✅ DONE | 00123/2025 | item 00055 | 714/996 (71.7%) | Falhas: 0
14:10:04 | INFO     | [14:10:04] ✅ DONE | 00124/2025 | item 00007 | 715/996 (71.8%) | Falhas: 0
14:10:04 | INFO     | [14:10:04] ✅ DONE | 00124/2025 | item 00005 | 716/996 (71.9%) | Falhas: 0
14:10:05 | INFO     | [14:10:05] ✅ DONE | 00124/2025 | item 00023 | 717/996 (72.0%) | Falhas: 0
14:10:05 | INFO     | [14:10:05] ✅ DONE | 00124/2025 | item 00035 | 718/996 (72.1%) | Falhas: 0
14:10:05 | INFO     | [14:10:05] ✅ DONE | 00124/2025 | item 00036 | 719/996 (72.2%) | Falhas: 0
14:10:06 | INFO     | [14:10:06] ✅ DONE | 00122/2025 | item 00025 | 720/996 (72.3%) | Falhas: 0
14:10:07 | INFO     | [14:10:07] ✅ DONE | 00122/2025 | item 00026 | 721/996 (72.4%) | Falhas: 0
14:10:07 | INFO     | [14:10:07] ✅ DONE | 00125/2025 | item 00001 | 722/996 (72.5%) | Falhas: 0
14:10:07 | INFO     | [14:10:07] ✅ DONE | 00125/2025 | item 00002 | 723/996 (72.6%) | Falhas: 0
14:10:07 | INFO     | [14:10:07] ✅ DONE | 00125/2025 | item 00003 | 724/996 (72.7%) | Falhas: 0
14:10:08 | INFO     | [14:10:08] ✅ DONE | 00125/2025 | item 00004 | 725/996 (72.8%) | Falhas: 0
14:10:09 | INFO     | [14:10:09] ✅ DONE | 00125/2025 | item 00005 | 726/996 (72.9%) | Falhas: 0
14:10:09 | INFO     | [14:10:09] ✅ DONE | 00125/2025 | item 00006 | 727/996 (73.0%) | Falhas: 0
14:10:10 | INFO     | [14:10:10] ✅ DONE | 00125/2025 | item 00008 | 728/996 (73.1%) | Falhas: 0
14:10:10 | INFO     | [14:10:10] ✅ DONE | 00125/2025 | item 00009 | 729/996 (73.2%) | Falhas: 0
14:10:10 | INFO     | [14:10:10] ✅ DONE | 00125/2025 | item 00007 | 730/996 (73.3%) | Falhas: 0
14:10:11 | INFO     | [14:10:11] ✅ DONE | 00125/2025 | item 00010 | 731/996 (73.4%) | Falhas: 0
14:10:11 | INFO     | [14:10:11] ✅ DONE | 00125/2025 | item 00011 | 732/996 (73.5%) | Falhas: 0
14:10:26 | INFO     | [14:10:26] ✅ DONE | 00125/2025 | item 00012 | 733/996 (73.6%) | Falhas: 0
14:10:27 | INFO     | [14:10:27] ✅ DONE | 00125/2025 | item 00013 | 734/996 (73.7%) | Falhas: 0
14:10:27 | INFO     | [14:10:27] ✅ DONE | 00125/2025 | item 00014 | 735/996 (73.8%) | Falhas: 0
14:10:27 | INFO     | [14:10:27] ✅ DONE | 00125/2025 | item 00015 | 736/996 (73.9%) | Falhas: 0
14:10:28 | INFO     | [14:10:28] ✅ DONE | 00125/2025 | item 00016 | 737/996 (74.0%) | Falhas: 0
14:10:28 | INFO     | [14:10:28] ✅ DONE | 00126/2025 | item 00032 | 738/996 (74.1%) | Falhas: 0
14:10:29 | INFO     | [14:10:29] ✅ DONE | 00124/2025 | item 00037 | 739/996 (74.2%) | Falhas: 0
14:10:30 | INFO     | [14:10:30] ✅ DONE | 00127/2025 | item 00029 | 740/996 (74.3%) | Falhas: 0
14:10:30 | INFO     | [14:10:30] ✅ DONE | 00128/2025 | item 00051 | 741/996 (74.4%) | Falhas: 0
14:10:30 | INFO     | [14:10:30] ✅ DONE | 00127/2025 | item 00017 | 742/996 (74.5%) | Falhas: 0
14:10:32 | INFO     | [14:10:32] ✅ DONE | 00125/2025 | item 00018 | 743/996 (74.6%) | Falhas: 0
14:10:32 | INFO     | [14:10:32] ✅ DONE | 00125/2025 | item 00017 | 744/996 (74.7%) | Falhas: 0
14:10:32 | INFO     | [14:10:32] ✅ DONE | 00129/2025 | item 00034 | 745/996 (74.8%) | Falhas: 0
14:10:34 | INFO     | [14:10:34] ✅ DONE | 00125/2025 | item 00019 | 746/996 (74.9%) | Falhas: 0
14:10:34 | INFO     | [14:10:34] ✅ DONE | 00125/2025 | item 00020 | 747/996 (75.0%) | Falhas: 0
14:10:35 | INFO     | [14:10:35] ✅ DONE | 00125/2025 | item 00021 | 748/996 (75.1%) | Falhas: 0
14:10:35 | INFO     | [14:10:35] ✅ DONE | 00125/2025 | item 00023 | 749/996 (75.2%) | Falhas: 0
14:10:36 | INFO     | [14:10:36] ✅ DONE | 00125/2025 | item 00022 | 750/996 (75.3%) | Falhas: 0
14:10:36 | INFO     | [14:10:36] ✅ DONE | 00125/2025 | item 00024 | 751/996 (75.4%) | Falhas: 0
14:10:37 | INFO     | [14:10:37] ✅ DONE | 00130/2025 | item 00008 | 752/996 (75.5%) | Falhas: 0
14:10:38 | INFO     | [14:10:38] ✅ DONE | 00131/2025 | item 00074 | 753/996 (75.6%) | Falhas: 0
14:10:38 | INFO     | [14:10:38] ✅ DONE | 00132/2025 | item 00081 | 754/996 (75.7%) | Falhas: 0
14:10:38 | INFO     | [14:10:38] ✅ DONE | 00133/2025 | item 00039 | 755/996 (75.8%) | Falhas: 0
14:10:39 | INFO     | [14:10:39] ✅ DONE | 00134/2025 | item 00053 | 756/996 (75.9%) | Falhas: 0
14:10:39 | INFO     | [14:10:39] ✅ DONE | 00135/2025 | item 00060 | 757/996 (76.0%) | Falhas: 0
14:10:39 | INFO     | [14:10:39] ✅ DONE | 00136/2025 | item 00032 | 758/996 (76.1%) | Falhas: 0
14:10:40 | INFO     | [14:10:40] ✅ DONE | 00137/2025 | item 00013 | 759/996 (76.2%) | Falhas: 0
14:10:41 | INFO     | [14:10:41] ✅ DONE | 00137/2025 | item 00042 | 760/996 (76.3%) | Falhas: 0
14:10:41 | INFO     | [14:10:41] ✅ DONE | 00138/2025 | item 00031 | 761/996 (76.4%) | Falhas: 0
14:10:42 | INFO     | [14:10:42] ✅ DONE | 00138/2025 | item 00050 | 762/996 (76.5%) | Falhas: 0
14:10:42 | INFO     | [14:10:42] ✅ DONE | 00139/2025 | item 00001 | 763/996 (76.6%) | Falhas: 0
14:10:42 | INFO     | [14:10:42] ✅ DONE | 00138/2025 | item 00086 | 764/996 (76.7%) | Falhas: 0
14:10:43 | INFO     | [14:10:43] ✅ DONE | 00139/2025 | item 00027 | 765/996 (76.8%) | Falhas: 0
14:10:43 | INFO     | [14:10:43] ✅ DONE | 00140/2025 | item 00056 | 766/996 (76.9%) | Falhas: 0
14:10:43 | INFO     | [14:10:43] ✅ DONE | 00140/2025 | item 00062 | 767/996 (77.0%) | Falhas: 0
14:10:44 | INFO     | [14:10:44] ✅ DONE | 00140/2025 | item 00068 | 768/996 (77.1%) | Falhas: 0
14:10:45 | INFO     | [14:10:45] ✅ DONE | 00137/2025 | item 00043 | 769/996 (77.2%) | Falhas: 0
14:10:45 | INFO     | [14:10:45] ✅ DONE | 00140/2025 | item 00072 | 770/996 (77.3%) | Falhas: 0
14:10:45 | INFO     | [14:10:45] ✅ DONE | 00141/2025 | item 00008 | 771/996 (77.4%) | Falhas: 0
14:10:46 | INFO     | [14:10:46] ✅ DONE | 00137/2025 | item 00049 | 772/996 (77.5%) | Falhas: 0
14:10:46 | INFO     | [14:10:46] ✅ DONE | 00137/2025 | item 00055 | 773/996 (77.6%) | Falhas: 0
14:10:46 | INFO     | [14:10:46] ✅ DONE | 00137/2025 | item 00058 | 774/996 (77.7%) | Falhas: 0
14:10:47 | INFO     | [14:10:47] ✅ DONE | 00137/2025 | item 00083 | 775/996 (77.8%) | Falhas: 0
14:10:47 | INFO     | [14:10:47] ✅ DONE | 00143/2025 | item 00064 | 776/996 (77.9%) | Falhas: 0
14:10:47 | INFO     | [14:10:47] ✅ DONE | 00144/2025 | item 00024 | 777/996 (78.0%) | Falhas: 0
14:10:48 | INFO     | [14:10:48] ✅ DONE | 00145/2025 | item 00004 | 778/996 (78.1%) | Falhas: 0
14:11:04 | INFO     | [14:11:04] ✅ DONE | 00146/2025 | item 00077 | 779/996 (78.2%) | Falhas: 0
14:11:04 | INFO     | [14:11:04] ✅ DONE | 00146/2025 | item 00070 | 780/996 (78.3%) | Falhas: 0
14:11:05 | INFO     | [14:11:05] ✅ DONE | 00146/2025 | item 00079 | 781/996 (78.4%) | Falhas: 0
14:11:05 | INFO     | [14:11:05] ✅ DONE | 00142/2025 | item 00011 | 782/996 (78.5%) | Falhas: 0
14:11:06 | INFO     | [14:11:06] ✅ DONE | 00142/2025 | item 00073 | 783/996 (78.6%) | Falhas: 0
14:11:07 | INFO     | [14:11:07] ✅ DONE | 00150/2025 | item 00019 | 784/996 (78.7%) | Falhas: 0
14:11:07 | INFO     | [14:11:07] ✅ DONE | 00149/2025 | item 00048 | 785/996 (78.8%) | Falhas: 0
14:11:08 | INFO     | [14:11:08] ✅ DONE | 00150/2025 | item 00040 | 786/996 (78.9%) | Falhas: 0
14:11:08 | INFO     | [14:11:08] ✅ DONE | 00150/2025 | item 00047 | 787/996 (79.0%) | Falhas: 0
14:11:09 | INFO     | [14:11:09] ✅ DONE | 00150/2025 | item 00020 | 788/996 (79.1%) | Falhas: 0
14:11:10 | INFO     | [14:11:10] ✅ DONE | 00151/2025 | item 00021 | 789/996 (79.2%) | Falhas: 0
14:11:10 | INFO     | [14:11:10] ✅ DONE | 00151/2025 | item 00010 | 790/996 (79.3%) | Falhas: 0
14:11:10 | INFO     | [14:11:10] ✅ DONE | 00151/2025 | item 00037 | 791/996 (79.4%) | Falhas: 0
14:11:11 | INFO     | [14:11:11] ✅ DONE | 00151/2025 | item 00041 | 792/996 (79.5%) | Falhas: 0
14:11:12 | INFO     | [14:11:12] ✅ DONE | 00151/2025 | item 00038 | 793/996 (79.6%) | Falhas: 0
14:11:12 | INFO     | [14:11:12] ✅ DONE | 00151/2025 | item 00059 | 794/996 (79.7%) | Falhas: 0
14:11:13 | INFO     | [14:11:13] ✅ DONE | 00153/2025 | item 00052 | 795/996 (79.8%) | Falhas: 0
14:11:13 | INFO     | [14:11:13] ✅ DONE | 00152/2025 | item 00015 | 796/996 (79.9%) | Falhas: 0
14:11:13 | INFO     | [14:11:13] ✅ DONE | 00152/2025 | item 00018 | 797/996 (80.0%) | Falhas: 0
14:11:15 | INFO     | [14:11:15] ✅ DONE | 00153/2025 | item 00054 | 798/996 (80.1%) | Falhas: 0
14:11:15 | INFO     | [14:11:15] ✅ DONE | 00146/2025 | item 00080 | 799/996 (80.2%) | Falhas: 0
14:11:15 | INFO     | [14:11:15] ✅ DONE | 00154/2025 | item 00017 | 800/996 (80.3%) | Falhas: 0
14:11:16 | INFO     | [14:11:16] ✅ DONE | 00147/2025 | item 00023 | 801/996 (80.4%) | Falhas: 0
14:11:17 | INFO     | [14:11:17] ✅ DONE | 00148/2025 | item 00030 | 802/996 (80.5%) | Falhas: 0
14:11:17 | INFO     | [14:11:17] ✅ DONE | 00155/2025 | item 00034 | 803/996 (80.6%) | Falhas: 0
14:11:18 | INFO     | [14:11:18] ✅ DONE | 00156/2025 | item 00002 | 804/996 (80.7%) | Falhas: 0
14:11:18 | INFO     | [14:11:18] ✅ DONE | 00156/2025 | item 00012 | 805/996 (80.8%) | Falhas: 0
14:11:18 | INFO     | [14:11:18] ✅ DONE | 00156/2025 | item 00003 | 806/996 (80.9%) | Falhas: 0
14:11:20 | INFO     | [14:11:20] ✅ DONE | 00157/2025 | item 00014 | 807/996 (81.0%) | Falhas: 0
14:11:20 | INFO     | [14:11:20] ✅ DONE | 00158/2025 | item 00007 | 808/996 (81.1%) | Falhas: 0
14:11:20 | INFO     | [14:11:20] ✅ DONE | 00158/2025 | item 00026 | 809/996 (81.2%) | Falhas: 0
14:11:22 | INFO     | [14:11:22] ✅ DONE | 00158/2025 | item 00029 | 810/996 (81.3%) | Falhas: 0
14:11:23 | INFO     | [14:11:23] ✅ DONE | 00158/2025 | item 00035 | 811/996 (81.4%) | Falhas: 0
14:11:23 | INFO     | [14:11:23] ✅ DONE | 00158/2025 | item 00063 | 812/996 (81.5%) | Falhas: 0
14:11:23 | INFO     | [14:11:23] ✅ DONE | 00158/2025 | item 00067 | 813/996 (81.6%) | Falhas: 0
14:11:24 | INFO     | [14:11:24] ✅ DONE | 00158/2025 | item 00082 | 814/996 (81.7%) | Falhas: 0
14:11:24 | INFO     | [14:11:24] ✅ DONE | 00161/2025 | item 00071 | 815/996 (81.8%) | Falhas: 0
14:11:24 | INFO     | [14:11:24] ✅ DONE | 00154/2025 | item 00025 | 816/996 (81.9%) | Falhas: 0
14:11:25 | INFO     | [14:11:25] ✅ DONE | 00162/2025 | item 00016 | 817/996 (82.0%) | Falhas: 0
14:11:25 | INFO     | [14:11:25] ✅ DONE | 00162/2025 | item 00044 | 818/996 (82.1%) | Falhas: 0
14:11:25 | INFO     | [14:11:25] ✅ DONE | 00163/2025 | item 00005 | 819/996 (82.2%) | Falhas: 0
14:11:26 | INFO     | [14:11:26] ✅ DONE | 00163/2025 | item 00036 | 820/996 (82.3%) | Falhas: 0
14:11:26 | INFO     | [14:11:26] ✅ DONE | 00159/2025 | item 00051 | 821/996 (82.4%) | Falhas: 0
14:11:26 | INFO     | [14:11:26] ✅ DONE | 00160/2025 | item 00022 | 822/996 (82.5%) | Falhas: 0
14:11:27 | INFO     | [14:11:27] ✅ DONE | 00167/2025 | item 00001 | 823/996 (82.6%) | Falhas: 0
14:11:28 | INFO     | [14:11:28] ✅ DONE | 00167/2025 | item 00002 | 824/996 (82.7%) | Falhas: 0
14:11:28 | INFO     | [14:11:28] ✅ DONE | 00167/2025 | item 00003 | 825/996 (82.8%) | Falhas: 0
14:11:29 | INFO     | [14:11:29] ✅ DONE | 00167/2025 | item 00004 | 826/996 (82.9%) | Falhas: 0
14:11:29 | INFO     | [14:11:29] ✅ DONE | 00167/2025 | item 00005 | 827/996 (83.0%) | Falhas: 0
14:11:29 | INFO     | [14:11:29] ✅ DONE | 00167/2025 | item 00006 | 828/996 (83.1%) | Falhas: 0
14:11:30 | INFO     | [14:11:30] ✅ DONE | 00167/2025 | item 00008 | 829/996 (83.2%) | Falhas: 0
14:11:30 | INFO     | [14:11:30] ✅ DONE | 00167/2025 | item 00007 | 830/996 (83.3%) | Falhas: 0
14:11:30 | INFO     | [14:11:30] ✅ DONE | 00167/2025 | item 00009 | 831/996 (83.4%) | Falhas: 0
14:11:31 | INFO     | [14:11:31] ✅ DONE | 00167/2025 | item 00011 | 832/996 (83.5%) | Falhas: 0
14:11:31 | INFO     | [14:11:31] ✅ DONE | 00167/2025 | item 00013 | 833/996 (83.6%) | Falhas: 0
14:11:31 | INFO     | [14:11:31] ✅ DONE | 00167/2025 | item 00012 | 834/996 (83.7%) | Falhas: 0
14:11:32 | INFO     | [14:11:32] ✅ DONE | 00167/2025 | item 00015 | 835/996 (83.8%) | Falhas: 0
14:11:32 | INFO     | [14:11:32] ✅ DONE | 00167/2025 | item 00014 | 836/996 (83.9%) | Falhas: 0
14:11:33 | INFO     | [14:11:33] ✅ DONE | 00167/2025 | item 00016 | 837/996 (84.0%) | Falhas: 0
14:11:33 | INFO     | [14:11:33] ✅ DONE | 00167/2025 | item 00017 | 838/996 (84.1%) | Falhas: 0
14:11:34 | INFO     | [14:11:34] ✅ DONE | 00167/2025 | item 00018 | 839/996 (84.2%) | Falhas: 0
14:11:34 | INFO     | [14:11:34] ✅ DONE | 00167/2025 | item 00019 | 840/996 (84.3%) | Falhas: 0
14:11:35 | INFO     | [14:11:35] ✅ DONE | 00167/2025 | item 00022 | 841/996 (84.4%) | Falhas: 0
14:11:35 | INFO     | [14:11:35] ✅ DONE | 00167/2025 | item 00023 | 842/996 (84.5%) | Falhas: 0
14:11:36 | INFO     | [14:11:36] ✅ DONE | 00164/2025 | item 00009 | 843/996 (84.6%) | Falhas: 0
14:11:36 | INFO     | [14:11:36] ✅ DONE | 00163/2025 | item 00084 | 844/996 (84.7%) | Falhas: 0
14:11:37 | INFO     | [14:11:37] ✅ DONE | 00164/2025 | item 00065 | 845/996 (84.8%) | Falhas: 0
14:11:37 | INFO     | [14:11:37] ✅ DONE | 00165/2025 | item 00061 | 846/996 (84.9%) | Falhas: 0
14:11:38 | INFO     | [14:11:38] ✅ DONE | 00167/2025 | item 00024 | 847/996 (85.0%) | Falhas: 0
14:11:38 | INFO     | [14:11:38] ✅ DONE | 00167/2025 | item 00025 | 848/996 (85.1%) | Falhas: 0
14:11:38 | INFO     | [14:11:38] ✅ DONE | 00166/2025 | item 00021 | 849/996 (85.2%) | Falhas: 0
14:11:40 | INFO     | [14:11:40] ✅ DONE | 00167/2025 | item 00026 | 850/996 (85.3%) | Falhas: 0
14:11:40 | INFO     | [14:11:40] ✅ DONE | 00167/2025 | item 00027 | 851/996 (85.4%) | Falhas: 0
14:11:40 | INFO     | [14:11:40] ✅ DONE | 00167/2025 | item 00028 | 852/996 (85.5%) | Falhas: 0
14:11:41 | INFO     | [14:11:41] ✅ DONE | 00169/2025 | item 00020 | 853/996 (85.6%) | Falhas: 0
14:11:41 | INFO     | [14:11:41] ✅ DONE | 00170/2025 | item 00006 | 854/996 (85.7%) | Falhas: 0
14:11:42 | INFO     | [14:11:42] ✅ DONE | 00170/2025 | item 00008 | 855/996 (85.8%) | Falhas: 0
14:11:42 | INFO     | [14:11:42] ✅ DONE | 00170/2025 | item 00011 | 856/996 (85.9%) | Falhas: 0
14:11:42 | INFO     | [14:11:42] ✅ DONE | 00170/2025 | item 00016 | 857/996 (86.0%) | Falhas: 0
14:11:43 | INFO     | [14:11:43] ✅ DONE | 00171/2025 | item 00023 | 858/996 (86.1%) | Falhas: 0
14:11:43 | INFO     | [14:11:43] ✅ DONE | 00171/2025 | item 00027 | 859/996 (86.2%) | Falhas: 0
14:11:44 | INFO     | [14:11:44] ✅ DONE | 00171/2025 | item 00026 | 860/996 (86.3%) | Falhas: 0
14:11:44 | INFO     | [14:11:44] ✅ DONE | 00171/2025 | item 00030 | 861/996 (86.4%) | Falhas: 0
14:11:44 | INFO     | [14:11:44] ✅ DONE | 00171/2025 | item 00029 | 862/996 (86.5%) | Falhas: 0
14:11:45 | INFO     | [14:11:45] ✅ DONE | 00168/2025 | item 00010 | 863/996 (86.6%) | Falhas: 0
14:11:45 | INFO     | [14:11:45] ✅ DONE | 00173/2025 | item 00001 | 864/996 (86.7%) | Falhas: 0
14:11:46 | INFO     | [14:11:46] ✅ DONE | 00172/2025 | item 00024 | 865/996 (86.8%) | Falhas: 0
14:11:47 | INFO     | [14:11:47] ✅ DONE | 00174/2025 | item 00022 | 866/996 (86.9%) | Falhas: 0
14:11:47 | INFO     | [14:11:47] ✅ DONE | 00175/2025 | item 00003 | 867/996 (87.0%) | Falhas: 0
14:11:47 | INFO     | [14:11:47] ✅ DONE | 00175/2025 | item 00004 | 868/996 (87.1%) | Falhas: 0
14:11:48 | INFO     | [14:11:48] ✅ DONE | 00175/2025 | item 00005 | 869/996 (87.2%) | Falhas: 0
14:11:48 | INFO     | [14:11:48] ✅ DONE | 00175/2025 | item 00009 | 870/996 (87.3%) | Falhas: 0
14:11:48 | INFO     | [14:11:48] ✅ DONE | 00175/2025 | item 00007 | 871/996 (87.4%) | Falhas: 0
14:11:49 | INFO     | [14:11:49] ✅ DONE | 00175/2025 | item 00015 | 872/996 (87.6%) | Falhas: 0
14:11:50 | INFO     | [14:11:50] ✅ DONE | 00175/2025 | item 00013 | 873/996 (87.7%) | Falhas: 0
14:11:50 | INFO     | [14:11:50] ✅ DONE | 00175/2025 | item 00025 | 874/996 (87.8%) | Falhas: 0
14:11:51 | INFO     | [14:11:51] ✅ DONE | 00177/2025 | item 00017 | 875/996 (87.9%) | Falhas: 0
14:11:51 | INFO     | [14:11:51] ✅ DONE | 00178/2025 | item 00018 | 876/996 (88.0%) | Falhas: 0
14:11:52 | INFO     | [14:11:52] ✅ DONE | 00175/2025 | item 00031 | 877/996 (88.1%) | Falhas: 0
14:11:53 | INFO     | [14:11:53] ✅ DONE | 00178/2025 | item 00020 | 878/996 (88.2%) | Falhas: 0
14:12:08 | INFO     | [14:12:08] ✅ DONE | 00179/2025 | item 00002 | 879/996 (88.3%) | Falhas: 0
14:12:08 | INFO     | [14:12:08] ✅ DONE | 00180/2025 | item 00012 | 880/996 (88.4%) | Falhas: 0
14:12:10 | INFO     | [14:12:10] ✅ DONE | 00183/2025 | item 00032 | 881/996 (88.5%) | Falhas: 0
14:12:10 | INFO     | [14:12:10] ✅ DONE | 00183/2025 | item 00029 | 882/996 (88.6%) | Falhas: 0
14:12:10 | INFO     | [14:12:10] ✅ DONE | 00183/2025 | item 00031 | 883/996 (88.7%) | Falhas: 0
14:12:11 | INFO     | [14:12:11] ✅ DONE | 00183/2025 | item 00035 | 884/996 (88.8%) | Falhas: 0
14:12:11 | INFO     | [14:12:11] ✅ DONE | 00173/2025 | item 00021 | 885/996 (88.9%) | Falhas: 0
14:12:11 | INFO     | [14:12:11] ✅ DONE | 00183/2025 | item 00036 | 886/996 (89.0%) | Falhas: 0
14:12:12 | INFO     | [14:12:12] ✅ DONE | 00181/2025 | item 00028 | 887/996 (89.1%) | Falhas: 0
14:12:13 | INFO     | [14:12:13] ✅ DONE | 00181/2025 | item 00010 | 888/996 (89.2%) | Falhas: 0
14:12:13 | INFO     | [14:12:13] ✅ DONE | 00182/2025 | item 00019 | 889/996 (89.3%) | Falhas: 0
14:12:14 | INFO     | [14:12:14] ✅ DONE | 00184/2025 | item 00030 | 890/996 (89.4%) | Falhas: 0
14:12:14 | INFO     | [14:12:14] ✅ DONE | 00193/2025 | item 00027 | 891/996 (89.5%) | Falhas: 0
14:12:15 | INFO     | [14:12:15] ✅ DONE | 00201/2025 | item 00002 | 892/996 (89.6%) | Falhas: 0
14:12:16 | INFO     | [14:12:16] ✅ DONE | 00201/2025 | item 00013 | 893/996 (89.7%) | Falhas: 0
14:12:16 | INFO     | [14:12:16] ✅ DONE | 00201/2025 | item 00018 | 894/996 (89.8%) | Falhas: 0
14:12:17 | INFO     | [14:12:17] ✅ DONE | 00201/2025 | item 00020 | 895/996 (89.9%) | Falhas: 0
14:12:17 | INFO     | [14:12:17] ✅ DONE | 00201/2025 | item 00024 | 896/996 (90.0%) | Falhas: 0
14:12:18 | INFO     | [14:12:18] ✅ DONE | 00201/2025 | item 00032 | 897/996 (90.1%) | Falhas: 0
14:12:18 | INFO     | [14:12:18] ✅ DONE | 00201/2025 | item 00036 | 898/996 (90.2%) | Falhas: 0
14:12:19 | INFO     | [14:12:19] ✅ DONE | 00201/2025 | item 00035 | 899/996 (90.3%) | Falhas: 0
14:12:19 | INFO     | [14:12:19] ✅ DONE | 00201/2025 | item 00040 | 900/996 (90.4%) | Falhas: 0
14:12:20 | INFO     | [14:12:20] ✅ DONE | 00201/2025 | item 00042 | 901/996 (90.5%) | Falhas: 0
14:12:20 | INFO     | [14:12:20] ✅ DONE | 00189/2025 | item 00007 | 902/996 (90.6%) | Falhas: 0
14:12:20 | INFO     | [14:12:20] ✅ DONE | 00201/2025 | item 00041 | 903/996 (90.7%) | Falhas: 0
14:12:21 | INFO     | [14:12:21] ✅ DONE | 00189/2025 | item 00010 | 904/996 (90.8%) | Falhas: 0
14:12:21 | INFO     | [14:12:21] ✅ DONE | 00195/2025 | item 00031 | 905/996 (90.9%) | Falhas: 0
14:12:22 | INFO     | [14:12:22] ✅ DONE | 00189/2025 | item 00072 | 906/996 (91.0%) | Falhas: 0
14:12:23 | INFO     | [14:12:23] ✅ DONE | 00205/2025 | item 00001 | 907/996 (91.1%) | Falhas: 0
14:12:24 | INFO     | [14:12:24] ✅ DONE | 00205/2025 | item 00002 | 908/996 (91.2%) | Falhas: 0
14:12:24 | INFO     | [14:12:24] ✅ DONE | 00205/2025 | item 00003 | 909/996 (91.3%) | Falhas: 0
14:12:25 | INFO     | [14:12:25] ✅ DONE | 00205/2025 | item 00004 | 910/996 (91.4%) | Falhas: 0
14:12:25 | INFO     | [14:12:25] ✅ DONE | 00205/2025 | item 00006 | 911/996 (91.5%) | Falhas: 0
14:12:25 | INFO     | [14:12:25] ✅ DONE | 00205/2025 | item 00007 | 912/996 (91.6%) | Falhas: 0
14:12:26 | INFO     | [14:12:26] ✅ DONE | 00205/2025 | item 00008 | 913/996 (91.7%) | Falhas: 0
14:12:26 | INFO     | [14:12:26] ✅ DONE | 00205/2025 | item 00010 | 914/996 (91.8%) | Falhas: 0
14:12:26 | INFO     | [14:12:26] ✅ DONE | 00205/2025 | item 00011 | 915/996 (91.9%) | Falhas: 0
14:12:27 | INFO     | [14:12:27] ✅ DONE | 00205/2025 | item 00012 | 916/996 (92.0%) | Falhas: 0
14:12:28 | INFO     | [14:12:28] ✅ DONE | 00201/2025 | item 00063 | 917/996 (92.1%) | Falhas: 0
14:12:28 | INFO     | [14:12:28] ✅ DONE | 00201/2025 | item 00071 | 918/996 (92.2%) | Falhas: 0
14:12:29 | INFO     | [14:12:29] ✅ DONE | 00201/2025 | item 00077 | 919/996 (92.3%) | Falhas: 0
14:12:29 | INFO     | [14:12:29] ✅ DONE | 00206/2025 | item 00018 | 920/996 (92.4%) | Falhas: 0
14:12:29 | INFO     | [14:12:29] ✅ DONE | 00206/2025 | item 00027 | 921/996 (92.5%) | Falhas: 0
14:12:30 | INFO     | [14:12:30] ✅ DONE | 00206/2025 | item 00034 | 922/996 (92.6%) | Falhas: 0
14:12:30 | INFO     | [14:12:30] ✅ DONE | 00205/2025 | item 00013 | 923/996 (92.7%) | Falhas: 0
14:12:30 | INFO     | [14:12:30] ✅ DONE | 00205/2025 | item 00014 | 924/996 (92.8%) | Falhas: 0
14:12:31 | INFO     | [14:12:31] ✅ DONE | 00205/2025 | item 00019 | 925/996 (92.9%) | Falhas: 0
14:12:32 | INFO     | [14:12:32] ✅ DONE | 00205/2025 | item 00020 | 926/996 (93.0%) | Falhas: 0
14:12:32 | INFO     | [14:12:32] ✅ DONE | 00205/2025 | item 00017 | 927/996 (93.1%) | Falhas: 0
14:12:32 | INFO     | [14:12:32] ✅ DONE | 00205/2025 | item 00021 | 928/996 (93.2%) | Falhas: 0
14:12:33 | INFO     | [14:12:33] ✅ DONE | 00205/2025 | item 00022 | 929/996 (93.3%) | Falhas: 0
14:12:33 | INFO     | [14:12:33] ✅ DONE | 00205/2025 | item 00024 | 930/996 (93.4%) | Falhas: 0
14:12:33 | INFO     | [14:12:33] ✅ DONE | 00205/2025 | item 00025 | 931/996 (93.5%) | Falhas: 0
14:12:34 | INFO     | [14:12:34] ✅ DONE | 00205/2025 | item 00026 | 932/996 (93.6%) | Falhas: 0
14:12:34 | INFO     | [14:12:34] ✅ DONE | 00205/2025 | item 00028 | 933/996 (93.7%) | Falhas: 0
14:12:35 | INFO     | [14:12:35] ✅ DONE | 00205/2025 | item 00029 | 934/996 (93.8%) | Falhas: 0
14:12:35 | INFO     | [14:12:35] ✅ DONE | 00205/2025 | item 00030 | 935/996 (93.9%) | Falhas: 0
14:12:35 | INFO     | [14:12:35] ✅ DONE | 00205/2025 | item 00035 | 936/996 (94.0%) | Falhas: 0
14:12:36 | INFO     | [14:12:36] ✅ DONE | 00205/2025 | item 00036 | 937/996 (94.1%) | Falhas: 0
14:12:37 | INFO     | [14:12:37] ✅ DONE | 00205/2025 | item 00041 | 938/996 (94.2%) | Falhas: 0
14:12:37 | INFO     | [14:12:37] ✅ DONE | 00205/2025 | item 00037 | 939/996 (94.3%) | Falhas: 0
14:12:37 | INFO     | [14:12:37] ✅ DONE | 00205/2025 | item 00042 | 940/996 (94.4%) | Falhas: 0
14:12:38 | INFO     | [14:12:38] ✅ DONE | 00205/2025 | item 00044 | 941/996 (94.5%) | Falhas: 0
14:12:38 | INFO     | [14:12:38] ✅ DONE | 00205/2025 | item 00046 | 942/996 (94.6%) | Falhas: 0
14:12:38 | INFO     | [14:12:38] ✅ DONE | 00205/2025 | item 00048 | 943/996 (94.7%) | Falhas: 0
14:12:38 | INFO     | [14:12:38] ✅ DONE | 00205/2025 | item 00047 | 944/996 (94.8%) | Falhas: 0
14:12:39 | INFO     | [14:12:39] ✅ DONE | 00205/2025 | item 00050 | 945/996 (94.9%) | Falhas: 0
14:12:40 | INFO     | [14:12:40] ✅ DONE | 00205/2025 | item 00049 | 946/996 (95.0%) | Falhas: 0
14:12:40 | INFO     | [14:12:40] ✅ DONE | 00205/2025 | item 00052 | 947/996 (95.1%) | Falhas: 0
14:12:41 | INFO     | [14:12:41] ✅ DONE | 00205/2025 | item 00055 | 948/996 (95.2%) | Falhas: 0
14:12:41 | INFO     | [14:12:41] ✅ DONE | 00205/2025 | item 00056 | 949/996 (95.3%) | Falhas: 0
14:12:41 | INFO     | [14:12:41] ✅ DONE | 00205/2025 | item 00053 | 950/996 (95.4%) | Falhas: 0
14:12:43 | INFO     | [14:12:43] ✅ DONE | 00205/2025 | item 00058 | 951/996 (95.5%) | Falhas: 0
14:12:43 | INFO     | [14:12:43] ✅ DONE | 00205/2025 | item 00059 | 952/996 (95.6%) | Falhas: 0
14:12:43 | INFO     | [14:12:43] ✅ DONE | 00205/2025 | item 00060 | 953/996 (95.7%) | Falhas: 0
14:12:44 | INFO     | [14:12:44] ✅ DONE | 00205/2025 | item 00061 | 954/996 (95.8%) | Falhas: 0
14:12:44 | INFO     | [14:12:44] ✅ DONE | 00205/2025 | item 00062 | 955/996 (95.9%) | Falhas: 0
14:12:44 | INFO     | [14:12:44] ✅ DONE | 00205/2025 | item 00065 | 956/996 (96.0%) | Falhas: 0
14:12:45 | INFO     | [14:12:45] ✅ DONE | 00205/2025 | item 00069 | 957/996 (96.1%) | Falhas: 0
14:12:45 | INFO     | [14:12:45] ✅ DONE | 00205/2025 | item 00071 | 958/996 (96.2%) | Falhas: 0
14:12:45 | INFO     | [14:12:45] ✅ DONE | 00206/2025 | item 00045 | 959/996 (96.3%) | Falhas: 0
14:12:46 | INFO     | [14:12:46] ✅ DONE | 00206/2025 | item 00057 | 960/996 (96.4%) | Falhas: 0
14:12:46 | INFO     | [14:12:46] ✅ DONE | 00206/2025 | item 00064 | 961/996 (96.5%) | Falhas: 0
14:12:46 | INFO     | [14:12:46] ✅ DONE | 00206/2025 | item 00051 | 962/996 (96.6%) | Falhas: 0
14:12:47 | INFO     | [14:12:47] ✅ DONE | 00206/2025 | item 00067 | 963/996 (96.7%) | Falhas: 0
14:12:47 | INFO     | [14:12:47] ✅ DONE | 00206/2025 | item 00066 | 964/996 (96.8%) | Falhas: 0
14:12:47 | INFO     | [14:12:47] ✅ DONE | 00206/2025 | item 00070 | 965/996 (96.9%) | Falhas: 0
14:12:48 | INFO     | [14:12:48] ✅ DONE | 00206/2025 | item 00078 | 966/996 (97.0%) | Falhas: 0
14:12:48 | INFO     | [14:12:48] ✅ DONE | 00206/2025 | item 00079 | 967/996 (97.1%) | Falhas: 0
14:12:49 | INFO     | [14:12:49] ✅ DONE | 00206/2025 | item 00088 | 968/996 (97.2%) | Falhas: 0
14:12:49 | INFO     | [14:12:49] ✅ DONE | 00206/2025 | item 00100 | 969/996 (97.3%) | Falhas: 0
14:12:49 | INFO     | [14:12:49] ✅ DONE | 00207/2025 | item 00009 | 970/996 (97.4%) | Falhas: 0
14:12:49 | INFO     | [14:12:49] ✅ DONE | 00207/2025 | item 00031 | 971/996 (97.5%) | Falhas: 0
14:12:50 | INFO     | [14:12:50] ✅ DONE | 00207/2025 | item 00054 | 972/996 (97.6%) | Falhas: 0
14:12:50 | INFO     | [14:12:50] ✅ DONE | 00207/2025 | item 00032 | 973/996 (97.7%) | Falhas: 0
14:12:50 | INFO     | [14:12:50] ✅ DONE | 00207/2025 | item 00063 | 974/996 (97.8%) | Falhas: 0
14:12:51 | INFO     | [14:12:51] ✅ DONE | 00207/2025 | item 00101 | 975/996 (97.9%) | Falhas: 0
14:12:52 | INFO     | [14:12:52] ✅ DONE | 00207/2025 | item 00103 | 976/996 (98.0%) | Falhas: 0
14:12:52 | INFO     | [14:12:52] ✅ DONE | 00207/2025 | item 00102 | 977/996 (98.1%) | Falhas: 0
14:12:53 | INFO     | [14:12:53] ✅ DONE | 00207/2025 | item 00105 | 978/996 (98.2%) | Falhas: 0
14:13:08 | INFO     | [14:13:08] ✅ DONE | 00208/2025 | item 00005 | 979/996 (98.3%) | Falhas: 0
14:13:09 | INFO     | [14:13:09] ✅ DONE | 00208/2025 | item 00015 | 980/996 (98.4%) | Falhas: 0
14:13:09 | INFO     | [14:13:09] ✅ DONE | 00208/2025 | item 00016 | 981/996 (98.5%) | Falhas: 0
14:13:11 | INFO     | [14:13:11] ✅ DONE | 00208/2025 | item 00040 | 982/996 (98.6%) | Falhas: 0
14:13:11 | INFO     | [14:13:11] ✅ DONE | 00208/2025 | item 00043 | 983/996 (98.7%) | Falhas: 0
14:13:11 | INFO     | [14:13:11] ✅ DONE | 00208/2025 | item 00068 | 984/996 (98.8%) | Falhas: 0
14:13:13 | INFO     | [14:13:13] ✅ DONE | 00208/2025 | item 00082 | 985/996 (98.9%) | Falhas: 0
14:13:13 | INFO     | [14:13:13] ✅ DONE | 00208/2025 | item 00087 | 986/996 (99.0%) | Falhas: 0
14:13:14 | INFO     | [14:13:14] ✅ DONE | 00209/2025 | item 00033 | 987/996 (99.1%) | Falhas: 0
14:13:14 | INFO     | [14:13:14] ✅ DONE | 00208/2025 | item 00094 | 988/996 (99.2%) | Falhas: 0
14:13:15 | INFO     | [14:13:15] ✅ DONE | 00209/2025 | item 00038 | 989/996 (99.3%) | Falhas: 0
14:13:16 | INFO     | [14:13:16] ✅ DONE | 00210/2025 | item 00001 | 990/996 (99.4%) | Falhas: 0
14:13:16 | INFO     | [14:13:16] ✅ DONE | 00210/2025 | item 00002 | 991/996 (99.5%) | Falhas: 0
14:13:17 | INFO     | [14:13:17] ✅ DONE | 00205/2025 | item 00072 | 992/996 (99.6%) | Falhas: 0
14:13:18 | INFO     | [14:13:18] ✅ DONE | 00205/2025 | item 00073 | 993/996 (99.7%) | Falhas: 0
14:13:18 | INFO     | [14:13:18] ✅ DONE | 00205/2025 | item 00075 | 994/996 (99.8%) | Falhas: 0
14:13:19 | INFO     | [14:13:19] ✅ DONE | 00205/2025 | item 00076 | 995/996 (99.9%) | Falhas: 0
14:13:38 | INFO     | [14:13:38] ✅ DONE | 00207/2025 | item 00104 | 996/996 (100.0%) | Falhas: 0
14:13:38 | INFO     | ✅ FIM | Falhas: 0 | SKIPs: 0
14:13:38 | INFO     | ============================================================
14:13:38 | INFO     | 📤 GERANDO atas_unidades.csv...
14:13:38 | INFO     | 📂 2304 arquivo(s) de unidades encontrado(s). Processando...
14:13:45 | INFO     | ✅ CSV gerado: data\atas_unidades.csv
14:13:45 | INFO     | Registros        : 7395
14:13:45 | INFO     | Participantes    : 5104
14:13:45 | INFO     | Não participantes: 2291
14:13:45 | INFO     | Aceita adesão    : 3245
14:13:45 | INFO     | Colunas          : 27
14:13:45 | INFO     | ============================================================
14:13:45 | INFO     | 📄 INICIANDO EXTRAÇÃO DE CONTRATOS
14:13:45 | INFO     | UASGs       : 11
14:13:45 | INFO     | Validade    : 1 dia(s)
14:13:45 | INFO     | 🚀 INICIANDO EXTRAÇÃO DE CONTRATOS | WORKERS: 5 | TOTAL: 11
14:13:46 | INFO     | [14:13:46] ✅ DONE | AQ | 62 contratos | 1/11 (9.1%) | Falhas: 0
14:13:47 | INFO     | [14:13:47] ✅ DONE | CX | 116 contratos | 2/11 (18.2%) | Falhas: 0
14:13:47 | INFO     | [14:13:47] ✅ DONE | CG | 139 contratos | 3/11 (27.3%) | Falhas: 0
14:13:48 | INFO     | [14:13:48] ✅ DONE | CB | 148 contratos | 4/11 (36.4%) | Falhas: 0
14:13:48 | INFO     | [14:13:48] ✅ DONE | DR | 78 contratos | 5/11 (45.5%) | Falhas: 0
14:13:49 | INFO     | [14:13:49] ✅ DONE | JD | 102 contratos | 6/11 (54.5%) | Falhas: 0
14:13:50 | INFO     | [14:13:50] ✅ DONE | NV | 95 contratos | 7/11 (63.6%) | Falhas: 0
14:13:50 | INFO     | [14:13:50] ✅ DONE | PP | 102 contratos | 8/11 (72.7%) | Falhas: 0
14:13:51 | INFO     | [14:13:51] ✅ DONE | NA | 120 contratos | 9/11 (81.8%) | Falhas: 0
14:13:53 | INFO     | [14:13:53] ✅ DONE | TL | 172 contratos | 10/11 (90.9%) | Falhas: 0
14:14:00 | INFO     | [14:14:00] ✅ DONE | RT | 555 contratos | 11/11 (100.0%) | Falhas: 0
14:14:00 | INFO     | ✅ FIM | Falhas: 0 | SKIPs: 0
14:14:00 | INFO     | ============================================================
14:14:00 | INFO     | 📤 GERANDO contratos.csv...
14:14:00 | INFO     | 📂 11 arquivo(s) de contratos encontrado(s). Processando...
14:14:01 | INFO     | ✅ CSV gerado: data\contratos.csv
14:14:01 | INFO     | Contratos    : 1689
14:14:01 | INFO     | Prorrogáveis : 430
14:14:01 | INFO     | Colunas      : 21
14:14:01 | INFO     | ============================================================
14:14:01 | INFO     | 👥 INICIANDO EXTRAÇÃO DE RESPONSÁVEIS DOS CONTRATOS
14:14:01 | INFO     | Contratos na fila : 1689
14:14:01 | INFO     | Validade cache    : 1 dia(s)
14:14:01 | INFO     | 🚀 INICIANDO EXTRAÇÃO DE RESPONSÁVEIS | WORKERS: 15 | TOTAL: 1689
14:14:02 | INFO     | [14:14:02] ✅ DONE | 127408 | 0 responsáveis | 1/1689 (0.1%) | Falhas: 0
14:14:02 | INFO     | [14:14:02] ✅ DONE | 58629 | 0 responsáveis | 2/1689 (0.1%) | Falhas: 0
14:14:02 | INFO     | [14:14:02] ✅ DONE | 127116 | 0 responsáveis | 3/1689 (0.2%) | Falhas: 0
14:14:02 | INFO     | [14:14:02] ✅ DONE | 152269 | 0 responsáveis | 4/1689 (0.2%) | Falhas: 0
14:14:02 | INFO     | [14:14:02] ✅ DONE | 71643 | 0 responsáveis | 5/1689 (0.3%) | Falhas: 0
14:14:02 | INFO     | [14:14:02] ✅ DONE | 126729 | 0 responsáveis | 6/1689 (0.4%) | Falhas: 0
14:14:02 | INFO     | [14:14:02] ✅ DONE | 77092 | 0 responsáveis | 7/1689 (0.4%) | Falhas: 0
14:14:02 | INFO     | [14:14:02] ✅ DONE | 156982 | 0 responsáveis | 8/1689 (0.5%) | Falhas: 0
14:14:02 | INFO     | [14:14:02] ✅ DONE | 20509 | 0 responsáveis | 9/1689 (0.5%) | Falhas: 0
14:14:02 | INFO     | [14:14:02] ✅ DONE | 14606 | 0 responsáveis | 10/1689 (0.6%) | Falhas: 0
14:14:02 | INFO     | [14:14:02] ✅ DONE | 156980 | 0 responsáveis | 11/1689 (0.7%) | Falhas: 0
14:14:02 | INFO     | [14:14:02] ✅ DONE | 127095 | 0 responsáveis | 12/1689 (0.7%) | Falhas: 0
14:14:02 | INFO     | [14:14:02] ✅ DONE | 43651 | 0 responsáveis | 13/1689 (0.8%) | Falhas: 0
14:14:02 | INFO     | [14:14:02] ✅ DONE | 127108 | 0 responsáveis | 14/1689 (0.8%) | Falhas: 0
14:14:02 | INFO     | [14:14:02] ✅ DONE | 29922 | 0 responsáveis | 15/1689 (0.9%) | Falhas: 0
14:14:03 | INFO     | [14:14:03] ✅ DONE | 191044 | 4 responsáveis | 16/1689 (0.9%) | Falhas: 0
14:14:03 | INFO     | [14:14:03] ✅ DONE | 311869 | 0 responsáveis | 17/1689 (1.0%) | Falhas: 0
14:14:03 | INFO     | [14:14:03] ✅ DONE | 253880 | 0 responsáveis | 18/1689 (1.1%) | Falhas: 0
14:14:03 | INFO     | [14:14:03] ✅ DONE | 164836 | 0 responsáveis | 19/1689 (1.1%) | Falhas: 0
14:14:03 | INFO     | [14:14:03] ✅ DONE | 290337 | 4 responsáveis | 20/1689 (1.2%) | Falhas: 0
14:14:03 | INFO     | [14:14:03] ✅ DONE | 169790 | 0 responsáveis | 21/1689 (1.2%) | Falhas: 0
14:14:03 | INFO     | [14:14:03] ✅ DONE | 323053 | 3 responsáveis | 22/1689 (1.3%) | Falhas: 0
14:14:03 | INFO     | [14:14:03] ✅ DONE | 327666 | 4 responsáveis | 23/1689 (1.4%) | Falhas: 0
14:14:03 | INFO     | [14:14:03] ✅ DONE | 258517 | 2 responsáveis | 24/1689 (1.4%) | Falhas: 0
14:14:03 | INFO     | [14:14:03] ✅ DONE | 206596 | 2 responsáveis | 25/1689 (1.5%) | Falhas: 0
14:14:03 | INFO     | [14:14:03] ✅ DONE | 253616 | 4 responsáveis | 26/1689 (1.5%) | Falhas: 0
14:14:03 | INFO     | [14:14:03] ✅ DONE | 291371 | 4 responsáveis | 27/1689 (1.6%) | Falhas: 0
14:14:03 | INFO     | [14:14:03] ✅ DONE | 313459 | 0 responsáveis | 28/1689 (1.7%) | Falhas: 0
14:14:03 | INFO     | [14:14:03] ✅ DONE | 253917 | 4 responsáveis | 29/1689 (1.7%) | Falhas: 0
14:14:03 | INFO     | [14:14:03] ✅ DONE | 289070 | 4 responsáveis | 30/1689 (1.8%) | Falhas: 0
14:14:04 | INFO     | [14:14:04] ✅ DONE | 442481 | 0 responsáveis | 31/1689 (1.8%) | Falhas: 0
14:14:04 | INFO     | [14:14:04] ✅ DONE | 508197 | 0 responsáveis | 32/1689 (1.9%) | Falhas: 0
14:14:04 | INFO     | [14:14:04] ✅ DONE | 329160 | 4 responsáveis | 33/1689 (2.0%) | Falhas: 0
14:14:04 | INFO     | [14:14:04] ✅ DONE | 466311 | 0 responsáveis | 34/1689 (2.0%) | Falhas: 0
14:14:04 | INFO     | [14:14:04] ✅ DONE | 419213 | 4 responsáveis | 35/1689 (2.1%) | Falhas: 0
14:14:04 | INFO     | [14:14:04] ✅ DONE | 464554 | 0 responsáveis | 36/1689 (2.1%) | Falhas: 0
14:14:04 | INFO     | [14:14:04] ✅ DONE | 421834 | 0 responsáveis | 37/1689 (2.2%) | Falhas: 0
14:14:04 | INFO     | [14:14:04] ✅ DONE | 417621 | 0 responsáveis | 38/1689 (2.2%) | Falhas: 0
14:14:04 | INFO     | [14:14:04] ✅ DONE | 445036 | 0 responsáveis | 39/1689 (2.3%) | Falhas: 0
14:14:04 | INFO     | [14:14:04] ✅ DONE | 453929 | 0 responsáveis | 40/1689 (2.4%) | Falhas: 0
14:14:04 | INFO     | [14:14:04] ✅ DONE | 454046 | 0 responsáveis | 41/1689 (2.4%) | Falhas: 0
14:14:04 | INFO     | [14:14:04] ✅ DONE | 509688 | 5 responsáveis | 42/1689 (2.5%) | Falhas: 0
14:14:04 | INFO     | [14:14:04] ✅ DONE | 454044 | 0 responsáveis | 43/1689 (2.5%) | Falhas: 0
14:14:04 | INFO     | [14:14:04] ✅ DONE | 454253 | 0 responsáveis | 44/1689 (2.6%) | Falhas: 0
14:14:04 | INFO     | [14:14:04] ✅ DONE | 431495 | 0 responsáveis | 45/1689 (2.7%) | Falhas: 0
14:14:05 | INFO     | [14:14:05] ✅ DONE | 520135 | 0 responsáveis | 46/1689 (2.7%) | Falhas: 0
14:14:05 | INFO     | [14:14:05] ✅ DONE | 510167 | 0 responsáveis | 47/1689 (2.8%) | Falhas: 0
14:14:05 | INFO     | [14:14:05] ✅ DONE | 537343 | 4 responsáveis | 48/1689 (2.8%) | Falhas: 0
14:14:05 | INFO     | [14:14:05] ✅ DONE | 761292 | 0 responsáveis | 49/1689 (2.9%) | Falhas: 0
14:14:05 | INFO     | [14:14:05] ✅ DONE | 747906 | 0 responsáveis | 50/1689 (3.0%) | Falhas: 0
14:14:05 | INFO     | [14:14:05] ✅ DONE | 520280 | 0 responsáveis | 51/1689 (3.0%) | Falhas: 0
14:14:05 | INFO     | [14:14:05] ✅ DONE | 526360 | 0 responsáveis | 52/1689 (3.1%) | Falhas: 0
14:14:05 | INFO     | [14:14:05] ✅ DONE | 580560 | 0 responsáveis | 53/1689 (3.1%) | Falhas: 0
14:14:05 | INFO     | [14:14:05] ✅ DONE | 769728 | 0 responsáveis | 54/1689 (3.2%) | Falhas: 0
14:14:05 | INFO     | [14:14:05] ✅ DONE | 567900 | 0 responsáveis | 55/1689 (3.3%) | Falhas: 0
14:14:05 | INFO     | [14:14:05] ✅ DONE | 706194 | 1 responsáveis | 56/1689 (3.3%) | Falhas: 0
14:14:05 | INFO     | [14:14:05] ✅ DONE | 541845 | 3 responsáveis | 57/1689 (3.4%) | Falhas: 0
14:14:05 | INFO     | [14:14:05] ✅ DONE | 649772 | 5 responsáveis | 58/1689 (3.4%) | Falhas: 0
14:14:05 | INFO     | [14:14:05] ✅ DONE | 628974 | 1 responsáveis | 59/1689 (3.5%) | Falhas: 0
14:14:05 | INFO     | [14:14:05] ✅ DONE | 588057 | 0 responsáveis | 60/1689 (3.6%) | Falhas: 0
14:14:06 | INFO     | [14:14:06] ✅ DONE | 872300 | 0 responsáveis | 61/1689 (3.6%) | Falhas: 0
14:14:06 | INFO     | [14:14:06] ✅ DONE | 948646 | 0 responsáveis | 62/1689 (3.7%) | Falhas: 0
14:14:06 | INFO     | [14:14:06] ✅ DONE | 21256 | 0 responsáveis | 63/1689 (3.7%) | Falhas: 0
14:14:06 | INFO     | [14:14:06] ✅ DONE | 10344 | 0 responsáveis | 64/1689 (3.8%) | Falhas: 0
14:14:06 | INFO     | [14:14:06] ✅ DONE | 21146 | 0 responsáveis | 65/1689 (3.8%) | Falhas: 0
14:14:06 | INFO     | [14:14:06] ✅ DONE | 42742 | 0 responsáveis | 66/1689 (3.9%) | Falhas: 0
14:14:06 | INFO     | [14:14:06] ✅ DONE | 29920 | 0 responsáveis | 67/1689 (4.0%) | Falhas: 0
14:14:06 | INFO     | [14:14:06] ✅ DONE | 133253 | 0 responsáveis | 68/1689 (4.0%) | Falhas: 0
14:14:06 | INFO     | [14:14:06] ✅ DONE | 91810 | 0 responsáveis | 69/1689 (4.1%) | Falhas: 0
14:14:06 | INFO     | [14:14:06] ✅ DONE | 148652 | 0 responsáveis | 70/1689 (4.1%) | Falhas: 0
14:14:06 | INFO     | [14:14:06] ✅ DONE | 134936 | 4 responsáveis | 71/1689 (4.2%) | Falhas: 0
14:14:06 | INFO     | [14:14:06] ✅ DONE | 43650 | 0 responsáveis | 72/1689 (4.3%) | Falhas: 0
14:14:06 | INFO     | [14:14:06] ✅ DONE | 91170 | 0 responsáveis | 73/1689 (4.3%) | Falhas: 0
14:14:06 | INFO     | [14:14:06] ✅ DONE | 42806 | 0 responsáveis | 74/1689 (4.4%) | Falhas: 0
14:14:06 | INFO     | [14:14:06] ✅ DONE | 140347 | 3 responsáveis | 75/1689 (4.4%) | Falhas: 0
14:14:07 | INFO     | [14:14:07] ✅ DONE | 160015 | 0 responsáveis | 76/1689 (4.5%) | Falhas: 0
14:14:07 | INFO     | [14:14:07] ✅ DONE | 164479 | 0 responsáveis | 77/1689 (4.6%) | Falhas: 0
14:14:07 | INFO     | [14:14:07] ✅ DONE | 164491 | 0 responsáveis | 78/1689 (4.6%) | Falhas: 0
14:14:07 | INFO     | [14:14:07] ✅ DONE | 164503 | 0 responsáveis | 79/1689 (4.7%) | Falhas: 0
14:14:07 | INFO     | [14:14:07] ✅ DONE | 179112 | 0 responsáveis | 80/1689 (4.7%) | Falhas: 0
14:14:07 | INFO     | [14:14:07] ✅ DONE | 173783 | 0 responsáveis | 81/1689 (4.8%) | Falhas: 0
14:14:07 | INFO     | [14:14:07] ✅ DONE | 179107 | 0 responsáveis | 82/1689 (4.9%) | Falhas: 0
14:14:07 | INFO     | [14:14:07] ✅ DONE | 179106 | 0 responsáveis | 83/1689 (4.9%) | Falhas: 0
14:14:07 | INFO     | [14:14:07] ✅ DONE | 164482 | 0 responsáveis | 84/1689 (5.0%) | Falhas: 0
14:14:07 | INFO     | [14:14:07] ✅ DONE | 164510 | 0 responsáveis | 85/1689 (5.0%) | Falhas: 0
14:14:07 | INFO     | [14:14:07] ✅ DONE | 164493 | 0 responsáveis | 86/1689 (5.1%) | Falhas: 0
14:14:07 | INFO     | [14:14:07] ✅ DONE | 301195 | 4 responsáveis | 87/1689 (5.2%) | Falhas: 0
14:14:07 | INFO     | [14:14:07] ✅ DONE | 223018 | 4 responsáveis | 88/1689 (5.2%) | Falhas: 0
14:14:07 | INFO     | [14:14:07] ✅ DONE | 297126 | 4 responsáveis | 89/1689 (5.3%) | Falhas: 0
14:14:07 | INFO     | [14:14:07] ✅ DONE | 164506 | 0 responsáveis | 90/1689 (5.3%) | Falhas: 0
14:14:08 | INFO     | [14:14:08] ✅ DONE | 337387 | 3 responsáveis | 91/1689 (5.4%) | Falhas: 0
14:14:08 | INFO     | [14:14:08] ✅ DONE | 337421 | 0 responsáveis | 92/1689 (5.4%) | Falhas: 0
14:14:08 | INFO     | [14:14:08] ✅ DONE | 359090 | 2 responsáveis | 93/1689 (5.5%) | Falhas: 0
14:14:08 | INFO     | [14:14:08] ✅ DONE | 408398 | 0 responsáveis | 94/1689 (5.6%) | Falhas: 0
14:14:08 | INFO     | [14:14:08] ✅ DONE | 408400 | 0 responsáveis | 95/1689 (5.6%) | Falhas: 0
14:14:08 | INFO     | [14:14:08] ✅ DONE | 394751 | 2 responsáveis | 96/1689 (5.7%) | Falhas: 0
14:14:08 | INFO     | [14:14:08] ✅ DONE | 341560 | 3 responsáveis | 97/1689 (5.7%) | Falhas: 0
14:14:08 | INFO     | [14:14:08] ✅ DONE | 357420 | 6 responsáveis | 98/1689 (5.8%) | Falhas: 0
14:14:08 | INFO     | [14:14:08] ✅ DONE | 408402 | 0 responsáveis | 99/1689 (5.9%) | Falhas: 0
14:14:08 | INFO     | [14:14:08] ✅ DONE | 408219 | 0 responsáveis | 100/1689 (5.9%) | Falhas: 0
14:14:08 | INFO     | [14:14:08] ✅ DONE | 412212 | 2 responsáveis | 101/1689 (6.0%) | Falhas: 0
14:14:08 | INFO     | [14:14:08] ✅ DONE | 408401 | 0 responsáveis | 102/1689 (6.0%) | Falhas: 0
14:14:08 | INFO     | [14:14:08] ✅ DONE | 408399 | 0 responsáveis | 103/1689 (6.1%) | Falhas: 0
14:14:08 | INFO     | [14:14:08] ✅ DONE | 364294 | 2 responsáveis | 104/1689 (6.2%) | Falhas: 0
14:14:08 | INFO     | [14:14:08] ✅ DONE | 402414 | 0 responsáveis | 105/1689 (6.2%) | Falhas: 0
14:14:09 | INFO     | [14:14:09] ✅ DONE | 412297 | 0 responsáveis | 106/1689 (6.3%) | Falhas: 0
14:14:09 | INFO     | [14:14:09] ✅ DONE | 414342 | 0 responsáveis | 107/1689 (6.3%) | Falhas: 0
14:14:09 | INFO     | [14:14:09] ✅ DONE | 414352 | 0 responsáveis | 108/1689 (6.4%) | Falhas: 0
14:14:09 | INFO     | [14:14:09] ✅ DONE | 414350 | 0 responsáveis | 109/1689 (6.5%) | Falhas: 0
14:14:09 | INFO     | [14:14:09] ✅ DONE | 414343 | 0 responsáveis | 110/1689 (6.5%) | Falhas: 0
14:14:09 | INFO     | [14:14:09] ✅ DONE | 414351 | 0 responsáveis | 111/1689 (6.6%) | Falhas: 0
14:14:09 | INFO     | [14:14:09] ✅ DONE | 414353 | 0 responsáveis | 112/1689 (6.6%) | Falhas: 0
14:14:09 | INFO     | [14:14:09] ✅ DONE | 414349 | 0 responsáveis | 113/1689 (6.7%) | Falhas: 0
14:14:09 | INFO     | [14:14:09] ✅ DONE | 414357 | 0 responsáveis | 114/1689 (6.7%) | Falhas: 0
14:14:09 | INFO     | [14:14:09] ✅ DONE | 414345 | 0 responsáveis | 115/1689 (6.8%) | Falhas: 0
14:14:09 | INFO     | [14:14:09] ✅ DONE | 414344 | 0 responsáveis | 116/1689 (6.9%) | Falhas: 0
14:14:09 | INFO     | [14:14:09] ✅ DONE | 414356 | 0 responsáveis | 117/1689 (6.9%) | Falhas: 0
14:14:09 | INFO     | [14:14:09] ✅ DONE | 414355 | 0 responsáveis | 118/1689 (7.0%) | Falhas: 0
14:14:09 | INFO     | [14:14:09] ✅ DONE | 414362 | 0 responsáveis | 119/1689 (7.0%) | Falhas: 0
14:14:09 | INFO     | [14:14:09] ✅ DONE | 414354 | 0 responsáveis | 120/1689 (7.1%) | Falhas: 0
14:14:09 | INFO     | [14:14:09] ✅ DONE | 414363 | 0 responsáveis | 121/1689 (7.2%) | Falhas: 0
14:14:09 | INFO     | [14:14:09] ✅ DONE | 414364 | 0 responsáveis | 122/1689 (7.2%) | Falhas: 0
14:14:10 | INFO     | [14:14:10] ✅ DONE | 414369 | 0 responsáveis | 123/1689 (7.3%) | Falhas: 0
14:14:10 | INFO     | [14:14:10] ✅ DONE | 414367 | 0 responsáveis | 124/1689 (7.3%) | Falhas: 0
14:14:10 | INFO     | [14:14:10] ✅ DONE | 414365 | 0 responsáveis | 125/1689 (7.4%) | Falhas: 0
14:14:10 | INFO     | [14:14:10] ✅ DONE | 414378 | 0 responsáveis | 126/1689 (7.5%) | Falhas: 0
14:14:10 | INFO     | [14:14:10] ✅ DONE | 414370 | 0 responsáveis | 127/1689 (7.5%) | Falhas: 0
14:14:10 | INFO     | [14:14:10] ✅ DONE | 414366 | 0 responsáveis | 128/1689 (7.6%) | Falhas: 0
14:14:10 | INFO     | [14:14:10] ✅ DONE | 414368 | 0 responsáveis | 129/1689 (7.6%) | Falhas: 0
14:14:10 | INFO     | [14:14:10] ✅ DONE | 414377 | 0 responsáveis | 130/1689 (7.7%) | Falhas: 0
14:14:10 | INFO     | [14:14:10] ✅ DONE | 414371 | 0 responsáveis | 131/1689 (7.8%) | Falhas: 0
14:14:10 | INFO     | [14:14:10] ✅ DONE | 414380 | 0 responsáveis | 132/1689 (7.8%) | Falhas: 0
14:14:10 | INFO     | [14:14:10] ✅ DONE | 414381 | 0 responsáveis | 133/1689 (7.9%) | Falhas: 0
14:14:10 | INFO     | [14:14:10] ✅ DONE | 414382 | 0 responsáveis | 134/1689 (7.9%) | Falhas: 0
14:14:10 | INFO     | [14:14:10] ✅ DONE | 414379 | 0 responsáveis | 135/1689 (8.0%) | Falhas: 0
14:14:10 | INFO     | [14:14:10] ✅ DONE | 414383 | 0 responsáveis | 136/1689 (8.1%) | Falhas: 0
14:14:10 | INFO     | [14:14:10] ✅ DONE | 414384 | 0 responsáveis | 137/1689 (8.1%) | Falhas: 0
14:14:11 | INFO     | [14:14:11] ✅ DONE | 414389 | 0 responsáveis | 138/1689 (8.2%) | Falhas: 0
14:14:11 | INFO     | [14:14:11] ✅ DONE | 414390 | 0 responsáveis | 139/1689 (8.2%) | Falhas: 0
14:14:11 | INFO     | [14:14:11] ✅ DONE | 414388 | 0 responsáveis | 140/1689 (8.3%) | Falhas: 0
14:14:11 | INFO     | [14:14:11] ✅ DONE | 414393 | 0 responsáveis | 141/1689 (8.3%) | Falhas: 0
14:14:11 | INFO     | [14:14:11] ✅ DONE | 414385 | 0 responsáveis | 142/1689 (8.4%) | Falhas: 0
14:14:11 | INFO     | [14:14:11] ✅ DONE | 414396 | 0 responsáveis | 143/1689 (8.5%) | Falhas: 0
14:14:11 | INFO     | [14:14:11] ✅ DONE | 414391 | 0 responsáveis | 144/1689 (8.5%) | Falhas: 0
14:14:11 | INFO     | [14:14:11] ✅ DONE | 414394 | 0 responsáveis | 145/1689 (8.6%) | Falhas: 0
14:14:11 | INFO     | [14:14:11] ✅ DONE | 414392 | 0 responsáveis | 146/1689 (8.6%) | Falhas: 0
14:14:11 | INFO     | [14:14:11] ✅ DONE | 414386 | 0 responsáveis | 147/1689 (8.7%) | Falhas: 0
14:14:11 | INFO     | [14:14:11] ✅ DONE | 414395 | 0 responsáveis | 148/1689 (8.8%) | Falhas: 0
14:14:11 | INFO     | [14:14:11] ✅ DONE | 414387 | 0 responsáveis | 149/1689 (8.8%) | Falhas: 0
14:14:11 | INFO     | [14:14:11] ✅ DONE | 414397 | 0 responsáveis | 150/1689 (8.9%) | Falhas: 0
14:14:11 | INFO     | [14:14:11] ✅ DONE | 414398 | 0 responsáveis | 151/1689 (8.9%) | Falhas: 0
14:14:11 | INFO     | [14:14:11] ✅ DONE | 414399 | 0 responsáveis | 152/1689 (9.0%) | Falhas: 0
14:14:11 | INFO     | [14:14:11] ✅ DONE | 414400 | 0 responsáveis | 153/1689 (9.1%) | Falhas: 0
14:14:12 | INFO     | [14:14:12] ✅ DONE | 414402 | 0 responsáveis | 154/1689 (9.1%) | Falhas: 0
14:14:12 | INFO     | [14:14:12] ✅ DONE | 497651 | 2 responsáveis | 155/1689 (9.2%) | Falhas: 0
14:14:12 | INFO     | [14:14:12] ✅ DONE | 541044 | 0 responsáveis | 156/1689 (9.2%) | Falhas: 0
14:14:12 | INFO     | [14:14:12] ✅ DONE | 420318 | 0 responsáveis | 157/1689 (9.3%) | Falhas: 0
14:14:12 | INFO     | [14:14:12] ✅ DONE | 541049 | 0 responsáveis | 158/1689 (9.4%) | Falhas: 0
14:14:12 | INFO     | [14:14:12] ✅ DONE | 439873 | 0 responsáveis | 159/1689 (9.4%) | Falhas: 0
14:14:12 | INFO     | [14:14:12] ✅ DONE | 443239 | 0 responsáveis | 160/1689 (9.5%) | Falhas: 0
14:14:12 | INFO     | [14:14:12] ✅ DONE | 529777 | 0 responsáveis | 161/1689 (9.5%) | Falhas: 0
14:14:12 | INFO     | [14:14:12] ✅ DONE | 520315 | 2 responsáveis | 162/1689 (9.6%) | Falhas: 0
14:14:12 | INFO     | [14:14:12] ✅ DONE | 443904 | 0 responsáveis | 163/1689 (9.7%) | Falhas: 0
14:14:12 | INFO     | [14:14:12] ✅ DONE | 443905 | 0 responsáveis | 164/1689 (9.7%) | Falhas: 0
14:14:12 | INFO     | [14:14:12] ✅ DONE | 414401 | 0 responsáveis | 165/1689 (9.8%) | Falhas: 0
14:14:12 | INFO     | [14:14:12] ✅ DONE | 578780 | 0 responsáveis | 166/1689 (9.8%) | Falhas: 0
14:14:12 | INFO     | [14:14:12] ✅ DONE | 541118 | 0 responsáveis | 167/1689 (9.9%) | Falhas: 0
14:14:12 | INFO     | [14:14:12] ✅ DONE | 578781 | 0 responsáveis | 168/1689 (9.9%) | Falhas: 0
14:14:13 | INFO     | [14:14:13] ✅ DONE | 586172 | 0 responsáveis | 169/1689 (10.0%) | Falhas: 0
14:14:13 | INFO     | [14:14:13] ✅ DONE | 578782 | 0 responsáveis | 170/1689 (10.1%) | Falhas: 0
14:14:13 | INFO     | [14:14:13] ✅ DONE | 603611 | 6 responsáveis | 171/1689 (10.1%) | Falhas: 0
14:14:13 | INFO     | [14:14:13] ✅ DONE | 603603 | 4 responsáveis | 172/1689 (10.2%) | Falhas: 0
14:14:13 | INFO     | [14:14:13] ✅ DONE | 603609 | 6 responsáveis | 173/1689 (10.2%) | Falhas: 0
14:14:13 | INFO     | [14:14:13] ✅ DONE | 603620 | 6 responsáveis | 174/1689 (10.3%) | Falhas: 0
14:14:13 | INFO     | [14:14:13] ✅ DONE | 603615 | 6 responsáveis | 175/1689 (10.4%) | Falhas: 0
14:14:13 | INFO     | [14:14:13] ✅ DONE | 604271 | 6 responsáveis | 176/1689 (10.4%) | Falhas: 0
14:14:13 | INFO     | [14:14:13] ✅ DONE | 608337 | 4 responsáveis | 177/1689 (10.5%) | Falhas: 0
14:14:13 | INFO     | [14:14:13] ✅ DONE | 603614 | 6 responsáveis | 178/1689 (10.5%) | Falhas: 0
14:14:13 | INFO     | [14:14:13] ✅ DONE | 609947 | 6 responsáveis | 179/1689 (10.6%) | Falhas: 0
14:14:13 | INFO     | [14:14:13] ✅ DONE | 607879 | 6 responsáveis | 180/1689 (10.7%) | Falhas: 0
14:14:13 | INFO     | [14:14:13] ✅ DONE | 638940 | 0 responsáveis | 181/1689 (10.7%) | Falhas: 0
14:14:13 | INFO     | [14:14:13] ✅ DONE | 603618 | 7 responsáveis | 182/1689 (10.8%) | Falhas: 0
14:14:13 | INFO     | [14:14:13] ✅ DONE | 643724 | 4 responsáveis | 183/1689 (10.8%) | Falhas: 0
14:14:13 | INFO     | [14:14:13] ✅ DONE | 695743 | 0 responsáveis | 184/1689 (10.9%) | Falhas: 0
14:14:14 | INFO     | [14:14:14] ✅ DONE | 682791 | 4 responsáveis | 185/1689 (11.0%) | Falhas: 0
14:14:14 | INFO     | [14:14:14] ✅ DONE | 708541 | 0 responsáveis | 186/1689 (11.0%) | Falhas: 0
14:14:14 | INFO     | [14:14:14] ✅ DONE | 724887 | 0 responsáveis | 187/1689 (11.1%) | Falhas: 0
14:14:14 | INFO     | [14:14:14] ✅ DONE | 724890 | 0 responsáveis | 188/1689 (11.1%) | Falhas: 0
14:14:14 | INFO     | [14:14:14] ✅ DONE | 695744 | 0 responsáveis | 189/1689 (11.2%) | Falhas: 0
14:14:14 | INFO     | [14:14:14] ✅ DONE | 724888 | 0 responsáveis | 190/1689 (11.2%) | Falhas: 0
14:14:14 | INFO     | [14:14:14] ✅ DONE | 724893 | 0 responsáveis | 191/1689 (11.3%) | Falhas: 0
14:14:14 | INFO     | [14:14:14] ✅ DONE | 720345 | 7 responsáveis | 192/1689 (11.4%) | Falhas: 0
14:14:14 | INFO     | [14:14:14] ✅ DONE | 724889 | 0 responsáveis | 193/1689 (11.4%) | Falhas: 0
14:14:14 | INFO     | [14:14:14] ✅ DONE | 787881 | 3 responsáveis | 194/1689 (11.5%) | Falhas: 0
14:14:14 | INFO     | [14:14:14] ✅ DONE | 804523 | 0 responsáveis | 195/1689 (11.5%) | Falhas: 0
14:14:14 | INFO     | [14:14:14] ✅ DONE | 724891 | 0 responsáveis | 196/1689 (11.6%) | Falhas: 0
14:14:14 | INFO     | [14:14:14] ✅ DONE | 804441 | 0 responsáveis | 197/1689 (11.7%) | Falhas: 0
14:14:14 | INFO     | [14:14:14] ✅ DONE | 804524 | 0 responsáveis | 198/1689 (11.7%) | Falhas: 0
14:14:14 | INFO     | [14:14:14] ✅ DONE | 804525 | 0 responsáveis | 199/1689 (11.8%) | Falhas: 0
14:14:14 | INFO     | [14:14:14] ✅ DONE | 804528 | 0 responsáveis | 200/1689 (11.8%) | Falhas: 0
14:14:15 | INFO     | [14:14:15] ✅ DONE | 804532 | 0 responsáveis | 201/1689 (11.9%) | Falhas: 0
14:14:15 | INFO     | [14:14:15] ✅ DONE | 804530 | 0 responsáveis | 202/1689 (12.0%) | Falhas: 0
14:14:15 | INFO     | [14:14:15] ✅ DONE | 804529 | 0 responsáveis | 203/1689 (12.0%) | Falhas: 0
14:14:15 | INFO     | [14:14:15] ✅ DONE | 804533 | 0 responsáveis | 204/1689 (12.1%) | Falhas: 0
14:14:15 | INFO     | [14:14:15] ✅ DONE | 804534 | 0 responsáveis | 205/1689 (12.1%) | Falhas: 0
14:14:15 | INFO     | [14:14:15] ✅ DONE | 804535 | 0 responsáveis | 206/1689 (12.2%) | Falhas: 0
14:14:15 | INFO     | [14:14:15] ✅ DONE | 947703 | 0 responsáveis | 207/1689 (12.3%) | Falhas: 0
14:14:15 | INFO     | [14:14:15] ✅ DONE | 867000 | 0 responsáveis | 208/1689 (12.3%) | Falhas: 0
14:14:15 | INFO     | [14:14:15] ✅ DONE | 811966 | 4 responsáveis | 209/1689 (12.4%) | Falhas: 0
14:14:15 | INFO     | [14:14:15] ✅ DONE | 870019 | 3 responsáveis | 210/1689 (12.4%) | Falhas: 0
14:14:15 | INFO     | [14:14:15] ✅ DONE | 14878 | 0 responsáveis | 211/1689 (12.5%) | Falhas: 0
14:14:15 | INFO     | [14:14:15] ✅ DONE | 10345 | 0 responsáveis | 212/1689 (12.6%) | Falhas: 0
14:14:15 | INFO     | [14:14:15] ✅ DONE | 10436 | 0 responsáveis | 213/1689 (12.6%) | Falhas: 0
14:14:15 | INFO     | [14:14:15] ✅ DONE | 21261 | 0 responsáveis | 214/1689 (12.7%) | Falhas: 0
14:14:15 | INFO     | [14:14:15] ✅ DONE | 21144 | 0 responsáveis | 215/1689 (12.7%) | Falhas: 0
14:14:15 | INFO     | [14:14:15] ✅ DONE | 29448 | 0 responsáveis | 216/1689 (12.8%) | Falhas: 0
14:14:15 | INFO     | [14:14:15] ✅ DONE | 29637 | 0 responsáveis | 217/1689 (12.8%) | Falhas: 0
14:14:15 | INFO     | [14:14:15] ✅ DONE | 36476 | 0 responsáveis | 218/1689 (12.9%) | Falhas: 0
14:14:15 | INFO     | [14:14:15] ✅ DONE | 43763 | 0 responsáveis | 219/1689 (13.0%) | Falhas: 0
14:14:15 | INFO     | [14:14:15] ✅ DONE | 29921 | 0 responsáveis | 220/1689 (13.0%) | Falhas: 0
14:14:15 | INFO     | [14:14:15] ✅ DONE | 42956 | 0 responsáveis | 221/1689 (13.1%) | Falhas: 0
14:14:15 | INFO     | [14:14:15] ✅ DONE | 57424 | 0 responsáveis | 222/1689 (13.1%) | Falhas: 0
14:14:15 | INFO     | [14:14:15] ✅ DONE | 21811 | 0 responsáveis | 223/1689 (13.2%) | Falhas: 0
14:14:15 | INFO     | [14:14:15] ✅ DONE | 43708 | 0 responsáveis | 224/1689 (13.3%) | Falhas: 0
14:14:16 | INFO     | [14:14:16] ✅ DONE | 71895 | 0 responsáveis | 225/1689 (13.3%) | Falhas: 0
14:14:16 | INFO     | [14:14:16] ✅ DONE | 57478 | 0 responsáveis | 226/1689 (13.4%) | Falhas: 0
14:14:16 | INFO     | [14:14:16] ✅ DONE | 71855 | 0 responsáveis | 227/1689 (13.4%) | Falhas: 0
14:14:16 | INFO     | [14:14:16] ✅ DONE | 71894 | 0 responsáveis | 228/1689 (13.5%) | Falhas: 0
14:14:16 | INFO     | [14:14:16] ✅ DONE | 71957 | 0 responsáveis | 229/1689 (13.6%) | Falhas: 0
14:14:16 | INFO     | [14:14:16] ✅ DONE | 91332 | 0 responsáveis | 230/1689 (13.6%) | Falhas: 0
14:14:16 | INFO     | [14:14:16] ✅ DONE | 72002 | 0 responsáveis | 231/1689 (13.7%) | Falhas: 0
14:14:16 | INFO     | [14:14:16] ✅ DONE | 102613 | 0 responsáveis | 232/1689 (13.7%) | Falhas: 0
14:14:16 | INFO     | [14:14:16] ✅ DONE | 128221 | 0 responsáveis | 233/1689 (13.8%) | Falhas: 0
14:14:16 | INFO     | [14:14:16] ✅ DONE | 107889 | 0 responsáveis | 234/1689 (13.9%) | Falhas: 0
14:14:16 | INFO     | [14:14:16] ✅ DONE | 115316 | 0 responsáveis | 235/1689 (13.9%) | Falhas: 0
14:14:16 | INFO     | [14:14:16] ✅ DONE | 119883 | 0 responsáveis | 236/1689 (14.0%) | Falhas: 0
14:14:16 | INFO     | [14:14:16] ✅ DONE | 150107 | 0 responsáveis | 237/1689 (14.0%) | Falhas: 0
14:14:16 | INFO     | [14:14:16] ✅ DONE | 135617 | 0 responsáveis | 238/1689 (14.1%) | Falhas: 0
14:14:16 | INFO     | [14:14:16] ✅ DONE | 155962 | 0 responsáveis | 239/1689 (14.2%) | Falhas: 0
14:14:16 | INFO     | [14:14:16] ✅ DONE | 160016 | 0 responsáveis | 240/1689 (14.2%) | Falhas: 0
14:14:16 | INFO     | [14:14:16] ✅ DONE | 178154 | 0 responsáveis | 241/1689 (14.3%) | Falhas: 0
14:14:17 | INFO     | [14:14:17] ✅ DONE | 189936 | 1 responsáveis | 242/1689 (14.3%) | Falhas: 0
14:14:17 | INFO     | [14:14:17] ✅ DONE | 202011 | 8 responsáveis | 243/1689 (14.4%) | Falhas: 0
14:14:17 | INFO     | [14:14:17] ✅ DONE | 243966 | 0 responsáveis | 244/1689 (14.4%) | Falhas: 0
14:14:17 | INFO     | [14:14:17] ✅ DONE | 226989 | 0 responsáveis | 245/1689 (14.5%) | Falhas: 0
14:14:17 | INFO     | [14:14:17] ✅ DONE | 261726 | 0 responsáveis | 246/1689 (14.6%) | Falhas: 0
14:14:17 | INFO     | [14:14:17] ✅ DONE | 264135 | 0 responsáveis | 247/1689 (14.6%) | Falhas: 0
14:14:17 | INFO     | [14:14:17] ✅ DONE | 337103 | 4 responsáveis | 248/1689 (14.7%) | Falhas: 0
14:14:17 | INFO     | [14:14:17] ✅ DONE | 412725 | 0 responsáveis | 249/1689 (14.7%) | Falhas: 0
14:14:17 | INFO     | [14:14:17] ✅ DONE | 413767 | 0 responsáveis | 250/1689 (14.8%) | Falhas: 0
14:14:17 | INFO     | [14:14:17] ✅ DONE | 394596 | 0 responsáveis | 251/1689 (14.9%) | Falhas: 0
14:14:17 | INFO     | [14:14:17] ✅ DONE | 430728 | 0 responsáveis | 252/1689 (14.9%) | Falhas: 0
14:14:17 | INFO     | [14:14:17] ✅ DONE | 438873 | 2 responsáveis | 253/1689 (15.0%) | Falhas: 0
14:14:17 | INFO     | [14:14:17] ✅ DONE | 439074 | 0 responsáveis | 254/1689 (15.0%) | Falhas: 0
14:14:17 | INFO     | [14:14:17] ✅ DONE | 439513 | 0 responsáveis | 255/1689 (15.1%) | Falhas: 0
14:14:17 | INFO     | [14:14:17] ✅ DONE | 439447 | 0 responsáveis | 256/1689 (15.2%) | Falhas: 0
14:14:18 | INFO     | [14:14:18] ✅ DONE | 439757 | 0 responsáveis | 257/1689 (15.2%) | Falhas: 0
14:14:18 | INFO     | [14:14:18] ✅ DONE | 439960 | 0 responsáveis | 258/1689 (15.3%) | Falhas: 0
14:14:18 | INFO     | [14:14:18] ✅ DONE | 443915 | 0 responsáveis | 259/1689 (15.3%) | Falhas: 0
14:14:18 | INFO     | [14:14:18] ✅ DONE | 443955 | 0 responsáveis | 260/1689 (15.4%) | Falhas: 0
14:14:18 | INFO     | [14:14:18] ✅ DONE | 464052 | 0 responsáveis | 261/1689 (15.5%) | Falhas: 0
14:14:18 | INFO     | [14:14:18] ✅ DONE | 473280 | 3 responsáveis | 262/1689 (15.5%) | Falhas: 0
14:14:18 | INFO     | [14:14:18] ✅ DONE | 477319 | 0 responsáveis | 263/1689 (15.6%) | Falhas: 0
14:14:18 | INFO     | [14:14:18] ✅ DONE | 476603 | 0 responsáveis | 264/1689 (15.6%) | Falhas: 0
14:14:18 | INFO     | [14:14:18] ✅ DONE | 479202 | 0 responsáveis | 265/1689 (15.7%) | Falhas: 0
14:14:18 | INFO     | [14:14:18] ✅ DONE | 482218 | 0 responsáveis | 266/1689 (15.7%) | Falhas: 0
14:14:18 | INFO     | [14:14:18] ✅ DONE | 482217 | 0 responsáveis | 267/1689 (15.8%) | Falhas: 0
14:14:19 | INFO     | [14:14:19] ✅ DONE | 482219 | 0 responsáveis | 268/1689 (15.9%) | Falhas: 0
14:14:19 | INFO     | [14:14:19] ✅ DONE | 484154 | 0 responsáveis | 269/1689 (15.9%) | Falhas: 0
14:14:19 | INFO     | [14:14:19] ✅ DONE | 482585 | 0 responsáveis | 270/1689 (16.0%) | Falhas: 0
14:14:19 | INFO     | [14:14:19] ✅ DONE | 482220 | 0 responsáveis | 271/1689 (16.0%) | Falhas: 0
14:14:19 | INFO     | [14:14:19] ✅ DONE | 496526 | 0 responsáveis | 272/1689 (16.1%) | Falhas: 0
14:14:19 | INFO     | [14:14:19] ✅ DONE | 493729 | 0 responsáveis | 273/1689 (16.2%) | Falhas: 0
14:14:19 | INFO     | [14:14:19] ✅ DONE | 498198 | 0 responsáveis | 274/1689 (16.2%) | Falhas: 0
14:14:19 | INFO     | [14:14:19] ✅ DONE | 500687 | 0 responsáveis | 275/1689 (16.3%) | Falhas: 0
14:14:19 | INFO     | [14:14:19] ✅ DONE | 500603 | 2 responsáveis | 276/1689 (16.3%) | Falhas: 0
14:14:19 | INFO     | [14:14:19] ✅ DONE | 500719 | 0 responsáveis | 277/1689 (16.4%) | Falhas: 0
14:14:19 | INFO     | [14:14:19] ✅ DONE | 501823 | 0 responsáveis | 278/1689 (16.5%) | Falhas: 0
14:14:19 | INFO     | [14:14:19] ✅ DONE | 506254 | 0 responsáveis | 279/1689 (16.5%) | Falhas: 0
14:14:19 | INFO     | [14:14:19] ✅ DONE | 508396 | 0 responsáveis | 280/1689 (16.6%) | Falhas: 0
14:14:19 | INFO     | [14:14:19] ✅ DONE | 520342 | 2 responsáveis | 281/1689 (16.6%) | Falhas: 0
14:14:19 | INFO     | [14:14:19] ✅ DONE | 522603 | 0 responsáveis | 282/1689 (16.7%) | Falhas: 0
14:14:19 | INFO     | [14:14:19] ✅ DONE | 532704 | 0 responsáveis | 283/1689 (16.8%) | Falhas: 0
14:14:19 | INFO     | [14:14:19] ✅ DONE | 534550 | 0 responsáveis | 284/1689 (16.8%) | Falhas: 0
14:14:19 | INFO     | [14:14:19] ✅ DONE | 536897 | 0 responsáveis | 285/1689 (16.9%) | Falhas: 0
14:14:20 | INFO     | [14:14:20] ✅ DONE | 559731 | 0 responsáveis | 286/1689 (16.9%) | Falhas: 0
14:14:20 | INFO     | [14:14:20] ✅ DONE | 559772 | 0 responsáveis | 287/1689 (17.0%) | Falhas: 0
14:14:20 | INFO     | [14:14:20] ✅ DONE | 561554 | 0 responsáveis | 288/1689 (17.1%) | Falhas: 0
14:14:20 | INFO     | [14:14:20] ✅ DONE | 561582 | 0 responsáveis | 289/1689 (17.1%) | Falhas: 0
14:14:20 | INFO     | [14:14:20] ✅ DONE | 580361 | 0 responsáveis | 290/1689 (17.2%) | Falhas: 0
14:14:20 | INFO     | [14:14:20] ✅ DONE | 582820 | 0 responsáveis | 291/1689 (17.2%) | Falhas: 0
14:14:20 | INFO     | [14:14:20] ✅ DONE | 582872 | 0 responsáveis | 292/1689 (17.3%) | Falhas: 0
14:14:20 | INFO     | [14:14:20] ✅ DONE | 582850 | 0 responsáveis | 293/1689 (17.3%) | Falhas: 0
14:14:20 | INFO     | [14:14:20] ✅ DONE | 582889 | 0 responsáveis | 294/1689 (17.4%) | Falhas: 0
14:14:20 | INFO     | [14:14:20] ✅ DONE | 591352 | 0 responsáveis | 295/1689 (17.5%) | Falhas: 0
14:14:20 | INFO     | [14:14:20] ✅ DONE | 600008 | 0 responsáveis | 296/1689 (17.5%) | Falhas: 0
14:14:20 | INFO     | [14:14:20] ✅ DONE | 609600 | 0 responsáveis | 297/1689 (17.6%) | Falhas: 0
14:14:20 | INFO     | [14:14:20] ✅ DONE | 609607 | 0 responsáveis | 298/1689 (17.6%) | Falhas: 0
14:14:20 | INFO     | [14:14:20] ✅ DONE | 635357 | 0 responsáveis | 299/1689 (17.7%) | Falhas: 0
14:14:20 | INFO     | [14:14:20] ✅ DONE | 635716 | 0 responsáveis | 300/1689 (17.8%) | Falhas: 0
14:14:20 | INFO     | [14:14:20] ✅ DONE | 638445 | 0 responsáveis | 301/1689 (17.8%) | Falhas: 0
14:14:20 | INFO     | [14:14:20] ✅ DONE | 651546 | 0 responsáveis | 302/1689 (17.9%) | Falhas: 0
14:14:20 | INFO     | [14:14:20] ✅ DONE | 678031 | 0 responsáveis | 303/1689 (17.9%) | Falhas: 0
14:14:20 | INFO     | [14:14:20] ✅ DONE | 687119 | 0 responsáveis | 304/1689 (18.0%) | Falhas: 0
14:14:21 | INFO     | [14:14:21] ✅ DONE | 708477 | 0 responsáveis | 305/1689 (18.1%) | Falhas: 0
14:14:21 | INFO     | [14:14:21] ✅ DONE | 690056 | 0 responsáveis | 306/1689 (18.1%) | Falhas: 0
14:14:21 | INFO     | [14:14:21] ✅ DONE | 750024 | 0 responsáveis | 307/1689 (18.2%) | Falhas: 0
14:14:21 | INFO     | [14:14:21] ✅ DONE | 775071 | 4 responsáveis | 308/1689 (18.2%) | Falhas: 0
14:14:21 | INFO     | [14:14:21] ✅ DONE | 775503 | 0 responsáveis | 309/1689 (18.3%) | Falhas: 0
14:14:21 | INFO     | [14:14:21] ✅ DONE | 787841 | 0 responsáveis | 310/1689 (18.4%) | Falhas: 0
14:14:21 | INFO     | [14:14:21] ✅ DONE | 784356 | 0 responsáveis | 311/1689 (18.4%) | Falhas: 0
14:14:21 | INFO     | [14:14:21] ✅ DONE | 800300 | 0 responsáveis | 312/1689 (18.5%) | Falhas: 0
14:14:21 | INFO     | [14:14:21] ✅ DONE | 803509 | 0 responsáveis | 313/1689 (18.5%) | Falhas: 0
14:14:21 | INFO     | [14:14:21] ✅ DONE | 813766 | 0 responsáveis | 314/1689 (18.6%) | Falhas: 0
14:14:21 | INFO     | [14:14:21] ✅ DONE | 828694 | 0 responsáveis | 315/1689 (18.7%) | Falhas: 0
14:14:21 | INFO     | [14:14:21] ✅ DONE | 831360 | 0 responsáveis | 316/1689 (18.7%) | Falhas: 0
14:14:21 | INFO     | [14:14:21] ✅ DONE | 833659 | 0 responsáveis | 317/1689 (18.8%) | Falhas: 0
14:14:21 | INFO     | [14:14:21] ✅ DONE | 854815 | 0 responsáveis | 318/1689 (18.8%) | Falhas: 0
14:14:21 | INFO     | [14:14:21] ✅ DONE | 854871 | 0 responsáveis | 319/1689 (18.9%) | Falhas: 0
14:14:21 | INFO     | [14:14:21] ✅ DONE | 856720 | 0 responsáveis | 320/1689 (18.9%) | Falhas: 0
14:14:21 | INFO     | [14:14:21] ✅ DONE | 861945 | 0 responsáveis | 321/1689 (19.0%) | Falhas: 0
14:14:21 | INFO     | [14:14:21] ✅ DONE | 865495 | 0 responsáveis | 322/1689 (19.1%) | Falhas: 0
14:14:22 | INFO     | [14:14:22] ✅ DONE | 865536 | 0 responsáveis | 323/1689 (19.1%) | Falhas: 0
14:14:22 | INFO     | [14:14:22] ✅ DONE | 865554 | 0 responsáveis | 324/1689 (19.2%) | Falhas: 0
14:14:22 | INFO     | [14:14:22] ✅ DONE | 865980 | 0 responsáveis | 325/1689 (19.2%) | Falhas: 0
14:14:22 | INFO     | [14:14:22] ✅ DONE | 867060 | 0 responsáveis | 326/1689 (19.3%) | Falhas: 0
14:14:22 | INFO     | [14:14:22] ✅ DONE | 868671 | 0 responsáveis | 327/1689 (19.4%) | Falhas: 0
14:14:22 | INFO     | [14:14:22] ✅ DONE | 869093 | 0 responsáveis | 328/1689 (19.4%) | Falhas: 0
14:14:22 | INFO     | [14:14:22] ✅ DONE | 869131 | 0 responsáveis | 329/1689 (19.5%) | Falhas: 0
14:14:22 | INFO     | [14:14:22] ✅ DONE | 869114 | 0 responsáveis | 330/1689 (19.5%) | Falhas: 0
14:14:22 | INFO     | [14:14:22] ✅ DONE | 871095 | 0 responsáveis | 331/1689 (19.6%) | Falhas: 0
14:14:22 | INFO     | [14:14:22] ✅ DONE | 873570 | 0 responsáveis | 332/1689 (19.7%) | Falhas: 0
14:14:22 | INFO     | [14:14:22] ✅ DONE | 882687 | 0 responsáveis | 333/1689 (19.7%) | Falhas: 0
14:14:22 | INFO     | [14:14:22] ✅ DONE | 897575 | 0 responsáveis | 334/1689 (19.8%) | Falhas: 0
14:14:22 | INFO     | [14:14:22] ✅ DONE | 904642 | 0 responsáveis | 335/1689 (19.8%) | Falhas: 0
14:14:22 | INFO     | [14:14:22] ✅ DONE | 933364 | 0 responsáveis | 336/1689 (19.9%) | Falhas: 0
14:14:22 | INFO     | [14:14:22] ✅ DONE | 914631 | 0 responsáveis | 337/1689 (20.0%) | Falhas: 0
14:14:22 | INFO     | [14:14:22] ✅ DONE | 933959 | 0 responsáveis | 338/1689 (20.0%) | Falhas: 0
14:14:22 | INFO     | [14:14:22] ✅ DONE | 934522 | 0 responsáveis | 339/1689 (20.1%) | Falhas: 0
14:14:22 | INFO     | [14:14:22] ✅ DONE | 935272 | 0 responsáveis | 340/1689 (20.1%) | Falhas: 0
14:14:22 | INFO     | [14:14:22] ✅ DONE | 942149 | 0 responsáveis | 341/1689 (20.2%) | Falhas: 0
14:14:23 | INFO     | [14:14:23] ✅ DONE | 944979 | 0 responsáveis | 342/1689 (20.2%) | Falhas: 0
14:14:23 | INFO     | [14:14:23] ✅ DONE | 947397 | 0 responsáveis | 343/1689 (20.3%) | Falhas: 0
14:14:23 | INFO     | [14:14:23] ✅ DONE | 947398 | 0 responsáveis | 344/1689 (20.4%) | Falhas: 0
14:14:23 | INFO     | [14:14:23] ✅ DONE | 947980 | 0 responsáveis | 345/1689 (20.4%) | Falhas: 0
14:14:23 | INFO     | [14:14:23] ✅ DONE | 948472 | 0 responsáveis | 346/1689 (20.5%) | Falhas: 0
14:14:23 | INFO     | [14:14:23] ✅ DONE | 961451 | 0 responsáveis | 347/1689 (20.5%) | Falhas: 0
14:14:23 | INFO     | [14:14:23] ✅ DONE | 961452 | 0 responsáveis | 348/1689 (20.6%) | Falhas: 0
14:14:23 | INFO     | [14:14:23] ✅ DONE | 961453 | 0 responsáveis | 349/1689 (20.7%) | Falhas: 0
14:14:23 | INFO     | [14:14:23] ✅ DONE | 42823 | 3 responsáveis | 350/1689 (20.7%) | Falhas: 0
14:14:23 | INFO     | [14:14:23] ✅ DONE | 43360 | 0 responsáveis | 351/1689 (20.8%) | Falhas: 0
14:14:23 | INFO     | [14:14:23] ✅ DONE | 44357 | 4 responsáveis | 352/1689 (20.8%) | Falhas: 0
14:14:23 | INFO     | [14:14:23] ✅ DONE | 71644 | 4 responsáveis | 353/1689 (20.9%) | Falhas: 0
14:14:23 | INFO     | [14:14:23] ✅ DONE | 71812 | 2 responsáveis | 354/1689 (21.0%) | Falhas: 0
14:14:23 | INFO     | [14:14:23] ✅ DONE | 71836 | 7 responsáveis | 355/1689 (21.0%) | Falhas: 0
14:14:23 | INFO     | [14:14:23] ✅ DONE | 71854 | 7 responsáveis | 356/1689 (21.1%) | Falhas: 0
14:14:23 | INFO     | [14:14:23] ✅ DONE | 71866 | 5 responsáveis | 357/1689 (21.1%) | Falhas: 0
14:14:23 | INFO     | [14:14:23] ✅ DONE | 71940 | 5 responsáveis | 358/1689 (21.2%) | Falhas: 0
14:14:23 | INFO     | [14:14:23] ✅ DONE | 90822 | 6 responsáveis | 359/1689 (21.3%) | Falhas: 0
14:14:23 | INFO     | [14:14:23] ✅ DONE | 71986 | 4 responsáveis | 360/1689 (21.3%) | Falhas: 0
14:14:24 | INFO     | [14:14:24] ✅ DONE | 127956 | 3 responsáveis | 361/1689 (21.4%) | Falhas: 0
14:14:24 | INFO     | [14:14:24] ✅ DONE | 317345 | 7 responsáveis | 362/1689 (21.4%) | Falhas: 0
14:14:24 | INFO     | [14:14:24] ✅ DONE | 326097 | 5 responsáveis | 363/1689 (21.5%) | Falhas: 0
14:14:24 | INFO     | [14:14:24] ✅ DONE | 326116 | 5 responsáveis | 364/1689 (21.6%) | Falhas: 0
14:14:24 | INFO     | [14:14:24] ✅ DONE | 326127 | 5 responsáveis | 365/1689 (21.6%) | Falhas: 0
14:14:24 | INFO     | [14:14:24] ✅ DONE | 326138 | 5 responsáveis | 366/1689 (21.7%) | Falhas: 0
14:14:24 | INFO     | [14:14:24] ✅ DONE | 327832 | 4 responsáveis | 367/1689 (21.7%) | Falhas: 0
14:14:24 | INFO     | [14:14:24] ✅ DONE | 343275 | 4 responsáveis | 368/1689 (21.8%) | Falhas: 0
14:14:24 | INFO     | [14:14:24] ✅ DONE | 401686 | 5 responsáveis | 369/1689 (21.8%) | Falhas: 0
14:14:24 | INFO     | [14:14:24] ✅ DONE | 407097 | 0 responsáveis | 370/1689 (21.9%) | Falhas: 0
14:14:24 | INFO     | [14:14:24] ✅ DONE | 414324 | 0 responsáveis | 371/1689 (22.0%) | Falhas: 0
14:14:24 | INFO     | [14:14:24] ✅ DONE | 414358 | 0 responsáveis | 372/1689 (22.0%) | Falhas: 0
14:14:24 | INFO     | [14:14:24] ✅ DONE | 415606 | 0 responsáveis | 373/1689 (22.1%) | Falhas: 0
14:14:24 | INFO     | [14:14:24] ✅ DONE | 417757 | 0 responsáveis | 374/1689 (22.1%) | Falhas: 0
14:14:24 | INFO     | [14:14:24] ✅ DONE | 417715 | 6 responsáveis | 375/1689 (22.2%) | Falhas: 0
14:14:24 | INFO     | [14:14:24] ✅ DONE | 417925 | 0 responsáveis | 376/1689 (22.3%) | Falhas: 0
14:14:24 | INFO     | [14:14:24] ✅ DONE | 419618 | 0 responsáveis | 377/1689 (22.3%) | Falhas: 0
14:14:24 | INFO     | [14:14:24] ✅ DONE | 420254 | 0 responsáveis | 378/1689 (22.4%) | Falhas: 0
14:14:24 | INFO     | [14:14:24] ✅ DONE | 421190 | 0 responsáveis | 379/1689 (22.4%) | Falhas: 0
14:14:25 | INFO     | [14:14:25] ✅ DONE | 421902 | 0 responsáveis | 380/1689 (22.5%) | Falhas: 0
14:14:25 | INFO     | [14:14:25] ✅ DONE | 423393 | 0 responsáveis | 381/1689 (22.6%) | Falhas: 0
14:14:25 | INFO     | [14:14:25] ✅ DONE | 425431 | 0 responsáveis | 382/1689 (22.6%) | Falhas: 0
14:14:25 | INFO     | [14:14:25] ✅ DONE | 428194 | 0 responsáveis | 383/1689 (22.7%) | Falhas: 0
14:14:25 | INFO     | [14:14:25] ✅ DONE | 430235 | 0 responsáveis | 384/1689 (22.7%) | Falhas: 0
14:14:25 | INFO     | [14:14:25] ✅ DONE | 428350 | 0 responsáveis | 385/1689 (22.8%) | Falhas: 0
14:14:25 | INFO     | [14:14:25] ✅ DONE | 430891 | 0 responsáveis | 386/1689 (22.9%) | Falhas: 0
14:14:25 | INFO     | [14:14:25] ✅ DONE | 431204 | 0 responsáveis | 387/1689 (22.9%) | Falhas: 0
14:14:25 | INFO     | [14:14:25] ✅ DONE | 432844 | 0 responsáveis | 388/1689 (23.0%) | Falhas: 0
14:14:25 | INFO     | [14:14:25] ✅ DONE | 440085 | 0 responsáveis | 389/1689 (23.0%) | Falhas: 0
14:14:25 | INFO     | [14:14:25] ✅ DONE | 439455 | 0 responsáveis | 390/1689 (23.1%) | Falhas: 0
14:14:25 | INFO     | [14:14:25] ✅ DONE | 440152 | 0 responsáveis | 391/1689 (23.1%) | Falhas: 0
14:14:25 | INFO     | [14:14:25] ✅ DONE | 440796 | 0 responsáveis | 392/1689 (23.2%) | Falhas: 0
14:14:25 | INFO     | [14:14:25] ✅ DONE | 440828 | 0 responsáveis | 393/1689 (23.3%) | Falhas: 0
14:14:25 | INFO     | [14:14:25] ✅ DONE | 443995 | 0 responsáveis | 394/1689 (23.3%) | Falhas: 0
14:14:25 | INFO     | [14:14:25] ✅ DONE | 445452 | 0 responsáveis | 395/1689 (23.4%) | Falhas: 0
14:14:25 | INFO     | [14:14:25] ✅ DONE | 445482 | 0 responsáveis | 396/1689 (23.4%) | Falhas: 0
14:14:26 | INFO     | [14:14:26] ✅ DONE | 447476 | 0 responsáveis | 397/1689 (23.5%) | Falhas: 0
14:14:26 | INFO     | [14:14:26] ✅ DONE | 447573 | 0 responsáveis | 398/1689 (23.6%) | Falhas: 0
14:14:26 | INFO     | [14:14:26] ✅ DONE | 448049 | 0 responsáveis | 399/1689 (23.6%) | Falhas: 0
14:14:26 | INFO     | [14:14:26] ✅ DONE | 449073 | 0 responsáveis | 400/1689 (23.7%) | Falhas: 0
14:14:26 | INFO     | [14:14:26] ✅ DONE | 449988 | 0 responsáveis | 401/1689 (23.7%) | Falhas: 0
14:14:26 | INFO     | [14:14:26] ✅ DONE | 455926 | 0 responsáveis | 402/1689 (23.8%) | Falhas: 0
14:14:26 | INFO     | [14:14:26] ✅ DONE | 461851 | 0 responsáveis | 403/1689 (23.9%) | Falhas: 0
14:14:26 | INFO     | [14:14:26] ✅ DONE | 456805 | 0 responsáveis | 404/1689 (23.9%) | Falhas: 0
14:14:26 | INFO     | [14:14:26] ✅ DONE | 457591 | 0 responsáveis | 405/1689 (24.0%) | Falhas: 0
14:14:26 | INFO     | [14:14:26] ✅ DONE | 464201 | 0 responsáveis | 406/1689 (24.0%) | Falhas: 0
14:14:26 | INFO     | [14:14:26] ✅ DONE | 465210 | 0 responsáveis | 407/1689 (24.1%) | Falhas: 0
14:14:26 | INFO     | [14:14:26] ✅ DONE | 465222 | 0 responsáveis | 408/1689 (24.2%) | Falhas: 0
14:14:26 | INFO     | [14:14:26] ✅ DONE | 469772 | 0 responsáveis | 409/1689 (24.2%) | Falhas: 0
14:14:26 | INFO     | [14:14:26] ✅ DONE | 470981 | 0 responsáveis | 410/1689 (24.3%) | Falhas: 0
14:14:26 | INFO     | [14:14:26] ✅ DONE | 470967 | 0 responsáveis | 411/1689 (24.3%) | Falhas: 0
14:14:26 | INFO     | [14:14:26] ✅ DONE | 471358 | 0 responsáveis | 412/1689 (24.4%) | Falhas: 0
14:14:26 | INFO     | [14:14:26] ✅ DONE | 471351 | 0 responsáveis | 413/1689 (24.5%) | Falhas: 0
14:14:26 | INFO     | [14:14:26] ✅ DONE | 473236 | 0 responsáveis | 414/1689 (24.5%) | Falhas: 0
14:14:26 | INFO     | [14:14:26] ✅ DONE | 473005 | 0 responsáveis | 415/1689 (24.6%) | Falhas: 0
14:14:26 | INFO     | [14:14:26] ✅ DONE | 474003 | 0 responsáveis | 416/1689 (24.6%) | Falhas: 0
14:14:27 | INFO     | [14:14:27] ✅ DONE | 474020 | 0 responsáveis | 417/1689 (24.7%) | Falhas: 0
14:14:27 | INFO     | [14:14:27] ✅ DONE | 477710 | 0 responsáveis | 418/1689 (24.7%) | Falhas: 0
14:14:27 | INFO     | [14:14:27] ✅ DONE | 477259 | 0 responsáveis | 419/1689 (24.8%) | Falhas: 0
14:14:27 | INFO     | [14:14:27] ✅ DONE | 474903 | 0 responsáveis | 420/1689 (24.9%) | Falhas: 0
14:14:27 | INFO     | [14:14:27] ✅ DONE | 479049 | 0 responsáveis | 421/1689 (24.9%) | Falhas: 0
14:14:27 | INFO     | [14:14:27] ✅ DONE | 479070 | 0 responsáveis | 422/1689 (25.0%) | Falhas: 0
14:14:27 | INFO     | [14:14:27] ✅ DONE | 483897 | 0 responsáveis | 423/1689 (25.0%) | Falhas: 0
14:14:27 | INFO     | [14:14:27] ✅ DONE | 485595 | 0 responsáveis | 424/1689 (25.1%) | Falhas: 0
14:14:27 | INFO     | [14:14:27] ✅ DONE | 487118 | 4 responsáveis | 425/1689 (25.2%) | Falhas: 0
14:14:27 | INFO     | [14:14:27] ✅ DONE | 488859 | 0 responsáveis | 426/1689 (25.2%) | Falhas: 0
14:14:27 | INFO     | [14:14:27] ✅ DONE | 488860 | 0 responsáveis | 427/1689 (25.3%) | Falhas: 0
14:14:27 | INFO     | [14:14:27] ✅ DONE | 489191 | 0 responsáveis | 428/1689 (25.3%) | Falhas: 0
14:14:27 | INFO     | [14:14:27] ✅ DONE | 504580 | 0 responsáveis | 429/1689 (25.4%) | Falhas: 0
14:14:27 | INFO     | [14:14:27] ✅ DONE | 504749 | 0 responsáveis | 430/1689 (25.5%) | Falhas: 0
14:14:27 | INFO     | [14:14:27] ✅ DONE | 508033 | 0 responsáveis | 431/1689 (25.5%) | Falhas: 0
14:14:27 | INFO     | [14:14:27] ✅ DONE | 519999 | 0 responsáveis | 432/1689 (25.6%) | Falhas: 0
14:14:28 | INFO     | [14:14:28] ✅ DONE | 531017 | 0 responsáveis | 433/1689 (25.6%) | Falhas: 0
14:14:28 | INFO     | [14:14:28] ✅ DONE | 522201 | 6 responsáveis | 434/1689 (25.7%) | Falhas: 0
14:14:28 | INFO     | [14:14:28] ✅ DONE | 531021 | 0 responsáveis | 435/1689 (25.8%) | Falhas: 0
14:14:28 | INFO     | [14:14:28] ✅ DONE | 560141 | 0 responsáveis | 436/1689 (25.8%) | Falhas: 0
14:14:28 | INFO     | [14:14:28] ✅ DONE | 531917 | 0 responsáveis | 437/1689 (25.9%) | Falhas: 0
14:14:28 | INFO     | [14:14:28] ✅ DONE | 560676 | 0 responsáveis | 438/1689 (25.9%) | Falhas: 0
14:14:28 | INFO     | [14:14:28] ✅ DONE | 579634 | 0 responsáveis | 439/1689 (26.0%) | Falhas: 0
14:14:28 | INFO     | [14:14:28] ✅ DONE | 591523 | 0 responsáveis | 440/1689 (26.1%) | Falhas: 0
14:14:28 | INFO     | [14:14:28] ✅ DONE | 595492 | 4 responsáveis | 441/1689 (26.1%) | Falhas: 0
14:14:28 | INFO     | [14:14:28] ✅ DONE | 596659 | 0 responsáveis | 442/1689 (26.2%) | Falhas: 0
14:14:28 | INFO     | [14:14:28] ✅ DONE | 600240 | 0 responsáveis | 443/1689 (26.2%) | Falhas: 0
14:14:28 | INFO     | [14:14:28] ✅ DONE | 602133 | 0 responsáveis | 444/1689 (26.3%) | Falhas: 0
14:14:28 | INFO     | [14:14:28] ✅ DONE | 612961 | 0 responsáveis | 445/1689 (26.3%) | Falhas: 0
14:14:28 | INFO     | [14:14:28] ✅ DONE | 608477 | 4 responsáveis | 446/1689 (26.4%) | Falhas: 0
14:14:28 | INFO     | [14:14:28] ✅ DONE | 609344 | 0 responsáveis | 447/1689 (26.5%) | Falhas: 0
14:14:28 | INFO     | [14:14:28] ✅ DONE | 614184 | 0 responsáveis | 448/1689 (26.5%) | Falhas: 0
14:14:28 | INFO     | [14:14:28] ✅ DONE | 629452 | 0 responsáveis | 449/1689 (26.6%) | Falhas: 0
14:14:28 | INFO     | [14:14:28] ✅ DONE | 646974 | 0 responsáveis | 450/1689 (26.6%) | Falhas: 0
14:14:29 | INFO     | [14:14:29] ✅ DONE | 675397 | 0 responsáveis | 451/1689 (26.7%) | Falhas: 0
14:14:29 | INFO     | [14:14:29] ✅ DONE | 660346 | 4 responsáveis | 452/1689 (26.8%) | Falhas: 0
14:14:29 | INFO     | [14:14:29] ✅ DONE | 694687 | 0 responsáveis | 453/1689 (26.8%) | Falhas: 0
14:14:29 | INFO     | [14:14:29] ✅ DONE | 730365 | 4 responsáveis | 454/1689 (26.9%) | Falhas: 0
14:14:29 | INFO     | [14:14:29] ✅ DONE | 748083 | 6 responsáveis | 455/1689 (26.9%) | Falhas: 0
14:14:29 | INFO     | [14:14:29] ✅ DONE | 749015 | 7 responsáveis | 456/1689 (27.0%) | Falhas: 0
14:14:29 | INFO     | [14:14:29] ✅ DONE | 767798 | 6 responsáveis | 457/1689 (27.1%) | Falhas: 0
14:14:29 | INFO     | [14:14:29] ✅ DONE | 870200 | 6 responsáveis | 458/1689 (27.1%) | Falhas: 0
14:14:29 | INFO     | [14:14:29] ✅ DONE | 902727 | 4 responsáveis | 459/1689 (27.2%) | Falhas: 0
14:14:29 | INFO     | [14:14:29] ✅ DONE | 902838 | 4 responsáveis | 460/1689 (27.2%) | Falhas: 0
14:14:29 | INFO     | [14:14:29] ✅ DONE | 902774 | 4 responsáveis | 461/1689 (27.3%) | Falhas: 0
14:14:29 | INFO     | [14:14:29] ✅ DONE | 902769 | 4 responsáveis | 462/1689 (27.4%) | Falhas: 0
14:14:29 | INFO     | [14:14:29] ✅ DONE | 935587 | 0 responsáveis | 463/1689 (27.4%) | Falhas: 0
14:14:29 | INFO     | [14:14:29] ✅ DONE | 969353 | 0 responsáveis | 464/1689 (27.5%) | Falhas: 0
14:14:29 | INFO     | [14:14:29] ✅ DONE | 902842 | 4 responsáveis | 465/1689 (27.5%) | Falhas: 0
14:14:29 | INFO     | [14:14:29] ✅ DONE | 29636 | 0 responsáveis | 466/1689 (27.6%) | Falhas: 0
14:14:29 | INFO     | [14:14:29] ✅ DONE | 29918 | 0 responsáveis | 467/1689 (27.6%) | Falhas: 0
14:14:29 | INFO     | [14:14:29] ✅ DONE | 44224 | 0 responsáveis | 468/1689 (27.7%) | Falhas: 0
14:14:29 | INFO     | [14:14:29] ✅ DONE | 57426 | 0 responsáveis | 469/1689 (27.8%) | Falhas: 0
14:14:30 | INFO     | [14:14:30] ✅ DONE | 57551 | 0 responsáveis | 470/1689 (27.8%) | Falhas: 0
14:14:30 | INFO     | [14:14:30] ✅ DONE | 57612 | 0 responsáveis | 471/1689 (27.9%) | Falhas: 0
14:14:30 | INFO     | [14:14:30] ✅ DONE | 57890 | 0 responsáveis | 472/1689 (27.9%) | Falhas: 0
14:14:30 | INFO     | [14:14:30] ✅ DONE | 57961 | 0 responsáveis | 473/1689 (28.0%) | Falhas: 0
14:14:30 | INFO     | [14:14:30] ✅ DONE | 58688 | 0 responsáveis | 474/1689 (28.1%) | Falhas: 0
14:14:30 | INFO     | [14:14:30] ✅ DONE | 58021 | 0 responsáveis | 475/1689 (28.1%) | Falhas: 0
14:14:30 | INFO     | [14:14:30] ✅ DONE | 58362 | 0 responsáveis | 476/1689 (28.2%) | Falhas: 0
14:14:30 | INFO     | [14:14:30] ✅ DONE | 58627 | 0 responsáveis | 477/1689 (28.2%) | Falhas: 0
14:14:30 | INFO     | [14:14:30] ✅ DONE | 65548 | 0 responsáveis | 478/1689 (28.3%) | Falhas: 0
14:14:30 | INFO     | [14:14:30] ✅ DONE | 66167 | 0 responsáveis | 479/1689 (28.4%) | Falhas: 0
14:14:30 | INFO     | [14:14:30] ✅ DONE | 70315 | 0 responsáveis | 480/1689 (28.4%) | Falhas: 0
14:14:30 | INFO     | [14:14:30] ✅ DONE | 96439 | 0 responsáveis | 481/1689 (28.5%) | Falhas: 0
14:14:30 | INFO     | [14:14:30] ✅ DONE | 109518 | 0 responsáveis | 482/1689 (28.5%) | Falhas: 0
14:14:30 | INFO     | [14:14:30] ✅ DONE | 132086 | 0 responsáveis | 483/1689 (28.6%) | Falhas: 0
14:14:30 | INFO     | [14:14:30] ✅ DONE | 149719 | 0 responsáveis | 484/1689 (28.7%) | Falhas: 0
14:14:30 | INFO     | [14:14:30] ✅ DONE | 150365 | 0 responsáveis | 485/1689 (28.7%) | Falhas: 0
14:14:31 | INFO     | [14:14:31] ✅ DONE | 218384 | 0 responsáveis | 486/1689 (28.8%) | Falhas: 0
14:14:31 | INFO     | [14:14:31] ✅ DONE | 257710 | 0 responsáveis | 487/1689 (28.8%) | Falhas: 0
14:14:31 | INFO     | [14:14:31] ✅ DONE | 259817 | 0 responsáveis | 488/1689 (28.9%) | Falhas: 0
14:14:31 | INFO     | [14:14:31] ✅ DONE | 340799 | 0 responsáveis | 489/1689 (29.0%) | Falhas: 0
14:14:31 | INFO     | [14:14:31] ✅ DONE | 414374 | 0 responsáveis | 490/1689 (29.0%) | Falhas: 0
14:14:31 | INFO     | [14:14:31] ✅ DONE | 486346 | 0 responsáveis | 491/1689 (29.1%) | Falhas: 0
14:14:31 | INFO     | [14:14:31] ✅ DONE | 401769 | 0 responsáveis | 492/1689 (29.1%) | Falhas: 0
14:14:31 | INFO     | [14:14:31] ✅ DONE | 486558 | 0 responsáveis | 493/1689 (29.2%) | Falhas: 0
14:14:31 | INFO     | [14:14:31] ✅ DONE | 486964 | 0 responsáveis | 494/1689 (29.2%) | Falhas: 0
14:14:31 | INFO     | [14:14:31] ✅ DONE | 487688 | 0 responsáveis | 495/1689 (29.3%) | Falhas: 0
14:14:31 | INFO     | [14:14:31] ✅ DONE | 509673 | 0 responsáveis | 496/1689 (29.4%) | Falhas: 0
14:14:31 | INFO     | [14:14:31] ✅ DONE | 494471 | 0 responsáveis | 497/1689 (29.4%) | Falhas: 0
14:14:31 | INFO     | [14:14:31] ✅ DONE | 510300 | 0 responsáveis | 498/1689 (29.5%) | Falhas: 0
14:14:31 | INFO     | [14:14:31] ✅ DONE | 520392 | 0 responsáveis | 499/1689 (29.5%) | Falhas: 0
14:14:31 | INFO     | [14:14:31] ✅ DONE | 521786 | 0 responsáveis | 500/1689 (29.6%) | Falhas: 0
14:14:31 | INFO     | [14:14:31] ✅ DONE | 521948 | 0 responsáveis | 501/1689 (29.7%) | Falhas: 0
14:14:31 | INFO     | [14:14:31] ✅ DONE | 521859 | 0 responsáveis | 502/1689 (29.7%) | Falhas: 0
14:14:31 | INFO     | [14:14:31] ✅ DONE | 522058 | 0 responsáveis | 503/1689 (29.8%) | Falhas: 0
14:14:32 | INFO     | [14:14:32] ✅ DONE | 531780 | 0 responsáveis | 504/1689 (29.8%) | Falhas: 0
14:14:32 | INFO     | [14:14:32] ✅ DONE | 526948 | 0 responsáveis | 505/1689 (29.9%) | Falhas: 0
14:14:32 | INFO     | [14:14:32] ✅ DONE | 530328 | 0 responsáveis | 506/1689 (30.0%) | Falhas: 0
14:14:32 | INFO     | [14:14:32] ✅ DONE | 531781 | 0 responsáveis | 507/1689 (30.0%) | Falhas: 0
14:14:32 | INFO     | [14:14:32] ✅ DONE | 535654 | 0 responsáveis | 508/1689 (30.1%) | Falhas: 0
14:14:32 | INFO     | [14:14:32] ✅ DONE | 541027 | 0 responsáveis | 509/1689 (30.1%) | Falhas: 0
14:14:32 | INFO     | [14:14:32] ✅ DONE | 541037 | 0 responsáveis | 510/1689 (30.2%) | Falhas: 0
14:14:32 | INFO     | [14:14:32] ✅ DONE | 549428 | 0 responsáveis | 511/1689 (30.3%) | Falhas: 0
14:14:32 | INFO     | [14:14:32] ✅ DONE | 541047 | 0 responsáveis | 512/1689 (30.3%) | Falhas: 0
14:14:32 | INFO     | [14:14:32] ✅ DONE | 559642 | 0 responsáveis | 513/1689 (30.4%) | Falhas: 0
14:14:32 | INFO     | [14:14:32] ✅ DONE | 569657 | 0 responsáveis | 514/1689 (30.4%) | Falhas: 0
14:14:32 | INFO     | [14:14:32] ✅ DONE | 572389 | 0 responsáveis | 515/1689 (30.5%) | Falhas: 0
14:14:32 | INFO     | [14:14:32] ✅ DONE | 581522 | 0 responsáveis | 516/1689 (30.6%) | Falhas: 0
14:14:32 | INFO     | [14:14:32] ✅ DONE | 581834 | 0 responsáveis | 517/1689 (30.6%) | Falhas: 0
14:14:32 | INFO     | [14:14:32] ✅ DONE | 593298 | 0 responsáveis | 518/1689 (30.7%) | Falhas: 0
14:14:32 | INFO     | [14:14:32] ✅ DONE | 614690 | 0 responsáveis | 519/1689 (30.7%) | Falhas: 0
14:14:32 | INFO     | [14:14:32] ✅ DONE | 596711 | 0 responsáveis | 520/1689 (30.8%) | Falhas: 0
14:14:32 | INFO     | [14:14:32] ✅ DONE | 682339 | 0 responsáveis | 521/1689 (30.8%) | Falhas: 0
14:14:32 | INFO     | [14:14:32] ✅ DONE | 682623 | 0 responsáveis | 522/1689 (30.9%) | Falhas: 0
14:14:33 | INFO     | [14:14:33] ✅ DONE | 696315 | 0 responsáveis | 523/1689 (31.0%) | Falhas: 0
14:14:33 | INFO     | [14:14:33] ✅ DONE | 698181 | 0 responsáveis | 524/1689 (31.0%) | Falhas: 0
14:14:33 | INFO     | [14:14:33] ✅ DONE | 798909 | 0 responsáveis | 525/1689 (31.1%) | Falhas: 0
14:14:33 | INFO     | [14:14:33] ✅ DONE | 805052 | 0 responsáveis | 526/1689 (31.1%) | Falhas: 0
14:14:33 | INFO     | [14:14:33] ✅ DONE | 799923 | 0 responsáveis | 527/1689 (31.2%) | Falhas: 0
14:14:33 | INFO     | [14:14:33] ✅ DONE | 799911 | 0 responsáveis | 528/1689 (31.3%) | Falhas: 0
14:14:33 | INFO     | [14:14:33] ✅ DONE | 805730 | 0 responsáveis | 529/1689 (31.3%) | Falhas: 0
14:14:33 | INFO     | [14:14:33] ✅ DONE | 809916 | 0 responsáveis | 530/1689 (31.4%) | Falhas: 0
14:14:33 | INFO     | [14:14:33] ✅ DONE | 810297 | 0 responsáveis | 531/1689 (31.4%) | Falhas: 0
14:14:33 | INFO     | [14:14:33] ✅ DONE | 830813 | 0 responsáveis | 532/1689 (31.5%) | Falhas: 0
14:14:33 | INFO     | [14:14:33] ✅ DONE | 832969 | 0 responsáveis | 533/1689 (31.6%) | Falhas: 0
14:14:33 | INFO     | [14:14:33] ✅ DONE | 860757 | 0 responsáveis | 534/1689 (31.6%) | Falhas: 0
14:14:33 | INFO     | [14:14:33] ✅ DONE | 833095 | 0 responsáveis | 535/1689 (31.7%) | Falhas: 0
14:14:33 | INFO     | [14:14:33] ✅ DONE | 870652 | 0 responsáveis | 536/1689 (31.7%) | Falhas: 0
14:14:33 | INFO     | [14:14:33] ✅ DONE | 860785 | 0 responsáveis | 537/1689 (31.8%) | Falhas: 0
14:14:33 | INFO     | [14:14:33] ✅ DONE | 870757 | 0 responsáveis | 538/1689 (31.9%) | Falhas: 0
14:14:33 | INFO     | [14:14:33] ✅ DONE | 871399 | 0 responsáveis | 539/1689 (31.9%) | Falhas: 0
14:14:33 | INFO     | [14:14:33] ✅ DONE | 950347 | 0 responsáveis | 540/1689 (32.0%) | Falhas: 0
14:14:33 | INFO     | [14:14:33] ✅ DONE | 960532 | 0 responsáveis | 541/1689 (32.0%) | Falhas: 0
14:14:33 | INFO     | [14:14:33] ✅ DONE | 965585 | 0 responsáveis | 542/1689 (32.1%) | Falhas: 0
14:14:33 | INFO     | [14:14:33] ✅ DONE | 971231 | 0 responsáveis | 543/1689 (32.1%) | Falhas: 0
14:14:34 | INFO     | [14:14:34] ✅ DONE | 19735 | 0 responsáveis | 544/1689 (32.2%) | Falhas: 0
14:14:34 | INFO     | [14:14:34] ✅ DONE | 44226 | 0 responsáveis | 545/1689 (32.3%) | Falhas: 0
14:14:34 | INFO     | [14:14:34] ✅ DONE | 67440 | 0 responsáveis | 546/1689 (32.3%) | Falhas: 0
14:14:34 | INFO     | [14:14:34] ✅ DONE | 57891 | 0 responsáveis | 547/1689 (32.4%) | Falhas: 0
14:14:34 | INFO     | [14:14:34] ✅ DONE | 85096 | 0 responsáveis | 548/1689 (32.4%) | Falhas: 0
14:14:34 | INFO     | [14:14:34] ✅ DONE | 93401 | 0 responsáveis | 549/1689 (32.5%) | Falhas: 0
14:14:34 | INFO     | [14:14:34] ✅ DONE | 85612 | 1 responsáveis | 550/1689 (32.6%) | Falhas: 0
14:14:34 | INFO     | [14:14:34] ✅ DONE | 127864 | 0 responsáveis | 551/1689 (32.6%) | Falhas: 0
14:14:34 | INFO     | [14:14:34] ✅ DONE | 182540 | 0 responsáveis | 552/1689 (32.7%) | Falhas: 0
14:14:34 | INFO     | [14:14:34] ✅ DONE | 185451 | 0 responsáveis | 553/1689 (32.7%) | Falhas: 0
14:14:34 | INFO     | [14:14:34] ✅ DONE | 258331 | 0 responsáveis | 554/1689 (32.8%) | Falhas: 0
14:14:34 | INFO     | [14:14:34] ✅ DONE | 260522 | 0 responsáveis | 555/1689 (32.9%) | Falhas: 0
14:14:34 | INFO     | [14:14:34] ✅ DONE | 412300 | 0 responsáveis | 556/1689 (32.9%) | Falhas: 0
14:14:34 | INFO     | [14:14:34] ✅ DONE | 412311 | 0 responsáveis | 557/1689 (33.0%) | Falhas: 0
14:14:34 | INFO     | [14:14:34] ✅ DONE | 418708 | 2 responsáveis | 558/1689 (33.0%) | Falhas: 0
14:14:34 | INFO     | [14:14:34] ✅ DONE | 445050 | 0 responsáveis | 559/1689 (33.1%) | Falhas: 0
14:14:34 | INFO     | [14:14:34] ✅ DONE | 475800 | 0 responsáveis | 560/1689 (33.2%) | Falhas: 0
14:14:34 | INFO     | [14:14:34] ✅ DONE | 482435 | 0 responsáveis | 561/1689 (33.2%) | Falhas: 0
14:14:34 | INFO     | [14:14:34] ✅ DONE | 482449 | 0 responsáveis | 562/1689 (33.3%) | Falhas: 0
14:14:35 | INFO     | [14:14:35] ✅ DONE | 482471 | 0 responsáveis | 563/1689 (33.3%) | Falhas: 0
14:14:35 | INFO     | [14:14:35] ✅ DONE | 482474 | 0 responsáveis | 564/1689 (33.4%) | Falhas: 0
14:14:35 | INFO     | [14:14:35] ✅ DONE | 482497 | 0 responsáveis | 565/1689 (33.5%) | Falhas: 0
14:14:35 | INFO     | [14:14:35] ✅ DONE | 482487 | 0 responsáveis | 566/1689 (33.5%) | Falhas: 0
14:14:35 | INFO     | [14:14:35] ✅ DONE | 482509 | 0 responsáveis | 567/1689 (33.6%) | Falhas: 0
14:14:35 | INFO     | [14:14:35] ✅ DONE | 488119 | 0 responsáveis | 568/1689 (33.6%) | Falhas: 0
14:14:35 | INFO     | [14:14:35] ✅ DONE | 488128 | 0 responsáveis | 569/1689 (33.7%) | Falhas: 0
14:14:35 | INFO     | [14:14:35] ✅ DONE | 498605 | 0 responsáveis | 570/1689 (33.7%) | Falhas: 0
14:14:35 | INFO     | [14:14:35] ✅ DONE | 507281 | 0 responsáveis | 571/1689 (33.8%) | Falhas: 0
14:14:35 | INFO     | [14:14:35] ✅ DONE | 510253 | 0 responsáveis | 572/1689 (33.9%) | Falhas: 0
14:14:35 | INFO     | [14:14:35] ✅ DONE | 510303 | 0 responsáveis | 573/1689 (33.9%) | Falhas: 0
14:14:35 | INFO     | [14:14:35] ✅ DONE | 511783 | 1 responsáveis | 574/1689 (34.0%) | Falhas: 0
14:14:35 | INFO     | [14:14:35] ✅ DONE | 522689 | 0 responsáveis | 575/1689 (34.0%) | Falhas: 0
14:14:35 | INFO     | [14:14:35] ✅ DONE | 525747 | 0 responsáveis | 576/1689 (34.1%) | Falhas: 0
14:14:35 | INFO     | [14:14:35] ✅ DONE | 533740 | 0 responsáveis | 577/1689 (34.2%) | Falhas: 0
14:14:35 | INFO     | [14:14:35] ✅ DONE | 534659 | 0 responsáveis | 578/1689 (34.2%) | Falhas: 0
14:14:35 | INFO     | [14:14:35] ✅ DONE | 534662 | 0 responsáveis | 579/1689 (34.3%) | Falhas: 0
14:14:35 | INFO     | [14:14:35] ✅ DONE | 534673 | 0 responsáveis | 580/1689 (34.3%) | Falhas: 0
14:14:35 | INFO     | [14:14:35] ✅ DONE | 534681 | 0 responsáveis | 581/1689 (34.4%) | Falhas: 0
14:14:35 | INFO     | [14:14:35] ✅ DONE | 534685 | 0 responsáveis | 582/1689 (34.5%) | Falhas: 0
14:14:36 | INFO     | [14:14:36] ✅ DONE | 535033 | 0 responsáveis | 583/1689 (34.5%) | Falhas: 0
14:14:36 | INFO     | [14:14:36] ✅ DONE | 535878 | 8 responsáveis | 584/1689 (34.6%) | Falhas: 0
14:14:36 | INFO     | [14:14:36] ✅ DONE | 569256 | 0 responsáveis | 585/1689 (34.6%) | Falhas: 0
14:14:36 | INFO     | [14:14:36] ✅ DONE | 538916 | 1 responsáveis | 586/1689 (34.7%) | Falhas: 0
14:14:36 | INFO     | [14:14:36] ✅ DONE | 569393 | 0 responsáveis | 587/1689 (34.8%) | Falhas: 0
14:14:36 | INFO     | [14:14:36] ✅ DONE | 580924 | 0 responsáveis | 588/1689 (34.8%) | Falhas: 0
14:14:36 | INFO     | [14:14:36] ✅ DONE | 586533 | 0 responsáveis | 589/1689 (34.9%) | Falhas: 0
14:14:36 | INFO     | [14:14:36] ✅ DONE | 580985 | 0 responsáveis | 590/1689 (34.9%) | Falhas: 0
14:14:36 | INFO     | [14:14:36] ✅ DONE | 586564 | 0 responsáveis | 591/1689 (35.0%) | Falhas: 0
14:14:36 | INFO     | [14:14:36] ✅ DONE | 587802 | 3 responsáveis | 592/1689 (35.1%) | Falhas: 0
14:14:36 | INFO     | [14:14:36] ✅ DONE | 596331 | 0 responsáveis | 593/1689 (35.1%) | Falhas: 0
14:14:36 | INFO     | [14:14:36] ✅ DONE | 621698 | 0 responsáveis | 594/1689 (35.2%) | Falhas: 0
14:14:36 | INFO     | [14:14:36] ✅ DONE | 596862 | 0 responsáveis | 595/1689 (35.2%) | Falhas: 0
14:14:36 | INFO     | [14:14:36] ✅ DONE | 622910 | 0 responsáveis | 596/1689 (35.3%) | Falhas: 0
14:14:36 | INFO     | [14:14:36] ✅ DONE | 621695 | 0 responsáveis | 597/1689 (35.3%) | Falhas: 0
14:14:36 | INFO     | [14:14:36] ✅ DONE | 622911 | 0 responsáveis | 598/1689 (35.4%) | Falhas: 0
14:14:37 | INFO     | [14:14:37] ✅ DONE | 622912 | 0 responsáveis | 599/1689 (35.5%) | Falhas: 0
14:14:37 | INFO     | [14:14:37] ✅ DONE | 622913 | 0 responsáveis | 600/1689 (35.5%) | Falhas: 0
14:14:37 | INFO     | [14:14:37] ✅ DONE | 622914 | 0 responsáveis | 601/1689 (35.6%) | Falhas: 0
14:14:37 | INFO     | [14:14:37] ✅ DONE | 622915 | 0 responsáveis | 602/1689 (35.6%) | Falhas: 0
14:14:37 | INFO     | [14:14:37] ✅ DONE | 622916 | 0 responsáveis | 603/1689 (35.7%) | Falhas: 0
14:14:37 | INFO     | [14:14:37] ✅ DONE | 622917 | 0 responsáveis | 604/1689 (35.8%) | Falhas: 0
14:14:37 | INFO     | [14:14:37] ✅ DONE | 622919 | 0 responsáveis | 605/1689 (35.8%) | Falhas: 0
14:14:37 | INFO     | [14:14:37] ✅ DONE | 622918 | 0 responsáveis | 606/1689 (35.9%) | Falhas: 0
14:14:37 | INFO     | [14:14:37] ✅ DONE | 622921 | 0 responsáveis | 607/1689 (35.9%) | Falhas: 0
14:14:37 | INFO     | [14:14:37] ✅ DONE | 622920 | 0 responsáveis | 608/1689 (36.0%) | Falhas: 0
14:14:37 | INFO     | [14:14:37] ✅ DONE | 631832 | 0 responsáveis | 609/1689 (36.1%) | Falhas: 0
14:14:37 | INFO     | [14:14:37] ✅ DONE | 631852 | 0 responsáveis | 610/1689 (36.1%) | Falhas: 0
14:14:37 | INFO     | [14:14:37] ✅ DONE | 631879 | 0 responsáveis | 611/1689 (36.2%) | Falhas: 0
14:14:37 | INFO     | [14:14:37] ✅ DONE | 631861 | 0 responsáveis | 612/1689 (36.2%) | Falhas: 0
14:14:37 | INFO     | [14:14:37] ✅ DONE | 631913 | 0 responsáveis | 613/1689 (36.3%) | Falhas: 0
14:14:37 | INFO     | [14:14:37] ✅ DONE | 631923 | 0 responsáveis | 614/1689 (36.4%) | Falhas: 0
14:14:38 | INFO     | [14:14:38] ✅ DONE | 632069 | 0 responsáveis | 615/1689 (36.4%) | Falhas: 0
14:14:38 | INFO     | [14:14:38] ✅ DONE | 632071 | 0 responsáveis | 616/1689 (36.5%) | Falhas: 0
14:14:38 | INFO     | [14:14:38] ✅ DONE | 632076 | 0 responsáveis | 617/1689 (36.5%) | Falhas: 0
14:14:38 | INFO     | [14:14:38] ✅ DONE | 632299 | 0 responsáveis | 618/1689 (36.6%) | Falhas: 0
14:14:38 | INFO     | [14:14:38] ✅ DONE | 632316 | 0 responsáveis | 619/1689 (36.6%) | Falhas: 0
14:14:38 | INFO     | [14:14:38] ✅ DONE | 632359 | 0 responsáveis | 620/1689 (36.7%) | Falhas: 0
14:14:38 | INFO     | [14:14:38] ✅ DONE | 632352 | 0 responsáveis | 621/1689 (36.8%) | Falhas: 0
14:14:38 | INFO     | [14:14:38] ✅ DONE | 632364 | 0 responsáveis | 622/1689 (36.8%) | Falhas: 0
14:14:38 | INFO     | [14:14:38] ✅ DONE | 632385 | 0 responsáveis | 623/1689 (36.9%) | Falhas: 0
14:14:38 | INFO     | [14:14:38] ✅ DONE | 632428 | 0 responsáveis | 624/1689 (36.9%) | Falhas: 0
14:14:38 | INFO     | [14:14:38] ✅ DONE | 632418 | 0 responsáveis | 625/1689 (37.0%) | Falhas: 0
14:14:38 | INFO     | [14:14:38] ✅ DONE | 647263 | 0 responsáveis | 626/1689 (37.1%) | Falhas: 0
14:14:38 | INFO     | [14:14:38] ✅ DONE | 684007 | 0 responsáveis | 627/1689 (37.1%) | Falhas: 0
14:14:38 | INFO     | [14:14:38] ✅ DONE | 697077 | 0 responsáveis | 628/1689 (37.2%) | Falhas: 0
14:14:38 | INFO     | [14:14:38] ✅ DONE | 715784 | 0 responsáveis | 629/1689 (37.2%) | Falhas: 0
14:14:38 | INFO     | [14:14:38] ✅ DONE | 760489 | 0 responsáveis | 630/1689 (37.3%) | Falhas: 0
14:14:38 | INFO     | [14:14:38] ✅ DONE | 782430 | 0 responsáveis | 631/1689 (37.4%) | Falhas: 0
14:14:38 | INFO     | [14:14:38] ✅ DONE | 782466 | 0 responsáveis | 632/1689 (37.4%) | Falhas: 0
14:14:39 | INFO     | [14:14:39] ✅ DONE | 782522 | 0 responsáveis | 633/1689 (37.5%) | Falhas: 0
14:14:39 | INFO     | [14:14:39] ✅ DONE | 782526 | 0 responsáveis | 634/1689 (37.5%) | Falhas: 0
14:14:39 | INFO     | [14:14:39] ✅ DONE | 782564 | 0 responsáveis | 635/1689 (37.6%) | Falhas: 0
14:14:39 | INFO     | [14:14:39] ✅ DONE | 782568 | 0 responsáveis | 636/1689 (37.7%) | Falhas: 0
14:14:39 | INFO     | [14:14:39] ✅ DONE | 782538 | 0 responsáveis | 637/1689 (37.7%) | Falhas: 0
14:14:39 | INFO     | [14:14:39] ✅ DONE | 782571 | 0 responsáveis | 638/1689 (37.8%) | Falhas: 0
14:14:39 | INFO     | [14:14:39] ✅ DONE | 782600 | 0 responsáveis | 639/1689 (37.8%) | Falhas: 0
14:14:39 | INFO     | [14:14:39] ✅ DONE | 782578 | 0 responsáveis | 640/1689 (37.9%) | Falhas: 0
14:14:39 | INFO     | [14:14:39] ✅ DONE | 782615 | 0 responsáveis | 641/1689 (38.0%) | Falhas: 0
14:14:39 | INFO     | [14:14:39] ✅ DONE | 855625 | 0 responsáveis | 642/1689 (38.0%) | Falhas: 0
14:14:39 | INFO     | [14:14:39] ✅ DONE | 787725 | 0 responsáveis | 643/1689 (38.1%) | Falhas: 0
14:14:39 | INFO     | [14:14:39] ✅ DONE | 870188 | 0 responsáveis | 644/1689 (38.1%) | Falhas: 0
14:14:39 | INFO     | [14:14:39] ✅ DONE | 950216 | 0 responsáveis | 645/1689 (38.2%) | Falhas: 0
14:14:39 | INFO     | [14:14:39] ✅ DONE | 10341 | 0 responsáveis | 646/1689 (38.2%) | Falhas: 0
14:14:39 | INFO     | [14:14:39] ✅ DONE | 20780 | 0 responsáveis | 647/1689 (38.3%) | Falhas: 0
14:14:39 | INFO     | [14:14:39] ✅ DONE | 29912 | 0 responsáveis | 648/1689 (38.4%) | Falhas: 0
14:14:39 | INFO     | [14:14:39] ✅ DONE | 43166 | 0 responsáveis | 649/1689 (38.4%) | Falhas: 0
14:14:40 | INFO     | [14:14:40] ✅ DONE | 43981 | 0 responsáveis | 650/1689 (38.5%) | Falhas: 0
14:14:40 | INFO     | [14:14:40] ✅ DONE | 44098 | 0 responsáveis | 651/1689 (38.5%) | Falhas: 0
14:14:40 | INFO     | [14:14:40] ✅ DONE | 43652 | 0 responsáveis | 652/1689 (38.6%) | Falhas: 0
14:14:40 | INFO     | [14:14:40] ✅ DONE | 57613 | 0 responsáveis | 653/1689 (38.7%) | Falhas: 0
14:14:40 | INFO     | [14:14:40] ✅ DONE | 66168 | 1 responsáveis | 654/1689 (38.7%) | Falhas: 0
14:14:40 | INFO     | [14:14:40] ✅ DONE | 44225 | 0 responsáveis | 655/1689 (38.8%) | Falhas: 0
14:14:40 | INFO     | [14:14:40] ✅ DONE | 71773 | 0 responsáveis | 656/1689 (38.8%) | Falhas: 0
14:14:40 | INFO     | [14:14:40] ✅ DONE | 58093 | 0 responsáveis | 657/1689 (38.9%) | Falhas: 0
14:14:40 | INFO     | [14:14:40] ✅ DONE | 71928 | 0 responsáveis | 658/1689 (39.0%) | Falhas: 0
14:14:40 | INFO     | [14:14:40] ✅ DONE | 112143 | 2 responsáveis | 659/1689 (39.0%) | Falhas: 0
14:14:40 | INFO     | [14:14:40] ✅ DONE | 112178 | 1 responsáveis | 660/1689 (39.1%) | Falhas: 0
14:14:40 | INFO     | [14:14:40] ✅ DONE | 113680 | 0 responsáveis | 661/1689 (39.1%) | Falhas: 0
14:14:40 | INFO     | [14:14:40] ✅ DONE | 119920 | 1 responsáveis | 662/1689 (39.2%) | Falhas: 0
14:14:40 | INFO     | [14:14:40] ✅ DONE | 119923 | 0 responsáveis | 663/1689 (39.3%) | Falhas: 0
14:14:40 | INFO     | [14:14:40] ✅ DONE | 125761 | 0 responsáveis | 664/1689 (39.3%) | Falhas: 0
14:14:41 | INFO     | [14:14:41] ✅ DONE | 129632 | 0 responsáveis | 665/1689 (39.4%) | Falhas: 0
14:14:41 | INFO     | [14:14:41] ✅ DONE | 132961 | 0 responsáveis | 666/1689 (39.4%) | Falhas: 0
14:14:41 | INFO     | [14:14:41] ✅ DONE | 148393 | 2 responsáveis | 667/1689 (39.5%) | Falhas: 0
14:14:41 | INFO     | [14:14:41] ✅ DONE | 156820 | 2 responsáveis | 668/1689 (39.6%) | Falhas: 0
14:14:41 | INFO     | [14:14:41] ✅ DONE | 158780 | 1 responsáveis | 669/1689 (39.6%) | Falhas: 0
14:14:41 | INFO     | [14:14:41] ✅ DONE | 174935 | 0 responsáveis | 670/1689 (39.7%) | Falhas: 0
14:14:41 | INFO     | [14:14:41] ✅ DONE | 179009 | 0 responsáveis | 671/1689 (39.7%) | Falhas: 0
14:14:41 | INFO     | [14:14:41] ✅ DONE | 172217 | 1 responsáveis | 672/1689 (39.8%) | Falhas: 0
14:14:41 | INFO     | [14:14:41] ✅ DONE | 198178 | 0 responsáveis | 673/1689 (39.8%) | Falhas: 0
14:14:41 | INFO     | [14:14:41] ✅ DONE | 202015 | 0 responsáveis | 674/1689 (39.9%) | Falhas: 0
14:14:41 | INFO     | [14:14:41] ✅ DONE | 205876 | 0 responsáveis | 675/1689 (40.0%) | Falhas: 0
14:14:41 | INFO     | [14:14:41] ✅ DONE | 222460 | 0 responsáveis | 676/1689 (40.0%) | Falhas: 0
14:14:41 | INFO     | [14:14:41] ✅ DONE | 219219 | 0 responsáveis | 677/1689 (40.1%) | Falhas: 0
14:14:41 | INFO     | [14:14:41] ✅ DONE | 243448 | 1 responsáveis | 678/1689 (40.1%) | Falhas: 0
14:14:41 | INFO     | [14:14:41] ✅ DONE | 243664 | 0 responsáveis | 679/1689 (40.2%) | Falhas: 0
14:14:41 | INFO     | [14:14:41] ✅ DONE | 258558 | 1 responsáveis | 680/1689 (40.3%) | Falhas: 0
14:14:41 | INFO     | [14:14:41] ✅ DONE | 245500 | 0 responsáveis | 681/1689 (40.3%) | Falhas: 0
14:14:41 | INFO     | [14:14:41] ✅ DONE | 314143 | 2 responsáveis | 682/1689 (40.4%) | Falhas: 0
14:14:42 | INFO     | [14:14:42] ✅ DONE | 369035 | 0 responsáveis | 683/1689 (40.4%) | Falhas: 0
14:14:42 | INFO     | [14:14:42] ✅ DONE | 425036 | 1 responsáveis | 684/1689 (40.5%) | Falhas: 0
14:14:42 | INFO     | [14:14:42] ✅ DONE | 425039 | 1 responsáveis | 685/1689 (40.6%) | Falhas: 0
14:14:42 | INFO     | [14:14:42] ✅ DONE | 438903 | 1 responsáveis | 686/1689 (40.6%) | Falhas: 0
14:14:42 | INFO     | [14:14:42] ✅ DONE | 430044 | 1 responsáveis | 687/1689 (40.7%) | Falhas: 0
14:14:42 | INFO     | [14:14:42] ✅ DONE | 425040 | 1 responsáveis | 688/1689 (40.7%) | Falhas: 0
14:14:42 | INFO     | [14:14:42] ✅ DONE | 439247 | 0 responsáveis | 689/1689 (40.8%) | Falhas: 0
14:14:42 | INFO     | [14:14:42] ✅ DONE | 442930 | 0 responsáveis | 690/1689 (40.9%) | Falhas: 0
14:14:42 | INFO     | [14:14:42] ✅ DONE | 444856 | 0 responsáveis | 691/1689 (40.9%) | Falhas: 0
14:14:42 | INFO     | [14:14:42] ✅ DONE | 446241 | 1 responsáveis | 692/1689 (41.0%) | Falhas: 0
14:14:42 | INFO     | [14:14:42] ✅ DONE | 446242 | 1 responsáveis | 693/1689 (41.0%) | Falhas: 0
14:14:42 | INFO     | [14:14:42] ✅ DONE | 446240 | 1 responsáveis | 694/1689 (41.1%) | Falhas: 0
14:14:42 | INFO     | [14:14:42] ✅ DONE | 449901 | 0 responsáveis | 695/1689 (41.1%) | Falhas: 0
14:14:42 | INFO     | [14:14:42] ✅ DONE | 451084 | 0 responsáveis | 696/1689 (41.2%) | Falhas: 0
14:14:42 | INFO     | [14:14:42] ✅ DONE | 465880 | 1 responsáveis | 697/1689 (41.3%) | Falhas: 0
14:14:42 | INFO     | [14:14:42] ✅ DONE | 476289 | 1 responsáveis | 698/1689 (41.3%) | Falhas: 0
14:14:42 | INFO     | [14:14:42] ✅ DONE | 482228 | 0 responsáveis | 699/1689 (41.4%) | Falhas: 0
14:14:42 | INFO     | [14:14:42] ✅ DONE | 482496 | 0 responsáveis | 700/1689 (41.4%) | Falhas: 0
14:14:43 | INFO     | [14:14:43] ✅ DONE | 488496 | 0 responsáveis | 701/1689 (41.5%) | Falhas: 0
14:14:43 | INFO     | [14:14:43] ✅ DONE | 487966 | 0 responsáveis | 702/1689 (41.6%) | Falhas: 0
14:14:43 | INFO     | [14:14:43] ✅ DONE | 482816 | 0 responsáveis | 703/1689 (41.6%) | Falhas: 0
14:14:43 | INFO     | [14:14:43] ✅ DONE | 491260 | 0 responsáveis | 704/1689 (41.7%) | Falhas: 0
14:14:43 | INFO     | [14:14:43] ✅ DONE | 494259 | 0 responsáveis | 705/1689 (41.7%) | Falhas: 0
14:14:43 | INFO     | [14:14:43] ✅ DONE | 494283 | 0 responsáveis | 706/1689 (41.8%) | Falhas: 0
14:14:43 | INFO     | [14:14:43] ✅ DONE | 504447 | 0 responsáveis | 707/1689 (41.9%) | Falhas: 0
14:14:43 | INFO     | [14:14:43] ✅ DONE | 495321 | 0 responsáveis | 708/1689 (41.9%) | Falhas: 0
14:14:43 | INFO     | [14:14:43] ✅ DONE | 509833 | 0 responsáveis | 709/1689 (42.0%) | Falhas: 0
14:14:43 | INFO     | [14:14:43] ✅ DONE | 532707 | 0 responsáveis | 710/1689 (42.0%) | Falhas: 0
14:14:43 | INFO     | [14:14:43] ✅ DONE | 522210 | 3 responsáveis | 711/1689 (42.1%) | Falhas: 0
14:14:43 | INFO     | [14:14:43] ✅ DONE | 547109 | 0 responsáveis | 712/1689 (42.2%) | Falhas: 0
14:14:43 | INFO     | [14:14:43] ✅ DONE | 564674 | 0 responsáveis | 713/1689 (42.2%) | Falhas: 0
14:14:43 | INFO     | [14:14:43] ✅ DONE | 591049 | 0 responsáveis | 714/1689 (42.3%) | Falhas: 0
14:14:43 | INFO     | [14:14:43] ✅ DONE | 591373 | 0 responsáveis | 715/1689 (42.3%) | Falhas: 0
14:14:43 | INFO     | [14:14:43] ✅ DONE | 596518 | 0 responsáveis | 716/1689 (42.4%) | Falhas: 0
14:14:43 | INFO     | [14:14:43] ✅ DONE | 597488 | 0 responsáveis | 717/1689 (42.5%) | Falhas: 0
14:14:43 | INFO     | [14:14:43] ✅ DONE | 605556 | 0 responsáveis | 718/1689 (42.5%) | Falhas: 0
14:14:43 | INFO     | [14:14:43] ✅ DONE | 636955 | 0 responsáveis | 719/1689 (42.6%) | Falhas: 0
14:14:43 | INFO     | [14:14:43] ✅ DONE | 665281 | 0 responsáveis | 720/1689 (42.6%) | Falhas: 0
14:14:43 | INFO     | [14:14:43] ✅ DONE | 690248 | 0 responsáveis | 721/1689 (42.7%) | Falhas: 0
14:14:43 | INFO     | [14:14:43] ✅ DONE | 665391 | 0 responsáveis | 722/1689 (42.7%) | Falhas: 0
14:14:44 | INFO     | [14:14:44] ✅ DONE | 698023 | 0 responsáveis | 723/1689 (42.8%) | Falhas: 0
14:14:44 | INFO     | [14:14:44] ✅ DONE | 700662 | 0 responsáveis | 724/1689 (42.9%) | Falhas: 0
14:14:44 | INFO     | [14:14:44] ✅ DONE | 704639 | 0 responsáveis | 725/1689 (42.9%) | Falhas: 0
14:14:44 | INFO     | [14:14:44] ✅ DONE | 743110 | 0 responsáveis | 726/1689 (43.0%) | Falhas: 0
14:14:44 | INFO     | [14:14:44] ✅ DONE | 757511 | 0 responsáveis | 727/1689 (43.0%) | Falhas: 0
14:14:44 | INFO     | [14:14:44] ✅ DONE | 764393 | 0 responsáveis | 728/1689 (43.1%) | Falhas: 0
14:14:44 | INFO     | [14:14:44] ✅ DONE | 785536 | 0 responsáveis | 729/1689 (43.2%) | Falhas: 0
14:14:44 | INFO     | [14:14:44] ✅ DONE | 791398 | 0 responsáveis | 730/1689 (43.2%) | Falhas: 0
14:14:44 | INFO     | [14:14:44] ✅ DONE | 791399 | 0 responsáveis | 731/1689 (43.3%) | Falhas: 0
14:14:44 | INFO     | [14:14:44] ✅ DONE | 793927 | 0 responsáveis | 732/1689 (43.3%) | Falhas: 0
14:14:44 | INFO     | [14:14:44] ✅ DONE | 791400 | 0 responsáveis | 733/1689 (43.4%) | Falhas: 0
14:14:44 | INFO     | [14:14:44] ✅ DONE | 795761 | 0 responsáveis | 734/1689 (43.5%) | Falhas: 0
14:14:44 | INFO     | [14:14:44] ✅ DONE | 793928 | 0 responsáveis | 735/1689 (43.5%) | Falhas: 0
14:14:44 | INFO     | [14:14:44] ✅ DONE | 806376 | 0 responsáveis | 736/1689 (43.6%) | Falhas: 0
14:14:44 | INFO     | [14:14:44] ✅ DONE | 806377 | 0 responsáveis | 737/1689 (43.6%) | Falhas: 0
14:14:44 | INFO     | [14:14:44] ✅ DONE | 802994 | 0 responsáveis | 738/1689 (43.7%) | Falhas: 0
14:14:44 | INFO     | [14:14:44] ✅ DONE | 806378 | 0 responsáveis | 739/1689 (43.8%) | Falhas: 0
14:14:44 | INFO     | [14:14:44] ✅ DONE | 806379 | 0 responsáveis | 740/1689 (43.8%) | Falhas: 0
14:14:44 | INFO     | [14:14:44] ✅ DONE | 815513 | 0 responsáveis | 741/1689 (43.9%) | Falhas: 0
14:14:45 | INFO     | [14:14:45] ✅ DONE | 815514 | 0 responsáveis | 742/1689 (43.9%) | Falhas: 0
14:14:45 | INFO     | [14:14:45] ✅ DONE | 823229 | 0 responsáveis | 743/1689 (44.0%) | Falhas: 0
14:14:45 | INFO     | [14:14:45] ✅ DONE | 823230 | 0 responsáveis | 744/1689 (44.0%) | Falhas: 0
14:14:45 | INFO     | [14:14:45] ✅ DONE | 823231 | 0 responsáveis | 745/1689 (44.1%) | Falhas: 0
14:14:45 | INFO     | [14:14:45] ✅ DONE | 836281 | 0 responsáveis | 746/1689 (44.2%) | Falhas: 0
14:14:45 | INFO     | [14:14:45] ✅ DONE | 823232 | 0 responsáveis | 747/1689 (44.2%) | Falhas: 0
14:14:45 | INFO     | [14:14:45] ✅ DONE | 836282 | 0 responsáveis | 748/1689 (44.3%) | Falhas: 0
14:14:45 | INFO     | [14:14:45] ✅ DONE | 838415 | 0 responsáveis | 749/1689 (44.3%) | Falhas: 0
14:14:45 | INFO     | [14:14:45] ✅ DONE | 836283 | 0 responsáveis | 750/1689 (44.4%) | Falhas: 0
14:14:45 | INFO     | [14:14:45] ✅ DONE | 857289 | 0 responsáveis | 751/1689 (44.5%) | Falhas: 0
14:14:45 | INFO     | [14:14:45] ✅ DONE | 857287 | 0 responsáveis | 752/1689 (44.5%) | Falhas: 0
14:14:45 | INFO     | [14:14:45] ✅ DONE | 895832 | 0 responsáveis | 753/1689 (44.6%) | Falhas: 0
14:14:45 | INFO     | [14:14:45] ✅ DONE | 857288 | 0 responsáveis | 754/1689 (44.6%) | Falhas: 0
14:14:45 | INFO     | [14:14:45] ✅ DONE | 902859 | 0 responsáveis | 755/1689 (44.7%) | Falhas: 0
14:14:45 | INFO     | [14:14:45] ✅ DONE | 867078 | 1 responsáveis | 756/1689 (44.8%) | Falhas: 0
14:14:45 | INFO     | [14:14:45] ✅ DONE | 902894 | 0 responsáveis | 757/1689 (44.8%) | Falhas: 0
14:14:45 | INFO     | [14:14:45] ✅ DONE | 902904 | 0 responsáveis | 758/1689 (44.9%) | Falhas: 0
14:14:45 | INFO     | [14:14:45] ✅ DONE | 907788 | 0 responsáveis | 759/1689 (44.9%) | Falhas: 0
14:14:46 | INFO     | [14:14:46] ✅ DONE | 920294 | 0 responsáveis | 760/1689 (45.0%) | Falhas: 0
14:14:46 | INFO     | [14:14:46] ✅ DONE | 922010 | 0 responsáveis | 761/1689 (45.1%) | Falhas: 0
14:14:46 | INFO     | [14:14:46] ✅ DONE | 926556 | 0 responsáveis | 762/1689 (45.1%) | Falhas: 0
14:14:46 | INFO     | [14:14:46] ✅ DONE | 932457 | 0 responsáveis | 763/1689 (45.2%) | Falhas: 0
14:14:46 | INFO     | [14:14:46] ✅ DONE | 942592 | 0 responsáveis | 764/1689 (45.2%) | Falhas: 0
14:14:46 | INFO     | [14:14:46] ✅ DONE | 951563 | 0 responsáveis | 765/1689 (45.3%) | Falhas: 0
14:14:46 | INFO     | [14:14:46] ✅ DONE | 29365 | 0 responsáveis | 766/1689 (45.4%) | Falhas: 0
14:14:46 | INFO     | [14:14:46] ✅ DONE | 88680 | 0 responsáveis | 767/1689 (45.4%) | Falhas: 0
14:14:46 | INFO     | [14:14:46] ✅ DONE | 168940 | 0 responsáveis | 768/1689 (45.5%) | Falhas: 0
14:14:46 | INFO     | [14:14:46] ✅ DONE | 113995 | 6 responsáveis | 769/1689 (45.5%) | Falhas: 0
14:14:46 | INFO     | [14:14:46] ✅ DONE | 208144 | 6 responsáveis | 770/1689 (45.6%) | Falhas: 0
14:14:46 | INFO     | [14:14:46] ✅ DONE | 164359 | 19 responsáveis | 771/1689 (45.6%) | Falhas: 0
14:14:46 | INFO     | [14:14:46] ✅ DONE | 189314 | 7 responsáveis | 772/1689 (45.7%) | Falhas: 0
14:14:46 | INFO     | [14:14:46] ✅ DONE | 233894 | 14 responsáveis | 773/1689 (45.8%) | Falhas: 0
14:14:46 | INFO     | [14:14:46] ✅ DONE | 258935 | 18 responsáveis | 774/1689 (45.8%) | Falhas: 0
14:14:46 | INFO     | [14:14:46] ✅ DONE | 259545 | 16 responsáveis | 775/1689 (45.9%) | Falhas: 0
14:14:47 | INFO     | [14:14:47] ✅ DONE | 309915 | 5 responsáveis | 776/1689 (45.9%) | Falhas: 0
14:14:47 | INFO     | [14:14:47] ✅ DONE | 317330 | 19 responsáveis | 777/1689 (46.0%) | Falhas: 0
14:14:47 | INFO     | [14:14:47] ✅ DONE | 399523 | 0 responsáveis | 778/1689 (46.1%) | Falhas: 0
14:14:47 | INFO     | [14:14:47] ✅ DONE | 446442 | 0 responsáveis | 779/1689 (46.1%) | Falhas: 0
14:14:47 | INFO     | [14:14:47] ✅ DONE | 430157 | 15 responsáveis | 780/1689 (46.2%) | Falhas: 0
14:14:47 | INFO     | [14:14:47] ✅ DONE | 446616 | 0 responsáveis | 781/1689 (46.2%) | Falhas: 0
14:14:47 | INFO     | [14:14:47] ✅ DONE | 447567 | 0 responsáveis | 782/1689 (46.3%) | Falhas: 0
14:14:47 | INFO     | [14:14:47] ✅ DONE | 447575 | 0 responsáveis | 783/1689 (46.4%) | Falhas: 0
14:14:47 | INFO     | [14:14:47] ✅ DONE | 447579 | 0 responsáveis | 784/1689 (46.4%) | Falhas: 0
14:14:47 | INFO     | [14:14:47] ✅ DONE | 447578 | 0 responsáveis | 785/1689 (46.5%) | Falhas: 0
14:14:47 | INFO     | [14:14:47] ✅ DONE | 447576 | 0 responsáveis | 786/1689 (46.5%) | Falhas: 0
14:14:47 | INFO     | [14:14:47] ✅ DONE | 447580 | 0 responsáveis | 787/1689 (46.6%) | Falhas: 0
14:14:47 | INFO     | [14:14:47] ✅ DONE | 447577 | 0 responsáveis | 788/1689 (46.7%) | Falhas: 0
14:14:47 | INFO     | [14:14:47] ✅ DONE | 447581 | 0 responsáveis | 789/1689 (46.7%) | Falhas: 0
14:14:47 | INFO     | [14:14:47] ✅ DONE | 447582 | 0 responsáveis | 790/1689 (46.8%) | Falhas: 0
14:14:47 | INFO     | [14:14:47] ✅ DONE | 447583 | 0 responsáveis | 791/1689 (46.8%) | Falhas: 0
14:14:48 | INFO     | [14:14:48] ✅ DONE | 447585 | 0 responsáveis | 792/1689 (46.9%) | Falhas: 0
14:14:48 | INFO     | [14:14:48] ✅ DONE | 447584 | 0 responsáveis | 793/1689 (47.0%) | Falhas: 0
14:14:48 | INFO     | [14:14:48] ✅ DONE | 447586 | 0 responsáveis | 794/1689 (47.0%) | Falhas: 0
14:14:48 | INFO     | [14:14:48] ✅ DONE | 447587 | 0 responsáveis | 795/1689 (47.1%) | Falhas: 0
14:14:48 | INFO     | [14:14:48] ✅ DONE | 456003 | 0 responsáveis | 796/1689 (47.1%) | Falhas: 0
14:14:48 | INFO     | [14:14:48] ✅ DONE | 457721 | 0 responsáveis | 797/1689 (47.2%) | Falhas: 0
14:14:48 | INFO     | [14:14:48] ✅ DONE | 461486 | 0 responsáveis | 798/1689 (47.2%) | Falhas: 0
14:14:48 | INFO     | [14:14:48] ✅ DONE | 475903 | 0 responsáveis | 799/1689 (47.3%) | Falhas: 0
14:14:48 | INFO     | [14:14:48] ✅ DONE | 484998 | 0 responsáveis | 800/1689 (47.4%) | Falhas: 0
14:14:48 | INFO     | [14:14:48] ✅ DONE | 485091 | 0 responsáveis | 801/1689 (47.4%) | Falhas: 0
14:14:48 | INFO     | [14:14:48] ✅ DONE | 485557 | 0 responsáveis | 802/1689 (47.5%) | Falhas: 0
14:14:48 | INFO     | [14:14:48] ✅ DONE | 485403 | 0 responsáveis | 803/1689 (47.5%) | Falhas: 0
14:14:48 | INFO     | [14:14:48] ✅ DONE | 488264 | 0 responsáveis | 804/1689 (47.6%) | Falhas: 0
14:14:48 | INFO     | [14:14:48] ✅ DONE | 480080 | 25 responsáveis | 805/1689 (47.7%) | Falhas: 0
14:14:48 | INFO     | [14:14:48] ✅ DONE | 491846 | 0 responsáveis | 806/1689 (47.7%) | Falhas: 0
14:14:48 | INFO     | [14:14:48] ✅ DONE | 500090 | 0 responsáveis | 807/1689 (47.8%) | Falhas: 0
14:14:48 | INFO     | [14:14:48] ✅ DONE | 501416 | 0 responsáveis | 808/1689 (47.8%) | Falhas: 0
14:14:48 | INFO     | [14:14:48] ✅ DONE | 506115 | 0 responsáveis | 809/1689 (47.9%) | Falhas: 0
14:14:49 | INFO     | [14:14:49] ✅ DONE | 513653 | 6 responsáveis | 810/1689 (48.0%) | Falhas: 0
14:14:49 | INFO     | [14:14:49] ✅ DONE | 523118 | 0 responsáveis | 811/1689 (48.0%) | Falhas: 0
14:14:49 | INFO     | [14:14:49] ✅ DONE | 532566 | 0 responsáveis | 812/1689 (48.1%) | Falhas: 0
14:14:49 | INFO     | [14:14:49] ✅ DONE | 532473 | 0 responsáveis | 813/1689 (48.1%) | Falhas: 0
14:14:49 | INFO     | [14:14:49] ✅ DONE | 540287 | 0 responsáveis | 814/1689 (48.2%) | Falhas: 0
14:14:49 | INFO     | [14:14:49] ✅ DONE | 548082 | 0 responsáveis | 815/1689 (48.3%) | Falhas: 0
14:14:49 | INFO     | [14:14:49] ✅ DONE | 541291 | 0 responsáveis | 816/1689 (48.3%) | Falhas: 0
14:14:49 | INFO     | [14:14:49] ✅ DONE | 559042 | 0 responsáveis | 817/1689 (48.4%) | Falhas: 0
14:14:49 | INFO     | [14:14:49] ✅ DONE | 561633 | 0 responsáveis | 818/1689 (48.4%) | Falhas: 0
14:14:49 | INFO     | [14:14:49] ✅ DONE | 568904 | 4 responsáveis | 819/1689 (48.5%) | Falhas: 0
14:14:49 | INFO     | [14:14:49] ✅ DONE | 568906 | 4 responsáveis | 820/1689 (48.5%) | Falhas: 0
14:14:49 | INFO     | [14:14:49] ✅ DONE | 568908 | 4 responsáveis | 821/1689 (48.6%) | Falhas: 0
14:14:49 | INFO     | [14:14:49] ✅ DONE | 573272 | 0 responsáveis | 822/1689 (48.7%) | Falhas: 0
14:14:49 | INFO     | [14:14:49] ✅ DONE | 575301 | 0 responsáveis | 823/1689 (48.7%) | Falhas: 0
14:14:49 | INFO     | [14:14:49] ✅ DONE | 575316 | 0 responsáveis | 824/1689 (48.8%) | Falhas: 0
14:14:49 | INFO     | [14:14:49] ✅ DONE | 580338 | 0 responsáveis | 825/1689 (48.8%) | Falhas: 0
14:14:49 | INFO     | [14:14:49] ✅ DONE | 584182 | 0 responsáveis | 826/1689 (48.9%) | Falhas: 0
14:14:50 | INFO     | [14:14:50] ✅ DONE | 591501 | 0 responsáveis | 827/1689 (49.0%) | Falhas: 0
14:14:50 | INFO     | [14:14:50] ✅ DONE | 706202 | 0 responsáveis | 828/1689 (49.0%) | Falhas: 0
14:14:50 | INFO     | [14:14:50] ✅ DONE | 594201 | 0 responsáveis | 829/1689 (49.1%) | Falhas: 0
14:14:50 | INFO     | [14:14:50] ✅ DONE | 712318 | 0 responsáveis | 830/1689 (49.1%) | Falhas: 0
14:14:50 | INFO     | [14:14:50] ✅ DONE | 725107 | 0 responsáveis | 831/1689 (49.2%) | Falhas: 0
14:14:50 | INFO     | [14:14:50] ✅ DONE | 729792 | 0 responsáveis | 832/1689 (49.3%) | Falhas: 0
14:14:50 | INFO     | [14:14:50] ✅ DONE | 616289 | 4 responsáveis | 833/1689 (49.3%) | Falhas: 0
14:14:50 | INFO     | [14:14:50] ✅ DONE | 724134 | 8 responsáveis | 834/1689 (49.4%) | Falhas: 0
14:14:50 | INFO     | [14:14:50] ✅ DONE | 734369 | 0 responsáveis | 835/1689 (49.4%) | Falhas: 0
14:14:50 | INFO     | [14:14:50] ✅ DONE | 736665 | 0 responsáveis | 836/1689 (49.5%) | Falhas: 0
14:14:50 | INFO     | [14:14:50] ✅ DONE | 751128 | 0 responsáveis | 837/1689 (49.6%) | Falhas: 0
14:14:50 | INFO     | [14:14:50] ✅ DONE | 752615 | 0 responsáveis | 838/1689 (49.6%) | Falhas: 0
14:14:50 | INFO     | [14:14:50] ✅ DONE | 773226 | 0 responsáveis | 839/1689 (49.7%) | Falhas: 0
14:14:50 | INFO     | [14:14:50] ✅ DONE | 773305 | 0 responsáveis | 840/1689 (49.7%) | Falhas: 0
14:14:50 | INFO     | [14:14:50] ✅ DONE | 776797 | 0 responsáveis | 841/1689 (49.8%) | Falhas: 0
14:14:50 | INFO     | [14:14:50] ✅ DONE | 778433 | 0 responsáveis | 842/1689 (49.9%) | Falhas: 0
14:14:51 | INFO     | [14:14:51] ✅ DONE | 809741 | 4 responsáveis | 843/1689 (49.9%) | Falhas: 0
14:14:51 | INFO     | [14:14:51] ✅ DONE | 822185 | 0 responsáveis | 844/1689 (50.0%) | Falhas: 0
14:14:51 | INFO     | [14:14:51] ✅ DONE | 826022 | 0 responsáveis | 845/1689 (50.0%) | Falhas: 0
14:14:51 | INFO     | [14:14:51] ✅ DONE | 833219 | 4 responsáveis | 846/1689 (50.1%) | Falhas: 0
14:14:51 | INFO     | [14:14:51] ✅ DONE | 833230 | 4 responsáveis | 847/1689 (50.1%) | Falhas: 0
14:14:51 | INFO     | [14:14:51] ✅ DONE | 837285 | 4 responsáveis | 848/1689 (50.2%) | Falhas: 0
14:14:51 | INFO     | [14:14:51] ✅ DONE | 842989 | 4 responsáveis | 849/1689 (50.3%) | Falhas: 0
14:14:51 | INFO     | [14:14:51] ✅ DONE | 848634 | 4 responsáveis | 850/1689 (50.3%) | Falhas: 0
14:14:51 | INFO     | [14:14:51] ✅ DONE | 850260 | 4 responsáveis | 851/1689 (50.4%) | Falhas: 0
14:14:51 | INFO     | [14:14:51] ✅ DONE | 860456 | 4 responsáveis | 852/1689 (50.4%) | Falhas: 0
14:14:51 | INFO     | [14:14:51] ✅ DONE | 894610 | 0 responsáveis | 853/1689 (50.5%) | Falhas: 0
14:14:51 | INFO     | [14:14:51] ✅ DONE | 929226 | 0 responsáveis | 854/1689 (50.6%) | Falhas: 0
14:14:51 | INFO     | [14:14:51] ✅ DONE | 871620 | 6 responsáveis | 855/1689 (50.6%) | Falhas: 0
14:14:51 | INFO     | [14:14:51] ✅ DONE | 929537 | 0 responsáveis | 856/1689 (50.7%) | Falhas: 0
14:14:51 | INFO     | [14:14:51] ✅ DONE | 934137 | 0 responsáveis | 857/1689 (50.7%) | Falhas: 0
14:14:51 | INFO     | [14:14:51] ✅ DONE | 948323 | 0 responsáveis | 858/1689 (50.8%) | Falhas: 0
14:14:51 | INFO     | [14:14:51] ✅ DONE | 943831 | 0 responsáveis | 859/1689 (50.9%) | Falhas: 0
14:14:52 | INFO     | [14:14:52] ✅ DONE | 952575 | 0 responsáveis | 860/1689 (50.9%) | Falhas: 0
14:14:52 | INFO     | [14:14:52] ✅ DONE | 10342 | 2 responsáveis | 861/1689 (51.0%) | Falhas: 0
14:14:52 | INFO     | [14:14:52] ✅ DONE | 14953 | 0 responsáveis | 862/1689 (51.0%) | Falhas: 0
14:14:52 | INFO     | [14:14:52] ✅ DONE | 20559 | 0 responsáveis | 863/1689 (51.1%) | Falhas: 0
14:14:52 | INFO     | [14:14:52] ✅ DONE | 21812 | 4 responsáveis | 864/1689 (51.2%) | Falhas: 0
14:14:52 | INFO     | [14:14:52] ✅ DONE | 29852 | 0 responsáveis | 865/1689 (51.2%) | Falhas: 0
14:14:52 | INFO     | [14:14:52] ✅ DONE | 26827 | 0 responsáveis | 866/1689 (51.3%) | Falhas: 0
14:14:52 | INFO     | [14:14:52] ✅ DONE | 29851 | 0 responsáveis | 867/1689 (51.3%) | Falhas: 0
14:14:52 | INFO     | [14:14:52] ✅ DONE | 82432 | 2 responsáveis | 868/1689 (51.4%) | Falhas: 0
14:14:52 | INFO     | [14:14:52] ✅ DONE | 72020 | 0 responsáveis | 869/1689 (51.5%) | Falhas: 0
14:14:52 | INFO     | [14:14:52] ✅ DONE | 119715 | 5 responsáveis | 870/1689 (51.5%) | Falhas: 0
14:14:52 | INFO     | [14:14:52] ✅ DONE | 29915 | 0 responsáveis | 871/1689 (51.6%) | Falhas: 0
14:14:52 | INFO     | [14:14:52] ✅ DONE | 120576 | 0 responsáveis | 872/1689 (51.6%) | Falhas: 0
14:14:52 | INFO     | [14:14:52] ✅ DONE | 144476 | 0 responsáveis | 873/1689 (51.7%) | Falhas: 0
14:14:52 | INFO     | [14:14:52] ✅ DONE | 145634 | 0 responsáveis | 874/1689 (51.7%) | Falhas: 0
14:14:52 | INFO     | [14:14:52] ✅ DONE | 147490 | 0 responsáveis | 875/1689 (51.8%) | Falhas: 0
14:14:52 | INFO     | [14:14:52] ✅ DONE | 157052 | 2 responsáveis | 876/1689 (51.9%) | Falhas: 0
14:14:53 | INFO     | [14:14:53] ✅ DONE | 173787 | 0 responsáveis | 877/1689 (51.9%) | Falhas: 0
14:14:53 | INFO     | [14:14:53] ✅ DONE | 206208 | 4 responsáveis | 878/1689 (52.0%) | Falhas: 0
14:14:53 | INFO     | [14:14:53] ✅ DONE | 254798 | 1 responsáveis | 879/1689 (52.0%) | Falhas: 0
14:14:53 | INFO     | [14:14:53] ✅ DONE | 174778 | 4 responsáveis | 880/1689 (52.1%) | Falhas: 0
14:14:53 | INFO     | [14:14:53] ✅ DONE | 446589 | 2 responsáveis | 881/1689 (52.2%) | Falhas: 0
14:14:53 | INFO     | [14:14:53] ✅ DONE | 446209 | 1 responsáveis | 882/1689 (52.2%) | Falhas: 0
14:14:53 | INFO     | [14:14:53] ✅ DONE | 451742 | 0 responsáveis | 883/1689 (52.3%) | Falhas: 0
14:14:53 | INFO     | [14:14:53] ✅ DONE | 451530 | 0 responsáveis | 884/1689 (52.3%) | Falhas: 0
14:14:53 | INFO     | [14:14:53] ✅ DONE | 451662 | 0 responsáveis | 885/1689 (52.4%) | Falhas: 0
14:14:53 | INFO     | [14:14:53] ✅ DONE | 450466 | 0 responsáveis | 886/1689 (52.5%) | Falhas: 0
14:14:53 | INFO     | [14:14:53] ✅ DONE | 451874 | 0 responsáveis | 887/1689 (52.5%) | Falhas: 0
14:14:53 | INFO     | [14:14:53] ✅ DONE | 451963 | 0 responsáveis | 888/1689 (52.6%) | Falhas: 0
14:14:53 | INFO     | [14:14:53] ✅ DONE | 452131 | 0 responsáveis | 889/1689 (52.6%) | Falhas: 0
14:14:53 | INFO     | [14:14:53] ✅ DONE | 452708 | 0 responsáveis | 890/1689 (52.7%) | Falhas: 0
14:14:53 | INFO     | [14:14:53] ✅ DONE | 452712 | 0 responsáveis | 891/1689 (52.8%) | Falhas: 0
14:14:53 | INFO     | [14:14:53] ✅ DONE | 471390 | 0 responsáveis | 892/1689 (52.8%) | Falhas: 0
14:14:53 | INFO     | [14:14:53] ✅ DONE | 479340 | 0 responsáveis | 893/1689 (52.9%) | Falhas: 0
14:14:53 | INFO     | [14:14:53] ✅ DONE | 471443 | 0 responsáveis | 894/1689 (52.9%) | Falhas: 0
14:14:54 | INFO     | [14:14:54] ✅ DONE | 479725 | 0 responsáveis | 895/1689 (53.0%) | Falhas: 0
14:14:54 | INFO     | [14:14:54] ✅ DONE | 483875 | 1 responsáveis | 896/1689 (53.0%) | Falhas: 0
14:14:54 | INFO     | [14:14:54] ✅ DONE | 484344 | 0 responsáveis | 897/1689 (53.1%) | Falhas: 0
14:14:54 | INFO     | [14:14:54] ✅ DONE | 495093 | 0 responsáveis | 898/1689 (53.2%) | Falhas: 0
14:14:54 | INFO     | [14:14:54] ✅ DONE | 499114 | 0 responsáveis | 899/1689 (53.2%) | Falhas: 0
14:14:54 | INFO     | [14:14:54] ✅ DONE | 483888 | 0 responsáveis | 900/1689 (53.3%) | Falhas: 0
14:14:54 | INFO     | [14:14:54] ✅ DONE | 486149 | 1 responsáveis | 901/1689 (53.3%) | Falhas: 0
14:14:54 | INFO     | [14:14:54] ✅ DONE | 500050 | 0 responsáveis | 902/1689 (53.4%) | Falhas: 0
14:14:54 | INFO     | [14:14:54] ✅ DONE | 500213 | 0 responsáveis | 903/1689 (53.5%) | Falhas: 0
14:14:54 | INFO     | [14:14:54] ✅ DONE | 520408 | 2 responsáveis | 904/1689 (53.5%) | Falhas: 0
14:14:54 | INFO     | [14:14:54] ✅ DONE | 531486 | 0 responsáveis | 905/1689 (53.6%) | Falhas: 0
14:14:54 | INFO     | [14:14:54] ✅ DONE | 559219 | 0 responsáveis | 906/1689 (53.6%) | Falhas: 0
14:14:54 | INFO     | [14:14:54] ✅ DONE | 565567 | 0 responsáveis | 907/1689 (53.7%) | Falhas: 0
14:14:54 | INFO     | [14:14:54] ✅ DONE | 566432 | 0 responsáveis | 908/1689 (53.8%) | Falhas: 0
14:14:54 | INFO     | [14:14:54] ✅ DONE | 577169 | 0 responsáveis | 909/1689 (53.8%) | Falhas: 0
14:14:54 | INFO     | [14:14:54] ✅ DONE | 585317 | 2 responsáveis | 910/1689 (53.9%) | Falhas: 0
14:14:54 | INFO     | [14:14:54] ✅ DONE | 577280 | 0 responsáveis | 911/1689 (53.9%) | Falhas: 0
14:14:54 | INFO     | [14:14:54] ✅ DONE | 609937 | 0 responsáveis | 912/1689 (54.0%) | Falhas: 0
14:14:54 | INFO     | [14:14:54] ✅ DONE | 615323 | 0 responsáveis | 913/1689 (54.1%) | Falhas: 0
14:14:54 | INFO     | [14:14:54] ✅ DONE | 669647 | 0 responsáveis | 914/1689 (54.1%) | Falhas: 0
14:14:54 | INFO     | [14:14:54] ✅ DONE | 656499 | 0 responsáveis | 915/1689 (54.2%) | Falhas: 0
14:14:54 | INFO     | [14:14:54] ✅ DONE | 639389 | 0 responsáveis | 916/1689 (54.2%) | Falhas: 0
14:14:55 | INFO     | [14:14:55] ✅ DONE | 694791 | 0 responsáveis | 917/1689 (54.3%) | Falhas: 0
14:14:55 | INFO     | [14:14:55] ✅ DONE | 702157 | 0 responsáveis | 918/1689 (54.4%) | Falhas: 0
14:14:55 | INFO     | [14:14:55] ✅ DONE | 694909 | 0 responsáveis | 919/1689 (54.4%) | Falhas: 0
14:14:55 | INFO     | [14:14:55] ✅ DONE | 702189 | 0 responsáveis | 920/1689 (54.5%) | Falhas: 0
14:14:55 | INFO     | [14:14:55] ✅ DONE | 702552 | 0 responsáveis | 921/1689 (54.5%) | Falhas: 0
14:14:55 | INFO     | [14:14:55] ✅ DONE | 702602 | 0 responsáveis | 922/1689 (54.6%) | Falhas: 0
14:14:55 | INFO     | [14:14:55] ✅ DONE | 702645 | 0 responsáveis | 923/1689 (54.6%) | Falhas: 0
14:14:55 | INFO     | [14:14:55] ✅ DONE | 702682 | 0 responsáveis | 924/1689 (54.7%) | Falhas: 0
14:14:55 | INFO     | [14:14:55] ✅ DONE | 702819 | 0 responsáveis | 925/1689 (54.8%) | Falhas: 0
14:14:55 | INFO     | [14:14:55] ✅ DONE | 702752 | 0 responsáveis | 926/1689 (54.8%) | Falhas: 0
14:14:55 | INFO     | [14:14:55] ✅ DONE | 732884 | 0 responsáveis | 927/1689 (54.9%) | Falhas: 0
14:14:55 | INFO     | [14:14:55] ✅ DONE | 745029 | 0 responsáveis | 928/1689 (54.9%) | Falhas: 0
14:14:55 | INFO     | [14:14:55] ✅ DONE | 745005 | 0 responsáveis | 929/1689 (55.0%) | Falhas: 0
14:14:55 | INFO     | [14:14:55] ✅ DONE | 751322 | 0 responsáveis | 930/1689 (55.1%) | Falhas: 0
14:14:55 | INFO     | [14:14:55] ✅ DONE | 748263 | 0 responsáveis | 931/1689 (55.1%) | Falhas: 0
14:14:55 | INFO     | [14:14:55] ✅ DONE | 758104 | 0 responsáveis | 932/1689 (55.2%) | Falhas: 0
14:14:55 | INFO     | [14:14:55] ✅ DONE | 761771 | 0 responsáveis | 933/1689 (55.2%) | Falhas: 0
14:14:55 | INFO     | [14:14:55] ✅ DONE | 758619 | 2 responsáveis | 934/1689 (55.3%) | Falhas: 0
14:14:55 | INFO     | [14:14:55] ✅ DONE | 761773 | 0 responsáveis | 935/1689 (55.4%) | Falhas: 0
14:14:55 | INFO     | [14:14:55] ✅ DONE | 806579 | 0 responsáveis | 936/1689 (55.4%) | Falhas: 0
14:14:56 | INFO     | [14:14:56] ✅ DONE | 806617 | 0 responsáveis | 937/1689 (55.5%) | Falhas: 0
14:14:56 | INFO     | [14:14:56] ✅ DONE | 807721 | 0 responsáveis | 938/1689 (55.5%) | Falhas: 0
14:14:56 | INFO     | [14:14:56] ✅ DONE | 806665 | 0 responsáveis | 939/1689 (55.6%) | Falhas: 0
14:14:56 | INFO     | [14:14:56] ✅ DONE | 807730 | 0 responsáveis | 940/1689 (55.7%) | Falhas: 0
14:14:56 | INFO     | [14:14:56] ✅ DONE | 807839 | 0 responsáveis | 941/1689 (55.7%) | Falhas: 0
14:14:56 | INFO     | [14:14:56] ✅ DONE | 809514 | 0 responsáveis | 942/1689 (55.8%) | Falhas: 0
14:14:56 | INFO     | [14:14:56] ✅ DONE | 811977 | 0 responsáveis | 943/1689 (55.8%) | Falhas: 0
14:14:56 | INFO     | [14:14:56] ✅ DONE | 811963 | 0 responsáveis | 944/1689 (55.9%) | Falhas: 0
14:14:56 | INFO     | [14:14:56] ✅ DONE | 811947 | 0 responsáveis | 945/1689 (56.0%) | Falhas: 0
14:14:56 | INFO     | [14:14:56] ✅ DONE | 811981 | 0 responsáveis | 946/1689 (56.0%) | Falhas: 0
14:14:56 | INFO     | [14:14:56] ✅ DONE | 827376 | 0 responsáveis | 947/1689 (56.1%) | Falhas: 0
14:14:56 | INFO     | [14:14:56] ✅ DONE | 828387 | 0 responsáveis | 948/1689 (56.1%) | Falhas: 0
14:14:56 | INFO     | [14:14:56] ✅ DONE | 829788 | 2 responsáveis | 949/1689 (56.2%) | Falhas: 0
14:14:56 | INFO     | [14:14:56] ✅ DONE | 833172 | 0 responsáveis | 950/1689 (56.2%) | Falhas: 0
14:14:56 | INFO     | [14:14:56] ✅ DONE | 823043 | 0 responsáveis | 951/1689 (56.3%) | Falhas: 0
14:14:56 | INFO     | [14:14:56] ✅ DONE | 835534 | 0 responsáveis | 952/1689 (56.4%) | Falhas: 0
14:14:57 | INFO     | [14:14:57] ✅ DONE | 849721 | 0 responsáveis | 953/1689 (56.4%) | Falhas: 0
14:14:57 | INFO     | [14:14:57] ✅ DONE | 849547 | 0 responsáveis | 954/1689 (56.5%) | Falhas: 0
14:14:57 | INFO     | [14:14:57] ✅ DONE | 863851 | 0 responsáveis | 955/1689 (56.5%) | Falhas: 0
14:14:57 | INFO     | [14:14:57] ✅ DONE | 867070 | 0 responsáveis | 956/1689 (56.6%) | Falhas: 0
14:14:57 | INFO     | [14:14:57] ✅ DONE | 868399 | 0 responsáveis | 957/1689 (56.7%) | Falhas: 0
14:14:57 | INFO     | [14:14:57] ✅ DONE | 870783 | 0 responsáveis | 958/1689 (56.7%) | Falhas: 0
14:14:57 | INFO     | [14:14:57] ✅ DONE | 918482 | 0 responsáveis | 959/1689 (56.8%) | Falhas: 0
14:14:57 | INFO     | [14:14:57] ✅ DONE | 940753 | 0 responsáveis | 960/1689 (56.8%) | Falhas: 0
14:14:57 | INFO     | [14:14:57] ✅ DONE | 922375 | 0 responsáveis | 961/1689 (56.9%) | Falhas: 0
14:14:57 | INFO     | [14:14:57] ✅ DONE | 29919 | 0 responsáveis | 962/1689 (57.0%) | Falhas: 0
14:14:57 | INFO     | [14:14:57] ✅ DONE | 952563 | 0 responsáveis | 963/1689 (57.0%) | Falhas: 0
14:14:57 | INFO     | [14:14:57] ✅ DONE | 44097 | 0 responsáveis | 964/1689 (57.1%) | Falhas: 0
14:14:57 | INFO     | [14:14:57] ✅ DONE | 43163 | 0 responsáveis | 965/1689 (57.1%) | Falhas: 0
14:14:57 | INFO     | [14:14:57] ✅ DONE | 58223 | 6 responsáveis | 966/1689 (57.2%) | Falhas: 0
14:14:57 | INFO     | [14:14:57] ✅ DONE | 58494 | 0 responsáveis | 967/1689 (57.3%) | Falhas: 0
14:14:57 | INFO     | [14:14:57] ✅ DONE | 66166 | 0 responsáveis | 968/1689 (57.3%) | Falhas: 0
14:14:57 | INFO     | [14:14:57] ✅ DONE | 70569 | 0 responsáveis | 969/1689 (57.4%) | Falhas: 0
14:14:58 | INFO     | [14:14:58] ✅ DONE | 70590 | 0 responsáveis | 970/1689 (57.4%) | Falhas: 0
14:14:58 | INFO     | [14:14:58] ✅ DONE | 70599 | 0 responsáveis | 971/1689 (57.5%) | Falhas: 0
14:14:58 | INFO     | [14:14:58] ✅ DONE | 87430 | 0 responsáveis | 972/1689 (57.5%) | Falhas: 0
14:14:58 | INFO     | [14:14:58] ✅ DONE | 124020 | 0 responsáveis | 973/1689 (57.6%) | Falhas: 0
14:14:58 | INFO     | [14:14:58] ✅ DONE | 89041 | 0 responsáveis | 974/1689 (57.7%) | Falhas: 0
14:14:58 | INFO     | [14:14:58] ✅ DONE | 129005 | 1 responsáveis | 975/1689 (57.7%) | Falhas: 0
14:14:58 | INFO     | [14:14:58] ✅ DONE | 126839 | 0 responsáveis | 976/1689 (57.8%) | Falhas: 0
14:14:58 | INFO     | [14:14:58] ✅ DONE | 133054 | 1 responsáveis | 977/1689 (57.8%) | Falhas: 0
14:14:58 | INFO     | [14:14:58] ✅ DONE | 131999 | 0 responsáveis | 978/1689 (57.9%) | Falhas: 0
14:14:58 | INFO     | [14:14:58] ✅ DONE | 135664 | 0 responsáveis | 979/1689 (58.0%) | Falhas: 0
14:14:58 | INFO     | [14:14:58] ✅ DONE | 134993 | 0 responsáveis | 980/1689 (58.0%) | Falhas: 0
14:14:58 | INFO     | [14:14:58] ✅ DONE | 132571 | 8 responsáveis | 981/1689 (58.1%) | Falhas: 0
14:14:58 | INFO     | [14:14:58] ✅ DONE | 136610 | 0 responsáveis | 982/1689 (58.1%) | Falhas: 0
14:14:58 | INFO     | [14:14:58] ✅ DONE | 110076 | 47 responsáveis | 983/1689 (58.2%) | Falhas: 0
14:14:58 | INFO     | [14:14:58] ✅ DONE | 133252 | 27 responsáveis | 984/1689 (58.3%) | Falhas: 0
14:14:58 | INFO     | [14:14:58] ✅ DONE | 136741 | 0 responsáveis | 985/1689 (58.3%) | Falhas: 0
14:14:59 | INFO     | [14:14:59] ✅ DONE | 136750 | 0 responsáveis | 986/1689 (58.4%) | Falhas: 0
14:14:59 | INFO     | [14:14:59] ✅ DONE | 137395 | 0 responsáveis | 987/1689 (58.4%) | Falhas: 0
14:14:59 | INFO     | [14:14:59] ✅ DONE | 139144 | 0 responsáveis | 988/1689 (58.5%) | Falhas: 0
14:14:59 | INFO     | [14:14:59] ✅ DONE | 139666 | 0 responsáveis | 989/1689 (58.6%) | Falhas: 0
14:14:59 | INFO     | [14:14:59] ✅ DONE | 145506 | 0 responsáveis | 990/1689 (58.6%) | Falhas: 0
14:14:59 | INFO     | [14:14:59] ✅ DONE | 144649 | 2 responsáveis | 991/1689 (58.7%) | Falhas: 0
14:14:59 | INFO     | [14:14:59] ✅ DONE | 151777 | 2 responsáveis | 992/1689 (58.7%) | Falhas: 0
14:14:59 | INFO     | [14:14:59] ✅ DONE | 145522 | 2 responsáveis | 993/1689 (58.8%) | Falhas: 0
14:14:59 | INFO     | [14:14:59] ✅ DONE | 156065 | 0 responsáveis | 994/1689 (58.9%) | Falhas: 0
14:14:59 | INFO     | [14:14:59] ✅ DONE | 162891 | 0 responsáveis | 995/1689 (58.9%) | Falhas: 0
14:14:59 | INFO     | [14:14:59] ✅ DONE | 156214 | 0 responsáveis | 996/1689 (59.0%) | Falhas: 0
14:14:59 | INFO     | [14:14:59] ✅ DONE | 158521 | 4 responsáveis | 997/1689 (59.0%) | Falhas: 0
14:14:59 | INFO     | [14:14:59] ✅ DONE | 161186 | 0 responsáveis | 998/1689 (59.1%) | Falhas: 0
14:14:59 | INFO     | [14:14:59] ✅ DONE | 160257 | 27 responsáveis | 999/1689 (59.1%) | Falhas: 0
14:14:59 | INFO     | [14:14:59] ✅ DONE | 163107 | 0 responsáveis | 1000/1689 (59.2%) | Falhas: 0
14:14:59 | INFO     | [14:14:59] ✅ DONE | 163343 | 0 responsáveis | 1001/1689 (59.3%) | Falhas: 0
14:14:59 | INFO     | [14:14:59] ✅ DONE | 163844 | 2 responsáveis | 1002/1689 (59.3%) | Falhas: 0
14:15:00 | INFO     | [14:15:00] ✅ DONE | 166962 | 0 responsáveis | 1003/1689 (59.4%) | Falhas: 0
14:15:00 | INFO     | [14:15:00] ✅ DONE | 163856 | 6 responsáveis | 1004/1689 (59.4%) | Falhas: 0
14:15:00 | INFO     | [14:15:00] ✅ DONE | 171989 | 0 responsáveis | 1005/1689 (59.5%) | Falhas: 0
14:15:00 | INFO     | [14:15:00] ✅ DONE | 172446 | 0 responsáveis | 1006/1689 (59.6%) | Falhas: 0
14:15:00 | INFO     | [14:15:00] ✅ DONE | 178950 | 0 responsáveis | 1007/1689 (59.6%) | Falhas: 0
14:15:00 | INFO     | [14:15:00] ✅ DONE | 173910 | 0 responsáveis | 1008/1689 (59.7%) | Falhas: 0
14:15:00 | INFO     | [14:15:00] ✅ DONE | 181506 | 0 responsáveis | 1009/1689 (59.7%) | Falhas: 0
14:15:00 | INFO     | [14:15:00] ✅ DONE | 181350 | 0 responsáveis | 1010/1689 (59.8%) | Falhas: 0
14:15:00 | INFO     | [14:15:00] ✅ DONE | 181658 | 0 responsáveis | 1011/1689 (59.9%) | Falhas: 0
14:15:00 | INFO     | [14:15:00] ✅ DONE | 179490 | 2 responsáveis | 1012/1689 (59.9%) | Falhas: 0
14:15:00 | INFO     | [14:15:00] ✅ DONE | 182154 | 0 responsáveis | 1013/1689 (60.0%) | Falhas: 0
14:15:00 | INFO     | [14:15:00] ✅ DONE | 182139 | 0 responsáveis | 1014/1689 (60.0%) | Falhas: 0
14:15:00 | INFO     | [14:15:00] ✅ DONE | 181745 | 0 responsáveis | 1015/1689 (60.1%) | Falhas: 0
14:15:00 | INFO     | [14:15:00] ✅ DONE | 183939 | 0 responsáveis | 1016/1689 (60.2%) | Falhas: 0
14:15:00 | INFO     | [14:15:00] ✅ DONE | 183990 | 0 responsáveis | 1017/1689 (60.2%) | Falhas: 0
14:15:01 | INFO     | [14:15:01] ✅ DONE | 184010 | 0 responsáveis | 1018/1689 (60.3%) | Falhas: 0
14:15:01 | INFO     | [14:15:01] ✅ DONE | 184019 | 0 responsáveis | 1019/1689 (60.3%) | Falhas: 0
14:15:01 | INFO     | [14:15:01] ✅ DONE | 185707 | 2 responsáveis | 1020/1689 (60.4%) | Falhas: 0
14:15:01 | INFO     | [14:15:01] ✅ DONE | 186461 | 0 responsáveis | 1021/1689 (60.4%) | Falhas: 0
14:15:01 | INFO     | [14:15:01] ✅ DONE | 188966 | 0 responsáveis | 1022/1689 (60.5%) | Falhas: 0
14:15:01 | INFO     | [14:15:01] ✅ DONE | 189079 | 0 responsáveis | 1023/1689 (60.6%) | Falhas: 0
14:15:01 | INFO     | [14:15:01] ✅ DONE | 186876 | 2 responsáveis | 1024/1689 (60.6%) | Falhas: 0
14:15:01 | INFO     | [14:15:01] ✅ DONE | 189260 | 0 responsáveis | 1025/1689 (60.7%) | Falhas: 0
14:15:01 | INFO     | [14:15:01] ✅ DONE | 189318 | 0 responsáveis | 1026/1689 (60.7%) | Falhas: 0
14:15:01 | INFO     | [14:15:01] ✅ DONE | 189095 | 4 responsáveis | 1027/1689 (60.8%) | Falhas: 0
14:15:01 | INFO     | [14:15:01] ✅ DONE | 189331 | 2 responsáveis | 1028/1689 (60.9%) | Falhas: 0
14:15:01 | INFO     | [14:15:01] ✅ DONE | 192460 | 0 responsáveis | 1029/1689 (60.9%) | Falhas: 0
14:15:01 | INFO     | [14:15:01] ✅ DONE | 193505 | 4 responsáveis | 1030/1689 (61.0%) | Falhas: 0
14:15:01 | INFO     | [14:15:01] ✅ DONE | 192467 | 6 responsáveis | 1031/1689 (61.0%) | Falhas: 0
14:15:01 | INFO     | [14:15:01] ✅ DONE | 191318 | 4 responsáveis | 1032/1689 (61.1%) | Falhas: 0
14:15:01 | INFO     | [14:15:01] ✅ DONE | 199358 | 0 responsáveis | 1033/1689 (61.2%) | Falhas: 0
14:15:02 | INFO     | [14:15:02] ✅ DONE | 202019 | 5 responsáveis | 1034/1689 (61.2%) | Falhas: 0
14:15:02 | INFO     | [14:15:02] ✅ DONE | 204632 | 8 responsáveis | 1035/1689 (61.3%) | Falhas: 0
14:15:02 | INFO     | [14:15:02] ✅ DONE | 207044 | 0 responsáveis | 1036/1689 (61.3%) | Falhas: 0
14:15:02 | INFO     | [14:15:02] ✅ DONE | 218161 | 0 responsáveis | 1037/1689 (61.4%) | Falhas: 0
14:15:02 | INFO     | [14:15:02] ✅ DONE | 225977 | 0 responsáveis | 1038/1689 (61.5%) | Falhas: 0
14:15:02 | INFO     | [14:15:02] ✅ DONE | 220756 | 0 responsáveis | 1039/1689 (61.5%) | Falhas: 0
14:15:02 | INFO     | [14:15:02] ✅ DONE | 229546 | 5 responsáveis | 1040/1689 (61.6%) | Falhas: 0
14:15:02 | INFO     | [14:15:02] ✅ DONE | 227860 | 0 responsáveis | 1041/1689 (61.6%) | Falhas: 0
14:15:02 | INFO     | [14:15:02] ✅ DONE | 247412 | 0 responsáveis | 1042/1689 (61.7%) | Falhas: 0
14:15:02 | INFO     | [14:15:02] ✅ DONE | 242123 | 2 responsáveis | 1043/1689 (61.8%) | Falhas: 0
14:15:02 | INFO     | [14:15:02] ✅ DONE | 245845 | 0 responsáveis | 1044/1689 (61.8%) | Falhas: 0
14:15:02 | INFO     | [14:15:02] ✅ DONE | 247338 | 0 responsáveis | 1045/1689 (61.9%) | Falhas: 0
14:15:02 | INFO     | [14:15:02] ✅ DONE | 235728 | 4 responsáveis | 1046/1689 (61.9%) | Falhas: 0
14:15:02 | INFO     | [14:15:02] ✅ DONE | 243125 | 22 responsáveis | 1047/1689 (62.0%) | Falhas: 0
14:15:02 | INFO     | [14:15:02] ✅ DONE | 250820 | 0 responsáveis | 1048/1689 (62.0%) | Falhas: 0
14:15:02 | INFO     | [14:15:02] ✅ DONE | 255911 | 3 responsáveis | 1049/1689 (62.1%) | Falhas: 0
14:15:03 | INFO     | [14:15:03] ✅ DONE | 258095 | 6 responsáveis | 1050/1689 (62.2%) | Falhas: 0
14:15:03 | INFO     | [14:15:03] ✅ DONE | 258829 | 6 responsáveis | 1051/1689 (62.2%) | Falhas: 0
14:15:03 | INFO     | [14:15:03] ✅ DONE | 265149 | 0 responsáveis | 1052/1689 (62.3%) | Falhas: 0
14:15:03 | INFO     | [14:15:03] ✅ DONE | 260775 | 0 responsáveis | 1053/1689 (62.3%) | Falhas: 0
14:15:03 | INFO     | [14:15:03] ✅ DONE | 265150 | 0 responsáveis | 1054/1689 (62.4%) | Falhas: 0
14:15:03 | INFO     | [14:15:03] ✅ DONE | 299993 | 0 responsáveis | 1055/1689 (62.5%) | Falhas: 0
14:15:03 | INFO     | [14:15:03] ✅ DONE | 300103 | 0 responsáveis | 1056/1689 (62.5%) | Falhas: 0
14:15:03 | INFO     | [14:15:03] ✅ DONE | 300116 | 0 responsáveis | 1057/1689 (62.6%) | Falhas: 0
14:15:03 | INFO     | [14:15:03] ✅ DONE | 322760 | 0 responsáveis | 1058/1689 (62.6%) | Falhas: 0
14:15:03 | INFO     | [14:15:03] ✅ DONE | 322665 | 0 responsáveis | 1059/1689 (62.7%) | Falhas: 0
14:15:03 | INFO     | [14:15:03] ✅ DONE | 286018 | 11 responsáveis | 1060/1689 (62.8%) | Falhas: 0
14:15:03 | INFO     | [14:15:03] ✅ DONE | 322761 | 0 responsáveis | 1061/1689 (62.8%) | Falhas: 0
14:15:03 | INFO     | [14:15:03] ✅ DONE | 333750 | 0 responsáveis | 1062/1689 (62.9%) | Falhas: 0
14:15:03 | INFO     | [14:15:03] ✅ DONE | 333791 | 0 responsáveis | 1063/1689 (62.9%) | Falhas: 0
14:15:03 | INFO     | [14:15:03] ✅ DONE | 346024 | 0 responsáveis | 1064/1689 (63.0%) | Falhas: 0
14:15:03 | INFO     | [14:15:03] ✅ DONE | 351153 | 2 responsáveis | 1065/1689 (63.1%) | Falhas: 0
14:15:03 | INFO     | [14:15:03] ✅ DONE | 357227 | 0 responsáveis | 1066/1689 (63.1%) | Falhas: 0
14:15:04 | INFO     | [14:15:04] ✅ DONE | 357259 | 0 responsáveis | 1067/1689 (63.2%) | Falhas: 0
14:15:04 | INFO     | [14:15:04] ✅ DONE | 359814 | 0 responsáveis | 1068/1689 (63.2%) | Falhas: 0
14:15:04 | INFO     | [14:15:04] ✅ DONE | 362397 | 2 responsáveis | 1069/1689 (63.3%) | Falhas: 0
14:15:04 | INFO     | [14:15:04] ✅ DONE | 401047 | 0 responsáveis | 1070/1689 (63.4%) | Falhas: 0
14:15:04 | INFO     | [14:15:04] ✅ DONE | 362431 | 0 responsáveis | 1071/1689 (63.4%) | Falhas: 0
14:15:04 | INFO     | [14:15:04] ✅ DONE | 366177 | 0 responsáveis | 1072/1689 (63.5%) | Falhas: 0
14:15:04 | INFO     | [14:15:04] ✅ DONE | 362445 | 0 responsáveis | 1073/1689 (63.5%) | Falhas: 0
14:15:04 | INFO     | [14:15:04] ✅ DONE | 362408 | 2 responsáveis | 1074/1689 (63.6%) | Falhas: 0
14:15:04 | INFO     | [14:15:04] ✅ DONE | 394239 | 0 responsáveis | 1075/1689 (63.6%) | Falhas: 0
14:15:04 | INFO     | [14:15:04] ✅ DONE | 401293 | 7 responsáveis | 1076/1689 (63.7%) | Falhas: 0
14:15:04 | INFO     | [14:15:04] ✅ DONE | 403522 | 0 responsáveis | 1077/1689 (63.8%) | Falhas: 0
14:15:04 | INFO     | [14:15:04] ✅ DONE | 404330 | 0 responsáveis | 1078/1689 (63.8%) | Falhas: 0
14:15:04 | INFO     | [14:15:04] ✅ DONE | 405437 | 0 responsáveis | 1079/1689 (63.9%) | Falhas: 0
14:15:04 | INFO     | [14:15:04] ✅ DONE | 407357 | 0 responsáveis | 1080/1689 (63.9%) | Falhas: 0
14:15:04 | INFO     | [14:15:04] ✅ DONE | 413928 | 0 responsáveis | 1081/1689 (64.0%) | Falhas: 0
14:15:04 | INFO     | [14:15:04] ✅ DONE | 418721 | 0 responsáveis | 1082/1689 (64.1%) | Falhas: 0
14:15:04 | INFO     | [14:15:04] ✅ DONE | 419151 | 0 responsáveis | 1083/1689 (64.1%) | Falhas: 0
14:15:05 | INFO     | [14:15:05] ✅ DONE | 421971 | 0 responsáveis | 1084/1689 (64.2%) | Falhas: 0
14:15:05 | INFO     | [14:15:05] ✅ DONE | 423401 | 0 responsáveis | 1085/1689 (64.2%) | Falhas: 0
14:15:05 | INFO     | [14:15:05] ✅ DONE | 447521 | 0 responsáveis | 1086/1689 (64.3%) | Falhas: 0
14:15:05 | INFO     | [14:15:05] ✅ DONE | 430007 | 0 responsáveis | 1087/1689 (64.4%) | Falhas: 0
14:15:05 | INFO     | [14:15:05] ✅ DONE | 430739 | 1 responsáveis | 1088/1689 (64.4%) | Falhas: 0
14:15:05 | INFO     | [14:15:05] ✅ DONE | 451017 | 0 responsáveis | 1089/1689 (64.5%) | Falhas: 0
14:15:05 | INFO     | [14:15:05] ✅ DONE | 447546 | 0 responsáveis | 1090/1689 (64.5%) | Falhas: 0
14:15:05 | INFO     | [14:15:05] ✅ DONE | 439866 | 0 responsáveis | 1091/1689 (64.6%) | Falhas: 0
14:15:05 | INFO     | [14:15:05] ✅ DONE | 455314 | 0 responsáveis | 1092/1689 (64.7%) | Falhas: 0
14:15:05 | INFO     | [14:15:05] ✅ DONE | 457621 | 2 responsáveis | 1093/1689 (64.7%) | Falhas: 0
14:15:05 | INFO     | [14:15:05] ✅ DONE | 471007 | 0 responsáveis | 1094/1689 (64.8%) | Falhas: 0
14:15:05 | INFO     | [14:15:05] ✅ DONE | 471308 | 0 responsáveis | 1095/1689 (64.8%) | Falhas: 0
14:15:05 | INFO     | [14:15:05] ✅ DONE | 471366 | 0 responsáveis | 1096/1689 (64.9%) | Falhas: 0
14:15:05 | INFO     | [14:15:05] ✅ DONE | 471604 | 1 responsáveis | 1097/1689 (64.9%) | Falhas: 0
14:15:05 | INFO     | [14:15:05] ✅ DONE | 477887 | 0 responsáveis | 1098/1689 (65.0%) | Falhas: 0
14:15:05 | INFO     | [14:15:05] ✅ DONE | 484388 | 0 responsáveis | 1099/1689 (65.1%) | Falhas: 0
14:15:06 | INFO     | [14:15:06] ✅ DONE | 484671 | 0 responsáveis | 1100/1689 (65.1%) | Falhas: 0
14:15:06 | INFO     | [14:15:06] ✅ DONE | 485292 | 0 responsáveis | 1101/1689 (65.2%) | Falhas: 0
14:15:06 | INFO     | [14:15:06] ✅ DONE | 496972 | 0 responsáveis | 1102/1689 (65.2%) | Falhas: 0
14:15:06 | INFO     | [14:15:06] ✅ DONE | 485855 | 0 responsáveis | 1103/1689 (65.3%) | Falhas: 0
14:15:06 | INFO     | [14:15:06] ✅ DONE | 500958 | 0 responsáveis | 1104/1689 (65.4%) | Falhas: 0
14:15:06 | INFO     | [14:15:06] ✅ DONE | 491081 | 7 responsáveis | 1105/1689 (65.4%) | Falhas: 0
14:15:06 | INFO     | [14:15:06] ✅ DONE | 502738 | 0 responsáveis | 1106/1689 (65.5%) | Falhas: 0
14:15:06 | INFO     | [14:15:06] ✅ DONE | 502749 | 0 responsáveis | 1107/1689 (65.5%) | Falhas: 0
14:15:06 | INFO     | [14:15:06] ✅ DONE | 505238 | 0 responsáveis | 1108/1689 (65.6%) | Falhas: 0
14:15:06 | INFO     | [14:15:06] ✅ DONE | 506731 | 0 responsáveis | 1109/1689 (65.7%) | Falhas: 0
14:15:06 | INFO     | [14:15:06] ✅ DONE | 504034 | 0 responsáveis | 1110/1689 (65.7%) | Falhas: 0
14:15:06 | INFO     | [14:15:06] ✅ DONE | 507290 | 0 responsáveis | 1111/1689 (65.8%) | Falhas: 0
14:15:06 | INFO     | [14:15:06] ✅ DONE | 521494 | 0 responsáveis | 1112/1689 (65.8%) | Falhas: 0
14:15:06 | INFO     | [14:15:06] ✅ DONE | 521527 | 0 responsáveis | 1113/1689 (65.9%) | Falhas: 0
14:15:06 | INFO     | [14:15:06] ✅ DONE | 521565 | 0 responsáveis | 1114/1689 (66.0%) | Falhas: 0
14:15:06 | INFO     | [14:15:06] ✅ DONE | 524606 | 0 responsáveis | 1115/1689 (66.0%) | Falhas: 0
14:15:07 | INFO     | [14:15:07] ✅ DONE | 538915 | 0 responsáveis | 1116/1689 (66.1%) | Falhas: 0
14:15:07 | INFO     | [14:15:07] ✅ DONE | 524621 | 0 responsáveis | 1117/1689 (66.1%) | Falhas: 0
14:15:07 | INFO     | [14:15:07] ✅ DONE | 545273 | 8 responsáveis | 1118/1689 (66.2%) | Falhas: 0
14:15:07 | INFO     | [14:15:07] ✅ DONE | 565001 | 0 responsáveis | 1119/1689 (66.3%) | Falhas: 0
14:15:07 | INFO     | [14:15:07] ✅ DONE | 564411 | 0 responsáveis | 1120/1689 (66.3%) | Falhas: 0
14:15:07 | INFO     | [14:15:07] ✅ DONE | 565318 | 0 responsáveis | 1121/1689 (66.4%) | Falhas: 0
14:15:07 | INFO     | [14:15:07] ✅ DONE | 565359 | 0 responsáveis | 1122/1689 (66.4%) | Falhas: 0
14:15:07 | INFO     | [14:15:07] ✅ DONE | 578420 | 0 responsáveis | 1123/1689 (66.5%) | Falhas: 0
14:15:07 | INFO     | [14:15:07] ✅ DONE | 563557 | 4 responsáveis | 1124/1689 (66.5%) | Falhas: 0
14:15:07 | INFO     | [14:15:07] ✅ DONE | 568228 | 2 responsáveis | 1125/1689 (66.6%) | Falhas: 0
14:15:07 | INFO     | [14:15:07] ✅ DONE | 566212 | 0 responsáveis | 1126/1689 (66.7%) | Falhas: 0
14:15:07 | INFO     | [14:15:07] ✅ DONE | 579676 | 0 responsáveis | 1127/1689 (66.7%) | Falhas: 0
14:15:07 | INFO     | [14:15:07] ✅ DONE | 582478 | 0 responsáveis | 1128/1689 (66.8%) | Falhas: 0
14:15:07 | INFO     | [14:15:07] ✅ DONE | 582998 | 0 responsáveis | 1129/1689 (66.8%) | Falhas: 0
14:15:07 | INFO     | [14:15:07] ✅ DONE | 585050 | 0 responsáveis | 1130/1689 (66.9%) | Falhas: 0
14:15:07 | INFO     | [14:15:07] ✅ DONE | 585488 | 0 responsáveis | 1131/1689 (67.0%) | Falhas: 0
14:15:07 | INFO     | [14:15:07] ✅ DONE | 585585 | 0 responsáveis | 1132/1689 (67.0%) | Falhas: 0
14:15:07 | INFO     | [14:15:07] ✅ DONE | 589617 | 0 responsáveis | 1133/1689 (67.1%) | Falhas: 0
14:15:08 | INFO     | [14:15:08] ✅ DONE | 589639 | 0 responsáveis | 1134/1689 (67.1%) | Falhas: 0
14:15:08 | INFO     | [14:15:08] ✅ DONE | 585657 | 0 responsáveis | 1135/1689 (67.2%) | Falhas: 0
14:15:08 | INFO     | [14:15:08] ✅ DONE | 590178 | 0 responsáveis | 1136/1689 (67.3%) | Falhas: 0
14:15:08 | INFO     | [14:15:08] ✅ DONE | 597556 | 0 responsáveis | 1137/1689 (67.3%) | Falhas: 0
14:15:08 | INFO     | [14:15:08] ✅ DONE | 600539 | 0 responsáveis | 1138/1689 (67.4%) | Falhas: 0
14:15:08 | INFO     | [14:15:08] ✅ DONE | 600700 | 0 responsáveis | 1139/1689 (67.4%) | Falhas: 0
14:15:08 | INFO     | [14:15:08] ✅ DONE | 600568 | 7 responsáveis | 1140/1689 (67.5%) | Falhas: 0
14:15:08 | INFO     | [14:15:08] ✅ DONE | 603917 | 0 responsáveis | 1141/1689 (67.6%) | Falhas: 0
14:15:08 | INFO     | [14:15:08] ✅ DONE | 600586 | 8 responsáveis | 1142/1689 (67.6%) | Falhas: 0
14:15:08 | INFO     | [14:15:08] ✅ DONE | 609350 | 0 responsáveis | 1143/1689 (67.7%) | Falhas: 0
14:15:08 | INFO     | [14:15:08] ✅ DONE | 605832 | 12 responsáveis | 1144/1689 (67.7%) | Falhas: 0
14:15:08 | INFO     | [14:15:08] ✅ DONE | 609469 | 0 responsáveis | 1145/1689 (67.8%) | Falhas: 0
14:15:08 | INFO     | [14:15:08] ✅ DONE | 609575 | 0 responsáveis | 1146/1689 (67.9%) | Falhas: 0
14:15:08 | INFO     | [14:15:08] ✅ DONE | 619253 | 0 responsáveis | 1147/1689 (67.9%) | Falhas: 0
14:15:08 | INFO     | [14:15:08] ✅ DONE | 627279 | 0 responsáveis | 1148/1689 (68.0%) | Falhas: 0
14:15:08 | INFO     | [14:15:08] ✅ DONE | 628977 | 0 responsáveis | 1149/1689 (68.0%) | Falhas: 0
14:15:08 | INFO     | [14:15:08] ✅ DONE | 632635 | 0 responsáveis | 1150/1689 (68.1%) | Falhas: 0
14:15:08 | INFO     | [14:15:08] ✅ DONE | 633270 | 0 responsáveis | 1151/1689 (68.1%) | Falhas: 0
14:15:09 | INFO     | [14:15:09] ✅ DONE | 657774 | 0 responsáveis | 1152/1689 (68.2%) | Falhas: 0
14:15:09 | INFO     | [14:15:09] ✅ DONE | 649368 | 0 responsáveis | 1153/1689 (68.3%) | Falhas: 0
14:15:09 | INFO     | [14:15:09] ✅ DONE | 635910 | 0 responsáveis | 1154/1689 (68.3%) | Falhas: 0
14:15:09 | INFO     | [14:15:09] ✅ DONE | 652096 | 0 responsáveis | 1155/1689 (68.4%) | Falhas: 0
14:15:09 | INFO     | [14:15:09] ✅ DONE | 661307 | 0 responsáveis | 1156/1689 (68.4%) | Falhas: 0
14:15:09 | INFO     | [14:15:09] ✅ DONE | 669064 | 0 responsáveis | 1157/1689 (68.5%) | Falhas: 0
14:15:09 | INFO     | [14:15:09] ✅ DONE | 664989 | 0 responsáveis | 1158/1689 (68.6%) | Falhas: 0
14:15:09 | INFO     | [14:15:09] ✅ DONE | 671581 | 0 responsáveis | 1159/1689 (68.6%) | Falhas: 0
14:15:09 | INFO     | [14:15:09] ✅ DONE | 673180 | 0 responsáveis | 1160/1689 (68.7%) | Falhas: 0
14:15:09 | INFO     | [14:15:09] ✅ DONE | 674361 | 0 responsáveis | 1161/1689 (68.7%) | Falhas: 0
14:15:09 | INFO     | [14:15:09] ✅ DONE | 678713 | 0 responsáveis | 1162/1689 (68.8%) | Falhas: 0
14:15:09 | INFO     | [14:15:09] ✅ DONE | 688900 | 0 responsáveis | 1163/1689 (68.9%) | Falhas: 0
14:15:09 | INFO     | [14:15:09] ✅ DONE | 679134 | 0 responsáveis | 1164/1689 (68.9%) | Falhas: 0
14:15:09 | INFO     | [14:15:09] ✅ DONE | 689995 | 0 responsáveis | 1165/1689 (69.0%) | Falhas: 0
14:15:09 | INFO     | [14:15:09] ✅ DONE | 693264 | 0 responsáveis | 1166/1689 (69.0%) | Falhas: 0
14:15:09 | INFO     | [14:15:09] ✅ DONE | 701717 | 0 responsáveis | 1167/1689 (69.1%) | Falhas: 0
14:15:09 | INFO     | [14:15:09] ✅ DONE | 707318 | 0 responsáveis | 1168/1689 (69.2%) | Falhas: 0
14:15:09 | INFO     | [14:15:09] ✅ DONE | 707316 | 0 responsáveis | 1169/1689 (69.2%) | Falhas: 0
14:15:09 | INFO     | [14:15:09] ✅ DONE | 705528 | 0 responsáveis | 1170/1689 (69.3%) | Falhas: 0
14:15:09 | INFO     | [14:15:09] ✅ DONE | 707317 | 0 responsáveis | 1171/1689 (69.3%) | Falhas: 0
14:15:09 | INFO     | [14:15:09] ✅ DONE | 696457 | 0 responsáveis | 1172/1689 (69.4%) | Falhas: 0
14:15:09 | INFO     | [14:15:09] ✅ DONE | 707320 | 0 responsáveis | 1173/1689 (69.4%) | Falhas: 0
14:15:09 | INFO     | [14:15:09] ✅ DONE | 707319 | 0 responsáveis | 1174/1689 (69.5%) | Falhas: 0
14:15:09 | INFO     | [14:15:09] ✅ DONE | 707321 | 0 responsáveis | 1175/1689 (69.6%) | Falhas: 0
14:15:10 | INFO     | [14:15:10] ✅ DONE | 707322 | 0 responsáveis | 1176/1689 (69.6%) | Falhas: 0
14:15:10 | INFO     | [14:15:10] ✅ DONE | 707323 | 0 responsáveis | 1177/1689 (69.7%) | Falhas: 0
14:15:10 | INFO     | [14:15:10] ✅ DONE | 707324 | 0 responsáveis | 1178/1689 (69.7%) | Falhas: 0
14:15:10 | INFO     | [14:15:10] ✅ DONE | 707325 | 0 responsáveis | 1179/1689 (69.8%) | Falhas: 0
14:15:10 | INFO     | [14:15:10] ✅ DONE | 707326 | 0 responsáveis | 1180/1689 (69.9%) | Falhas: 0
14:15:10 | INFO     | [14:15:10] ✅ DONE | 707327 | 0 responsáveis | 1181/1689 (69.9%) | Falhas: 0
14:15:10 | INFO     | [14:15:10] ✅ DONE | 707330 | 0 responsáveis | 1182/1689 (70.0%) | Falhas: 0
14:15:10 | INFO     | [14:15:10] ✅ DONE | 707329 | 0 responsáveis | 1183/1689 (70.0%) | Falhas: 0
14:15:10 | INFO     | [14:15:10] ✅ DONE | 707328 | 0 responsáveis | 1184/1689 (70.1%) | Falhas: 0
14:15:10 | INFO     | [14:15:10] ✅ DONE | 707331 | 0 responsáveis | 1185/1689 (70.2%) | Falhas: 0
14:15:10 | INFO     | [14:15:10] ✅ DONE | 707333 | 0 responsáveis | 1186/1689 (70.2%) | Falhas: 0
14:15:10 | INFO     | [14:15:10] ✅ DONE | 707332 | 0 responsáveis | 1187/1689 (70.3%) | Falhas: 0
14:15:10 | INFO     | [14:15:10] ✅ DONE | 707334 | 0 responsáveis | 1188/1689 (70.3%) | Falhas: 0
14:15:10 | INFO     | [14:15:10] ✅ DONE | 707335 | 0 responsáveis | 1189/1689 (70.4%) | Falhas: 0
14:15:10 | INFO     | [14:15:10] ✅ DONE | 707336 | 0 responsáveis | 1190/1689 (70.5%) | Falhas: 0
14:15:10 | INFO     | [14:15:10] ✅ DONE | 707337 | 0 responsáveis | 1191/1689 (70.5%) | Falhas: 0
14:15:11 | INFO     | [14:15:11] ✅ DONE | 707338 | 0 responsáveis | 1192/1689 (70.6%) | Falhas: 0
14:15:11 | INFO     | [14:15:11] ✅ DONE | 707339 | 0 responsáveis | 1193/1689 (70.6%) | Falhas: 0
14:15:11 | INFO     | [14:15:11] ✅ DONE | 707340 | 0 responsáveis | 1194/1689 (70.7%) | Falhas: 0
14:15:11 | INFO     | [14:15:11] ✅ DONE | 707341 | 0 responsáveis | 1195/1689 (70.8%) | Falhas: 0
14:15:11 | INFO     | [14:15:11] ✅ DONE | 707342 | 0 responsáveis | 1196/1689 (70.8%) | Falhas: 0
14:15:11 | INFO     | [14:15:11] ✅ DONE | 707344 | 0 responsáveis | 1197/1689 (70.9%) | Falhas: 0
14:15:11 | INFO     | [14:15:11] ✅ DONE | 707343 | 0 responsáveis | 1198/1689 (70.9%) | Falhas: 0
14:15:11 | INFO     | [14:15:11] ✅ DONE | 707345 | 0 responsáveis | 1199/1689 (71.0%) | Falhas: 0
14:15:11 | INFO     | [14:15:11] ✅ DONE | 707346 | 0 responsáveis | 1200/1689 (71.0%) | Falhas: 0
14:15:11 | INFO     | [14:15:11] ✅ DONE | 707348 | 0 responsáveis | 1201/1689 (71.1%) | Falhas: 0
14:15:11 | INFO     | [14:15:11] ✅ DONE | 707347 | 0 responsáveis | 1202/1689 (71.2%) | Falhas: 0
14:15:11 | INFO     | [14:15:11] ✅ DONE | 707349 | 0 responsáveis | 1203/1689 (71.2%) | Falhas: 0
14:15:11 | INFO     | [14:15:11] ✅ DONE | 707351 | 0 responsáveis | 1204/1689 (71.3%) | Falhas: 0
14:15:11 | INFO     | [14:15:11] ✅ DONE | 707350 | 0 responsáveis | 1205/1689 (71.3%) | Falhas: 0
14:15:11 | INFO     | [14:15:11] ✅ DONE | 707352 | 0 responsáveis | 1206/1689 (71.4%) | Falhas: 0
14:15:11 | INFO     | [14:15:11] ✅ DONE | 707353 | 0 responsáveis | 1207/1689 (71.5%) | Falhas: 0
14:15:12 | INFO     | [14:15:12] ✅ DONE | 707355 | 0 responsáveis | 1208/1689 (71.5%) | Falhas: 0
14:15:12 | INFO     | [14:15:12] ✅ DONE | 707354 | 0 responsáveis | 1209/1689 (71.6%) | Falhas: 0
14:15:12 | INFO     | [14:15:12] ✅ DONE | 707356 | 0 responsáveis | 1210/1689 (71.6%) | Falhas: 0
14:15:12 | INFO     | [14:15:12] ✅ DONE | 707357 | 0 responsáveis | 1211/1689 (71.7%) | Falhas: 0
14:15:12 | INFO     | [14:15:12] ✅ DONE | 707358 | 0 responsáveis | 1212/1689 (71.8%) | Falhas: 0
14:15:12 | INFO     | [14:15:12] ✅ DONE | 707359 | 0 responsáveis | 1213/1689 (71.8%) | Falhas: 0
14:15:12 | INFO     | [14:15:12] ✅ DONE | 707360 | 0 responsáveis | 1214/1689 (71.9%) | Falhas: 0
14:15:12 | INFO     | [14:15:12] ✅ DONE | 707361 | 0 responsáveis | 1215/1689 (71.9%) | Falhas: 0
14:15:12 | INFO     | [14:15:12] ✅ DONE | 707362 | 0 responsáveis | 1216/1689 (72.0%) | Falhas: 0
14:15:12 | INFO     | [14:15:12] ✅ DONE | 707363 | 0 responsáveis | 1217/1689 (72.1%) | Falhas: 0
14:15:12 | INFO     | [14:15:12] ✅ DONE | 707365 | 0 responsáveis | 1218/1689 (72.1%) | Falhas: 0
14:15:12 | INFO     | [14:15:12] ✅ DONE | 707364 | 0 responsáveis | 1219/1689 (72.2%) | Falhas: 0
14:15:12 | INFO     | [14:15:12] ✅ DONE | 707366 | 0 responsáveis | 1220/1689 (72.2%) | Falhas: 0
14:15:12 | INFO     | [14:15:12] ✅ DONE | 707367 | 0 responsáveis | 1221/1689 (72.3%) | Falhas: 0
14:15:12 | INFO     | [14:15:12] ✅ DONE | 707368 | 0 responsáveis | 1222/1689 (72.4%) | Falhas: 0
14:15:12 | INFO     | [14:15:12] ✅ DONE | 707370 | 0 responsáveis | 1223/1689 (72.4%) | Falhas: 0
14:15:12 | INFO     | [14:15:12] ✅ DONE | 707369 | 0 responsáveis | 1224/1689 (72.5%) | Falhas: 0
14:15:12 | INFO     | [14:15:12] ✅ DONE | 707371 | 0 responsáveis | 1225/1689 (72.5%) | Falhas: 0
14:15:12 | INFO     | [14:15:12] ✅ DONE | 707372 | 0 responsáveis | 1226/1689 (72.6%) | Falhas: 0
14:15:13 | INFO     | [14:15:13] ✅ DONE | 707373 | 0 responsáveis | 1227/1689 (72.6%) | Falhas: 0
14:15:13 | INFO     | [14:15:13] ✅ DONE | 707374 | 0 responsáveis | 1228/1689 (72.7%) | Falhas: 0
14:15:13 | INFO     | [14:15:13] ✅ DONE | 707375 | 0 responsáveis | 1229/1689 (72.8%) | Falhas: 0
14:15:13 | INFO     | [14:15:13] ✅ DONE | 707376 | 0 responsáveis | 1230/1689 (72.8%) | Falhas: 0
14:15:13 | INFO     | [14:15:13] ✅ DONE | 707377 | 0 responsáveis | 1231/1689 (72.9%) | Falhas: 0
14:15:13 | INFO     | [14:15:13] ✅ DONE | 707378 | 0 responsáveis | 1232/1689 (72.9%) | Falhas: 0
14:15:13 | INFO     | [14:15:13] ✅ DONE | 707379 | 0 responsáveis | 1233/1689 (73.0%) | Falhas: 0
14:15:13 | INFO     | [14:15:13] ✅ DONE | 707380 | 0 responsáveis | 1234/1689 (73.1%) | Falhas: 0
14:15:13 | INFO     | [14:15:13] ✅ DONE | 707381 | 0 responsáveis | 1235/1689 (73.1%) | Falhas: 0
14:15:13 | INFO     | [14:15:13] ✅ DONE | 707382 | 0 responsáveis | 1236/1689 (73.2%) | Falhas: 0
14:15:13 | INFO     | [14:15:13] ✅ DONE | 707383 | 0 responsáveis | 1237/1689 (73.2%) | Falhas: 0
14:15:13 | INFO     | [14:15:13] ✅ DONE | 707384 | 0 responsáveis | 1238/1689 (73.3%) | Falhas: 0
14:15:13 | INFO     | [14:15:13] ✅ DONE | 707385 | 0 responsáveis | 1239/1689 (73.4%) | Falhas: 0
14:15:13 | INFO     | [14:15:13] ✅ DONE | 707387 | 0 responsáveis | 1240/1689 (73.4%) | Falhas: 0
14:15:13 | INFO     | [14:15:13] ✅ DONE | 707386 | 0 responsáveis | 1241/1689 (73.5%) | Falhas: 0
14:15:13 | INFO     | [14:15:13] ✅ DONE | 707388 | 0 responsáveis | 1242/1689 (73.5%) | Falhas: 0
14:15:14 | INFO     | [14:15:14] ✅ DONE | 707389 | 0 responsáveis | 1243/1689 (73.6%) | Falhas: 0
14:15:14 | INFO     | [14:15:14] ✅ DONE | 707390 | 0 responsáveis | 1244/1689 (73.7%) | Falhas: 0
14:15:14 | INFO     | [14:15:14] ✅ DONE | 707391 | 0 responsáveis | 1245/1689 (73.7%) | Falhas: 0
14:15:14 | INFO     | [14:15:14] ✅ DONE | 707393 | 0 responsáveis | 1246/1689 (73.8%) | Falhas: 0
14:15:14 | INFO     | [14:15:14] ✅ DONE | 707392 | 0 responsáveis | 1247/1689 (73.8%) | Falhas: 0
14:15:14 | INFO     | [14:15:14] ✅ DONE | 707394 | 0 responsáveis | 1248/1689 (73.9%) | Falhas: 0
14:15:14 | INFO     | [14:15:14] ✅ DONE | 707399 | 0 responsáveis | 1249/1689 (73.9%) | Falhas: 0
14:15:14 | INFO     | [14:15:14] ✅ DONE | 707400 | 0 responsáveis | 1250/1689 (74.0%) | Falhas: 0
14:15:14 | INFO     | [14:15:14] ✅ DONE | 707397 | 0 responsáveis | 1251/1689 (74.1%) | Falhas: 0
14:15:14 | INFO     | [14:15:14] ✅ DONE | 707396 | 0 responsáveis | 1252/1689 (74.1%) | Falhas: 0
14:15:14 | INFO     | [14:15:14] ✅ DONE | 707395 | 0 responsáveis | 1253/1689 (74.2%) | Falhas: 0
14:15:14 | INFO     | [14:15:14] ✅ DONE | 707398 | 0 responsáveis | 1254/1689 (74.2%) | Falhas: 0
14:15:14 | INFO     | [14:15:14] ✅ DONE | 707401 | 0 responsáveis | 1255/1689 (74.3%) | Falhas: 0
14:15:14 | INFO     | [14:15:14] ✅ DONE | 707402 | 0 responsáveis | 1256/1689 (74.4%) | Falhas: 0
14:15:14 | INFO     | [14:15:14] ✅ DONE | 707403 | 0 responsáveis | 1257/1689 (74.4%) | Falhas: 0
14:15:14 | INFO     | [14:15:14] ✅ DONE | 707404 | 0 responsáveis | 1258/1689 (74.5%) | Falhas: 0
14:15:14 | INFO     | [14:15:14] ✅ DONE | 707405 | 0 responsáveis | 1259/1689 (74.5%) | Falhas: 0
14:15:14 | INFO     | [14:15:14] ✅ DONE | 707406 | 0 responsáveis | 1260/1689 (74.6%) | Falhas: 0
14:15:15 | INFO     | [14:15:15] ✅ DONE | 707407 | 0 responsáveis | 1261/1689 (74.7%) | Falhas: 0
14:15:15 | INFO     | [14:15:15] ✅ DONE | 707408 | 0 responsáveis | 1262/1689 (74.7%) | Falhas: 0
14:15:15 | INFO     | [14:15:15] ✅ DONE | 707409 | 0 responsáveis | 1263/1689 (74.8%) | Falhas: 0
14:15:15 | INFO     | [14:15:15] ✅ DONE | 707411 | 0 responsáveis | 1264/1689 (74.8%) | Falhas: 0
14:15:15 | INFO     | [14:15:15] ✅ DONE | 707412 | 0 responsáveis | 1265/1689 (74.9%) | Falhas: 0
14:15:15 | INFO     | [14:15:15] ✅ DONE | 707410 | 0 responsáveis | 1266/1689 (75.0%) | Falhas: 0
14:15:15 | INFO     | [14:15:15] ✅ DONE | 707413 | 0 responsáveis | 1267/1689 (75.0%) | Falhas: 0
14:15:15 | INFO     | [14:15:15] ✅ DONE | 707415 | 0 responsáveis | 1268/1689 (75.1%) | Falhas: 0
14:15:15 | INFO     | [14:15:15] ✅ DONE | 707414 | 0 responsáveis | 1269/1689 (75.1%) | Falhas: 0
14:15:15 | INFO     | [14:15:15] ✅ DONE | 707416 | 0 responsáveis | 1270/1689 (75.2%) | Falhas: 0
14:15:15 | INFO     | [14:15:15] ✅ DONE | 707417 | 0 responsáveis | 1271/1689 (75.3%) | Falhas: 0
14:15:15 | INFO     | [14:15:15] ✅ DONE | 707418 | 0 responsáveis | 1272/1689 (75.3%) | Falhas: 0
14:15:15 | INFO     | [14:15:15] ✅ DONE | 707419 | 0 responsáveis | 1273/1689 (75.4%) | Falhas: 0
14:15:15 | INFO     | [14:15:15] ✅ DONE | 707420 | 0 responsáveis | 1274/1689 (75.4%) | Falhas: 0
14:15:15 | INFO     | [14:15:15] ✅ DONE | 707421 | 0 responsáveis | 1275/1689 (75.5%) | Falhas: 0
14:15:15 | INFO     | [14:15:15] ✅ DONE | 707422 | 0 responsáveis | 1276/1689 (75.5%) | Falhas: 0
14:15:15 | INFO     | [14:15:15] ✅ DONE | 707423 | 0 responsáveis | 1277/1689 (75.6%) | Falhas: 0
14:15:16 | INFO     | [14:15:16] ✅ DONE | 707424 | 0 responsáveis | 1278/1689 (75.7%) | Falhas: 0
14:15:16 | INFO     | [14:15:16] ✅ DONE | 707429 | 0 responsáveis | 1279/1689 (75.7%) | Falhas: 0
14:15:16 | INFO     | [14:15:16] ✅ DONE | 707425 | 0 responsáveis | 1280/1689 (75.8%) | Falhas: 0
14:15:16 | INFO     | [14:15:16] ✅ DONE | 707427 | 0 responsáveis | 1281/1689 (75.8%) | Falhas: 0
14:15:16 | INFO     | [14:15:16] ✅ DONE | 707428 | 0 responsáveis | 1282/1689 (75.9%) | Falhas: 0
14:15:16 | INFO     | [14:15:16] ✅ DONE | 707430 | 0 responsáveis | 1283/1689 (76.0%) | Falhas: 0
14:15:16 | INFO     | [14:15:16] ✅ DONE | 707426 | 0 responsáveis | 1284/1689 (76.0%) | Falhas: 0
14:15:16 | INFO     | [14:15:16] ✅ DONE | 707432 | 0 responsáveis | 1285/1689 (76.1%) | Falhas: 0
14:15:16 | INFO     | [14:15:16] ✅ DONE | 707433 | 0 responsáveis | 1286/1689 (76.1%) | Falhas: 0
14:15:16 | INFO     | [14:15:16] ✅ DONE | 707431 | 0 responsáveis | 1287/1689 (76.2%) | Falhas: 0
14:15:16 | INFO     | [14:15:16] ✅ DONE | 707435 | 0 responsáveis | 1288/1689 (76.3%) | Falhas: 0
14:15:16 | INFO     | [14:15:16] ✅ DONE | 707434 | 0 responsáveis | 1289/1689 (76.3%) | Falhas: 0
14:15:16 | INFO     | [14:15:16] ✅ DONE | 707436 | 0 responsáveis | 1290/1689 (76.4%) | Falhas: 0
14:15:16 | INFO     | [14:15:16] ✅ DONE | 707437 | 0 responsáveis | 1291/1689 (76.4%) | Falhas: 0
14:15:16 | INFO     | [14:15:16] ✅ DONE | 707438 | 0 responsáveis | 1292/1689 (76.5%) | Falhas: 0
14:15:16 | INFO     | [14:15:16] ✅ DONE | 707439 | 0 responsáveis | 1293/1689 (76.6%) | Falhas: 0
14:15:17 | INFO     | [14:15:17] ✅ DONE | 707440 | 0 responsáveis | 1294/1689 (76.6%) | Falhas: 0
14:15:17 | INFO     | [14:15:17] ✅ DONE | 707443 | 0 responsáveis | 1295/1689 (76.7%) | Falhas: 0
14:15:17 | INFO     | [14:15:17] ✅ DONE | 707441 | 0 responsáveis | 1296/1689 (76.7%) | Falhas: 0
14:15:17 | INFO     | [14:15:17] ✅ DONE | 707442 | 0 responsáveis | 1297/1689 (76.8%) | Falhas: 0
14:15:17 | INFO     | [14:15:17] ✅ DONE | 707444 | 0 responsáveis | 1298/1689 (76.9%) | Falhas: 0
14:15:17 | INFO     | [14:15:17] ✅ DONE | 707445 | 0 responsáveis | 1299/1689 (76.9%) | Falhas: 0
14:15:17 | INFO     | [14:15:17] ✅ DONE | 707448 | 0 responsáveis | 1300/1689 (77.0%) | Falhas: 0
14:15:17 | INFO     | [14:15:17] ✅ DONE | 707446 | 0 responsáveis | 1301/1689 (77.0%) | Falhas: 0
14:15:17 | INFO     | [14:15:17] ✅ DONE | 707447 | 0 responsáveis | 1302/1689 (77.1%) | Falhas: 0
14:15:17 | INFO     | [14:15:17] ✅ DONE | 707449 | 0 responsáveis | 1303/1689 (77.1%) | Falhas: 0
14:15:17 | INFO     | [14:15:17] ✅ DONE | 707450 | 0 responsáveis | 1304/1689 (77.2%) | Falhas: 0
14:15:17 | INFO     | [14:15:17] ✅ DONE | 707452 | 0 responsáveis | 1305/1689 (77.3%) | Falhas: 0
14:15:17 | INFO     | [14:15:17] ✅ DONE | 707453 | 0 responsáveis | 1306/1689 (77.3%) | Falhas: 0
14:15:17 | INFO     | [14:15:17] ✅ DONE | 707454 | 0 responsáveis | 1307/1689 (77.4%) | Falhas: 0
14:15:17 | INFO     | [14:15:17] ✅ DONE | 707455 | 0 responsáveis | 1308/1689 (77.4%) | Falhas: 0
14:15:18 | INFO     | [14:15:18] ✅ DONE | 707457 | 0 responsáveis | 1309/1689 (77.5%) | Falhas: 0
14:15:18 | INFO     | [14:15:18] ✅ DONE | 707456 | 0 responsáveis | 1310/1689 (77.6%) | Falhas: 0
14:15:18 | INFO     | [14:15:18] ✅ DONE | 707460 | 0 responsáveis | 1311/1689 (77.6%) | Falhas: 0
14:15:18 | INFO     | [14:15:18] ✅ DONE | 707458 | 0 responsáveis | 1312/1689 (77.7%) | Falhas: 0
14:15:18 | INFO     | [14:15:18] ✅ DONE | 707461 | 0 responsáveis | 1313/1689 (77.7%) | Falhas: 0
14:15:18 | INFO     | [14:15:18] ✅ DONE | 707459 | 0 responsáveis | 1314/1689 (77.8%) | Falhas: 0
14:15:18 | INFO     | [14:15:18] ✅ DONE | 707462 | 0 responsáveis | 1315/1689 (77.9%) | Falhas: 0
14:15:18 | INFO     | [14:15:18] ✅ DONE | 707464 | 0 responsáveis | 1316/1689 (77.9%) | Falhas: 0
14:15:18 | INFO     | [14:15:18] ✅ DONE | 707465 | 0 responsáveis | 1317/1689 (78.0%) | Falhas: 0
14:15:18 | INFO     | [14:15:18] ✅ DONE | 707466 | 0 responsáveis | 1318/1689 (78.0%) | Falhas: 0
14:15:18 | INFO     | [14:15:18] ✅ DONE | 707467 | 0 responsáveis | 1319/1689 (78.1%) | Falhas: 0
14:15:18 | INFO     | [14:15:18] ✅ DONE | 707468 | 0 responsáveis | 1320/1689 (78.2%) | Falhas: 0
14:15:18 | INFO     | [14:15:18] ✅ DONE | 707463 | 0 responsáveis | 1321/1689 (78.2%) | Falhas: 0
14:15:18 | INFO     | [14:15:18] ✅ DONE | 707469 | 0 responsáveis | 1322/1689 (78.3%) | Falhas: 0
14:15:18 | INFO     | [14:15:18] ✅ DONE | 707470 | 0 responsáveis | 1323/1689 (78.3%) | Falhas: 0
14:15:19 | INFO     | [14:15:19] ✅ DONE | 707472 | 0 responsáveis | 1324/1689 (78.4%) | Falhas: 0
14:15:19 | INFO     | [14:15:19] ✅ DONE | 707471 | 0 responsáveis | 1325/1689 (78.4%) | Falhas: 0
14:15:19 | INFO     | [14:15:19] ✅ DONE | 707474 | 0 responsáveis | 1326/1689 (78.5%) | Falhas: 0
14:15:19 | INFO     | [14:15:19] ✅ DONE | 707475 | 0 responsáveis | 1327/1689 (78.6%) | Falhas: 0
14:15:19 | INFO     | [14:15:19] ✅ DONE | 707473 | 0 responsáveis | 1328/1689 (78.6%) | Falhas: 0
14:15:19 | INFO     | [14:15:19] ✅ DONE | 707477 | 0 responsáveis | 1329/1689 (78.7%) | Falhas: 0
14:15:19 | INFO     | [14:15:19] ✅ DONE | 707481 | 0 responsáveis | 1330/1689 (78.7%) | Falhas: 0
14:15:19 | INFO     | [14:15:19] ✅ DONE | 707478 | 0 responsáveis | 1331/1689 (78.8%) | Falhas: 0
14:15:19 | INFO     | [14:15:19] ✅ DONE | 707476 | 0 responsáveis | 1332/1689 (78.9%) | Falhas: 0
14:15:19 | INFO     | [14:15:19] ✅ DONE | 707484 | 0 responsáveis | 1333/1689 (78.9%) | Falhas: 0
14:15:19 | INFO     | [14:15:19] ✅ DONE | 707480 | 0 responsáveis | 1334/1689 (79.0%) | Falhas: 0
14:15:19 | INFO     | [14:15:19] ✅ DONE | 707483 | 0 responsáveis | 1335/1689 (79.0%) | Falhas: 0
14:15:19 | INFO     | [14:15:19] ✅ DONE | 707479 | 0 responsáveis | 1336/1689 (79.1%) | Falhas: 0
14:15:19 | INFO     | [14:15:19] ✅ DONE | 707485 | 0 responsáveis | 1337/1689 (79.2%) | Falhas: 0
14:15:19 | INFO     | [14:15:19] ✅ DONE | 707482 | 0 responsáveis | 1338/1689 (79.2%) | Falhas: 0
14:15:19 | INFO     | [14:15:19] ✅ DONE | 707486 | 0 responsáveis | 1339/1689 (79.3%) | Falhas: 0
14:15:19 | INFO     | [14:15:19] ✅ DONE | 707487 | 0 responsáveis | 1340/1689 (79.3%) | Falhas: 0
14:15:20 | INFO     | [14:15:20] ✅ DONE | 707490 | 0 responsáveis | 1341/1689 (79.4%) | Falhas: 0
14:15:20 | INFO     | [14:15:20] ✅ DONE | 707491 | 0 responsáveis | 1342/1689 (79.5%) | Falhas: 0
14:15:20 | INFO     | [14:15:20] ✅ DONE | 707492 | 0 responsáveis | 1343/1689 (79.5%) | Falhas: 0
14:15:20 | INFO     | [14:15:20] ✅ DONE | 707496 | 0 responsáveis | 1344/1689 (79.6%) | Falhas: 0
14:15:20 | INFO     | [14:15:20] ✅ DONE | 707488 | 0 responsáveis | 1345/1689 (79.6%) | Falhas: 0
14:15:20 | INFO     | [14:15:20] ✅ DONE | 707499 | 0 responsáveis | 1346/1689 (79.7%) | Falhas: 0
14:15:20 | INFO     | [14:15:20] ✅ DONE | 707493 | 0 responsáveis | 1347/1689 (79.8%) | Falhas: 0
14:15:20 | INFO     | [14:15:20] ✅ DONE | 707489 | 0 responsáveis | 1348/1689 (79.8%) | Falhas: 0
14:15:20 | INFO     | [14:15:20] ✅ DONE | 707495 | 0 responsáveis | 1349/1689 (79.9%) | Falhas: 0
14:15:20 | INFO     | [14:15:20] ✅ DONE | 707500 | 0 responsáveis | 1350/1689 (79.9%) | Falhas: 0
14:15:20 | INFO     | [14:15:20] ✅ DONE | 707494 | 0 responsáveis | 1351/1689 (80.0%) | Falhas: 0
14:15:20 | INFO     | [14:15:20] ✅ DONE | 707498 | 0 responsáveis | 1352/1689 (80.0%) | Falhas: 0
14:15:20 | INFO     | [14:15:20] ✅ DONE | 707497 | 0 responsáveis | 1353/1689 (80.1%) | Falhas: 0
14:15:20 | INFO     | [14:15:20] ✅ DONE | 707501 | 0 responsáveis | 1354/1689 (80.2%) | Falhas: 0
14:15:20 | INFO     | [14:15:20] ✅ DONE | 707502 | 0 responsáveis | 1355/1689 (80.2%) | Falhas: 0
14:15:21 | INFO     | [14:15:21] ✅ DONE | 707503 | 0 responsáveis | 1356/1689 (80.3%) | Falhas: 0
14:15:21 | INFO     | [14:15:21] ✅ DONE | 707504 | 0 responsáveis | 1357/1689 (80.3%) | Falhas: 0
14:15:21 | INFO     | [14:15:21] ✅ DONE | 707506 | 0 responsáveis | 1358/1689 (80.4%) | Falhas: 0
14:15:21 | INFO     | [14:15:21] ✅ DONE | 707505 | 0 responsáveis | 1359/1689 (80.5%) | Falhas: 0
14:15:21 | INFO     | [14:15:21] ✅ DONE | 707510 | 0 responsáveis | 1360/1689 (80.5%) | Falhas: 0
14:15:21 | INFO     | [14:15:21] ✅ DONE | 707509 | 0 responsáveis | 1361/1689 (80.6%) | Falhas: 0
14:15:21 | INFO     | [14:15:21] ✅ DONE | 707508 | 0 responsáveis | 1362/1689 (80.6%) | Falhas: 0
14:15:21 | INFO     | [14:15:21] ✅ DONE | 707511 | 0 responsáveis | 1363/1689 (80.7%) | Falhas: 0
14:15:21 | INFO     | [14:15:21] ✅ DONE | 707512 | 0 responsáveis | 1364/1689 (80.8%) | Falhas: 0
14:15:21 | INFO     | [14:15:21] ✅ DONE | 707507 | 0 responsáveis | 1365/1689 (80.8%) | Falhas: 0
14:15:21 | INFO     | [14:15:21] ✅ DONE | 707513 | 0 responsáveis | 1366/1689 (80.9%) | Falhas: 0
14:15:21 | INFO     | [14:15:21] ✅ DONE | 707514 | 0 responsáveis | 1367/1689 (80.9%) | Falhas: 0
14:15:21 | INFO     | [14:15:21] ✅ DONE | 707515 | 0 responsáveis | 1368/1689 (81.0%) | Falhas: 0
14:15:21 | INFO     | [14:15:21] ✅ DONE | 707516 | 0 responsáveis | 1369/1689 (81.1%) | Falhas: 0
14:15:21 | INFO     | [14:15:21] ✅ DONE | 707517 | 0 responsáveis | 1370/1689 (81.1%) | Falhas: 0
14:15:21 | INFO     | [14:15:21] ✅ DONE | 707518 | 0 responsáveis | 1371/1689 (81.2%) | Falhas: 0
14:15:22 | INFO     | [14:15:22] ✅ DONE | 707519 | 0 responsáveis | 1372/1689 (81.2%) | Falhas: 0
14:15:22 | INFO     | [14:15:22] ✅ DONE | 707520 | 0 responsáveis | 1373/1689 (81.3%) | Falhas: 0
14:15:22 | INFO     | [14:15:22] ✅ DONE | 707523 | 0 responsáveis | 1374/1689 (81.3%) | Falhas: 0
14:15:22 | INFO     | [14:15:22] ✅ DONE | 707524 | 0 responsáveis | 1375/1689 (81.4%) | Falhas: 0
14:15:22 | INFO     | [14:15:22] ✅ DONE | 707521 | 0 responsáveis | 1376/1689 (81.5%) | Falhas: 0
14:15:22 | INFO     | [14:15:22] ✅ DONE | 707529 | 0 responsáveis | 1377/1689 (81.5%) | Falhas: 0
14:15:22 | INFO     | [14:15:22] ✅ DONE | 707522 | 0 responsáveis | 1378/1689 (81.6%) | Falhas: 0
14:15:22 | INFO     | [14:15:22] ✅ DONE | 707527 | 0 responsáveis | 1379/1689 (81.6%) | Falhas: 0
14:15:22 | INFO     | [14:15:22] ✅ DONE | 707528 | 0 responsáveis | 1380/1689 (81.7%) | Falhas: 0
14:15:22 | INFO     | [14:15:22] ✅ DONE | 707530 | 0 responsáveis | 1381/1689 (81.8%) | Falhas: 0
14:15:22 | INFO     | [14:15:22] ✅ DONE | 707525 | 0 responsáveis | 1382/1689 (81.8%) | Falhas: 0
14:15:22 | INFO     | [14:15:22] ✅ DONE | 707526 | 0 responsáveis | 1383/1689 (81.9%) | Falhas: 0
14:15:22 | INFO     | [14:15:22] ✅ DONE | 707531 | 0 responsáveis | 1384/1689 (81.9%) | Falhas: 0
14:15:22 | INFO     | [14:15:22] ✅ DONE | 707532 | 0 responsáveis | 1385/1689 (82.0%) | Falhas: 0
14:15:22 | INFO     | [14:15:22] ✅ DONE | 707533 | 0 responsáveis | 1386/1689 (82.1%) | Falhas: 0
14:15:22 | INFO     | [14:15:22] ✅ DONE | 707534 | 0 responsáveis | 1387/1689 (82.1%) | Falhas: 0
14:15:22 | INFO     | [14:15:22] ✅ DONE | 707535 | 0 responsáveis | 1388/1689 (82.2%) | Falhas: 0
14:15:23 | INFO     | [14:15:23] ✅ DONE | 707536 | 0 responsáveis | 1389/1689 (82.2%) | Falhas: 0
14:15:23 | INFO     | [14:15:23] ✅ DONE | 707537 | 0 responsáveis | 1390/1689 (82.3%) | Falhas: 0
14:15:23 | INFO     | [14:15:23] ✅ DONE | 707544 | 0 responsáveis | 1391/1689 (82.4%) | Falhas: 0
14:15:23 | INFO     | [14:15:23] ✅ DONE | 707542 | 0 responsáveis | 1392/1689 (82.4%) | Falhas: 0
14:15:23 | INFO     | [14:15:23] ✅ DONE | 707543 | 0 responsáveis | 1393/1689 (82.5%) | Falhas: 0
14:15:23 | INFO     | [14:15:23] ✅ DONE | 707539 | 0 responsáveis | 1394/1689 (82.5%) | Falhas: 0
14:15:23 | INFO     | [14:15:23] ✅ DONE | 707541 | 0 responsáveis | 1395/1689 (82.6%) | Falhas: 0
14:15:23 | INFO     | [14:15:23] ✅ DONE | 707547 | 0 responsáveis | 1396/1689 (82.7%) | Falhas: 0
14:15:23 | INFO     | [14:15:23] ✅ DONE | 707538 | 0 responsáveis | 1397/1689 (82.7%) | Falhas: 0
14:15:23 | INFO     | [14:15:23] ✅ DONE | 707548 | 0 responsáveis | 1398/1689 (82.8%) | Falhas: 0
14:15:23 | INFO     | [14:15:23] ✅ DONE | 707549 | 0 responsáveis | 1399/1689 (82.8%) | Falhas: 0
14:15:23 | INFO     | [14:15:23] ✅ DONE | 707545 | 0 responsáveis | 1400/1689 (82.9%) | Falhas: 0
14:15:23 | INFO     | [14:15:23] ✅ DONE | 707550 | 0 responsáveis | 1401/1689 (82.9%) | Falhas: 0
14:15:23 | INFO     | [14:15:23] ✅ DONE | 707551 | 0 responsáveis | 1402/1689 (83.0%) | Falhas: 0
14:15:23 | INFO     | [14:15:23] ✅ DONE | 707552 | 0 responsáveis | 1403/1689 (83.1%) | Falhas: 0
14:15:24 | INFO     | [14:15:24] ✅ DONE | 707554 | 0 responsáveis | 1404/1689 (83.1%) | Falhas: 0
14:15:24 | INFO     | [14:15:24] ✅ DONE | 707553 | 0 responsáveis | 1405/1689 (83.2%) | Falhas: 0
14:15:24 | INFO     | [14:15:24] ✅ DONE | 707555 | 0 responsáveis | 1406/1689 (83.2%) | Falhas: 0
14:15:24 | INFO     | [14:15:24] ✅ DONE | 707556 | 0 responsáveis | 1407/1689 (83.3%) | Falhas: 0
14:15:24 | INFO     | [14:15:24] ✅ DONE | 707557 | 0 responsáveis | 1408/1689 (83.4%) | Falhas: 0
14:15:24 | INFO     | [14:15:24] ✅ DONE | 707559 | 0 responsáveis | 1409/1689 (83.4%) | Falhas: 0
14:15:24 | INFO     | [14:15:24] ✅ DONE | 707560 | 0 responsáveis | 1410/1689 (83.5%) | Falhas: 0
14:15:24 | INFO     | [14:15:24] ✅ DONE | 707562 | 0 responsáveis | 1411/1689 (83.5%) | Falhas: 0
14:15:24 | INFO     | [14:15:24] ✅ DONE | 707558 | 0 responsáveis | 1412/1689 (83.6%) | Falhas: 0
14:15:24 | INFO     | [14:15:24] ✅ DONE | 707563 | 0 responsáveis | 1413/1689 (83.7%) | Falhas: 0
14:15:24 | INFO     | [14:15:24] ✅ DONE | 707564 | 0 responsáveis | 1414/1689 (83.7%) | Falhas: 0
14:15:24 | INFO     | [14:15:24] ✅ DONE | 707561 | 0 responsáveis | 1415/1689 (83.8%) | Falhas: 0
14:15:24 | INFO     | [14:15:24] ✅ DONE | 707565 | 0 responsáveis | 1416/1689 (83.8%) | Falhas: 0
14:15:24 | INFO     | [14:15:24] ✅ DONE | 707566 | 0 responsáveis | 1417/1689 (83.9%) | Falhas: 0
14:15:24 | INFO     | [14:15:24] ✅ DONE | 707567 | 0 responsáveis | 1418/1689 (84.0%) | Falhas: 0
14:15:24 | INFO     | [14:15:24] ✅ DONE | 707568 | 0 responsáveis | 1419/1689 (84.0%) | Falhas: 0
14:15:24 | INFO     | [14:15:24] ✅ DONE | 707569 | 0 responsáveis | 1420/1689 (84.1%) | Falhas: 0
14:15:24 | INFO     | [14:15:24] ✅ DONE | 707570 | 0 responsáveis | 1421/1689 (84.1%) | Falhas: 0
14:15:24 | INFO     | [14:15:24] ✅ DONE | 707573 | 0 responsáveis | 1422/1689 (84.2%) | Falhas: 0
14:15:24 | INFO     | [14:15:24] ✅ DONE | 707572 | 0 responsáveis | 1423/1689 (84.3%) | Falhas: 0
14:15:24 | INFO     | [14:15:24] ✅ DONE | 707571 | 0 responsáveis | 1424/1689 (84.3%) | Falhas: 0
14:15:25 | INFO     | [14:15:25] ✅ DONE | 707574 | 0 responsáveis | 1425/1689 (84.4%) | Falhas: 0
14:15:25 | INFO     | [14:15:25] ✅ DONE | 707575 | 0 responsáveis | 1426/1689 (84.4%) | Falhas: 0
14:15:25 | INFO     | [14:15:25] ✅ DONE | 707576 | 0 responsáveis | 1427/1689 (84.5%) | Falhas: 0
14:15:25 | INFO     | [14:15:25] ✅ DONE | 707578 | 0 responsáveis | 1428/1689 (84.5%) | Falhas: 0
14:15:25 | INFO     | [14:15:25] ✅ DONE | 707577 | 0 responsáveis | 1429/1689 (84.6%) | Falhas: 0
14:15:25 | INFO     | [14:15:25] ✅ DONE | 707580 | 0 responsáveis | 1430/1689 (84.7%) | Falhas: 0
14:15:25 | INFO     | [14:15:25] ✅ DONE | 707579 | 0 responsáveis | 1431/1689 (84.7%) | Falhas: 0
14:15:25 | INFO     | [14:15:25] ✅ DONE | 707581 | 0 responsáveis | 1432/1689 (84.8%) | Falhas: 0
14:15:25 | INFO     | [14:15:25] ✅ DONE | 707582 | 0 responsáveis | 1433/1689 (84.8%) | Falhas: 0
14:15:25 | INFO     | [14:15:25] ✅ DONE | 707584 | 0 responsáveis | 1434/1689 (84.9%) | Falhas: 0
14:15:25 | INFO     | [14:15:25] ✅ DONE | 707585 | 0 responsáveis | 1435/1689 (85.0%) | Falhas: 0
14:15:25 | INFO     | [14:15:25] ✅ DONE | 707586 | 0 responsáveis | 1436/1689 (85.0%) | Falhas: 0
14:15:25 | INFO     | [14:15:25] ✅ DONE | 707590 | 0 responsáveis | 1437/1689 (85.1%) | Falhas: 0
14:15:25 | INFO     | [14:15:25] ✅ DONE | 707588 | 0 responsáveis | 1438/1689 (85.1%) | Falhas: 0
14:15:25 | INFO     | [14:15:25] ✅ DONE | 707587 | 0 responsáveis | 1439/1689 (85.2%) | Falhas: 0
14:15:25 | INFO     | [14:15:25] ✅ DONE | 707589 | 0 responsáveis | 1440/1689 (85.3%) | Falhas: 0
14:15:25 | INFO     | [14:15:25] ✅ DONE | 707591 | 0 responsáveis | 1441/1689 (85.3%) | Falhas: 0
14:15:25 | INFO     | [14:15:25] ✅ DONE | 719078 | 0 responsáveis | 1442/1689 (85.4%) | Falhas: 0
14:15:25 | INFO     | [14:15:25] ✅ DONE | 747813 | 0 responsáveis | 1443/1689 (85.4%) | Falhas: 0
14:15:25 | INFO     | [14:15:25] ✅ DONE | 731393 | 0 responsáveis | 1444/1689 (85.5%) | Falhas: 0
14:15:25 | INFO     | [14:15:25] ✅ DONE | 707692 | 0 responsáveis | 1445/1689 (85.6%) | Falhas: 0
14:15:25 | INFO     | [14:15:25] ✅ DONE | 748214 | 0 responsáveis | 1446/1689 (85.6%) | Falhas: 0
14:15:26 | INFO     | [14:15:26] ✅ DONE | 707608 | 0 responsáveis | 1447/1689 (85.7%) | Falhas: 0
14:15:26 | INFO     | [14:15:26] ✅ DONE | 749491 | 0 responsáveis | 1448/1689 (85.7%) | Falhas: 0
14:15:26 | INFO     | [14:15:26] ✅ DONE | 750714 | 0 responsáveis | 1449/1689 (85.8%) | Falhas: 0
14:15:26 | INFO     | [14:15:26] ✅ DONE | 756884 | 0 responsáveis | 1450/1689 (85.8%) | Falhas: 0
14:15:26 | INFO     | [14:15:26] ✅ DONE | 766422 | 4 responsáveis | 1451/1689 (85.9%) | Falhas: 0
14:15:26 | INFO     | [14:15:26] ✅ DONE | 793393 | 0 responsáveis | 1452/1689 (86.0%) | Falhas: 0
14:15:26 | INFO     | [14:15:26] ✅ DONE | 767579 | 0 responsáveis | 1453/1689 (86.0%) | Falhas: 0
14:15:26 | INFO     | [14:15:26] ✅ DONE | 766705 | 0 responsáveis | 1454/1689 (86.1%) | Falhas: 0
14:15:26 | INFO     | [14:15:26] ✅ DONE | 801558 | 0 responsáveis | 1455/1689 (86.1%) | Falhas: 0
14:15:26 | INFO     | [14:15:26] ✅ DONE | 797505 | 0 responsáveis | 1456/1689 (86.2%) | Falhas: 0
14:15:26 | INFO     | [14:15:26] ✅ DONE | 825511 | 0 responsáveis | 1457/1689 (86.3%) | Falhas: 0
14:15:26 | INFO     | [14:15:26] ✅ DONE | 804184 | 0 responsáveis | 1458/1689 (86.3%) | Falhas: 0
14:15:26 | INFO     | [14:15:26] ✅ DONE | 829439 | 0 responsáveis | 1459/1689 (86.4%) | Falhas: 0
14:15:26 | INFO     | [14:15:26] ✅ DONE | 831435 | 0 responsáveis | 1460/1689 (86.4%) | Falhas: 0
14:15:26 | INFO     | [14:15:26] ✅ DONE | 831465 | 0 responsáveis | 1461/1689 (86.5%) | Falhas: 0
14:15:26 | INFO     | [14:15:26] ✅ DONE | 817696 | 0 responsáveis | 1462/1689 (86.6%) | Falhas: 0
14:15:26 | INFO     | [14:15:26] ✅ DONE | 831506 | 0 responsáveis | 1463/1689 (86.6%) | Falhas: 0
14:15:27 | INFO     | [14:15:27] ✅ DONE | 832634 | 0 responsáveis | 1464/1689 (86.7%) | Falhas: 0
14:15:27 | INFO     | [14:15:27] ✅ DONE | 832720 | 0 responsáveis | 1465/1689 (86.7%) | Falhas: 0
14:15:27 | INFO     | [14:15:27] ✅ DONE | 834388 | 0 responsáveis | 1466/1689 (86.8%) | Falhas: 0
14:15:27 | INFO     | [14:15:27] ✅ DONE | 840008 | 0 responsáveis | 1467/1689 (86.9%) | Falhas: 0
14:15:27 | INFO     | [14:15:27] ✅ DONE | 834397 | 0 responsáveis | 1468/1689 (86.9%) | Falhas: 0
14:15:27 | INFO     | [14:15:27] ✅ DONE | 840870 | 0 responsáveis | 1469/1689 (87.0%) | Falhas: 0
14:15:27 | INFO     | [14:15:27] ✅ DONE | 856724 | 0 responsáveis | 1470/1689 (87.0%) | Falhas: 0
14:15:27 | INFO     | [14:15:27] ✅ DONE | 844712 | 0 responsáveis | 1471/1689 (87.1%) | Falhas: 0
14:15:27 | INFO     | [14:15:27] ✅ DONE | 847884 | 0 responsáveis | 1472/1689 (87.2%) | Falhas: 0
14:15:27 | INFO     | [14:15:27] ✅ DONE | 850889 | 0 responsáveis | 1473/1689 (87.2%) | Falhas: 0
14:15:27 | INFO     | [14:15:27] ✅ DONE | 856734 | 0 responsáveis | 1474/1689 (87.3%) | Falhas: 0
14:15:27 | INFO     | [14:15:27] ✅ DONE | 860842 | 0 responsáveis | 1475/1689 (87.3%) | Falhas: 0
14:15:27 | INFO     | [14:15:27] ✅ DONE | 856694 | 0 responsáveis | 1476/1689 (87.4%) | Falhas: 0
14:15:27 | INFO     | [14:15:27] ✅ DONE | 845228 | 0 responsáveis | 1477/1689 (87.4%) | Falhas: 0
14:15:27 | INFO     | [14:15:27] ✅ DONE | 852718 | 0 responsáveis | 1478/1689 (87.5%) | Falhas: 0
14:15:27 | INFO     | [14:15:27] ✅ DONE | 862554 | 0 responsáveis | 1479/1689 (87.6%) | Falhas: 0
14:15:28 | INFO     | [14:15:28] ✅ DONE | 865873 | 0 responsáveis | 1480/1689 (87.6%) | Falhas: 0
14:15:28 | INFO     | [14:15:28] ✅ DONE | 870405 | 0 responsáveis | 1481/1689 (87.7%) | Falhas: 0
14:15:28 | INFO     | [14:15:28] ✅ DONE | 872090 | 0 responsáveis | 1482/1689 (87.7%) | Falhas: 0
14:15:28 | INFO     | [14:15:28] ✅ DONE | 885631 | 0 responsáveis | 1483/1689 (87.8%) | Falhas: 0
14:15:28 | INFO     | [14:15:28] ✅ DONE | 885968 | 0 responsáveis | 1484/1689 (87.9%) | Falhas: 0
14:15:28 | INFO     | [14:15:28] ✅ DONE | 888049 | 0 responsáveis | 1485/1689 (87.9%) | Falhas: 0
14:15:28 | INFO     | [14:15:28] ✅ DONE | 899352 | 0 responsáveis | 1486/1689 (88.0%) | Falhas: 0
14:15:28 | INFO     | [14:15:28] ✅ DONE | 927057 | 0 responsáveis | 1487/1689 (88.0%) | Falhas: 0
14:15:28 | INFO     | [14:15:28] ✅ DONE | 912251 | 0 responsáveis | 1488/1689 (88.1%) | Falhas: 0
14:15:28 | INFO     | [14:15:28] ✅ DONE | 907150 | 0 responsáveis | 1489/1689 (88.2%) | Falhas: 0
14:15:28 | INFO     | [14:15:28] ✅ DONE | 930456 | 0 responsáveis | 1490/1689 (88.2%) | Falhas: 0
14:15:28 | INFO     | [14:15:28] ✅ DONE | 909486 | 0 responsáveis | 1491/1689 (88.3%) | Falhas: 0
14:15:28 | INFO     | [14:15:28] ✅ DONE | 889943 | 4 responsáveis | 1492/1689 (88.3%) | Falhas: 0
14:15:28 | INFO     | [14:15:28] ✅ DONE | 930292 | 0 responsáveis | 1493/1689 (88.4%) | Falhas: 0
14:15:28 | INFO     | [14:15:28] ✅ DONE | 933967 | 0 responsáveis | 1494/1689 (88.5%) | Falhas: 0
14:15:28 | INFO     | [14:15:28] ✅ DONE | 934686 | 0 responsáveis | 1495/1689 (88.5%) | Falhas: 0
14:15:28 | INFO     | [14:15:28] ✅ DONE | 934715 | 0 responsáveis | 1496/1689 (88.6%) | Falhas: 0
14:15:29 | INFO     | [14:15:29] ✅ DONE | 935660 | 0 responsáveis | 1497/1689 (88.6%) | Falhas: 0
14:15:29 | INFO     | [14:15:29] ✅ DONE | 935800 | 0 responsáveis | 1498/1689 (88.7%) | Falhas: 0
14:15:29 | INFO     | [14:15:29] ✅ DONE | 935871 | 0 responsáveis | 1499/1689 (88.8%) | Falhas: 0
14:15:29 | INFO     | [14:15:29] ✅ DONE | 936580 | 0 responsáveis | 1500/1689 (88.8%) | Falhas: 0
14:15:29 | INFO     | [14:15:29] ✅ DONE | 940303 | 0 responsáveis | 1501/1689 (88.9%) | Falhas: 0
14:15:29 | INFO     | [14:15:29] ✅ DONE | 942278 | 0 responsáveis | 1502/1689 (88.9%) | Falhas: 0
14:15:29 | INFO     | [14:15:29] ✅ DONE | 942296 | 0 responsáveis | 1503/1689 (89.0%) | Falhas: 0
14:15:29 | INFO     | [14:15:29] ✅ DONE | 940418 | 0 responsáveis | 1504/1689 (89.0%) | Falhas: 0
14:15:29 | INFO     | [14:15:29] ✅ DONE | 944975 | 0 responsáveis | 1505/1689 (89.1%) | Falhas: 0
14:15:29 | INFO     | [14:15:29] ✅ DONE | 949017 | 0 responsáveis | 1506/1689 (89.2%) | Falhas: 0
14:15:29 | INFO     | [14:15:29] ✅ DONE | 942309 | 0 responsáveis | 1507/1689 (89.2%) | Falhas: 0
14:15:29 | INFO     | [14:15:29] ✅ DONE | 944916 | 0 responsáveis | 1508/1689 (89.3%) | Falhas: 0
14:15:29 | INFO     | [14:15:29] ✅ DONE | 946422 | 0 responsáveis | 1509/1689 (89.3%) | Falhas: 0
14:15:29 | INFO     | [14:15:29] ✅ DONE | 949054 | 0 responsáveis | 1510/1689 (89.4%) | Falhas: 0
14:15:29 | INFO     | [14:15:29] ✅ DONE | 950817 | 0 responsáveis | 1511/1689 (89.5%) | Falhas: 0
14:15:29 | INFO     | [14:15:29] ✅ DONE | 952285 | 0 responsáveis | 1512/1689 (89.5%) | Falhas: 0
14:15:29 | INFO     | [14:15:29] ✅ DONE | 953192 | 0 responsáveis | 1513/1689 (89.6%) | Falhas: 0
14:15:30 | INFO     | [14:15:30] ✅ DONE | 953518 | 0 responsáveis | 1514/1689 (89.6%) | Falhas: 0
14:15:30 | INFO     | [14:15:30] ✅ DONE | 955573 | 0 responsáveis | 1515/1689 (89.7%) | Falhas: 0
14:15:30 | INFO     | [14:15:30] ✅ DONE | 959853 | 0 responsáveis | 1516/1689 (89.8%) | Falhas: 0
14:15:30 | INFO     | [14:15:30] ✅ DONE | 10343 | 0 responsáveis | 1517/1689 (89.8%) | Falhas: 0
14:15:30 | INFO     | [14:15:30] ✅ DONE | 20510 | 0 responsáveis | 1518/1689 (89.9%) | Falhas: 0
14:15:30 | INFO     | [14:15:30] ✅ DONE | 960404 | 0 responsáveis | 1519/1689 (89.9%) | Falhas: 0
14:15:30 | INFO     | [14:15:30] ✅ DONE | 21691 | 0 responsáveis | 1520/1689 (90.0%) | Falhas: 0
14:15:30 | INFO     | [14:15:30] ✅ DONE | 43921 | 0 responsáveis | 1521/1689 (90.1%) | Falhas: 0
14:15:30 | INFO     | [14:15:30] ✅ DONE | 43232 | 0 responsáveis | 1522/1689 (90.1%) | Falhas: 0
14:15:30 | INFO     | [14:15:30] ✅ DONE | 21817 | 0 responsáveis | 1523/1689 (90.2%) | Falhas: 0
14:15:30 | INFO     | [14:15:30] ✅ DONE | 28639 | 0 responsáveis | 1524/1689 (90.2%) | Falhas: 0
14:15:30 | INFO     | [14:15:30] ✅ DONE | 29916 | 0 responsáveis | 1525/1689 (90.3%) | Falhas: 0
14:15:30 | INFO     | [14:15:30] ✅ DONE | 44291 | 4 responsáveis | 1526/1689 (90.3%) | Falhas: 0
14:15:30 | INFO     | [14:15:30] ✅ DONE | 71838 | 2 responsáveis | 1527/1689 (90.4%) | Falhas: 0
14:15:30 | INFO     | [14:15:30] ✅ DONE | 72001 | 2 responsáveis | 1528/1689 (90.5%) | Falhas: 0
14:15:30 | INFO     | [14:15:30] ✅ DONE | 72486 | 0 responsáveis | 1529/1689 (90.5%) | Falhas: 0
14:15:31 | INFO     | [14:15:31] ✅ DONE | 94895 | 2 responsáveis | 1530/1689 (90.6%) | Falhas: 0
14:15:31 | INFO     | [14:15:31] ✅ DONE | 124926 | 0 responsáveis | 1531/1689 (90.6%) | Falhas: 0
14:15:31 | INFO     | [14:15:31] ✅ DONE | 162879 | 0 responsáveis | 1532/1689 (90.7%) | Falhas: 0
14:15:31 | INFO     | [14:15:31] ✅ DONE | 144989 | 0 responsáveis | 1533/1689 (90.8%) | Falhas: 0
14:15:31 | INFO     | [14:15:31] ✅ DONE | 304434 | 3 responsáveis | 1534/1689 (90.8%) | Falhas: 0
14:15:31 | INFO     | [14:15:31] ✅ DONE | 324466 | 4 responsáveis | 1535/1689 (90.9%) | Falhas: 0
14:15:31 | INFO     | [14:15:31] ✅ DONE | 199366 | 0 responsáveis | 1536/1689 (90.9%) | Falhas: 0
14:15:31 | INFO     | [14:15:31] ✅ DONE | 323103 | 9 responsáveis | 1537/1689 (91.0%) | Falhas: 0
14:15:31 | INFO     | [14:15:31] ✅ DONE | 324128 | 3 responsáveis | 1538/1689 (91.1%) | Falhas: 0
14:15:31 | INFO     | [14:15:31] ✅ DONE | 325219 | 2 responsáveis | 1539/1689 (91.1%) | Falhas: 0
14:15:31 | INFO     | [14:15:31] ✅ DONE | 208150 | 0 responsáveis | 1540/1689 (91.2%) | Falhas: 0
14:15:31 | INFO     | [14:15:31] ✅ DONE | 304606 | 6 responsáveis | 1541/1689 (91.2%) | Falhas: 0
14:15:31 | INFO     | [14:15:31] ✅ DONE | 355734 | 4 responsáveis | 1542/1689 (91.3%) | Falhas: 0
14:15:31 | INFO     | [14:15:31] ✅ DONE | 407550 | 2 responsáveis | 1543/1689 (91.4%) | Falhas: 0
14:15:31 | INFO     | [14:15:31] ✅ DONE | 404124 | 0 responsáveis | 1544/1689 (91.4%) | Falhas: 0
14:15:31 | INFO     | [14:15:31] ✅ DONE | 412228 | 0 responsáveis | 1545/1689 (91.5%) | Falhas: 0
14:15:31 | INFO     | [14:15:31] ✅ DONE | 414341 | 0 responsáveis | 1546/1689 (91.5%) | Falhas: 0
14:15:32 | INFO     | [14:15:32] ✅ DONE | 415281 | 3 responsáveis | 1547/1689 (91.6%) | Falhas: 0
14:15:32 | INFO     | [14:15:32] ✅ DONE | 417829 | 2 responsáveis | 1548/1689 (91.7%) | Falhas: 0
14:15:32 | INFO     | [14:15:32] ✅ DONE | 418599 | 6 responsáveis | 1549/1689 (91.7%) | Falhas: 0
14:15:32 | INFO     | [14:15:32] ✅ DONE | 433586 | 0 responsáveis | 1550/1689 (91.8%) | Falhas: 0
14:15:32 | INFO     | [14:15:32] ✅ DONE | 440786 | 0 responsáveis | 1551/1689 (91.8%) | Falhas: 0
14:15:32 | INFO     | [14:15:32] ✅ DONE | 440168 | 0 responsáveis | 1552/1689 (91.9%) | Falhas: 0
14:15:32 | INFO     | [14:15:32] ✅ DONE | 420042 | 2 responsáveis | 1553/1689 (91.9%) | Falhas: 0
14:15:32 | INFO     | [14:15:32] ✅ DONE | 433598 | 0 responsáveis | 1554/1689 (92.0%) | Falhas: 0
14:15:32 | INFO     | [14:15:32] ✅ DONE | 442436 | 0 responsáveis | 1555/1689 (92.1%) | Falhas: 0
14:15:32 | INFO     | [14:15:32] ✅ DONE | 438583 | 0 responsáveis | 1556/1689 (92.1%) | Falhas: 0
14:15:32 | INFO     | [14:15:32] ✅ DONE | 445535 | 0 responsáveis | 1557/1689 (92.2%) | Falhas: 0
14:15:32 | INFO     | [14:15:32] ✅ DONE | 443786 | 0 responsáveis | 1558/1689 (92.2%) | Falhas: 0
14:15:32 | INFO     | [14:15:32] ✅ DONE | 444606 | 0 responsáveis | 1559/1689 (92.3%) | Falhas: 0
14:15:32 | INFO     | [14:15:32] ✅ DONE | 445637 | 0 responsáveis | 1560/1689 (92.4%) | Falhas: 0
14:15:32 | INFO     | [14:15:32] ✅ DONE | 445703 | 0 responsáveis | 1561/1689 (92.4%) | Falhas: 0
14:15:32 | INFO     | [14:15:32] ✅ DONE | 445798 | 0 responsáveis | 1562/1689 (92.5%) | Falhas: 0
14:15:32 | INFO     | [14:15:32] ✅ DONE | 445800 | 0 responsáveis | 1563/1689 (92.5%) | Falhas: 0
14:15:33 | INFO     | [14:15:33] ✅ DONE | 446095 | 0 responsáveis | 1564/1689 (92.6%) | Falhas: 0
14:15:33 | INFO     | [14:15:33] ✅ DONE | 446349 | 0 responsáveis | 1565/1689 (92.7%) | Falhas: 0
14:15:33 | INFO     | [14:15:33] ✅ DONE | 447479 | 0 responsáveis | 1566/1689 (92.7%) | Falhas: 0
14:15:33 | INFO     | [14:15:33] ✅ DONE | 451371 | 0 responsáveis | 1567/1689 (92.8%) | Falhas: 0
14:15:33 | INFO     | [14:15:33] ✅ DONE | 450022 | 0 responsáveis | 1568/1689 (92.8%) | Falhas: 0
14:15:33 | INFO     | [14:15:33] ✅ DONE | 447749 | 0 responsáveis | 1569/1689 (92.9%) | Falhas: 0
14:15:33 | INFO     | [14:15:33] ✅ DONE | 448269 | 2 responsáveis | 1570/1689 (93.0%) | Falhas: 0
14:15:33 | INFO     | [14:15:33] ✅ DONE | 447995 | 0 responsáveis | 1571/1689 (93.0%) | Falhas: 0
14:15:33 | INFO     | [14:15:33] ✅ DONE | 448130 | 0 responsáveis | 1572/1689 (93.1%) | Falhas: 0
14:15:33 | INFO     | [14:15:33] ✅ DONE | 450026 | 0 responsáveis | 1573/1689 (93.1%) | Falhas: 0
14:15:33 | INFO     | [14:15:33] ✅ DONE | 453817 | 0 responsáveis | 1574/1689 (93.2%) | Falhas: 0
14:15:33 | INFO     | [14:15:33] ✅ DONE | 454101 | 0 responsáveis | 1575/1689 (93.3%) | Falhas: 0
14:15:33 | INFO     | [14:15:33] ✅ DONE | 454137 | 0 responsáveis | 1576/1689 (93.3%) | Falhas: 0
14:15:33 | INFO     | [14:15:33] ✅ DONE | 454353 | 0 responsáveis | 1577/1689 (93.4%) | Falhas: 0
14:15:33 | INFO     | [14:15:33] ✅ DONE | 454825 | 0 responsáveis | 1578/1689 (93.4%) | Falhas: 0
14:15:34 | INFO     | [14:15:34] ✅ DONE | 454897 | 0 responsáveis | 1579/1689 (93.5%) | Falhas: 0
14:15:34 | INFO     | [14:15:34] ✅ DONE | 455097 | 0 responsáveis | 1580/1689 (93.5%) | Falhas: 0
14:15:34 | INFO     | [14:15:34] ✅ DONE | 457703 | 0 responsáveis | 1581/1689 (93.6%) | Falhas: 0
14:15:34 | INFO     | [14:15:34] ✅ DONE | 465934 | 0 responsáveis | 1582/1689 (93.7%) | Falhas: 0
14:15:34 | INFO     | [14:15:34] ✅ DONE | 457704 | 0 responsáveis | 1583/1689 (93.7%) | Falhas: 0
14:15:34 | INFO     | [14:15:34] ✅ DONE | 468570 | 0 responsáveis | 1584/1689 (93.8%) | Falhas: 0
14:15:34 | INFO     | [14:15:34] ✅ DONE | 464207 | 0 responsáveis | 1585/1689 (93.8%) | Falhas: 0
14:15:34 | INFO     | [14:15:34] ✅ DONE | 471221 | 0 responsáveis | 1586/1689 (93.9%) | Falhas: 0
14:15:34 | INFO     | [14:15:34] ✅ DONE | 472689 | 0 responsáveis | 1587/1689 (94.0%) | Falhas: 0
14:15:34 | INFO     | [14:15:34] ✅ DONE | 473507 | 0 responsáveis | 1588/1689 (94.0%) | Falhas: 0
14:15:34 | INFO     | [14:15:34] ✅ DONE | 477977 | 0 responsáveis | 1589/1689 (94.1%) | Falhas: 0
14:15:34 | INFO     | [14:15:34] ✅ DONE | 472752 | 0 responsáveis | 1590/1689 (94.1%) | Falhas: 0
14:15:34 | INFO     | [14:15:34] ✅ DONE | 473414 | 0 responsáveis | 1591/1689 (94.2%) | Falhas: 0
14:15:34 | INFO     | [14:15:34] ✅ DONE | 477997 | 0 responsáveis | 1592/1689 (94.3%) | Falhas: 0
14:15:34 | INFO     | [14:15:34] ✅ DONE | 477994 | 0 responsáveis | 1593/1689 (94.3%) | Falhas: 0
14:15:34 | INFO     | [14:15:34] ✅ DONE | 478415 | 0 responsáveis | 1594/1689 (94.4%) | Falhas: 0
14:15:35 | INFO     | [14:15:35] ✅ DONE | 478473 | 0 responsáveis | 1595/1689 (94.4%) | Falhas: 0
14:15:35 | INFO     | [14:15:35] ✅ DONE | 479328 | 0 responsáveis | 1596/1689 (94.5%) | Falhas: 0
14:15:35 | INFO     | [14:15:35] ✅ DONE | 489706 | 0 responsáveis | 1597/1689 (94.6%) | Falhas: 0
14:15:35 | INFO     | [14:15:35] ✅ DONE | 486148 | 0 responsáveis | 1598/1689 (94.6%) | Falhas: 0
14:15:35 | INFO     | [14:15:35] ✅ DONE | 491269 | 0 responsáveis | 1599/1689 (94.7%) | Falhas: 0
14:15:35 | INFO     | [14:15:35] ✅ DONE | 489976 | 0 responsáveis | 1600/1689 (94.7%) | Falhas: 0
14:15:35 | INFO     | [14:15:35] ✅ DONE | 496974 | 0 responsáveis | 1601/1689 (94.8%) | Falhas: 0
14:15:35 | INFO     | [14:15:35] ✅ DONE | 480071 | 0 responsáveis | 1602/1689 (94.8%) | Falhas: 0
14:15:35 | INFO     | [14:15:35] ✅ DONE | 486145 | 0 responsáveis | 1603/1689 (94.9%) | Falhas: 0
14:15:35 | INFO     | [14:15:35] ✅ DONE | 495949 | 0 responsáveis | 1604/1689 (95.0%) | Falhas: 0
14:15:35 | INFO     | [14:15:35] ✅ DONE | 500370 | 0 responsáveis | 1605/1689 (95.0%) | Falhas: 0
14:15:35 | INFO     | [14:15:35] ✅ DONE | 504860 | 0 responsáveis | 1606/1689 (95.1%) | Falhas: 0
14:15:35 | INFO     | [14:15:35] ✅ DONE | 493935 | 0 responsáveis | 1607/1689 (95.1%) | Falhas: 0
14:15:35 | INFO     | [14:15:35] ✅ DONE | 498146 | 0 responsáveis | 1608/1689 (95.2%) | Falhas: 0
14:15:35 | INFO     | [14:15:35] ✅ DONE | 505189 | 0 responsáveis | 1609/1689 (95.3%) | Falhas: 0
14:15:35 | INFO     | [14:15:35] ✅ DONE | 507627 | 0 responsáveis | 1610/1689 (95.3%) | Falhas: 0
14:15:35 | INFO     | [14:15:35] ✅ DONE | 508935 | 0 responsáveis | 1611/1689 (95.4%) | Falhas: 0
14:15:36 | INFO     | [14:15:36] ✅ DONE | 524019 | 0 responsáveis | 1612/1689 (95.4%) | Falhas: 0
14:15:36 | INFO     | [14:15:36] ✅ DONE | 509867 | 0 responsáveis | 1613/1689 (95.5%) | Falhas: 0
14:15:36 | INFO     | [14:15:36] ✅ DONE | 532227 | 0 responsáveis | 1614/1689 (95.6%) | Falhas: 0
14:15:36 | INFO     | [14:15:36] ✅ DONE | 533207 | 0 responsáveis | 1615/1689 (95.6%) | Falhas: 0
14:15:36 | INFO     | [14:15:36] ✅ DONE | 533258 | 0 responsáveis | 1616/1689 (95.7%) | Falhas: 0
14:15:36 | INFO     | [14:15:36] ✅ DONE | 532185 | 0 responsáveis | 1617/1689 (95.7%) | Falhas: 0
14:15:36 | INFO     | [14:15:36] ✅ DONE | 520418 | 6 responsáveis | 1618/1689 (95.8%) | Falhas: 0
14:15:36 | INFO     | [14:15:36] ✅ DONE | 520511 | 0 responsáveis | 1619/1689 (95.9%) | Falhas: 0
14:15:36 | INFO     | [14:15:36] ✅ DONE | 521191 | 0 responsáveis | 1620/1689 (95.9%) | Falhas: 0
14:15:36 | INFO     | [14:15:36] ✅ DONE | 534126 | 0 responsáveis | 1621/1689 (96.0%) | Falhas: 0
14:15:36 | INFO     | [14:15:36] ✅ DONE | 543735 | 0 responsáveis | 1622/1689 (96.0%) | Falhas: 0
14:15:36 | INFO     | [14:15:36] ✅ DONE | 533634 | 0 responsáveis | 1623/1689 (96.1%) | Falhas: 0
14:15:36 | INFO     | [14:15:36] ✅ DONE | 565910 | 0 responsáveis | 1624/1689 (96.2%) | Falhas: 0
14:15:36 | INFO     | [14:15:36] ✅ DONE | 567584 | 0 responsáveis | 1625/1689 (96.2%) | Falhas: 0
14:15:36 | INFO     | [14:15:36] ✅ DONE | 584850 | 0 responsáveis | 1626/1689 (96.3%) | Falhas: 0
14:15:37 | INFO     | [14:15:37] ✅ DONE | 587691 | 0 responsáveis | 1627/1689 (96.3%) | Falhas: 0
14:15:37 | INFO     | [14:15:37] ✅ DONE | 584861 | 0 responsáveis | 1628/1689 (96.4%) | Falhas: 0
14:15:37 | INFO     | [14:15:37] ✅ DONE | 596775 | 0 responsáveis | 1629/1689 (96.4%) | Falhas: 0
14:15:37 | INFO     | [14:15:37] ✅ DONE | 628440 | 0 responsáveis | 1630/1689 (96.5%) | Falhas: 0
14:15:37 | INFO     | [14:15:37] ✅ DONE | 611178 | 0 responsáveis | 1631/1689 (96.6%) | Falhas: 0
14:15:37 | INFO     | [14:15:37] ✅ DONE | 611540 | 0 responsáveis | 1632/1689 (96.6%) | Falhas: 0
14:15:37 | INFO     | [14:15:37] ✅ DONE | 607888 | 4 responsáveis | 1633/1689 (96.7%) | Falhas: 0
14:15:37 | INFO     | [14:15:37] ✅ DONE | 632478 | 0 responsáveis | 1634/1689 (96.7%) | Falhas: 0
14:15:37 | INFO     | [14:15:37] ✅ DONE | 633712 | 6 responsáveis | 1635/1689 (96.8%) | Falhas: 0
14:15:37 | INFO     | [14:15:37] ✅ DONE | 620474 | 4 responsáveis | 1636/1689 (96.9%) | Falhas: 0
14:15:37 | INFO     | [14:15:37] ✅ DONE | 649213 | 2 responsáveis | 1637/1689 (96.9%) | Falhas: 0
14:15:37 | INFO     | [14:15:37] ✅ DONE | 650200 | 0 responsáveis | 1638/1689 (97.0%) | Falhas: 0
14:15:37 | INFO     | [14:15:37] ✅ DONE | 690976 | 0 responsáveis | 1639/1689 (97.0%) | Falhas: 0
14:15:37 | INFO     | [14:15:37] ✅ DONE | 715163 | 4 responsáveis | 1640/1689 (97.1%) | Falhas: 0
14:15:37 | INFO     | [14:15:37] ✅ DONE | 715296 | 4 responsáveis | 1641/1689 (97.2%) | Falhas: 0
14:15:38 | INFO     | [14:15:38] ✅ DONE | 720770 | 0 responsáveis | 1642/1689 (97.2%) | Falhas: 0
14:15:38 | INFO     | [14:15:38] ✅ DONE | 715432 | 4 responsáveis | 1643/1689 (97.3%) | Falhas: 0
14:15:38 | INFO     | [14:15:38] ✅ DONE | 726533 | 0 responsáveis | 1644/1689 (97.3%) | Falhas: 0
14:15:38 | INFO     | [14:15:38] ✅ DONE | 750790 | 2 responsáveis | 1645/1689 (97.4%) | Falhas: 0
14:15:38 | INFO     | [14:15:38] ✅ DONE | 730067 | 3 responsáveis | 1646/1689 (97.5%) | Falhas: 0
14:15:38 | INFO     | [14:15:38] ✅ DONE | 807791 | 0 responsáveis | 1647/1689 (97.5%) | Falhas: 0
14:15:38 | INFO     | [14:15:38] ✅ DONE | 774470 | 2 responsáveis | 1648/1689 (97.6%) | Falhas: 0
14:15:38 | INFO     | [14:15:38] ✅ DONE | 804680 | 0 responsáveis | 1649/1689 (97.6%) | Falhas: 0
14:15:38 | INFO     | [14:15:38] ✅ DONE | 743116 | 0 responsáveis | 1650/1689 (97.7%) | Falhas: 0
14:15:38 | INFO     | [14:15:38] ✅ DONE | 810305 | 0 responsáveis | 1651/1689 (97.8%) | Falhas: 0
14:15:38 | INFO     | [14:15:38] ✅ DONE | 814446 | 0 responsáveis | 1652/1689 (97.8%) | Falhas: 0
14:15:38 | INFO     | [14:15:38] ✅ DONE | 812135 | 0 responsáveis | 1653/1689 (97.9%) | Falhas: 0
14:15:38 | INFO     | [14:15:38] ✅ DONE | 813073 | 0 responsáveis | 1654/1689 (97.9%) | Falhas: 0
14:15:38 | INFO     | [14:15:38] ✅ DONE | 818149 | 0 responsáveis | 1655/1689 (98.0%) | Falhas: 0
14:15:38 | INFO     | [14:15:38] ✅ DONE | 808927 | 0 responsáveis | 1656/1689 (98.0%) | Falhas: 0
14:15:39 | INFO     | [14:15:39] ✅ DONE | 821962 | 0 responsáveis | 1657/1689 (98.1%) | Falhas: 0
14:15:39 | INFO     | [14:15:39] ✅ DONE | 818388 | 0 responsáveis | 1658/1689 (98.2%) | Falhas: 0
14:15:39 | INFO     | [14:15:39] ✅ DONE | 831945 | 0 responsáveis | 1659/1689 (98.2%) | Falhas: 0
14:15:39 | INFO     | [14:15:39] ✅ DONE | 826230 | 0 responsáveis | 1660/1689 (98.3%) | Falhas: 0
14:15:39 | INFO     | [14:15:39] ✅ DONE | 830926 | 0 responsáveis | 1661/1689 (98.3%) | Falhas: 0
14:15:39 | INFO     | [14:15:39] ✅ DONE | 830689 | 0 responsáveis | 1662/1689 (98.4%) | Falhas: 0
14:15:39 | INFO     | [14:15:39] ✅ DONE | 839682 | 0 responsáveis | 1663/1689 (98.5%) | Falhas: 0
14:15:39 | INFO     | [14:15:39] ✅ DONE | 840678 | 0 responsáveis | 1664/1689 (98.5%) | Falhas: 0
14:15:39 | INFO     | [14:15:39] ✅ DONE | 833286 | 0 responsáveis | 1665/1689 (98.6%) | Falhas: 0
14:15:39 | INFO     | [14:15:39] ✅ DONE | 841875 | 0 responsáveis | 1666/1689 (98.6%) | Falhas: 0
14:15:39 | INFO     | [14:15:39] ✅ DONE | 851849 | 0 responsáveis | 1667/1689 (98.7%) | Falhas: 0
14:15:39 | INFO     | [14:15:39] ✅ DONE | 845428 | 0 responsáveis | 1668/1689 (98.8%) | Falhas: 0
14:15:39 | INFO     | [14:15:39] ✅ DONE | 842823 | 0 responsáveis | 1669/1689 (98.8%) | Falhas: 0
14:15:39 | INFO     | [14:15:39] ✅ DONE | 832609 | 0 responsáveis | 1670/1689 (98.9%) | Falhas: 0
14:15:39 | INFO     | [14:15:39] ✅ DONE | 837306 | 0 responsáveis | 1671/1689 (98.9%) | Falhas: 0
14:15:40 | INFO     | [14:15:40] ✅ DONE | 855371 | 0 responsáveis | 1672/1689 (99.0%) | Falhas: 0
14:15:40 | INFO     | [14:15:40] ✅ DONE | 855483 | 0 responsáveis | 1673/1689 (99.1%) | Falhas: 0
14:15:40 | INFO     | [14:15:40] ✅ DONE | 861319 | 0 responsáveis | 1674/1689 (99.1%) | Falhas: 0
14:15:40 | INFO     | [14:15:40] ✅ DONE | 859999 | 0 responsáveis | 1675/1689 (99.2%) | Falhas: 0
14:15:40 | INFO     | [14:15:40] ✅ DONE | 864839 | 0 responsáveis | 1676/1689 (99.2%) | Falhas: 0
14:15:40 | INFO     | [14:15:40] ✅ DONE | 866008 | 0 responsáveis | 1677/1689 (99.3%) | Falhas: 0
14:15:40 | INFO     | [14:15:40] ✅ DONE | 855537 | 0 responsáveis | 1678/1689 (99.3%) | Falhas: 0
14:15:40 | INFO     | [14:15:40] ✅ DONE | 855573 | 0 responsáveis | 1679/1689 (99.4%) | Falhas: 0
14:15:40 | INFO     | [14:15:40] ✅ DONE | 855611 | 0 responsáveis | 1680/1689 (99.5%) | Falhas: 0
14:15:40 | INFO     | [14:15:40] ✅ DONE | 939916 | 0 responsáveis | 1681/1689 (99.5%) | Falhas: 0
14:15:40 | INFO     | [14:15:40] ✅ DONE | 902882 | 0 responsáveis | 1682/1689 (99.6%) | Falhas: 0
14:15:40 | INFO     | [14:15:40] ✅ DONE | 879498 | 0 responsáveis | 1683/1689 (99.6%) | Falhas: 0
14:15:40 | INFO     | [14:15:40] ✅ DONE | 915164 | 0 responsáveis | 1684/1689 (99.7%) | Falhas: 0
14:15:40 | INFO     | [14:15:40] ✅ DONE | 959506 | 0 responsáveis | 1685/1689 (99.8%) | Falhas: 0
14:15:40 | INFO     | [14:15:40] ✅ DONE | 893459 | 0 responsáveis | 1686/1689 (99.8%) | Falhas: 0
14:15:40 | INFO     | [14:15:40] ✅ DONE | 959928 | 0 responsáveis | 1687/1689 (99.9%) | Falhas: 0
14:15:40 | INFO     | [14:15:40] ✅ DONE | 961708 | 0 responsáveis | 1688/1689 (99.9%) | Falhas: 0
14:15:40 | INFO     | [14:15:40] ✅ DONE | 969474 | 0 responsáveis | 1689/1689 (100.0%) | Falhas: 0
14:15:40 | INFO     | ✅ FIM | Falhas: 0 | SKIPs: 0
14:15:40 | INFO     | ============================================================
14:15:40 | INFO     | 📤 GERANDO contratos_responsaveis.csv...
14:15:40 | INFO     | 📂 1708 arquivo(s) de responsáveis encontrado(s). Processando...
14:15:50 | INFO     | ✅ CSV gerado: data\contratos_responsaveis.csv
14:15:50 | INFO     | Responsáveis : 1143
14:15:50 | INFO     | Ativos       : 940
14:15:50 | INFO     | Colunas      : 11
14:15:50 | INFO     | ============================================================
14:15:50 | INFO     | 📦 INICIANDO OBTENÇÃO DE ITENS EMPENHADOS DO GOOGLE DRIVE
14:15:50 | INFO     | 📦 OBTENDO ITENS EMPENHADOS DO GOOGLE DRIVE...
14:16:08 | INFO     | ✅ ITENS EMPENHADOS OBTIDOS E SALVOS
14:16:08 | INFO     | ============================================================
14:16:08 | INFO     | 📊 RESUMO FINAL
14:16:08 | INFO     |   Falhas compras        : 0
14:16:08 | INFO     |   Falhas itens          : 0
14:16:08 | INFO     |   Falhas atas           : 0
14:16:08 | INFO     |   Falhas atas_itens     : 0
14:16:08 | INFO     |   Falhas atas_saldos    : 0
14:16:08 | INFO     |   Falhas atas_unidades  : 0
14:16:08 | INFO     |   Falhas contratos      : 0
14:16:08 | INFO     |   Falhas contratos_resp : 0
14:16:08 | INFO     |   Falhas itens_empenhad : 0
14:16:08 | INFO     | 🎉 PIPELINE CONCLUÍDO COM SUCESSO!
