09:12:02 | INFO     | ============================================================
09:12:02 | INFO     | 👥 EXTRAINDO RESPONSÁVEIS DOS CONTRATOS...
09:12:02 | INFO     | Contratos na fila : 1602
09:12:02 | INFO     | Validade cache    : 1 dia(s)
09:12:02 | INFO     | 🚀 INICIANDO EXTRAÇÃO DE RESPONSÁVEIS | WORKERS: 15 | TOTAL: 1602
09:12:03 | INFO     | [09:12:03] ✅ DONE | 156980 | 0 responsáveis | 1/1602 (0.1%) | Falhas: 0
09:12:03 | INFO     | [09:12:03] ✅ DONE | 127116 | 0 responsáveis | 2/1602 (0.1%) | Falhas: 0
09:12:03 | INFO     | [09:12:03] ✅ DONE | 71643 | 0 responsáveis | 3/1602 (0.2%) | Falhas: 0
09:12:03 | INFO     | [09:12:03] ✅ DONE | 127108 | 0 responsáveis | 4/1602 (0.2%) | Falhas: 0
09:12:03 | INFO     | [09:12:03] ✅ DONE | 89903 | 3 responsáveis | 5/1602 (0.3%) | Falhas: 0
09:12:03 | INFO     | [09:12:03] ✅ DONE | 126729 | 0 responsáveis | 6/1602 (0.4%) | Falhas: 0
09:12:03 | INFO     | [09:12:03] ✅ DONE | 152269 | 0 responsáveis | 7/1602 (0.4%) | Falhas: 0
09:12:03 | INFO     | [09:12:03] ✅ DONE | 14606 | 0 responsáveis | 8/1602 (0.5%) | Falhas: 0
09:12:03 | INFO     | [09:12:03] ✅ DONE | 77092 | 0 responsáveis | 9/1602 (0.6%) | Falhas: 0
09:12:03 | INFO     | [09:12:03] ✅ DONE | 127408 | 0 responsáveis | 10/1602 (0.6%) | Falhas: 0
09:12:03 | INFO     | [09:12:03] ✅ DONE | 20509 | 0 responsáveis | 11/1602 (0.7%) | Falhas: 0
09:12:03 | INFO     | [09:12:03] ✅ DONE | 127095 | 0 responsáveis | 12/1602 (0.7%) | Falhas: 0
09:12:03 | INFO     | [09:12:03] ✅ DONE | 43651 | 0 responsáveis | 13/1602 (0.8%) | Falhas: 0
09:12:03 | INFO     | [09:12:03] ✅ DONE | 29922 | 0 responsáveis | 14/1602 (0.9%) | Falhas: 0
09:12:03 | INFO     | [09:12:03] ✅ DONE | 58629 | 0 responsáveis | 15/1602 (0.9%) | Falhas: 0
09:12:04 | INFO     | [09:12:04] ✅ DONE | 253880 | 0 responsáveis | 16/1602 (1.0%) | Falhas: 0
09:12:04 | INFO     | [09:12:04] ✅ DONE | 313459 | 0 responsáveis | 17/1602 (1.1%) | Falhas: 0
09:12:04 | INFO     | [09:12:04] ✅ DONE | 289070 | 4 responsáveis | 18/1602 (1.1%) | Falhas: 0
09:12:04 | INFO     | [09:12:04] ✅ DONE | 164836 | 0 responsáveis | 19/1602 (1.2%) | Falhas: 0
09:12:04 | INFO     | [09:12:04] ✅ DONE | 191044 | 4 responsáveis | 20/1602 (1.2%) | Falhas: 0
09:12:04 | INFO     | [09:12:04] ✅ DONE | 156982 | 0 responsáveis | 21/1602 (1.3%) | Falhas: 0
09:12:04 | INFO     | [09:12:04] ✅ DONE | 206596 | 2 responsáveis | 22/1602 (1.4%) | Falhas: 0
09:12:04 | INFO     | [09:12:04] ✅ DONE | 311869 | 0 responsáveis | 23/1602 (1.4%) | Falhas: 0
09:12:04 | INFO     | [09:12:04] ✅ DONE | 253616 | 4 responsáveis | 24/1602 (1.5%) | Falhas: 0
09:12:04 | INFO     | [09:12:04] ✅ DONE | 323053 | 3 responsáveis | 25/1602 (1.6%) | Falhas: 0
09:12:04 | INFO     | [09:12:04] ✅ DONE | 290337 | 4 responsáveis | 26/1602 (1.6%) | Falhas: 0
09:12:04 | INFO     | [09:12:04] ✅ DONE | 169790 | 0 responsáveis | 27/1602 (1.7%) | Falhas: 0
09:12:04 | INFO     | [09:12:04] ✅ DONE | 258517 | 2 responsáveis | 28/1602 (1.7%) | Falhas: 0
09:12:04 | INFO     | [09:12:04] ✅ DONE | 291371 | 4 responsáveis | 29/1602 (1.8%) | Falhas: 0
09:12:04 | INFO     | [09:12:04] ✅ DONE | 253917 | 4 responsáveis | 30/1602 (1.9%) | Falhas: 0
09:12:05 | INFO     | [09:12:05] ✅ DONE | 431495 | 0 responsáveis | 31/1602 (1.9%) | Falhas: 0
09:12:05 | INFO     | [09:12:05] ✅ DONE | 445036 | 0 responsáveis | 32/1602 (2.0%) | Falhas: 0
09:12:05 | INFO     | [09:12:05] ✅ DONE | 454046 | 0 responsáveis | 33/1602 (2.1%) | Falhas: 0
09:12:05 | INFO     | [09:12:05] ✅ DONE | 417621 | 0 responsáveis | 34/1602 (2.1%) | Falhas: 0
09:12:05 | INFO     | [09:12:05] ✅ DONE | 421834 | 0 responsáveis | 35/1602 (2.2%) | Falhas: 0
09:12:05 | INFO     | [09:12:05] ✅ DONE | 466311 | 0 responsáveis | 36/1602 (2.2%) | Falhas: 0
09:12:05 | INFO     | [09:12:05] ✅ DONE | 419213 | 4 responsáveis | 37/1602 (2.3%) | Falhas: 0
09:12:05 | INFO     | [09:12:05] ✅ DONE | 442481 | 0 responsáveis | 38/1602 (2.4%) | Falhas: 0
09:12:05 | INFO     | [09:12:05] ✅ DONE | 327666 | 4 responsáveis | 39/1602 (2.4%) | Falhas: 0
09:12:05 | INFO     | [09:12:05] ✅ DONE | 329160 | 4 responsáveis | 40/1602 (2.5%) | Falhas: 0
09:12:05 | INFO     | [09:12:05] ✅ DONE | 453929 | 0 responsáveis | 41/1602 (2.6%) | Falhas: 0
09:12:05 | INFO     | [09:12:05] ✅ DONE | 508197 | 0 responsáveis | 42/1602 (2.6%) | Falhas: 0
09:12:05 | INFO     | [09:12:05] ✅ DONE | 454044 | 0 responsáveis | 43/1602 (2.7%) | Falhas: 0
09:12:05 | INFO     | [09:12:05] ✅ DONE | 454253 | 0 responsáveis | 44/1602 (2.7%) | Falhas: 0
09:12:05 | INFO     | [09:12:05] ✅ DONE | 464554 | 0 responsáveis | 45/1602 (2.8%) | Falhas: 0
09:12:06 | INFO     | [09:12:06] ✅ DONE | 520135 | 0 responsáveis | 46/1602 (2.9%) | Falhas: 0
09:12:06 | INFO     | [09:12:06] ✅ DONE | 520280 | 0 responsáveis | 47/1602 (2.9%) | Falhas: 0
09:12:06 | INFO     | [09:12:06] ✅ DONE | 537343 | 0 responsáveis | 48/1602 (3.0%) | Falhas: 0
09:12:06 | INFO     | [09:12:06] ✅ DONE | 541845 | 3 responsáveis | 49/1602 (3.1%) | Falhas: 0
09:12:06 | INFO     | [09:12:06] ✅ DONE | 588057 | 0 responsáveis | 50/1602 (3.1%) | Falhas: 0
09:12:06 | INFO     | [09:12:06] ✅ DONE | 747906 | 0 responsáveis | 51/1602 (3.2%) | Falhas: 0
09:12:06 | INFO     | [09:12:06] ✅ DONE | 510167 | 0 responsáveis | 52/1602 (3.2%) | Falhas: 0
09:12:06 | INFO     | [09:12:06] ✅ DONE | 649772 | 5 responsáveis | 53/1602 (3.3%) | Falhas: 0
09:12:06 | INFO     | [09:12:06] ✅ DONE | 580560 | 0 responsáveis | 54/1602 (3.4%) | Falhas: 0
09:12:06 | INFO     | [09:12:06] ✅ DONE | 567900 | 0 responsáveis | 55/1602 (3.4%) | Falhas: 0
09:12:06 | INFO     | [09:12:06] ✅ DONE | 628974 | 1 responsáveis | 56/1602 (3.5%) | Falhas: 0
09:12:06 | INFO     | [09:12:06] ✅ DONE | 761292 | 0 responsáveis | 57/1602 (3.6%) | Falhas: 0
09:12:06 | INFO     | [09:12:06] ✅ DONE | 509688 | 5 responsáveis | 58/1602 (3.6%) | Falhas: 0
09:12:06 | INFO     | [09:12:06] ✅ DONE | 706194 | 1 responsáveis | 59/1602 (3.7%) | Falhas: 0
09:12:06 | INFO     | [09:12:06] ✅ DONE | 526360 | 0 responsáveis | 60/1602 (3.7%) | Falhas: 0
09:12:07 | INFO     | [09:12:07] ✅ DONE | 769728 | 0 responsáveis | 61/1602 (3.8%) | Falhas: 0
09:12:07 | INFO     | [09:12:07] ✅ DONE | 21256 | 0 responsáveis | 62/1602 (3.9%) | Falhas: 0
09:12:07 | INFO     | [09:12:07] ✅ DONE | 42806 | 0 responsáveis | 63/1602 (3.9%) | Falhas: 0
09:12:07 | INFO     | [09:12:07] ✅ DONE | 21146 | 0 responsáveis | 64/1602 (4.0%) | Falhas: 0
09:12:07 | INFO     | [09:12:07] ✅ DONE | 91170 | 0 responsáveis | 65/1602 (4.1%) | Falhas: 0
09:12:07 | INFO     | [09:12:07] ✅ DONE | 42742 | 0 responsáveis | 66/1602 (4.1%) | Falhas: 0
09:12:07 | INFO     | [09:12:07] ✅ DONE | 160015 | 0 responsáveis | 67/1602 (4.2%) | Falhas: 0
09:12:07 | INFO     | [09:12:07] ✅ DONE | 10344 | 0 responsáveis | 68/1602 (4.2%) | Falhas: 0
09:12:07 | INFO     | [09:12:07] ✅ DONE | 29920 | 0 responsáveis | 69/1602 (4.3%) | Falhas: 0
09:12:07 | INFO     | [09:12:07] ✅ DONE | 133253 | 0 responsáveis | 70/1602 (4.4%) | Falhas: 0
09:12:07 | INFO     | [09:12:07] ✅ DONE | 91810 | 0 responsáveis | 71/1602 (4.4%) | Falhas: 0
09:12:07 | INFO     | [09:12:07] ✅ DONE | 140347 | 3 responsáveis | 72/1602 (4.5%) | Falhas: 0
09:12:07 | INFO     | [09:12:07] ✅ DONE | 43650 | 0 responsáveis | 73/1602 (4.6%) | Falhas: 0
09:12:07 | INFO     | [09:12:07] ✅ DONE | 148652 | 0 responsáveis | 74/1602 (4.6%) | Falhas: 0
09:12:07 | INFO     | [09:12:07] ✅ DONE | 134936 | 4 responsáveis | 75/1602 (4.7%) | Falhas: 0
09:12:08 | INFO     | [09:12:08] ✅ DONE | 164479 | 0 responsáveis | 76/1602 (4.7%) | Falhas: 0
09:12:08 | INFO     | [09:12:08] ✅ DONE | 164493 | 0 responsáveis | 77/1602 (4.8%) | Falhas: 0
09:12:08 | INFO     | [09:12:08] ✅ DONE | 164510 | 0 responsáveis | 78/1602 (4.9%) | Falhas: 0
09:12:08 | INFO     | [09:12:08] ✅ DONE | 164506 | 0 responsáveis | 79/1602 (4.9%) | Falhas: 0
09:12:08 | INFO     | [09:12:08] ✅ DONE | 164491 | 0 responsáveis | 80/1602 (5.0%) | Falhas: 0
09:12:08 | INFO     | [09:12:08] ✅ DONE | 179106 | 0 responsáveis | 81/1602 (5.1%) | Falhas: 0
09:12:08 | INFO     | [09:12:08] ✅ DONE | 164503 | 0 responsáveis | 82/1602 (5.1%) | Falhas: 0
09:12:08 | INFO     | [09:12:08] ✅ DONE | 164482 | 0 responsáveis | 83/1602 (5.2%) | Falhas: 0
09:12:08 | INFO     | [09:12:08] ✅ DONE | 223018 | 4 responsáveis | 84/1602 (5.2%) | Falhas: 0
09:12:08 | INFO     | [09:12:08] ✅ DONE | 259923 | 6 responsáveis | 85/1602 (5.3%) | Falhas: 0
09:12:08 | INFO     | [09:12:08] ✅ DONE | 173783 | 0 responsáveis | 86/1602 (5.4%) | Falhas: 0
09:12:08 | INFO     | [09:12:08] ✅ DONE | 297126 | 4 responsáveis | 87/1602 (5.4%) | Falhas: 0
09:12:08 | INFO     | [09:12:08] ✅ DONE | 179112 | 0 responsáveis | 88/1602 (5.5%) | Falhas: 0
09:12:08 | INFO     | [09:12:08] ✅ DONE | 179107 | 0 responsáveis | 89/1602 (5.6%) | Falhas: 0
09:12:08 | INFO     | [09:12:08] ✅ DONE | 301195 | 0 responsáveis | 90/1602 (5.6%) | Falhas: 0
09:12:09 | INFO     | [09:12:09] ✅ DONE | 337387 | 3 responsáveis | 91/1602 (5.7%) | Falhas: 0
09:12:09 | INFO     | [09:12:09] ✅ DONE | 341560 | 3 responsáveis | 92/1602 (5.7%) | Falhas: 0
09:12:09 | INFO     | [09:12:09] ✅ DONE | 394751 | 2 responsáveis | 93/1602 (5.8%) | Falhas: 0
09:12:09 | INFO     | [09:12:09] ✅ DONE | 402414 | 0 responsáveis | 94/1602 (5.9%) | Falhas: 0
09:12:09 | INFO     | [09:12:09] ✅ DONE | 337421 | 0 responsáveis | 95/1602 (5.9%) | Falhas: 0
09:12:09 | INFO     | [09:12:09] ✅ DONE | 364294 | 2 responsáveis | 96/1602 (6.0%) | Falhas: 0
09:12:09 | INFO     | [09:12:09] ✅ DONE | 408219 | 0 responsáveis | 97/1602 (6.1%) | Falhas: 0
09:12:09 | INFO     | [09:12:09] ✅ DONE | 408399 | 0 responsáveis | 98/1602 (6.1%) | Falhas: 0
09:12:09 | INFO     | [09:12:09] ✅ DONE | 359090 | 2 responsáveis | 99/1602 (6.2%) | Falhas: 0
09:12:09 | INFO     | [09:12:09] ✅ DONE | 408398 | 0 responsáveis | 100/1602 (6.2%) | Falhas: 0
09:12:09 | INFO     | [09:12:09] ✅ DONE | 408400 | 0 responsáveis | 101/1602 (6.3%) | Falhas: 0
09:12:09 | INFO     | [09:12:09] ✅ DONE | 412212 | 2 responsáveis | 102/1602 (6.4%) | Falhas: 0
09:12:09 | INFO     | [09:12:09] ✅ DONE | 357420 | 6 responsáveis | 103/1602 (6.4%) | Falhas: 0
09:12:09 | INFO     | [09:12:09] ✅ DONE | 408402 | 0 responsáveis | 104/1602 (6.5%) | Falhas: 0
09:12:09 | INFO     | [09:12:09] ✅ DONE | 408401 | 0 responsáveis | 105/1602 (6.6%) | Falhas: 0
09:12:09 | INFO     | [09:12:09] ✅ DONE | 412297 | 0 responsáveis | 106/1602 (6.6%) | Falhas: 0
09:12:10 | INFO     | [09:12:10] ✅ DONE | 414342 | 0 responsáveis | 107/1602 (6.7%) | Falhas: 0
09:12:10 | INFO     | [09:12:10] ✅ DONE | 414349 | 0 responsáveis | 108/1602 (6.7%) | Falhas: 0
09:12:10 | INFO     | [09:12:10] ✅ DONE | 414353 | 0 responsáveis | 109/1602 (6.8%) | Falhas: 0
09:12:10 | INFO     | [09:12:10] ✅ DONE | 414355 | 0 responsáveis | 110/1602 (6.9%) | Falhas: 0
09:12:10 | INFO     | [09:12:10] ✅ DONE | 414351 | 0 responsáveis | 111/1602 (6.9%) | Falhas: 0
09:12:10 | INFO     | [09:12:10] ✅ DONE | 414356 | 0 responsáveis | 112/1602 (7.0%) | Falhas: 0
09:12:10 | INFO     | [09:12:10] ✅ DONE | 414344 | 0 responsáveis | 113/1602 (7.1%) | Falhas: 0
09:12:10 | INFO     | [09:12:10] ✅ DONE | 414352 | 0 responsáveis | 114/1602 (7.1%) | Falhas: 0
09:12:10 | INFO     | [09:12:10] ✅ DONE | 414345 | 0 responsáveis | 115/1602 (7.2%) | Falhas: 0
09:12:10 | INFO     | [09:12:10] ✅ DONE | 414350 | 0 responsáveis | 116/1602 (7.2%) | Falhas: 0
09:12:10 | INFO     | [09:12:10] ✅ DONE | 414354 | 0 responsáveis | 117/1602 (7.3%) | Falhas: 0
09:12:10 | INFO     | [09:12:10] ✅ DONE | 414357 | 0 responsáveis | 118/1602 (7.4%) | Falhas: 0
09:12:10 | INFO     | [09:12:10] ✅ DONE | 414343 | 0 responsáveis | 119/1602 (7.4%) | Falhas: 0
09:12:10 | INFO     | [09:12:10] ✅ DONE | 414363 | 0 responsáveis | 120/1602 (7.5%) | Falhas: 0
09:12:10 | INFO     | [09:12:10] ✅ DONE | 414362 | 0 responsáveis | 121/1602 (7.6%) | Falhas: 0
09:12:11 | INFO     | [09:12:11] ✅ DONE | 414364 | 0 responsáveis | 122/1602 (7.6%) | Falhas: 0
09:12:11 | INFO     | [09:12:11] ✅ DONE | 414365 | 0 responsáveis | 123/1602 (7.7%) | Falhas: 0
09:12:11 | INFO     | [09:12:11] ✅ DONE | 414366 | 0 responsáveis | 124/1602 (7.7%) | Falhas: 0
09:12:11 | INFO     | [09:12:11] ✅ DONE | 414379 | 0 responsáveis | 125/1602 (7.8%) | Falhas: 0
09:12:11 | INFO     | [09:12:11] ✅ DONE | 414370 | 0 responsáveis | 126/1602 (7.9%) | Falhas: 0
09:12:11 | INFO     | [09:12:11] ✅ DONE | 414381 | 0 responsáveis | 127/1602 (7.9%) | Falhas: 0
09:12:11 | INFO     | [09:12:11] ✅ DONE | 414367 | 0 responsáveis | 128/1602 (8.0%) | Falhas: 0
09:12:11 | INFO     | [09:12:11] ✅ DONE | 414382 | 0 responsáveis | 129/1602 (8.1%) | Falhas: 0
09:12:11 | INFO     | [09:12:11] ✅ DONE | 414380 | 0 responsáveis | 130/1602 (8.1%) | Falhas: 0
09:12:11 | INFO     | [09:12:11] ✅ DONE | 414368 | 0 responsáveis | 131/1602 (8.2%) | Falhas: 0
09:12:11 | INFO     | [09:12:11] ✅ DONE | 414377 | 0 responsáveis | 132/1602 (8.2%) | Falhas: 0
09:12:11 | INFO     | [09:12:11] ✅ DONE | 414378 | 0 responsáveis | 133/1602 (8.3%) | Falhas: 0
09:12:11 | INFO     | [09:12:11] ✅ DONE | 414371 | 0 responsáveis | 134/1602 (8.4%) | Falhas: 0
09:12:11 | INFO     | [09:12:11] ✅ DONE | 414383 | 0 responsáveis | 135/1602 (8.4%) | Falhas: 0
09:12:11 | INFO     | [09:12:11] ✅ DONE | 414369 | 0 responsáveis | 136/1602 (8.5%) | Falhas: 0
09:12:12 | INFO     | [09:12:12] ✅ DONE | 414384 | 0 responsáveis | 137/1602 (8.6%) | Falhas: 0
09:12:12 | INFO     | [09:12:12] ✅ DONE | 414385 | 0 responsáveis | 138/1602 (8.6%) | Falhas: 0
09:12:12 | INFO     | [09:12:12] ✅ DONE | 414386 | 0 responsáveis | 139/1602 (8.7%) | Falhas: 0
09:12:12 | INFO     | [09:12:12] ✅ DONE | 414389 | 0 responsáveis | 140/1602 (8.7%) | Falhas: 0
09:12:12 | INFO     | [09:12:12] ✅ DONE | 414387 | 0 responsáveis | 141/1602 (8.8%) | Falhas: 0
09:12:12 | INFO     | [09:12:12] ✅ DONE | 414388 | 0 responsáveis | 142/1602 (8.9%) | Falhas: 0
09:12:12 | INFO     | [09:12:12] ✅ DONE | 414391 | 0 responsáveis | 143/1602 (8.9%) | Falhas: 0
09:12:12 | INFO     | [09:12:12] ✅ DONE | 414392 | 0 responsáveis | 144/1602 (9.0%) | Falhas: 0
09:12:12 | INFO     | [09:12:12] ✅ DONE | 414390 | 0 responsáveis | 145/1602 (9.1%) | Falhas: 0
09:12:12 | INFO     | [09:12:12] ✅ DONE | 414393 | 0 responsáveis | 146/1602 (9.1%) | Falhas: 0
09:12:12 | INFO     | [09:12:12] ✅ DONE | 414397 | 0 responsáveis | 147/1602 (9.2%) | Falhas: 0
09:12:12 | INFO     | [09:12:12] ✅ DONE | 414394 | 0 responsáveis | 148/1602 (9.2%) | Falhas: 0
09:12:12 | INFO     | [09:12:12] ✅ DONE | 414395 | 0 responsáveis | 149/1602 (9.3%) | Falhas: 0
09:12:12 | INFO     | [09:12:12] ✅ DONE | 414398 | 0 responsáveis | 150/1602 (9.4%) | Falhas: 0
09:12:12 | INFO     | [09:12:12] ✅ DONE | 414396 | 0 responsáveis | 151/1602 (9.4%) | Falhas: 0
09:12:12 | INFO     | [09:12:12] ✅ DONE | 414399 | 0 responsáveis | 152/1602 (9.5%) | Falhas: 0
09:12:13 | INFO     | [09:12:13] ✅ DONE | 414400 | 0 responsáveis | 153/1602 (9.6%) | Falhas: 0
09:12:13 | INFO     | [09:12:13] ✅ DONE | 414401 | 0 responsáveis | 154/1602 (9.6%) | Falhas: 0
09:12:13 | INFO     | [09:12:13] ✅ DONE | 414402 | 0 responsáveis | 155/1602 (9.7%) | Falhas: 0
09:12:13 | INFO     | [09:12:13] ✅ DONE | 420318 | 0 responsáveis | 156/1602 (9.7%) | Falhas: 0
09:12:13 | INFO     | [09:12:13] ✅ DONE | 439873 | 0 responsáveis | 157/1602 (9.8%) | Falhas: 0
09:12:13 | INFO     | [09:12:13] ✅ DONE | 443905 | 0 responsáveis | 158/1602 (9.9%) | Falhas: 0
09:12:13 | INFO     | [09:12:13] ✅ DONE | 541044 | 0 responsáveis | 159/1602 (9.9%) | Falhas: 0
09:12:13 | INFO     | [09:12:13] ✅ DONE | 497651 | 2 responsáveis | 160/1602 (10.0%) | Falhas: 0
09:12:13 | INFO     | [09:12:13] ✅ DONE | 443239 | 0 responsáveis | 161/1602 (10.0%) | Falhas: 0
09:12:13 | INFO     | [09:12:13] ✅ DONE | 541049 | 0 responsáveis | 162/1602 (10.1%) | Falhas: 0
09:12:13 | INFO     | [09:12:13] ✅ DONE | 443904 | 0 responsáveis | 163/1602 (10.2%) | Falhas: 0
09:12:13 | INFO     | [09:12:13] ✅ DONE | 578780 | 0 responsáveis | 164/1602 (10.2%) | Falhas: 0
09:12:13 | INFO     | [09:12:13] ✅ DONE | 529777 | 0 responsáveis | 165/1602 (10.3%) | Falhas: 0
09:12:13 | INFO     | [09:12:13] ✅ DONE | 520315 | 2 responsáveis | 166/1602 (10.4%) | Falhas: 0
09:12:13 | INFO     | [09:12:13] ✅ DONE | 541118 | 0 responsáveis | 167/1602 (10.4%) | Falhas: 0
09:12:13 | INFO     | [09:12:13] ✅ DONE | 578781 | 0 responsáveis | 168/1602 (10.5%) | Falhas: 0
09:12:14 | INFO     | [09:12:14] ✅ DONE | 578782 | 0 responsáveis | 169/1602 (10.5%) | Falhas: 0
09:12:14 | INFO     | [09:12:14] ✅ DONE | 586172 | 0 responsáveis | 170/1602 (10.6%) | Falhas: 0
09:12:14 | INFO     | [09:12:14] ✅ DONE | 603603 | 0 responsáveis | 171/1602 (10.7%) | Falhas: 0
09:12:14 | INFO     | [09:12:14] ✅ DONE | 603609 | 0 responsáveis | 172/1602 (10.7%) | Falhas: 0
09:12:14 | INFO     | [09:12:14] ✅ DONE | 603618 | 0 responsáveis | 173/1602 (10.8%) | Falhas: 0
09:12:14 | INFO     | [09:12:14] ✅ DONE | 603614 | 0 responsáveis | 174/1602 (10.9%) | Falhas: 0
09:12:14 | INFO     | [09:12:14] ✅ DONE | 603611 | 0 responsáveis | 175/1602 (10.9%) | Falhas: 0
09:12:14 | INFO     | [09:12:14] ✅ DONE | 603620 | 0 responsáveis | 176/1602 (11.0%) | Falhas: 0
09:12:14 | INFO     | [09:12:14] ✅ DONE | 604271 | 0 responsáveis | 177/1602 (11.0%) | Falhas: 0
09:12:14 | INFO     | [09:12:14] ✅ DONE | 638940 | 0 responsáveis | 178/1602 (11.1%) | Falhas: 0
09:12:14 | INFO     | [09:12:14] ✅ DONE | 607879 | 0 responsáveis | 179/1602 (11.2%) | Falhas: 0
09:12:14 | INFO     | [09:12:14] ✅ DONE | 603615 | 0 responsáveis | 180/1602 (11.2%) | Falhas: 0
09:12:14 | INFO     | [09:12:14] ✅ DONE | 609947 | 0 responsáveis | 181/1602 (11.3%) | Falhas: 0
09:12:14 | INFO     | [09:12:14] ✅ DONE | 608337 | 4 responsáveis | 182/1602 (11.4%) | Falhas: 0
09:12:14 | INFO     | [09:12:14] ✅ DONE | 643724 | 4 responsáveis | 183/1602 (11.4%) | Falhas: 0
09:12:15 | INFO     | [09:12:15] ✅ DONE | 682791 | 0 responsáveis | 184/1602 (11.5%) | Falhas: 0
09:12:15 | INFO     | [09:12:15] ✅ DONE | 695743 | 0 responsáveis | 185/1602 (11.5%) | Falhas: 0
09:12:15 | INFO     | [09:12:15] ✅ DONE | 708541 | 0 responsáveis | 186/1602 (11.6%) | Falhas: 0
09:12:15 | INFO     | [09:12:15] ✅ DONE | 695744 | 0 responsáveis | 187/1602 (11.7%) | Falhas: 0
09:12:15 | INFO     | [09:12:15] ✅ DONE | 724888 | 0 responsáveis | 188/1602 (11.7%) | Falhas: 0
09:12:15 | INFO     | [09:12:15] ✅ DONE | 724887 | 0 responsáveis | 189/1602 (11.8%) | Falhas: 0
09:12:15 | INFO     | [09:12:15] ✅ DONE | 724891 | 0 responsáveis | 190/1602 (11.9%) | Falhas: 0
09:12:15 | INFO     | [09:12:15] ✅ DONE | 724889 | 0 responsáveis | 191/1602 (11.9%) | Falhas: 0
09:12:15 | INFO     | [09:12:15] ✅ DONE | 724890 | 0 responsáveis | 192/1602 (12.0%) | Falhas: 0
09:12:15 | INFO     | [09:12:15] ✅ DONE | 724893 | 0 responsáveis | 193/1602 (12.0%) | Falhas: 0
09:12:15 | INFO     | [09:12:15] ✅ DONE | 787881 | 3 responsáveis | 194/1602 (12.1%) | Falhas: 0
09:12:15 | INFO     | [09:12:15] ✅ DONE | 804441 | 0 responsáveis | 195/1602 (12.2%) | Falhas: 0
09:12:15 | INFO     | [09:12:15] ✅ DONE | 804524 | 0 responsáveis | 196/1602 (12.2%) | Falhas: 0
09:12:15 | INFO     | [09:12:15] ✅ DONE | 720345 | 4 responsáveis | 197/1602 (12.3%) | Falhas: 0
09:12:15 | INFO     | [09:12:15] ✅ DONE | 804523 | 0 responsáveis | 198/1602 (12.4%) | Falhas: 0
09:12:15 | INFO     | [09:12:15] ✅ DONE | 804525 | 0 responsáveis | 199/1602 (12.4%) | Falhas: 0
09:12:16 | INFO     | [09:12:16] ✅ DONE | 804528 | 0 responsáveis | 200/1602 (12.5%) | Falhas: 0
09:12:16 | INFO     | [09:12:16] ✅ DONE | 804530 | 0 responsáveis | 201/1602 (12.5%) | Falhas: 0
09:12:16 | INFO     | [09:12:16] ✅ DONE | 804529 | 0 responsáveis | 202/1602 (12.6%) | Falhas: 0
09:12:16 | INFO     | [09:12:16] ✅ DONE | 804532 | 0 responsáveis | 203/1602 (12.7%) | Falhas: 0
09:12:16 | INFO     | [09:12:16] ✅ DONE | 804533 | 0 responsáveis | 204/1602 (12.7%) | Falhas: 0
09:12:16 | INFO     | [09:12:16] ✅ DONE | 804535 | 0 responsáveis | 205/1602 (12.8%) | Falhas: 0
09:12:16 | INFO     | [09:12:16] ✅ DONE | 811966 | 0 responsáveis | 206/1602 (12.9%) | Falhas: 0
09:12:16 | INFO     | [09:12:16] ✅ DONE | 804534 | 0 responsáveis | 207/1602 (12.9%) | Falhas: 0
09:12:16 | INFO     | [09:12:16] ✅ DONE | 21144 | 0 responsáveis | 208/1602 (13.0%) | Falhas: 0
09:12:16 | INFO     | [09:12:16] ✅ DONE | 10436 | 0 responsáveis | 209/1602 (13.0%) | Falhas: 0
09:12:16 | INFO     | [09:12:16] ✅ DONE | 21261 | 0 responsáveis | 210/1602 (13.1%) | Falhas: 0
09:12:16 | INFO     | [09:12:16] ✅ DONE | 10345 | 0 responsáveis | 211/1602 (13.2%) | Falhas: 0
09:12:16 | INFO     | [09:12:16] ✅ DONE | 14878 | 0 responsáveis | 212/1602 (13.2%) | Falhas: 0
09:12:16 | INFO     | [09:12:16] ✅ DONE | 867000 | 0 responsáveis | 213/1602 (13.3%) | Falhas: 0
09:12:16 | INFO     | [09:12:16] ✅ DONE | 21811 | 0 responsáveis | 214/1602 (13.4%) | Falhas: 0
09:12:17 | INFO     | [09:12:17] ✅ DONE | 29448 | 0 responsáveis | 215/1602 (13.4%) | Falhas: 0
09:12:17 | INFO     | [09:12:17] ✅ DONE | 29921 | 0 responsáveis | 216/1602 (13.5%) | Falhas: 0
09:12:17 | INFO     | [09:12:17] ✅ DONE | 29637 | 0 responsáveis | 217/1602 (13.5%) | Falhas: 0
09:12:17 | INFO     | [09:12:17] ✅ DONE | 36476 | 0 responsáveis | 218/1602 (13.6%) | Falhas: 0
09:12:17 | INFO     | [09:12:17] ✅ DONE | 42956 | 0 responsáveis | 219/1602 (13.7%) | Falhas: 0
09:12:17 | INFO     | [09:12:17] ✅ DONE | 43708 | 0 responsáveis | 220/1602 (13.7%) | Falhas: 0
09:12:17 | INFO     | [09:12:17] ✅ DONE | 57424 | 0 responsáveis | 221/1602 (13.8%) | Falhas: 0
09:12:17 | INFO     | [09:12:17] ✅ DONE | 43763 | 0 responsáveis | 222/1602 (13.9%) | Falhas: 0
09:12:17 | INFO     | [09:12:17] ✅ DONE | 71957 | 0 responsáveis | 223/1602 (13.9%) | Falhas: 0
09:12:17 | INFO     | [09:12:17] ✅ DONE | 71895 | 0 responsáveis | 224/1602 (14.0%) | Falhas: 0
09:12:17 | INFO     | [09:12:17] ✅ DONE | 57478 | 0 responsáveis | 225/1602 (14.0%) | Falhas: 0
09:12:17 | INFO     | [09:12:17] ✅ DONE | 71855 | 0 responsáveis | 226/1602 (14.1%) | Falhas: 0
09:12:17 | INFO     | [09:12:17] ✅ DONE | 91332 | 0 responsáveis | 227/1602 (14.2%) | Falhas: 0
09:12:17 | INFO     | [09:12:17] ✅ DONE | 72002 | 0 responsáveis | 228/1602 (14.2%) | Falhas: 0
09:12:17 | INFO     | [09:12:17] ✅ DONE | 71894 | 0 responsáveis | 229/1602 (14.3%) | Falhas: 0
09:12:17 | INFO     | [09:12:17] ✅ DONE | 102613 | 0 responsáveis | 230/1602 (14.4%) | Falhas: 0
09:12:18 | INFO     | [09:12:18] ✅ DONE | 115316 | 0 responsáveis | 231/1602 (14.4%) | Falhas: 0
09:12:18 | INFO     | [09:12:18] ✅ DONE | 107889 | 0 responsáveis | 232/1602 (14.5%) | Falhas: 0
09:12:18 | INFO     | [09:12:18] ✅ DONE | 128221 | 0 responsáveis | 233/1602 (14.5%) | Falhas: 0
09:12:18 | INFO     | [09:12:18] ✅ DONE | 119883 | 0 responsáveis | 234/1602 (14.6%) | Falhas: 0
09:12:18 | INFO     | [09:12:18] ✅ DONE | 135617 | 0 responsáveis | 235/1602 (14.7%) | Falhas: 0
09:12:18 | INFO     | [09:12:18] ✅ DONE | 155962 | 0 responsáveis | 236/1602 (14.7%) | Falhas: 0
09:12:18 | INFO     | [09:12:18] ✅ DONE | 150107 | 0 responsáveis | 237/1602 (14.8%) | Falhas: 0
09:12:18 | INFO     | [09:12:18] ✅ DONE | 178154 | 0 responsáveis | 238/1602 (14.9%) | Falhas: 0
09:12:18 | INFO     | [09:12:18] ✅ DONE | 189936 | 1 responsáveis | 239/1602 (14.9%) | Falhas: 0
09:12:18 | INFO     | [09:12:18] ✅ DONE | 226989 | 0 responsáveis | 240/1602 (15.0%) | Falhas: 0
09:12:18 | INFO     | [09:12:18] ✅ DONE | 160016 | 0 responsáveis | 241/1602 (15.0%) | Falhas: 0
09:12:18 | INFO     | [09:12:18] ✅ DONE | 243966 | 0 responsáveis | 242/1602 (15.1%) | Falhas: 0
09:12:18 | INFO     | [09:12:18] ✅ DONE | 183416 | 4 responsáveis | 243/1602 (15.2%) | Falhas: 0
09:12:18 | INFO     | [09:12:18] ✅ DONE | 202011 | 8 responsáveis | 244/1602 (15.2%) | Falhas: 0
09:12:18 | INFO     | [09:12:18] ✅ DONE | 261726 | 0 responsáveis | 245/1602 (15.3%) | Falhas: 0
09:12:18 | INFO     | [09:12:18] ✅ DONE | 264135 | 0 responsáveis | 246/1602 (15.4%) | Falhas: 0
09:12:18 | INFO     | [09:12:18] ✅ DONE | 337103 | 4 responsáveis | 247/1602 (15.4%) | Falhas: 0
09:12:19 | INFO     | [09:12:19] ✅ DONE | 394596 | 0 responsáveis | 248/1602 (15.5%) | Falhas: 0
09:12:19 | INFO     | [09:12:19] ✅ DONE | 412725 | 0 responsáveis | 249/1602 (15.5%) | Falhas: 0
09:12:19 | INFO     | [09:12:19] ✅ DONE | 413767 | 0 responsáveis | 250/1602 (15.6%) | Falhas: 0
09:12:19 | INFO     | [09:12:19] ✅ DONE | 439074 | 0 responsáveis | 251/1602 (15.7%) | Falhas: 0
09:12:19 | INFO     | [09:12:19] ✅ DONE | 430728 | 0 responsáveis | 252/1602 (15.7%) | Falhas: 0
09:12:19 | INFO     | [09:12:19] ✅ DONE | 438873 | 2 responsáveis | 253/1602 (15.8%) | Falhas: 0
09:12:19 | INFO     | [09:12:19] ✅ DONE | 439513 | 0 responsáveis | 254/1602 (15.9%) | Falhas: 0
09:12:19 | INFO     | [09:12:19] ✅ DONE | 439447 | 0 responsáveis | 255/1602 (15.9%) | Falhas: 0
09:12:19 | INFO     | [09:12:19] ✅ DONE | 443915 | 0 responsáveis | 256/1602 (16.0%) | Falhas: 0
09:12:19 | INFO     | [09:12:19] ✅ DONE | 439960 | 0 responsáveis | 257/1602 (16.0%) | Falhas: 0
09:12:19 | INFO     | [09:12:19] ✅ DONE | 443955 | 0 responsáveis | 258/1602 (16.1%) | Falhas: 0
09:12:19 | INFO     | [09:12:19] ✅ DONE | 439757 | 0 responsáveis | 259/1602 (16.2%) | Falhas: 0
09:12:19 | INFO     | [09:12:19] ✅ DONE | 464052 | 0 responsáveis | 260/1602 (16.2%) | Falhas: 0
09:12:19 | INFO     | [09:12:19] ✅ DONE | 476603 | 0 responsáveis | 261/1602 (16.3%) | Falhas: 0
09:12:19 | INFO     | [09:12:19] ✅ DONE | 473280 | 3 responsáveis | 262/1602 (16.4%) | Falhas: 0
09:12:20 | INFO     | [09:12:20] ✅ DONE | 477319 | 0 responsáveis | 263/1602 (16.4%) | Falhas: 0
09:12:20 | INFO     | [09:12:20] ✅ DONE | 479202 | 0 responsáveis | 264/1602 (16.5%) | Falhas: 0
09:12:20 | INFO     | [09:12:20] ✅ DONE | 482217 | 0 responsáveis | 265/1602 (16.5%) | Falhas: 0
09:12:20 | INFO     | [09:12:20] ✅ DONE | 482220 | 0 responsáveis | 266/1602 (16.6%) | Falhas: 0
09:12:20 | INFO     | [09:12:20] ✅ DONE | 482218 | 0 responsáveis | 267/1602 (16.7%) | Falhas: 0
09:12:20 | INFO     | [09:12:20] ✅ DONE | 482219 | 0 responsáveis | 268/1602 (16.7%) | Falhas: 0
09:12:20 | INFO     | [09:12:20] ✅ DONE | 482585 | 0 responsáveis | 269/1602 (16.8%) | Falhas: 0
09:12:20 | INFO     | [09:12:20] ✅ DONE | 484154 | 0 responsáveis | 270/1602 (16.9%) | Falhas: 0
09:12:20 | INFO     | [09:12:20] ✅ DONE | 496526 | 0 responsáveis | 271/1602 (16.9%) | Falhas: 0
09:12:20 | INFO     | [09:12:20] ✅ DONE | 493729 | 0 responsáveis | 272/1602 (17.0%) | Falhas: 0
09:12:20 | INFO     | [09:12:20] ✅ DONE | 500687 | 0 responsáveis | 273/1602 (17.0%) | Falhas: 0
09:12:20 | INFO     | [09:12:20] ✅ DONE | 500603 | 2 responsáveis | 274/1602 (17.1%) | Falhas: 0
09:12:20 | INFO     | [09:12:20] ✅ DONE | 498198 | 0 responsáveis | 275/1602 (17.2%) | Falhas: 0
09:12:20 | INFO     | [09:12:20] ✅ DONE | 500719 | 0 responsáveis | 276/1602 (17.2%) | Falhas: 0
09:12:20 | INFO     | [09:12:20] ✅ DONE | 501823 | 0 responsáveis | 277/1602 (17.3%) | Falhas: 0
09:12:20 | INFO     | [09:12:20] ✅ DONE | 506254 | 0 responsáveis | 278/1602 (17.4%) | Falhas: 0
09:12:20 | INFO     | [09:12:20] ✅ DONE | 508396 | 0 responsáveis | 279/1602 (17.4%) | Falhas: 0
09:12:21 | INFO     | [09:12:21] ✅ DONE | 522603 | 0 responsáveis | 280/1602 (17.5%) | Falhas: 0
09:12:21 | INFO     | [09:12:21] ✅ DONE | 520342 | 2 responsáveis | 281/1602 (17.5%) | Falhas: 0
09:12:21 | INFO     | [09:12:21] ✅ DONE | 534550 | 0 responsáveis | 282/1602 (17.6%) | Falhas: 0
09:12:21 | INFO     | [09:12:21] ✅ DONE | 532704 | 0 responsáveis | 283/1602 (17.7%) | Falhas: 0
09:12:21 | INFO     | [09:12:21] ✅ DONE | 536897 | 0 responsáveis | 284/1602 (17.7%) | Falhas: 0
09:12:21 | INFO     | [09:12:21] ✅ DONE | 559772 | 0 responsáveis | 285/1602 (17.8%) | Falhas: 0
09:12:21 | INFO     | [09:12:21] ✅ DONE | 580361 | 0 responsáveis | 286/1602 (17.9%) | Falhas: 0
09:12:21 | INFO     | [09:12:21] ✅ DONE | 559731 | 0 responsáveis | 287/1602 (17.9%) | Falhas: 0
09:12:21 | INFO     | [09:12:21] ✅ DONE | 561554 | 0 responsáveis | 288/1602 (18.0%) | Falhas: 0
09:12:21 | INFO     | [09:12:21] ✅ DONE | 561582 | 0 responsáveis | 289/1602 (18.0%) | Falhas: 0
09:12:21 | INFO     | [09:12:21] ✅ DONE | 582850 | 0 responsáveis | 290/1602 (18.1%) | Falhas: 0
09:12:21 | INFO     | [09:12:21] ✅ DONE | 582820 | 0 responsáveis | 291/1602 (18.2%) | Falhas: 0
09:12:21 | INFO     | [09:12:21] ✅ DONE | 582872 | 0 responsáveis | 292/1602 (18.2%) | Falhas: 0
09:12:21 | INFO     | [09:12:21] ✅ DONE | 582889 | 0 responsáveis | 293/1602 (18.3%) | Falhas: 0
09:12:21 | INFO     | [09:12:21] ✅ DONE | 591352 | 0 responsáveis | 294/1602 (18.4%) | Falhas: 0
09:12:22 | INFO     | [09:12:22] ✅ DONE | 600008 | 0 responsáveis | 295/1602 (18.4%) | Falhas: 0
09:12:22 | INFO     | [09:12:22] ✅ DONE | 635357 | 0 responsáveis | 296/1602 (18.5%) | Falhas: 0
09:12:22 | INFO     | [09:12:22] ✅ DONE | 609607 | 0 responsáveis | 297/1602 (18.5%) | Falhas: 0
09:12:22 | INFO     | [09:12:22] ✅ DONE | 609600 | 0 responsáveis | 298/1602 (18.6%) | Falhas: 0
09:12:22 | INFO     | [09:12:22] ✅ DONE | 687119 | 0 responsáveis | 299/1602 (18.7%) | Falhas: 0
09:12:22 | INFO     | [09:12:22] ✅ DONE | 651546 | 0 responsáveis | 300/1602 (18.7%) | Falhas: 0
09:12:22 | INFO     | [09:12:22] ✅ DONE | 678031 | 0 responsáveis | 301/1602 (18.8%) | Falhas: 0
09:12:22 | INFO     | [09:12:22] ✅ DONE | 708477 | 0 responsáveis | 302/1602 (18.9%) | Falhas: 0
09:12:22 | INFO     | [09:12:22] ✅ DONE | 690056 | 0 responsáveis | 303/1602 (18.9%) | Falhas: 0
09:12:22 | INFO     | [09:12:22] ✅ DONE | 635716 | 0 responsáveis | 304/1602 (19.0%) | Falhas: 0
09:12:22 | INFO     | [09:12:22] ✅ DONE | 750024 | 0 responsáveis | 305/1602 (19.0%) | Falhas: 0
09:12:22 | INFO     | [09:12:22] ✅ DONE | 638445 | 0 responsáveis | 306/1602 (19.1%) | Falhas: 0
09:12:22 | INFO     | [09:12:22] ✅ DONE | 775071 | 4 responsáveis | 307/1602 (19.2%) | Falhas: 0
09:12:22 | INFO     | [09:12:22] ✅ DONE | 784356 | 0 responsáveis | 308/1602 (19.2%) | Falhas: 0
09:12:22 | INFO     | [09:12:22] ✅ DONE | 775503 | 0 responsáveis | 309/1602 (19.3%) | Falhas: 0
09:12:23 | INFO     | [09:12:23] ✅ DONE | 787841 | 0 responsáveis | 310/1602 (19.4%) | Falhas: 0
09:12:23 | INFO     | [09:12:23] ✅ DONE | 800300 | 0 responsáveis | 311/1602 (19.4%) | Falhas: 0
09:12:23 | INFO     | [09:12:23] ✅ DONE | 813766 | 0 responsáveis | 312/1602 (19.5%) | Falhas: 0
09:12:23 | INFO     | [09:12:23] ✅ DONE | 803509 | 0 responsáveis | 313/1602 (19.5%) | Falhas: 0
09:12:23 | INFO     | [09:12:23] ✅ DONE | 831360 | 0 responsáveis | 314/1602 (19.6%) | Falhas: 0
09:12:23 | INFO     | [09:12:23] ✅ DONE | 854871 | 0 responsáveis | 315/1602 (19.7%) | Falhas: 0
09:12:23 | INFO     | [09:12:23] ✅ DONE | 865554 | 0 responsáveis | 316/1602 (19.7%) | Falhas: 0
09:12:23 | INFO     | [09:12:23] ✅ DONE | 865980 | 0 responsáveis | 317/1602 (19.8%) | Falhas: 0
09:12:23 | INFO     | [09:12:23] ✅ DONE | 861945 | 0 responsáveis | 318/1602 (19.9%) | Falhas: 0
09:12:23 | INFO     | [09:12:23] ✅ DONE | 865495 | 0 responsáveis | 319/1602 (19.9%) | Falhas: 0
09:12:23 | INFO     | [09:12:23] ✅ DONE | 854815 | 0 responsáveis | 320/1602 (20.0%) | Falhas: 0
09:12:23 | INFO     | [09:12:23] ✅ DONE | 865536 | 0 responsáveis | 321/1602 (20.0%) | Falhas: 0
09:12:23 | INFO     | [09:12:23] ✅ DONE | 828694 | 0 responsáveis | 322/1602 (20.1%) | Falhas: 0
09:12:23 | INFO     | [09:12:23] ✅ DONE | 856720 | 0 responsáveis | 323/1602 (20.2%) | Falhas: 0
09:12:23 | INFO     | [09:12:23] ✅ DONE | 833659 | 0 responsáveis | 324/1602 (20.2%) | Falhas: 0
09:12:24 | INFO     | [09:12:24] ✅ DONE | 868671 | 0 responsáveis | 325/1602 (20.3%) | Falhas: 0
09:12:24 | INFO     | [09:12:24] ✅ DONE | 869093 | 0 responsáveis | 326/1602 (20.3%) | Falhas: 0
09:12:24 | INFO     | [09:12:24] ✅ DONE | 869114 | 0 responsáveis | 327/1602 (20.4%) | Falhas: 0
09:12:24 | INFO     | [09:12:24] ✅ DONE | 869131 | 0 responsáveis | 328/1602 (20.5%) | Falhas: 0
09:12:24 | INFO     | [09:12:24] ✅ DONE | 42823 | 3 responsáveis | 329/1602 (20.5%) | Falhas: 0
09:12:24 | INFO     | [09:12:24] ✅ DONE | 43360 | 0 responsáveis | 330/1602 (20.6%) | Falhas: 0
09:12:24 | INFO     | [09:12:24] ✅ DONE | 44357 | 4 responsáveis | 331/1602 (20.7%) | Falhas: 0
09:12:24 | INFO     | [09:12:24] ✅ DONE | 71812 | 2 responsáveis | 332/1602 (20.7%) | Falhas: 0
09:12:24 | INFO     | [09:12:24] ✅ DONE | 71644 | 4 responsáveis | 333/1602 (20.8%) | Falhas: 0
09:12:24 | INFO     | [09:12:24] ✅ DONE | 71986 | 4 responsáveis | 334/1602 (20.8%) | Falhas: 0
09:12:24 | INFO     | [09:12:24] ✅ DONE | 71854 | 7 responsáveis | 335/1602 (20.9%) | Falhas: 0
09:12:24 | INFO     | [09:12:24] ✅ DONE | 71940 | 5 responsáveis | 336/1602 (21.0%) | Falhas: 0
09:12:24 | INFO     | [09:12:24] ✅ DONE | 90822 | 6 responsáveis | 337/1602 (21.0%) | Falhas: 0
09:12:24 | INFO     | [09:12:24] ✅ DONE | 71836 | 7 responsáveis | 338/1602 (21.1%) | Falhas: 0
09:12:24 | INFO     | [09:12:24] ✅ DONE | 71866 | 5 responsáveis | 339/1602 (21.2%) | Falhas: 0
09:12:25 | INFO     | [09:12:25] ✅ DONE | 127956 | 3 responsáveis | 340/1602 (21.2%) | Falhas: 0
09:12:25 | INFO     | [09:12:25] ✅ DONE | 326097 | 5 responsáveis | 341/1602 (21.3%) | Falhas: 0
09:12:25 | INFO     | [09:12:25] ✅ DONE | 317345 | 7 responsáveis | 342/1602 (21.3%) | Falhas: 0
09:12:25 | INFO     | [09:12:25] ✅ DONE | 326116 | 5 responsáveis | 343/1602 (21.4%) | Falhas: 0
09:12:25 | INFO     | [09:12:25] ✅ DONE | 326138 | 5 responsáveis | 344/1602 (21.5%) | Falhas: 0
09:12:25 | INFO     | [09:12:25] ✅ DONE | 326127 | 5 responsáveis | 345/1602 (21.5%) | Falhas: 0
09:12:25 | INFO     | [09:12:25] ✅ DONE | 414358 | 0 responsáveis | 346/1602 (21.6%) | Falhas: 0
09:12:25 | INFO     | [09:12:25] ✅ DONE | 417757 | 0 responsáveis | 347/1602 (21.7%) | Falhas: 0
09:12:25 | INFO     | [09:12:25] ✅ DONE | 415606 | 0 responsáveis | 348/1602 (21.7%) | Falhas: 0
09:12:25 | INFO     | [09:12:25] ✅ DONE | 407097 | 0 responsáveis | 349/1602 (21.8%) | Falhas: 0
09:12:25 | INFO     | [09:12:25] ✅ DONE | 327832 | 4 responsáveis | 350/1602 (21.8%) | Falhas: 0
09:12:25 | INFO     | [09:12:25] ✅ DONE | 343275 | 4 responsáveis | 351/1602 (21.9%) | Falhas: 0
09:12:25 | INFO     | [09:12:25] ✅ DONE | 414324 | 0 responsáveis | 352/1602 (22.0%) | Falhas: 0
09:12:25 | INFO     | [09:12:25] ✅ DONE | 417715 | 6 responsáveis | 353/1602 (22.0%) | Falhas: 0
09:12:25 | INFO     | [09:12:25] ✅ DONE | 401686 | 5 responsáveis | 354/1602 (22.1%) | Falhas: 0
09:12:26 | INFO     | [09:12:26] ✅ DONE | 417925 | 0 responsáveis | 355/1602 (22.2%) | Falhas: 0
09:12:26 | INFO     | [09:12:26] ✅ DONE | 420254 | 0 responsáveis | 356/1602 (22.2%) | Falhas: 0
09:12:26 | INFO     | [09:12:26] ✅ DONE | 419618 | 0 responsáveis | 357/1602 (22.3%) | Falhas: 0
09:12:26 | INFO     | [09:12:26] ✅ DONE | 421190 | 0 responsáveis | 358/1602 (22.3%) | Falhas: 0
09:12:26 | INFO     | [09:12:26] ✅ DONE | 421902 | 0 responsáveis | 359/1602 (22.4%) | Falhas: 0
09:12:26 | INFO     | [09:12:26] ✅ DONE | 423393 | 0 responsáveis | 360/1602 (22.5%) | Falhas: 0
09:12:26 | INFO     | [09:12:26] ✅ DONE | 425431 | 0 responsáveis | 361/1602 (22.5%) | Falhas: 0
09:12:26 | INFO     | [09:12:26] ✅ DONE | 439455 | 0 responsáveis | 362/1602 (22.6%) | Falhas: 0
09:12:26 | INFO     | [09:12:26] ✅ DONE | 430235 | 0 responsáveis | 363/1602 (22.7%) | Falhas: 0
09:12:26 | INFO     | [09:12:26] ✅ DONE | 428350 | 0 responsáveis | 364/1602 (22.7%) | Falhas: 0
09:12:26 | INFO     | [09:12:26] ✅ DONE | 428194 | 0 responsáveis | 365/1602 (22.8%) | Falhas: 0
09:12:26 | INFO     | [09:12:26] ✅ DONE | 432844 | 0 responsáveis | 366/1602 (22.8%) | Falhas: 0
09:12:26 | INFO     | [09:12:26] ✅ DONE | 430891 | 0 responsáveis | 367/1602 (22.9%) | Falhas: 0
09:12:26 | INFO     | [09:12:26] ✅ DONE | 431204 | 0 responsáveis | 368/1602 (23.0%) | Falhas: 0
09:12:26 | INFO     | [09:12:26] ✅ DONE | 440085 | 0 responsáveis | 369/1602 (23.0%) | Falhas: 0
09:12:26 | INFO     | [09:12:26] ✅ DONE | 440152 | 0 responsáveis | 370/1602 (23.1%) | Falhas: 0
09:12:27 | INFO     | [09:12:27] ✅ DONE | 440828 | 0 responsáveis | 371/1602 (23.2%) | Falhas: 0
09:12:27 | INFO     | [09:12:27] ✅ DONE | 440796 | 0 responsáveis | 372/1602 (23.2%) | Falhas: 0
09:12:27 | INFO     | [09:12:27] ✅ DONE | 443995 | 0 responsáveis | 373/1602 (23.3%) | Falhas: 0
09:12:27 | INFO     | [09:12:27] ✅ DONE | 445482 | 0 responsáveis | 374/1602 (23.3%) | Falhas: 0
09:12:27 | INFO     | [09:12:27] ✅ DONE | 445452 | 0 responsáveis | 375/1602 (23.4%) | Falhas: 0
09:12:27 | INFO     | [09:12:27] ✅ DONE | 447476 | 0 responsáveis | 376/1602 (23.5%) | Falhas: 0
09:12:27 | INFO     | [09:12:27] ✅ DONE | 457591 | 0 responsáveis | 377/1602 (23.5%) | Falhas: 0
09:12:27 | INFO     | [09:12:27] ✅ DONE | 461851 | 0 responsáveis | 378/1602 (23.6%) | Falhas: 0
09:12:27 | INFO     | [09:12:27] ✅ DONE | 456805 | 0 responsáveis | 379/1602 (23.7%) | Falhas: 0
09:12:27 | INFO     | [09:12:27] ✅ DONE | 447573 | 0 responsáveis | 380/1602 (23.7%) | Falhas: 0
09:12:27 | INFO     | [09:12:27] ✅ DONE | 449073 | 0 responsáveis | 381/1602 (23.8%) | Falhas: 0
09:12:27 | INFO     | [09:12:27] ✅ DONE | 449988 | 0 responsáveis | 382/1602 (23.8%) | Falhas: 0
09:12:27 | INFO     | [09:12:27] ✅ DONE | 448049 | 0 responsáveis | 383/1602 (23.9%) | Falhas: 0
09:12:27 | INFO     | [09:12:27] ✅ DONE | 455926 | 0 responsáveis | 384/1602 (24.0%) | Falhas: 0
09:12:27 | INFO     | [09:12:27] ✅ DONE | 464201 | 0 responsáveis | 385/1602 (24.0%) | Falhas: 0
09:12:28 | INFO     | [09:12:28] ✅ DONE | 465222 | 0 responsáveis | 386/1602 (24.1%) | Falhas: 0
09:12:28 | INFO     | [09:12:28] ✅ DONE | 465210 | 0 responsáveis | 387/1602 (24.2%) | Falhas: 0
09:12:28 | INFO     | [09:12:28] ✅ DONE | 469772 | 0 responsáveis | 388/1602 (24.2%) | Falhas: 0
09:12:28 | INFO     | [09:12:28] ✅ DONE | 470967 | 0 responsáveis | 389/1602 (24.3%) | Falhas: 0
09:12:28 | INFO     | [09:12:28] ✅ DONE | 471351 | 0 responsáveis | 390/1602 (24.3%) | Falhas: 0
09:12:28 | INFO     | [09:12:28] ✅ DONE | 470981 | 0 responsáveis | 391/1602 (24.4%) | Falhas: 0
09:12:28 | INFO     | [09:12:28] ✅ DONE | 471358 | 0 responsáveis | 392/1602 (24.5%) | Falhas: 0
09:12:28 | INFO     | [09:12:28] ✅ DONE | 473005 | 0 responsáveis | 393/1602 (24.5%) | Falhas: 0
09:12:28 | INFO     | [09:12:28] ✅ DONE | 473236 | 0 responsáveis | 394/1602 (24.6%) | Falhas: 0
09:12:28 | INFO     | [09:12:28] ✅ DONE | 474020 | 0 responsáveis | 395/1602 (24.7%) | Falhas: 0
09:12:28 | INFO     | [09:12:28] ✅ DONE | 474003 | 0 responsáveis | 396/1602 (24.7%) | Falhas: 0
09:12:28 | INFO     | [09:12:28] ✅ DONE | 477710 | 0 responsáveis | 397/1602 (24.8%) | Falhas: 0
09:12:28 | INFO     | [09:12:28] ✅ DONE | 477259 | 0 responsáveis | 398/1602 (24.8%) | Falhas: 0
09:12:28 | INFO     | [09:12:28] ✅ DONE | 474903 | 0 responsáveis | 399/1602 (24.9%) | Falhas: 0
09:12:28 | INFO     | [09:12:28] ✅ DONE | 479049 | 0 responsáveis | 400/1602 (25.0%) | Falhas: 0
09:12:28 | INFO     | [09:12:28] ✅ DONE | 479070 | 0 responsáveis | 401/1602 (25.0%) | Falhas: 0
09:12:28 | INFO     | [09:12:28] ✅ DONE | 483897 | 0 responsáveis | 402/1602 (25.1%) | Falhas: 0
09:12:29 | INFO     | [09:12:29] ✅ DONE | 485595 | 0 responsáveis | 403/1602 (25.2%) | Falhas: 0
09:12:29 | INFO     | [09:12:29] ✅ DONE | 487118 | 4 responsáveis | 404/1602 (25.2%) | Falhas: 0
09:12:29 | INFO     | [09:12:29] ✅ DONE | 488859 | 0 responsáveis | 405/1602 (25.3%) | Falhas: 0
09:12:29 | INFO     | [09:12:29] ✅ DONE | 488860 | 0 responsáveis | 406/1602 (25.3%) | Falhas: 0
09:12:29 | INFO     | [09:12:29] ✅ DONE | 489191 | 0 responsáveis | 407/1602 (25.4%) | Falhas: 0
09:12:29 | INFO     | [09:12:29] ✅ DONE | 504749 | 0 responsáveis | 408/1602 (25.5%) | Falhas: 0
09:12:29 | INFO     | [09:12:29] ✅ DONE | 504580 | 0 responsáveis | 409/1602 (25.5%) | Falhas: 0
09:12:29 | INFO     | [09:12:29] ✅ DONE | 519999 | 0 responsáveis | 410/1602 (25.6%) | Falhas: 0
09:12:29 | INFO     | [09:12:29] ✅ DONE | 508033 | 0 responsáveis | 411/1602 (25.7%) | Falhas: 0
09:12:29 | INFO     | [09:12:29] ✅ DONE | 531017 | 0 responsáveis | 412/1602 (25.7%) | Falhas: 0
09:12:29 | INFO     | [09:12:29] ✅ DONE | 531021 | 0 responsáveis | 413/1602 (25.8%) | Falhas: 0
09:12:29 | INFO     | [09:12:29] ✅ DONE | 522201 | 6 responsáveis | 414/1602 (25.8%) | Falhas: 0
09:12:29 | INFO     | [09:12:29] ✅ DONE | 531917 | 0 responsáveis | 415/1602 (25.9%) | Falhas: 0
09:12:29 | INFO     | [09:12:29] ✅ DONE | 560141 | 0 responsáveis | 416/1602 (26.0%) | Falhas: 0
09:12:29 | INFO     | [09:12:29] ✅ DONE | 560676 | 0 responsáveis | 417/1602 (26.0%) | Falhas: 0
09:12:29 | INFO     | [09:12:29] ✅ DONE | 579634 | 0 responsáveis | 418/1602 (26.1%) | Falhas: 0
09:12:30 | INFO     | [09:12:30] ✅ DONE | 591523 | 0 responsáveis | 419/1602 (26.2%) | Falhas: 0
09:12:30 | INFO     | [09:12:30] ✅ DONE | 595492 | 4 responsáveis | 420/1602 (26.2%) | Falhas: 0
09:12:30 | INFO     | [09:12:30] ✅ DONE | 596659 | 0 responsáveis | 421/1602 (26.3%) | Falhas: 0
09:12:30 | INFO     | [09:12:30] ✅ DONE | 600240 | 0 responsáveis | 422/1602 (26.3%) | Falhas: 0
09:12:30 | INFO     | [09:12:30] ✅ DONE | 602133 | 0 responsáveis | 423/1602 (26.4%) | Falhas: 0
09:12:30 | INFO     | [09:12:30] ✅ DONE | 608477 | 4 responsáveis | 424/1602 (26.5%) | Falhas: 0
09:12:30 | INFO     | [09:12:30] ✅ DONE | 609344 | 0 responsáveis | 425/1602 (26.5%) | Falhas: 0
09:12:30 | INFO     | [09:12:30] ✅ DONE | 612961 | 0 responsáveis | 426/1602 (26.6%) | Falhas: 0
09:12:30 | INFO     | [09:12:30] ✅ DONE | 629452 | 0 responsáveis | 427/1602 (26.7%) | Falhas: 0
09:12:30 | INFO     | [09:12:30] ✅ DONE | 614184 | 0 responsáveis | 428/1602 (26.7%) | Falhas: 0
09:12:30 | INFO     | [09:12:30] ✅ DONE | 675397 | 0 responsáveis | 429/1602 (26.8%) | Falhas: 0
09:12:30 | INFO     | [09:12:30] ✅ DONE | 646974 | 0 responsáveis | 430/1602 (26.8%) | Falhas: 0
09:12:30 | INFO     | [09:12:30] ✅ DONE | 660346 | 4 responsáveis | 431/1602 (26.9%) | Falhas: 0
09:12:30 | INFO     | [09:12:30] ✅ DONE | 694687 | 0 responsáveis | 432/1602 (27.0%) | Falhas: 0
09:12:30 | INFO     | [09:12:30] ✅ DONE | 730365 | 4 responsáveis | 433/1602 (27.0%) | Falhas: 0
09:12:30 | INFO     | [09:12:30] ✅ DONE | 748083 | 6 responsáveis | 434/1602 (27.1%) | Falhas: 0
09:12:31 | INFO     | [09:12:31] ✅ DONE | 749015 | 7 responsáveis | 435/1602 (27.2%) | Falhas: 0
09:12:31 | INFO     | [09:12:31] ✅ DONE | 767798 | 6 responsáveis | 436/1602 (27.2%) | Falhas: 0
09:12:31 | INFO     | [09:12:31] ✅ DONE | 870200 | 0 responsáveis | 437/1602 (27.3%) | Falhas: 0
09:12:31 | INFO     | [09:12:31] ✅ DONE | 29636 | 0 responsáveis | 438/1602 (27.3%) | Falhas: 0
09:12:31 | INFO     | [09:12:31] ✅ DONE | 44224 | 0 responsáveis | 439/1602 (27.4%) | Falhas: 0
09:12:31 | INFO     | [09:12:31] ✅ DONE | 57426 | 0 responsáveis | 440/1602 (27.5%) | Falhas: 0
09:12:31 | INFO     | [09:12:31] ✅ DONE | 57612 | 0 responsáveis | 441/1602 (27.5%) | Falhas: 0
09:12:31 | INFO     | [09:12:31] ✅ DONE | 57961 | 0 responsáveis | 442/1602 (27.6%) | Falhas: 0
09:12:31 | INFO     | [09:12:31] ✅ DONE | 57890 | 0 responsáveis | 443/1602 (27.7%) | Falhas: 0
09:12:31 | INFO     | [09:12:31] ✅ DONE | 57551 | 0 responsáveis | 444/1602 (27.7%) | Falhas: 0
09:12:31 | INFO     | [09:12:31] ✅ DONE | 58362 | 0 responsáveis | 445/1602 (27.8%) | Falhas: 0
09:12:31 | INFO     | [09:12:31] ✅ DONE | 58021 | 0 responsáveis | 446/1602 (27.8%) | Falhas: 0
09:12:31 | INFO     | [09:12:31] ✅ DONE | 58627 | 0 responsáveis | 447/1602 (27.9%) | Falhas: 0
09:12:31 | INFO     | [09:12:31] ✅ DONE | 58688 | 0 responsáveis | 448/1602 (28.0%) | Falhas: 0
09:12:31 | INFO     | [09:12:31] ✅ DONE | 65548 | 0 responsáveis | 449/1602 (28.0%) | Falhas: 0
09:12:31 | INFO     | [09:12:31] ✅ DONE | 66167 | 0 responsáveis | 450/1602 (28.1%) | Falhas: 0
09:12:31 | INFO     | [09:12:31] ✅ DONE | 70315 | 0 responsáveis | 451/1602 (28.2%) | Falhas: 0
09:12:32 | INFO     | [09:12:32] ✅ DONE | 96439 | 0 responsáveis | 452/1602 (28.2%) | Falhas: 0
09:12:32 | INFO     | [09:12:32] ✅ DONE | 109518 | 0 responsáveis | 453/1602 (28.3%) | Falhas: 0
09:12:32 | INFO     | [09:12:32] ✅ DONE | 132086 | 0 responsáveis | 454/1602 (28.3%) | Falhas: 0
09:12:32 | INFO     | [09:12:32] ✅ DONE | 149719 | 0 responsáveis | 455/1602 (28.4%) | Falhas: 0
09:12:32 | INFO     | [09:12:32] ✅ DONE | 150365 | 0 responsáveis | 456/1602 (28.5%) | Falhas: 0
09:12:32 | INFO     | [09:12:32] ✅ DONE | 29918 | 0 responsáveis | 457/1602 (28.5%) | Falhas: 0
09:12:32 | INFO     | [09:12:32] ✅ DONE | 218384 | 0 responsáveis | 458/1602 (28.6%) | Falhas: 0
09:12:32 | INFO     | [09:12:32] ✅ DONE | 257710 | 0 responsáveis | 459/1602 (28.7%) | Falhas: 0
09:12:32 | INFO     | [09:12:32] ✅ DONE | 259817 | 0 responsáveis | 460/1602 (28.7%) | Falhas: 0
09:12:32 | INFO     | [09:12:32] ✅ DONE | 340799 | 0 responsáveis | 461/1602 (28.8%) | Falhas: 0
09:12:32 | INFO     | [09:12:32] ✅ DONE | 401769 | 0 responsáveis | 462/1602 (28.8%) | Falhas: 0
09:12:32 | INFO     | [09:12:32] ✅ DONE | 414374 | 0 responsáveis | 463/1602 (28.9%) | Falhas: 0
09:12:32 | INFO     | [09:12:32] ✅ DONE | 486346 | 0 responsáveis | 464/1602 (29.0%) | Falhas: 0
09:12:32 | INFO     | [09:12:32] ✅ DONE | 486558 | 0 responsáveis | 465/1602 (29.0%) | Falhas: 0
09:12:32 | INFO     | [09:12:32] ✅ DONE | 486964 | 0 responsáveis | 466/1602 (29.1%) | Falhas: 0
09:12:32 | INFO     | [09:12:32] ✅ DONE | 487688 | 0 responsáveis | 467/1602 (29.2%) | Falhas: 0
09:12:32 | INFO     | [09:12:32] ✅ DONE | 494471 | 0 responsáveis | 468/1602 (29.2%) | Falhas: 0
09:12:32 | INFO     | [09:12:32] ✅ DONE | 509673 | 0 responsáveis | 469/1602 (29.3%) | Falhas: 0
09:12:33 | INFO     | [09:12:33] ✅ DONE | 510300 | 0 responsáveis | 470/1602 (29.3%) | Falhas: 0
09:12:33 | INFO     | [09:12:33] ✅ DONE | 521786 | 0 responsáveis | 471/1602 (29.4%) | Falhas: 0
09:12:33 | INFO     | [09:12:33] ✅ DONE | 522058 | 0 responsáveis | 472/1602 (29.5%) | Falhas: 0
09:12:33 | INFO     | [09:12:33] ✅ DONE | 526948 | 0 responsáveis | 473/1602 (29.5%) | Falhas: 0
09:12:33 | INFO     | [09:12:33] ✅ DONE | 520392 | 0 responsáveis | 474/1602 (29.6%) | Falhas: 0
09:12:33 | INFO     | [09:12:33] ✅ DONE | 521948 | 0 responsáveis | 475/1602 (29.7%) | Falhas: 0
09:12:33 | INFO     | [09:12:33] ✅ DONE | 521859 | 0 responsáveis | 476/1602 (29.7%) | Falhas: 0
09:12:33 | INFO     | [09:12:33] ✅ DONE | 531780 | 0 responsáveis | 477/1602 (29.8%) | Falhas: 0
09:12:33 | INFO     | [09:12:33] ✅ DONE | 530328 | 0 responsáveis | 478/1602 (29.8%) | Falhas: 0
09:12:33 | INFO     | [09:12:33] ✅ DONE | 531781 | 0 responsáveis | 479/1602 (29.9%) | Falhas: 0
09:12:33 | INFO     | [09:12:33] ✅ DONE | 535654 | 0 responsáveis | 480/1602 (30.0%) | Falhas: 0
09:12:33 | INFO     | [09:12:33] ✅ DONE | 541027 | 0 responsáveis | 481/1602 (30.0%) | Falhas: 0
09:12:33 | INFO     | [09:12:33] ✅ DONE | 541037 | 0 responsáveis | 482/1602 (30.1%) | Falhas: 0
09:12:33 | INFO     | [09:12:33] ✅ DONE | 541047 | 0 responsáveis | 483/1602 (30.1%) | Falhas: 0
09:12:33 | INFO     | [09:12:33] ✅ DONE | 549428 | 0 responsáveis | 484/1602 (30.2%) | Falhas: 0
09:12:34 | INFO     | [09:12:34] ✅ DONE | 559642 | 0 responsáveis | 485/1602 (30.3%) | Falhas: 0
09:12:34 | INFO     | [09:12:34] ✅ DONE | 569657 | 0 responsáveis | 486/1602 (30.3%) | Falhas: 0
09:12:34 | INFO     | [09:12:34] ✅ DONE | 593298 | 0 responsáveis | 487/1602 (30.4%) | Falhas: 0
09:12:34 | INFO     | [09:12:34] ✅ DONE | 572389 | 0 responsáveis | 488/1602 (30.5%) | Falhas: 0
09:12:34 | INFO     | [09:12:34] ✅ DONE | 581834 | 0 responsáveis | 489/1602 (30.5%) | Falhas: 0
09:12:34 | INFO     | [09:12:34] ✅ DONE | 581522 | 0 responsáveis | 490/1602 (30.6%) | Falhas: 0
09:12:34 | INFO     | [09:12:34] ✅ DONE | 596711 | 0 responsáveis | 491/1602 (30.6%) | Falhas: 0
09:12:34 | INFO     | [09:12:34] ✅ DONE | 682339 | 0 responsáveis | 492/1602 (30.7%) | Falhas: 0
09:12:34 | INFO     | [09:12:34] ✅ DONE | 682623 | 0 responsáveis | 493/1602 (30.8%) | Falhas: 0
09:12:34 | INFO     | [09:12:34] ✅ DONE | 614690 | 0 responsáveis | 494/1602 (30.8%) | Falhas: 0
09:12:34 | INFO     | [09:12:34] ✅ DONE | 696315 | 0 responsáveis | 495/1602 (30.9%) | Falhas: 0
09:12:34 | INFO     | [09:12:34] ✅ DONE | 798909 | 0 responsáveis | 496/1602 (31.0%) | Falhas: 0
09:12:34 | INFO     | [09:12:34] ✅ DONE | 698181 | 0 responsáveis | 497/1602 (31.0%) | Falhas: 0
09:12:34 | INFO     | [09:12:34] ✅ DONE | 799911 | 0 responsáveis | 498/1602 (31.1%) | Falhas: 0
09:12:34 | INFO     | [09:12:34] ✅ DONE | 799923 | 0 responsáveis | 499/1602 (31.1%) | Falhas: 0
09:12:34 | INFO     | [09:12:34] ✅ DONE | 805052 | 0 responsáveis | 500/1602 (31.2%) | Falhas: 0
09:12:35 | INFO     | [09:12:35] ✅ DONE | 805730 | 0 responsáveis | 501/1602 (31.3%) | Falhas: 0
09:12:35 | INFO     | [09:12:35] ✅ DONE | 809916 | 0 responsáveis | 502/1602 (31.3%) | Falhas: 0
09:12:35 | INFO     | [09:12:35] ✅ DONE | 832969 | 0 responsáveis | 503/1602 (31.4%) | Falhas: 0
09:12:35 | INFO     | [09:12:35] ✅ DONE | 830813 | 0 responsáveis | 504/1602 (31.5%) | Falhas: 0
09:12:35 | INFO     | [09:12:35] ✅ DONE | 810297 | 0 responsáveis | 505/1602 (31.5%) | Falhas: 0
09:12:35 | INFO     | [09:12:35] ✅ DONE | 833095 | 0 responsáveis | 506/1602 (31.6%) | Falhas: 0
09:12:35 | INFO     | [09:12:35] ✅ DONE | 860785 | 0 responsáveis | 507/1602 (31.6%) | Falhas: 0
09:12:35 | INFO     | [09:12:35] ✅ DONE | 860757 | 0 responsáveis | 508/1602 (31.7%) | Falhas: 0
09:12:35 | INFO     | [09:12:35] ✅ DONE | 870652 | 0 responsáveis | 509/1602 (31.8%) | Falhas: 0
09:12:35 | INFO     | [09:12:35] ✅ DONE | 870757 | 0 responsáveis | 510/1602 (31.8%) | Falhas: 0
09:12:35 | INFO     | [09:12:35] ✅ DONE | 19735 | 0 responsáveis | 511/1602 (31.9%) | Falhas: 0
09:12:35 | INFO     | [09:12:35] ✅ DONE | 44226 | 0 responsáveis | 512/1602 (32.0%) | Falhas: 0
09:12:35 | INFO     | [09:12:35] ✅ DONE | 67440 | 0 responsáveis | 513/1602 (32.0%) | Falhas: 0
09:12:35 | INFO     | [09:12:35] ✅ DONE | 57891 | 0 responsáveis | 514/1602 (32.1%) | Falhas: 0
09:12:35 | INFO     | [09:12:35] ✅ DONE | 85096 | 0 responsáveis | 515/1602 (32.1%) | Falhas: 0
09:12:35 | INFO     | [09:12:35] ✅ DONE | 85612 | 1 responsáveis | 516/1602 (32.2%) | Falhas: 0
09:12:36 | INFO     | [09:12:36] ✅ DONE | 93401 | 0 responsáveis | 517/1602 (32.3%) | Falhas: 0
09:12:36 | INFO     | [09:12:36] ✅ DONE | 127864 | 0 responsáveis | 518/1602 (32.3%) | Falhas: 0
09:12:36 | INFO     | [09:12:36] ✅ DONE | 182540 | 0 responsáveis | 519/1602 (32.4%) | Falhas: 0
09:12:36 | INFO     | [09:12:36] ✅ DONE | 185451 | 0 responsáveis | 520/1602 (32.5%) | Falhas: 0
09:12:36 | INFO     | [09:12:36] ✅ DONE | 258331 | 0 responsáveis | 521/1602 (32.5%) | Falhas: 0
09:12:36 | INFO     | [09:12:36] ✅ DONE | 260522 | 0 responsáveis | 522/1602 (32.6%) | Falhas: 0
09:12:36 | INFO     | [09:12:36] ✅ DONE | 418708 | 2 responsáveis | 523/1602 (32.6%) | Falhas: 0
09:12:36 | INFO     | [09:12:36] ✅ DONE | 412300 | 0 responsáveis | 524/1602 (32.7%) | Falhas: 0
09:12:36 | INFO     | [09:12:36] ✅ DONE | 412311 | 0 responsáveis | 525/1602 (32.8%) | Falhas: 0
09:12:36 | INFO     | [09:12:36] ✅ DONE | 445050 | 0 responsáveis | 526/1602 (32.8%) | Falhas: 0
09:12:36 | INFO     | [09:12:36] ✅ DONE | 475800 | 0 responsáveis | 527/1602 (32.9%) | Falhas: 0
09:12:36 | INFO     | [09:12:36] ✅ DONE | 482449 | 0 responsáveis | 528/1602 (33.0%) | Falhas: 0
09:12:36 | INFO     | [09:12:36] ✅ DONE | 482435 | 0 responsáveis | 529/1602 (33.0%) | Falhas: 0
09:12:36 | INFO     | [09:12:36] ✅ DONE | 482474 | 0 responsáveis | 530/1602 (33.1%) | Falhas: 0
09:12:36 | INFO     | [09:12:36] ✅ DONE | 482471 | 0 responsáveis | 531/1602 (33.1%) | Falhas: 0
09:12:37 | INFO     | [09:12:37] ✅ DONE | 482487 | 0 responsáveis | 532/1602 (33.2%) | Falhas: 0
09:12:37 | INFO     | [09:12:37] ✅ DONE | 482497 | 0 responsáveis | 533/1602 (33.3%) | Falhas: 0
09:12:37 | INFO     | [09:12:37] ✅ DONE | 482509 | 0 responsáveis | 534/1602 (33.3%) | Falhas: 0
09:12:37 | INFO     | [09:12:37] ✅ DONE | 488119 | 0 responsáveis | 535/1602 (33.4%) | Falhas: 0
09:12:37 | INFO     | [09:12:37] ✅ DONE | 488128 | 0 responsáveis | 536/1602 (33.5%) | Falhas: 0
09:12:37 | INFO     | [09:12:37] ✅ DONE | 498605 | 0 responsáveis | 537/1602 (33.5%) | Falhas: 0
09:12:37 | INFO     | [09:12:37] ✅ DONE | 510253 | 0 responsáveis | 538/1602 (33.6%) | Falhas: 0
09:12:37 | INFO     | [09:12:37] ✅ DONE | 510303 | 0 responsáveis | 539/1602 (33.6%) | Falhas: 0
09:12:37 | INFO     | [09:12:37] ✅ DONE | 507281 | 0 responsáveis | 540/1602 (33.7%) | Falhas: 0
09:12:37 | INFO     | [09:12:37] ✅ DONE | 522689 | 0 responsáveis | 541/1602 (33.8%) | Falhas: 0
09:12:37 | INFO     | [09:12:37] ✅ DONE | 525747 | 0 responsáveis | 542/1602 (33.8%) | Falhas: 0
09:12:37 | INFO     | [09:12:37] ✅ DONE | 511783 | 1 responsáveis | 543/1602 (33.9%) | Falhas: 0
09:12:37 | INFO     | [09:12:37] ✅ DONE | 534662 | 0 responsáveis | 544/1602 (34.0%) | Falhas: 0
09:12:37 | INFO     | [09:12:37] ✅ DONE | 534659 | 0 responsáveis | 545/1602 (34.0%) | Falhas: 0
09:12:37 | INFO     | [09:12:37] ✅ DONE | 533740 | 0 responsáveis | 546/1602 (34.1%) | Falhas: 0
09:12:37 | INFO     | [09:12:37] ✅ DONE | 534673 | 0 responsáveis | 547/1602 (34.1%) | Falhas: 0
09:12:37 | INFO     | [09:12:37] ✅ DONE | 534681 | 0 responsáveis | 548/1602 (34.2%) | Falhas: 0
09:12:37 | INFO     | [09:12:37] ✅ DONE | 534685 | 0 responsáveis | 549/1602 (34.3%) | Falhas: 0
09:12:38 | INFO     | [09:12:38] ✅ DONE | 535033 | 0 responsáveis | 550/1602 (34.3%) | Falhas: 0
09:12:38 | INFO     | [09:12:38] ✅ DONE | 535878 | 8 responsáveis | 551/1602 (34.4%) | Falhas: 0
09:12:38 | INFO     | [09:12:38] ✅ DONE | 538916 | 1 responsáveis | 552/1602 (34.5%) | Falhas: 0
09:12:38 | INFO     | [09:12:38] ✅ DONE | 569393 | 0 responsáveis | 553/1602 (34.5%) | Falhas: 0
09:12:38 | INFO     | [09:12:38] ✅ DONE | 569256 | 0 responsáveis | 554/1602 (34.6%) | Falhas: 0
09:12:38 | INFO     | [09:12:38] ✅ DONE | 580924 | 0 responsáveis | 555/1602 (34.6%) | Falhas: 0
09:12:38 | INFO     | [09:12:38] ✅ DONE | 580985 | 0 responsáveis | 556/1602 (34.7%) | Falhas: 0
09:12:38 | INFO     | [09:12:38] ✅ DONE | 586564 | 0 responsáveis | 557/1602 (34.8%) | Falhas: 0
09:12:38 | INFO     | [09:12:38] ✅ DONE | 586533 | 0 responsáveis | 558/1602 (34.8%) | Falhas: 0
09:12:38 | INFO     | [09:12:38] ✅ DONE | 587802 | 3 responsáveis | 559/1602 (34.9%) | Falhas: 0
09:12:38 | INFO     | [09:12:38] ✅ DONE | 596331 | 0 responsáveis | 560/1602 (35.0%) | Falhas: 0
09:12:38 | INFO     | [09:12:38] ✅ DONE | 596862 | 0 responsáveis | 561/1602 (35.0%) | Falhas: 0
09:12:38 | INFO     | [09:12:38] ✅ DONE | 621695 | 0 responsáveis | 562/1602 (35.1%) | Falhas: 0
09:12:38 | INFO     | [09:12:38] ✅ DONE | 621698 | 0 responsáveis | 563/1602 (35.1%) | Falhas: 0
09:12:38 | INFO     | [09:12:38] ✅ DONE | 622910 | 0 responsáveis | 564/1602 (35.2%) | Falhas: 0
09:12:38 | INFO     | [09:12:38] ✅ DONE | 622911 | 0 responsáveis | 565/1602 (35.3%) | Falhas: 0
09:12:38 | INFO     | [09:12:38] ✅ DONE | 622912 | 0 responsáveis | 566/1602 (35.3%) | Falhas: 0
09:12:39 | INFO     | [09:12:39] ✅ DONE | 622913 | 0 responsáveis | 567/1602 (35.4%) | Falhas: 0
09:12:39 | INFO     | [09:12:39] ✅ DONE | 622914 | 0 responsáveis | 568/1602 (35.5%) | Falhas: 0
09:12:39 | INFO     | [09:12:39] ✅ DONE | 622915 | 0 responsáveis | 569/1602 (35.5%) | Falhas: 0
09:12:39 | INFO     | [09:12:39] ✅ DONE | 622916 | 0 responsáveis | 570/1602 (35.6%) | Falhas: 0
09:12:39 | INFO     | [09:12:39] ✅ DONE | 622917 | 0 responsáveis | 571/1602 (35.6%) | Falhas: 0
09:12:39 | INFO     | [09:12:39] ✅ DONE | 622918 | 0 responsáveis | 572/1602 (35.7%) | Falhas: 0
09:12:39 | INFO     | [09:12:39] ✅ DONE | 622920 | 0 responsáveis | 573/1602 (35.8%) | Falhas: 0
09:12:39 | INFO     | [09:12:39] ✅ DONE | 622921 | 0 responsáveis | 574/1602 (35.8%) | Falhas: 0
09:12:39 | INFO     | [09:12:39] ✅ DONE | 622919 | 0 responsáveis | 575/1602 (35.9%) | Falhas: 0
09:12:39 | INFO     | [09:12:39] ✅ DONE | 631832 | 0 responsáveis | 576/1602 (36.0%) | Falhas: 0
09:12:39 | INFO     | [09:12:39] ✅ DONE | 631852 | 0 responsáveis | 577/1602 (36.0%) | Falhas: 0
09:12:39 | INFO     | [09:12:39] ✅ DONE | 631879 | 0 responsáveis | 578/1602 (36.1%) | Falhas: 0
09:12:39 | INFO     | [09:12:39] ✅ DONE | 631861 | 0 responsáveis | 579/1602 (36.1%) | Falhas: 0
09:12:39 | INFO     | [09:12:39] ✅ DONE | 631913 | 0 responsáveis | 580/1602 (36.2%) | Falhas: 0
09:12:39 | INFO     | [09:12:39] ✅ DONE | 631923 | 0 responsáveis | 581/1602 (36.3%) | Falhas: 0
09:12:39 | INFO     | [09:12:39] ✅ DONE | 632069 | 0 responsáveis | 582/1602 (36.3%) | Falhas: 0
09:12:40 | INFO     | [09:12:40] ✅ DONE | 632071 | 0 responsáveis | 583/1602 (36.4%) | Falhas: 0
09:12:40 | INFO     | [09:12:40] ✅ DONE | 632076 | 0 responsáveis | 584/1602 (36.5%) | Falhas: 0
09:12:40 | INFO     | [09:12:40] ✅ DONE | 632299 | 0 responsáveis | 585/1602 (36.5%) | Falhas: 0
09:12:40 | INFO     | [09:12:40] ✅ DONE | 632316 | 0 responsáveis | 586/1602 (36.6%) | Falhas: 0
09:12:40 | INFO     | [09:12:40] ✅ DONE | 632352 | 0 responsáveis | 587/1602 (36.6%) | Falhas: 0
09:12:40 | INFO     | [09:12:40] ✅ DONE | 632359 | 0 responsáveis | 588/1602 (36.7%) | Falhas: 0
09:12:40 | INFO     | [09:12:40] ✅ DONE | 632364 | 0 responsáveis | 589/1602 (36.8%) | Falhas: 0
09:12:40 | INFO     | [09:12:40] ✅ DONE | 632385 | 0 responsáveis | 590/1602 (36.8%) | Falhas: 0
09:12:40 | INFO     | [09:12:40] ✅ DONE | 632418 | 0 responsáveis | 591/1602 (36.9%) | Falhas: 0
09:12:40 | INFO     | [09:12:40] ✅ DONE | 647263 | 0 responsáveis | 592/1602 (37.0%) | Falhas: 0
09:12:40 | INFO     | [09:12:40] ✅ DONE | 684007 | 0 responsáveis | 593/1602 (37.0%) | Falhas: 0
09:12:40 | INFO     | [09:12:40] ✅ DONE | 632428 | 0 responsáveis | 594/1602 (37.1%) | Falhas: 0
09:12:41 | INFO     | [09:12:41] ✅ DONE | 697077 | 0 responsáveis | 595/1602 (37.1%) | Falhas: 0
09:12:41 | INFO     | [09:12:41] ✅ DONE | 715784 | 0 responsáveis | 596/1602 (37.2%) | Falhas: 0
09:12:41 | INFO     | [09:12:41] ✅ DONE | 760489 | 0 responsáveis | 597/1602 (37.3%) | Falhas: 0
09:12:41 | INFO     | [09:12:41] ✅ DONE | 782430 | 0 responsáveis | 598/1602 (37.3%) | Falhas: 0
09:12:42 | INFO     | [09:12:42] ✅ DONE | 782466 | 0 responsáveis | 599/1602 (37.4%) | Falhas: 0
09:12:42 | INFO     | [09:12:42] ✅ DONE | 782522 | 0 responsáveis | 600/1602 (37.5%) | Falhas: 0
09:12:42 | INFO     | [09:12:42] ✅ DONE | 782526 | 0 responsáveis | 601/1602 (37.5%) | Falhas: 0
09:12:42 | INFO     | [09:12:42] ✅ DONE | 782538 | 0 responsáveis | 602/1602 (37.6%) | Falhas: 0
09:12:42 | INFO     | [09:12:42] ✅ DONE | 782564 | 0 responsáveis | 603/1602 (37.6%) | Falhas: 0
09:12:42 | INFO     | [09:12:42] ✅ DONE | 782568 | 0 responsáveis | 604/1602 (37.7%) | Falhas: 0
09:12:42 | INFO     | [09:12:42] ✅ DONE | 782571 | 0 responsáveis | 605/1602 (37.8%) | Falhas: 0
09:12:42 | INFO     | [09:12:42] ✅ DONE | 782578 | 0 responsáveis | 606/1602 (37.8%) | Falhas: 0
09:12:42 | INFO     | [09:12:42] ✅ DONE | 782615 | 0 responsáveis | 607/1602 (37.9%) | Falhas: 0
09:12:43 | INFO     | [09:12:43] ✅ DONE | 787725 | 0 responsáveis | 608/1602 (38.0%) | Falhas: 0
09:12:43 | INFO     | [09:12:43] ✅ DONE | 782600 | 0 responsáveis | 609/1602 (38.0%) | Falhas: 0
09:12:43 | INFO     | [09:12:43] ✅ DONE | 855625 | 0 responsáveis | 610/1602 (38.1%) | Falhas: 0
09:12:43 | INFO     | [09:12:43] ✅ DONE | 10341 | 0 responsáveis | 611/1602 (38.1%) | Falhas: 0
09:12:43 | INFO     | [09:12:43] ✅ DONE | 20780 | 0 responsáveis | 612/1602 (38.2%) | Falhas: 0
09:12:43 | INFO     | [09:12:43] ✅ DONE | 29912 | 0 responsáveis | 613/1602 (38.3%) | Falhas: 0
09:12:43 | INFO     | [09:12:43] ✅ DONE | 43652 | 0 responsáveis | 614/1602 (38.3%) | Falhas: 0
09:12:43 | INFO     | [09:12:43] ✅ DONE | 43166 | 0 responsáveis | 615/1602 (38.4%) | Falhas: 0
09:12:43 | INFO     | [09:12:43] ✅ DONE | 43981 | 0 responsáveis | 616/1602 (38.5%) | Falhas: 0
09:12:43 | INFO     | [09:12:43] ✅ DONE | 44225 | 0 responsáveis | 617/1602 (38.5%) | Falhas: 0
09:12:43 | INFO     | [09:12:43] ✅ DONE | 44098 | 0 responsáveis | 618/1602 (38.6%) | Falhas: 0
09:12:43 | INFO     | [09:12:43] ✅ DONE | 57613 | 0 responsáveis | 619/1602 (38.6%) | Falhas: 0
09:12:43 | INFO     | [09:12:43] ✅ DONE | 58093 | 0 responsáveis | 620/1602 (38.7%) | Falhas: 0
09:12:43 | INFO     | [09:12:43] ✅ DONE | 66168 | 1 responsáveis | 621/1602 (38.8%) | Falhas: 0
09:12:43 | INFO     | [09:12:43] ✅ DONE | 71773 | 0 responsáveis | 622/1602 (38.8%) | Falhas: 0
09:12:43 | INFO     | [09:12:43] ✅ DONE | 71928 | 0 responsáveis | 623/1602 (38.9%) | Falhas: 0
09:12:43 | INFO     | [09:12:43] ✅ DONE | 112178 | 1 responsáveis | 624/1602 (39.0%) | Falhas: 0
09:12:43 | INFO     | [09:12:43] ✅ DONE | 112143 | 2 responsáveis | 625/1602 (39.0%) | Falhas: 0
09:12:44 | INFO     | [09:12:44] ✅ DONE | 119920 | 1 responsáveis | 626/1602 (39.1%) | Falhas: 0
09:12:44 | INFO     | [09:12:44] ✅ DONE | 113680 | 0 responsáveis | 627/1602 (39.1%) | Falhas: 0
09:12:44 | INFO     | [09:12:44] ✅ DONE | 119923 | 0 responsáveis | 628/1602 (39.2%) | Falhas: 0
09:12:44 | INFO     | [09:12:44] ✅ DONE | 125761 | 0 responsáveis | 629/1602 (39.3%) | Falhas: 0
09:12:44 | INFO     | [09:12:44] ✅ DONE | 129632 | 0 responsáveis | 630/1602 (39.3%) | Falhas: 0
09:12:44 | INFO     | [09:12:44] ✅ DONE | 132961 | 0 responsáveis | 631/1602 (39.4%) | Falhas: 0
09:12:44 | INFO     | [09:12:44] ✅ DONE | 156820 | 2 responsáveis | 632/1602 (39.5%) | Falhas: 0
09:12:44 | INFO     | [09:12:44] ✅ DONE | 148393 | 2 responsáveis | 633/1602 (39.5%) | Falhas: 0
09:12:44 | INFO     | [09:12:44] ✅ DONE | 158780 | 1 responsáveis | 634/1602 (39.6%) | Falhas: 0
09:12:44 | INFO     | [09:12:44] ✅ DONE | 174935 | 0 responsáveis | 635/1602 (39.6%) | Falhas: 0
09:12:44 | INFO     | [09:12:44] ✅ DONE | 172217 | 1 responsáveis | 636/1602 (39.7%) | Falhas: 0
09:12:44 | INFO     | [09:12:44] ✅ DONE | 179009 | 0 responsáveis | 637/1602 (39.8%) | Falhas: 0
09:12:44 | INFO     | [09:12:44] ✅ DONE | 198178 | 0 responsáveis | 638/1602 (39.8%) | Falhas: 0
09:12:44 | INFO     | [09:12:44] ✅ DONE | 202015 | 0 responsáveis | 639/1602 (39.9%) | Falhas: 0
09:12:44 | INFO     | [09:12:44] ✅ DONE | 205876 | 0 responsáveis | 640/1602 (40.0%) | Falhas: 0
09:12:44 | INFO     | [09:12:44] ✅ DONE | 219219 | 0 responsáveis | 641/1602 (40.0%) | Falhas: 0
09:12:44 | INFO     | [09:12:44] ✅ DONE | 243448 | 1 responsáveis | 642/1602 (40.1%) | Falhas: 0
09:12:44 | INFO     | [09:12:44] ✅ DONE | 222460 | 0 responsáveis | 643/1602 (40.1%) | Falhas: 0
09:12:45 | INFO     | [09:12:45] ✅ DONE | 243664 | 0 responsáveis | 644/1602 (40.2%) | Falhas: 0
09:12:45 | INFO     | [09:12:45] ✅ DONE | 245500 | 0 responsáveis | 645/1602 (40.3%) | Falhas: 0
09:12:45 | INFO     | [09:12:45] ✅ DONE | 258558 | 1 responsáveis | 646/1602 (40.3%) | Falhas: 0
09:12:45 | INFO     | [09:12:45] ✅ DONE | 314143 | 2 responsáveis | 647/1602 (40.4%) | Falhas: 0
09:12:45 | INFO     | [09:12:45] ✅ DONE | 369035 | 0 responsáveis | 648/1602 (40.4%) | Falhas: 0
09:12:45 | INFO     | [09:12:45] ✅ DONE | 425036 | 1 responsáveis | 649/1602 (40.5%) | Falhas: 0
09:12:45 | INFO     | [09:12:45] ✅ DONE | 425039 | 1 responsáveis | 650/1602 (40.6%) | Falhas: 0
09:12:45 | INFO     | [09:12:45] ✅ DONE | 425040 | 1 responsáveis | 651/1602 (40.6%) | Falhas: 0
09:12:45 | INFO     | [09:12:45] ✅ DONE | 430044 | 1 responsáveis | 652/1602 (40.7%) | Falhas: 0
09:12:45 | INFO     | [09:12:45] ✅ DONE | 438903 | 1 responsáveis | 653/1602 (40.8%) | Falhas: 0
09:12:45 | INFO     | [09:12:45] ✅ DONE | 439247 | 0 responsáveis | 654/1602 (40.8%) | Falhas: 0
09:12:45 | INFO     | [09:12:45] ✅ DONE | 442930 | 0 responsáveis | 655/1602 (40.9%) | Falhas: 0
09:12:45 | INFO     | [09:12:45] ✅ DONE | 446240 | 1 responsáveis | 656/1602 (40.9%) | Falhas: 0
09:12:45 | INFO     | [09:12:45] ✅ DONE | 444856 | 0 responsáveis | 657/1602 (41.0%) | Falhas: 0
09:12:45 | INFO     | [09:12:45] ✅ DONE | 446241 | 1 responsáveis | 658/1602 (41.1%) | Falhas: 0
09:12:45 | INFO     | [09:12:45] ✅ DONE | 449901 | 0 responsáveis | 659/1602 (41.1%) | Falhas: 0
09:12:45 | INFO     | [09:12:45] ✅ DONE | 446242 | 1 responsáveis | 660/1602 (41.2%) | Falhas: 0
09:12:46 | INFO     | [09:12:46] ✅ DONE | 465880 | 1 responsáveis | 661/1602 (41.3%) | Falhas: 0
09:12:46 | INFO     | [09:12:46] ✅ DONE | 476289 | 1 responsáveis | 662/1602 (41.3%) | Falhas: 0
09:12:46 | INFO     | [09:12:46] ✅ DONE | 451084 | 0 responsáveis | 663/1602 (41.4%) | Falhas: 0
09:12:46 | INFO     | [09:12:46] ✅ DONE | 482228 | 0 responsáveis | 664/1602 (41.4%) | Falhas: 0
09:12:46 | INFO     | [09:12:46] ✅ DONE | 482496 | 0 responsáveis | 665/1602 (41.5%) | Falhas: 0
09:12:46 | INFO     | [09:12:46] ✅ DONE | 482816 | 0 responsáveis | 666/1602 (41.6%) | Falhas: 0
09:12:46 | INFO     | [09:12:46] ✅ DONE | 487966 | 0 responsáveis | 667/1602 (41.6%) | Falhas: 0
09:12:46 | INFO     | [09:12:46] ✅ DONE | 488496 | 0 responsáveis | 668/1602 (41.7%) | Falhas: 0
09:12:46 | INFO     | [09:12:46] ✅ DONE | 491260 | 0 responsáveis | 669/1602 (41.8%) | Falhas: 0
09:12:46 | INFO     | [09:12:46] ✅ DONE | 494259 | 0 responsáveis | 670/1602 (41.8%) | Falhas: 0
09:12:46 | INFO     | [09:12:46] ✅ DONE | 494283 | 0 responsáveis | 671/1602 (41.9%) | Falhas: 0
09:12:46 | INFO     | [09:12:46] ✅ DONE | 495321 | 0 responsáveis | 672/1602 (41.9%) | Falhas: 0
09:12:46 | INFO     | [09:12:46] ✅ DONE | 504447 | 0 responsáveis | 673/1602 (42.0%) | Falhas: 0
09:12:46 | INFO     | [09:12:46] ✅ DONE | 509833 | 0 responsáveis | 674/1602 (42.1%) | Falhas: 0
09:12:46 | INFO     | [09:12:46] ✅ DONE | 522210 | 3 responsáveis | 675/1602 (42.1%) | Falhas: 0
09:12:46 | INFO     | [09:12:46] ✅ DONE | 532707 | 0 responsáveis | 676/1602 (42.2%) | Falhas: 0
09:12:46 | INFO     | [09:12:46] ✅ DONE | 547109 | 0 responsáveis | 677/1602 (42.3%) | Falhas: 0
09:12:46 | INFO     | [09:12:46] ✅ DONE | 564674 | 0 responsáveis | 678/1602 (42.3%) | Falhas: 0
09:12:46 | INFO     | [09:12:46] ✅ DONE | 591049 | 0 responsáveis | 679/1602 (42.4%) | Falhas: 0
09:12:47 | INFO     | [09:12:47] ✅ DONE | 591373 | 0 responsáveis | 680/1602 (42.4%) | Falhas: 0
09:12:47 | INFO     | [09:12:47] ✅ DONE | 597488 | 0 responsáveis | 681/1602 (42.5%) | Falhas: 0
09:12:47 | INFO     | [09:12:47] ✅ DONE | 596518 | 0 responsáveis | 682/1602 (42.6%) | Falhas: 0
09:12:47 | INFO     | [09:12:47] ✅ DONE | 605556 | 0 responsáveis | 683/1602 (42.6%) | Falhas: 0
09:12:47 | INFO     | [09:12:47] ✅ DONE | 636955 | 0 responsáveis | 684/1602 (42.7%) | Falhas: 0
09:12:47 | INFO     | [09:12:47] ✅ DONE | 665281 | 0 responsáveis | 685/1602 (42.8%) | Falhas: 0
09:12:47 | INFO     | [09:12:47] ✅ DONE | 665391 | 0 responsáveis | 686/1602 (42.8%) | Falhas: 0
09:12:47 | INFO     | [09:12:47] ✅ DONE | 690248 | 0 responsáveis | 687/1602 (42.9%) | Falhas: 0
09:12:47 | INFO     | [09:12:47] ✅ DONE | 698023 | 0 responsáveis | 688/1602 (42.9%) | Falhas: 0
09:12:47 | INFO     | [09:12:47] ✅ DONE | 700662 | 0 responsáveis | 689/1602 (43.0%) | Falhas: 0
09:12:47 | INFO     | [09:12:47] ✅ DONE | 704639 | 0 responsáveis | 690/1602 (43.1%) | Falhas: 0
09:12:47 | INFO     | [09:12:47] ✅ DONE | 743110 | 0 responsáveis | 691/1602 (43.1%) | Falhas: 0
09:12:47 | INFO     | [09:12:47] ✅ DONE | 757511 | 0 responsáveis | 692/1602 (43.2%) | Falhas: 0
09:12:47 | INFO     | [09:12:47] ✅ DONE | 764393 | 0 responsáveis | 693/1602 (43.3%) | Falhas: 0
09:12:47 | INFO     | [09:12:47] ✅ DONE | 785536 | 0 responsáveis | 694/1602 (43.3%) | Falhas: 0
09:12:47 | INFO     | [09:12:47] ✅ DONE | 791398 | 0 responsáveis | 695/1602 (43.4%) | Falhas: 0
09:12:47 | INFO     | [09:12:47] ✅ DONE | 791399 | 0 responsáveis | 696/1602 (43.4%) | Falhas: 0
09:12:47 | INFO     | [09:12:47] ✅ DONE | 791400 | 0 responsáveis | 697/1602 (43.5%) | Falhas: 0
09:12:48 | INFO     | [09:12:48] ✅ DONE | 793927 | 0 responsáveis | 698/1602 (43.6%) | Falhas: 0
09:12:48 | INFO     | [09:12:48] ✅ DONE | 795761 | 0 responsáveis | 699/1602 (43.6%) | Falhas: 0
09:12:48 | INFO     | [09:12:48] ✅ DONE | 793928 | 0 responsáveis | 700/1602 (43.7%) | Falhas: 0
09:12:48 | INFO     | [09:12:48] ✅ DONE | 802994 | 0 responsáveis | 701/1602 (43.8%) | Falhas: 0
09:12:48 | INFO     | [09:12:48] ✅ DONE | 806377 | 0 responsáveis | 702/1602 (43.8%) | Falhas: 0
09:12:48 | INFO     | [09:12:48] ✅ DONE | 806376 | 0 responsáveis | 703/1602 (43.9%) | Falhas: 0
09:12:48 | INFO     | [09:12:48] ✅ DONE | 806378 | 0 responsáveis | 704/1602 (43.9%) | Falhas: 0
09:12:48 | INFO     | [09:12:48] ✅ DONE | 806379 | 0 responsáveis | 705/1602 (44.0%) | Falhas: 0
09:12:48 | INFO     | [09:12:48] ✅ DONE | 815513 | 0 responsáveis | 706/1602 (44.1%) | Falhas: 0
09:12:48 | INFO     | [09:12:48] ✅ DONE | 815514 | 0 responsáveis | 707/1602 (44.1%) | Falhas: 0
09:12:48 | INFO     | [09:12:48] ✅ DONE | 823229 | 0 responsáveis | 708/1602 (44.2%) | Falhas: 0
09:12:48 | INFO     | [09:12:48] ✅ DONE | 823231 | 0 responsáveis | 709/1602 (44.3%) | Falhas: 0
09:12:48 | INFO     | [09:12:48] ✅ DONE | 823230 | 0 responsáveis | 710/1602 (44.3%) | Falhas: 0
09:12:48 | INFO     | [09:12:48] ✅ DONE | 823232 | 0 responsáveis | 711/1602 (44.4%) | Falhas: 0
09:12:48 | INFO     | [09:12:48] ✅ DONE | 836281 | 0 responsáveis | 712/1602 (44.4%) | Falhas: 0
09:12:48 | INFO     | [09:12:48] ✅ DONE | 836282 | 0 responsáveis | 713/1602 (44.5%) | Falhas: 0
09:12:49 | INFO     | [09:12:49] ✅ DONE | 836283 | 0 responsáveis | 714/1602 (44.6%) | Falhas: 0
09:12:49 | INFO     | [09:12:49] ✅ DONE | 838415 | 0 responsáveis | 715/1602 (44.6%) | Falhas: 0
09:12:49 | INFO     | [09:12:49] ✅ DONE | 857287 | 0 responsáveis | 716/1602 (44.7%) | Falhas: 0
09:12:49 | INFO     | [09:12:49] ✅ DONE | 857288 | 0 responsáveis | 717/1602 (44.8%) | Falhas: 0
09:12:49 | INFO     | [09:12:49] ✅ DONE | 857289 | 0 responsáveis | 718/1602 (44.8%) | Falhas: 0
09:12:49 | INFO     | [09:12:49] ✅ DONE | 43362 | 0 responsáveis | 719/1602 (44.9%) | Falhas: 0
09:12:49 | INFO     | [09:12:49] ✅ DONE | 29365 | 0 responsáveis | 720/1602 (44.9%) | Falhas: 0
09:12:49 | INFO     | [09:12:49] ✅ DONE | 43649 | 0 responsáveis | 721/1602 (45.0%) | Falhas: 0
09:12:49 | INFO     | [09:12:49] ✅ DONE | 88680 | 0 responsáveis | 722/1602 (45.1%) | Falhas: 0
09:12:49 | INFO     | [09:12:49] ✅ DONE | 94973 | 0 responsáveis | 723/1602 (45.1%) | Falhas: 0
09:12:49 | INFO     | [09:12:49] ✅ DONE | 95106 | 0 responsáveis | 724/1602 (45.2%) | Falhas: 0
09:12:49 | INFO     | [09:12:49] ✅ DONE | 113995 | 6 responsáveis | 725/1602 (45.3%) | Falhas: 0
09:12:49 | INFO     | [09:12:49] ✅ DONE | 168940 | 0 responsáveis | 726/1602 (45.3%) | Falhas: 0
09:12:49 | INFO     | [09:12:49] ✅ DONE | 164359 | 19 responsáveis | 727/1602 (45.4%) | Falhas: 0
09:12:49 | INFO     | [09:12:49] ✅ DONE | 189314 | 7 responsáveis | 728/1602 (45.4%) | Falhas: 0
09:12:49 | INFO     | [09:12:49] ✅ DONE | 189640 | 0 responsáveis | 729/1602 (45.5%) | Falhas: 0
09:12:49 | INFO     | [09:12:49] ✅ DONE | 209042 | 0 responsáveis | 730/1602 (45.6%) | Falhas: 0
09:12:49 | INFO     | [09:12:49] ✅ DONE | 208144 | 6 responsáveis | 731/1602 (45.6%) | Falhas: 0
09:12:50 | INFO     | [09:12:50] ✅ DONE | 212429 | 0 responsáveis | 732/1602 (45.7%) | Falhas: 0
09:12:50 | INFO     | [09:12:50] ✅ DONE | 233894 | 14 responsáveis | 733/1602 (45.8%) | Falhas: 0
09:12:50 | INFO     | [09:12:50] ✅ DONE | 242426 | 0 responsáveis | 734/1602 (45.8%) | Falhas: 0
09:12:50 | INFO     | [09:12:50] ✅ DONE | 258935 | 18 responsáveis | 735/1602 (45.9%) | Falhas: 0
09:12:50 | INFO     | [09:12:50] ✅ DONE | 259545 | 12 responsáveis | 736/1602 (45.9%) | Falhas: 0
09:12:50 | INFO     | [09:12:50] ✅ DONE | 307328 | 5 responsáveis | 737/1602 (46.0%) | Falhas: 0
09:12:50 | INFO     | [09:12:50] ✅ DONE | 317330 | 13 responsáveis | 738/1602 (46.1%) | Falhas: 0
09:12:50 | INFO     | [09:12:50] ✅ DONE | 399523 | 0 responsáveis | 739/1602 (46.1%) | Falhas: 0
09:12:50 | INFO     | [09:12:50] ✅ DONE | 309915 | 5 responsáveis | 740/1602 (46.2%) | Falhas: 0
09:12:50 | INFO     | [09:12:50] ✅ DONE | 446442 | 0 responsáveis | 741/1602 (46.3%) | Falhas: 0
09:12:50 | INFO     | [09:12:50] ✅ DONE | 430157 | 11 responsáveis | 742/1602 (46.3%) | Falhas: 0
09:12:50 | INFO     | [09:12:50] ✅ DONE | 447575 | 0 responsáveis | 743/1602 (46.4%) | Falhas: 0
09:12:50 | INFO     | [09:12:50] ✅ DONE | 446616 | 0 responsáveis | 744/1602 (46.4%) | Falhas: 0
09:12:50 | INFO     | [09:12:50] ✅ DONE | 447576 | 0 responsáveis | 745/1602 (46.5%) | Falhas: 0
09:12:50 | INFO     | [09:12:50] ✅ DONE | 447567 | 0 responsáveis | 746/1602 (46.6%) | Falhas: 0
09:12:50 | INFO     | [09:12:50] ✅ DONE | 447577 | 0 responsáveis | 747/1602 (46.6%) | Falhas: 0
09:12:50 | INFO     | [09:12:50] ✅ DONE | 447578 | 0 responsáveis | 748/1602 (46.7%) | Falhas: 0
09:12:51 | INFO     | [09:12:51] ✅ DONE | 447579 | 0 responsáveis | 749/1602 (46.8%) | Falhas: 0
09:12:51 | INFO     | [09:12:51] ✅ DONE | 447580 | 0 responsáveis | 750/1602 (46.8%) | Falhas: 0
09:12:51 | INFO     | [09:12:51] ✅ DONE | 447582 | 0 responsáveis | 751/1602 (46.9%) | Falhas: 0
09:12:51 | INFO     | [09:12:51] ✅ DONE | 447581 | 0 responsáveis | 752/1602 (46.9%) | Falhas: 0
09:12:51 | INFO     | [09:12:51] ✅ DONE | 447583 | 0 responsáveis | 753/1602 (47.0%) | Falhas: 0
09:12:51 | INFO     | [09:12:51] ✅ DONE | 447585 | 0 responsáveis | 754/1602 (47.1%) | Falhas: 0
09:12:51 | INFO     | [09:12:51] ✅ DONE | 447584 | 0 responsáveis | 755/1602 (47.1%) | Falhas: 0
09:12:51 | INFO     | [09:12:51] ✅ DONE | 447586 | 0 responsáveis | 756/1602 (47.2%) | Falhas: 0
09:12:51 | INFO     | [09:12:51] ✅ DONE | 447587 | 0 responsáveis | 757/1602 (47.3%) | Falhas: 0
09:12:51 | INFO     | [09:12:51] ✅ DONE | 456003 | 0 responsáveis | 758/1602 (47.3%) | Falhas: 0
09:12:51 | INFO     | [09:12:51] ✅ DONE | 461486 | 0 responsáveis | 759/1602 (47.4%) | Falhas: 0
09:12:51 | INFO     | [09:12:51] ✅ DONE | 475903 | 0 responsáveis | 760/1602 (47.4%) | Falhas: 0
09:12:51 | INFO     | [09:12:51] ✅ DONE | 457721 | 0 responsáveis | 761/1602 (47.5%) | Falhas: 0
09:12:51 | INFO     | [09:12:51] ✅ DONE | 484998 | 0 responsáveis | 762/1602 (47.6%) | Falhas: 0
09:12:51 | INFO     | [09:12:51] ✅ DONE | 480080 | 19 responsáveis | 763/1602 (47.6%) | Falhas: 0
09:12:51 | INFO     | [09:12:51] ✅ DONE | 485091 | 0 responsáveis | 764/1602 (47.7%) | Falhas: 0
09:12:51 | INFO     | [09:12:51] ✅ DONE | 485403 | 0 responsáveis | 765/1602 (47.8%) | Falhas: 0
09:12:52 | INFO     | [09:12:52] ✅ DONE | 488264 | 0 responsáveis | 766/1602 (47.8%) | Falhas: 0
09:12:52 | INFO     | [09:12:52] ✅ DONE | 485557 | 0 responsáveis | 767/1602 (47.9%) | Falhas: 0
09:12:52 | INFO     | [09:12:52] ✅ DONE | 491846 | 0 responsáveis | 768/1602 (47.9%) | Falhas: 0
09:12:52 | INFO     | [09:12:52] ✅ DONE | 500090 | 0 responsáveis | 769/1602 (48.0%) | Falhas: 0
09:12:52 | INFO     | [09:12:52] ✅ DONE | 501416 | 0 responsáveis | 770/1602 (48.1%) | Falhas: 0
09:12:52 | INFO     | [09:12:52] ✅ DONE | 506115 | 0 responsáveis | 771/1602 (48.1%) | Falhas: 0
09:12:52 | INFO     | [09:12:52] ✅ DONE | 513653 | 6 responsáveis | 772/1602 (48.2%) | Falhas: 0
09:12:52 | INFO     | [09:12:52] ✅ DONE | 532473 | 0 responsáveis | 773/1602 (48.3%) | Falhas: 0
09:12:52 | INFO     | [09:12:52] ✅ DONE | 532566 | 0 responsáveis | 774/1602 (48.3%) | Falhas: 0
09:12:52 | INFO     | [09:12:52] ✅ DONE | 540287 | 0 responsáveis | 775/1602 (48.4%) | Falhas: 0
09:12:52 | INFO     | [09:12:52] ✅ DONE | 541291 | 0 responsáveis | 776/1602 (48.4%) | Falhas: 0
09:12:52 | INFO     | [09:12:52] ✅ DONE | 548082 | 0 responsáveis | 777/1602 (48.5%) | Falhas: 0
09:12:52 | INFO     | [09:12:52] ✅ DONE | 559042 | 0 responsáveis | 778/1602 (48.6%) | Falhas: 0
09:12:52 | INFO     | [09:12:52] ✅ DONE | 560632 | 4 responsáveis | 779/1602 (48.6%) | Falhas: 0
09:12:52 | INFO     | [09:12:52] ✅ DONE | 561633 | 0 responsáveis | 780/1602 (48.7%) | Falhas: 0
09:12:52 | INFO     | [09:12:52] ✅ DONE | 568904 | 4 responsáveis | 781/1602 (48.8%) | Falhas: 0
09:12:52 | INFO     | [09:12:52] ✅ DONE | 568908 | 4 responsáveis | 782/1602 (48.8%) | Falhas: 0
09:12:52 | INFO     | [09:12:52] ✅ DONE | 573272 | 0 responsáveis | 783/1602 (48.9%) | Falhas: 0
09:12:53 | INFO     | [09:12:53] ✅ DONE | 575301 | 0 responsáveis | 784/1602 (48.9%) | Falhas: 0
09:12:53 | INFO     | [09:12:53] ✅ DONE | 575316 | 0 responsáveis | 785/1602 (49.0%) | Falhas: 0
09:12:53 | INFO     | [09:12:53] ✅ DONE | 580338 | 0 responsáveis | 786/1602 (49.1%) | Falhas: 0
09:12:53 | INFO     | [09:12:53] ✅ DONE | 584182 | 0 responsáveis | 787/1602 (49.1%) | Falhas: 0
09:12:53 | INFO     | [09:12:53] ✅ DONE | 591501 | 0 responsáveis | 788/1602 (49.2%) | Falhas: 0
09:12:53 | INFO     | [09:12:53] ✅ DONE | 594201 | 0 responsáveis | 789/1602 (49.3%) | Falhas: 0
09:12:53 | INFO     | [09:12:53] ✅ DONE | 616289 | 4 responsáveis | 790/1602 (49.3%) | Falhas: 0
09:12:53 | INFO     | [09:12:53] ✅ DONE | 706202 | 0 responsáveis | 791/1602 (49.4%) | Falhas: 0
09:12:53 | INFO     | [09:12:53] ✅ DONE | 568906 | 4 responsáveis | 792/1602 (49.4%) | Falhas: 0
09:12:53 | INFO     | [09:12:53] ✅ DONE | 712318 | 0 responsáveis | 793/1602 (49.5%) | Falhas: 0
09:12:53 | INFO     | [09:12:53] ✅ DONE | 724134 | 8 responsáveis | 794/1602 (49.6%) | Falhas: 0
09:12:53 | INFO     | [09:12:53] ✅ DONE | 725107 | 0 responsáveis | 795/1602 (49.6%) | Falhas: 0
09:12:53 | INFO     | [09:12:53] ✅ DONE | 729792 | 0 responsáveis | 796/1602 (49.7%) | Falhas: 0
09:12:53 | INFO     | [09:12:53] ✅ DONE | 734369 | 0 responsáveis | 797/1602 (49.8%) | Falhas: 0
09:12:53 | INFO     | [09:12:53] ✅ DONE | 736665 | 0 responsáveis | 798/1602 (49.8%) | Falhas: 0
09:12:53 | INFO     | [09:12:53] ✅ DONE | 751128 | 0 responsáveis | 799/1602 (49.9%) | Falhas: 0
09:12:54 | INFO     | [09:12:54] ✅ DONE | 752615 | 0 responsáveis | 800/1602 (49.9%) | Falhas: 0
09:12:54 | INFO     | [09:12:54] ✅ DONE | 773226 | 0 responsáveis | 801/1602 (50.0%) | Falhas: 0
09:12:54 | INFO     | [09:12:54] ✅ DONE | 773305 | 0 responsáveis | 802/1602 (50.1%) | Falhas: 0
09:12:54 | INFO     | [09:12:54] ✅ DONE | 776797 | 0 responsáveis | 803/1602 (50.1%) | Falhas: 0
09:12:54 | INFO     | [09:12:54] ✅ DONE | 778433 | 0 responsáveis | 804/1602 (50.2%) | Falhas: 0
09:12:54 | INFO     | [09:12:54] ✅ DONE | 822185 | 0 responsáveis | 805/1602 (50.2%) | Falhas: 0
09:12:54 | INFO     | [09:12:54] ✅ DONE | 809741 | 4 responsáveis | 806/1602 (50.3%) | Falhas: 0
09:12:54 | INFO     | [09:12:54] ✅ DONE | 826022 | 0 responsáveis | 807/1602 (50.4%) | Falhas: 0
09:12:54 | INFO     | [09:12:54] ✅ DONE | 833219 | 4 responsáveis | 808/1602 (50.4%) | Falhas: 0
09:12:54 | INFO     | [09:12:54] ✅ DONE | 833230 | 4 responsáveis | 809/1602 (50.5%) | Falhas: 0
09:12:54 | INFO     | [09:12:54] ✅ DONE | 837285 | 0 responsáveis | 810/1602 (50.6%) | Falhas: 0
09:12:54 | INFO     | [09:12:54] ✅ DONE | 842989 | 4 responsáveis | 811/1602 (50.6%) | Falhas: 0
09:12:54 | INFO     | [09:12:54] ✅ DONE | 523118 | 0 responsáveis | 812/1602 (50.7%) | Falhas: 0
09:12:54 | INFO     | [09:12:54] ✅ DONE | 848634 | 4 responsáveis | 813/1602 (50.7%) | Falhas: 0
09:12:54 | INFO     | [09:12:54] ✅ DONE | 850260 | 4 responsáveis | 814/1602 (50.8%) | Falhas: 0
09:12:54 | INFO     | [09:12:54] ✅ DONE | 860456 | 4 responsáveis | 815/1602 (50.9%) | Falhas: 0
09:12:54 | INFO     | [09:12:54] ✅ DONE | 14953 | 0 responsáveis | 816/1602 (50.9%) | Falhas: 0
09:12:54 | INFO     | [09:12:54] ✅ DONE | 10342 | 2 responsáveis | 817/1602 (51.0%) | Falhas: 0
09:12:55 | INFO     | [09:12:55] ✅ DONE | 20559 | 0 responsáveis | 818/1602 (51.1%) | Falhas: 0
09:12:55 | INFO     | [09:12:55] ✅ DONE | 21812 | 4 responsáveis | 819/1602 (51.1%) | Falhas: 0
09:12:55 | INFO     | [09:12:55] ✅ DONE | 29851 | 0 responsáveis | 820/1602 (51.2%) | Falhas: 0
09:12:55 | INFO     | [09:12:55] ✅ DONE | 26827 | 0 responsáveis | 821/1602 (51.2%) | Falhas: 0
09:12:55 | INFO     | [09:12:55] ✅ DONE | 29852 | 0 responsáveis | 822/1602 (51.3%) | Falhas: 0
09:12:55 | INFO     | [09:12:55] ✅ DONE | 29915 | 0 responsáveis | 823/1602 (51.4%) | Falhas: 0
09:12:55 | INFO     | [09:12:55] ✅ DONE | 72020 | 0 responsáveis | 824/1602 (51.4%) | Falhas: 0
09:12:55 | INFO     | [09:12:55] ✅ DONE | 82432 | 2 responsáveis | 825/1602 (51.5%) | Falhas: 0
09:12:55 | INFO     | [09:12:55] ✅ DONE | 119715 | 5 responsáveis | 826/1602 (51.6%) | Falhas: 0
09:12:55 | INFO     | [09:12:55] ✅ DONE | 120576 | 0 responsáveis | 827/1602 (51.6%) | Falhas: 0
09:12:55 | INFO     | [09:12:55] ✅ DONE | 144476 | 0 responsáveis | 828/1602 (51.7%) | Falhas: 0
09:12:55 | INFO     | [09:12:55] ✅ DONE | 145634 | 0 responsáveis | 829/1602 (51.7%) | Falhas: 0
09:12:55 | INFO     | [09:12:55] ✅ DONE | 147490 | 0 responsáveis | 830/1602 (51.8%) | Falhas: 0
09:12:55 | INFO     | [09:12:55] ✅ DONE | 173787 | 0 responsáveis | 831/1602 (51.9%) | Falhas: 0
09:12:55 | INFO     | [09:12:55] ✅ DONE | 157052 | 2 responsáveis | 832/1602 (51.9%) | Falhas: 0
09:12:55 | INFO     | [09:12:55] ✅ DONE | 174778 | 4 responsáveis | 833/1602 (52.0%) | Falhas: 0
09:12:55 | INFO     | [09:12:55] ✅ DONE | 206208 | 4 responsáveis | 834/1602 (52.1%) | Falhas: 0
09:12:56 | INFO     | [09:12:56] ✅ DONE | 446209 | 1 responsáveis | 835/1602 (52.1%) | Falhas: 0
09:12:56 | INFO     | [09:12:56] ✅ DONE | 254798 | 1 responsáveis | 836/1602 (52.2%) | Falhas: 0
09:12:56 | INFO     | [09:12:56] ✅ DONE | 446589 | 2 responsáveis | 837/1602 (52.2%) | Falhas: 0
09:12:56 | INFO     | [09:12:56] ✅ DONE | 450466 | 0 responsáveis | 838/1602 (52.3%) | Falhas: 0
09:12:56 | INFO     | [09:12:56] ✅ DONE | 451530 | 0 responsáveis | 839/1602 (52.4%) | Falhas: 0
09:12:56 | INFO     | [09:12:56] ✅ DONE | 451662 | 0 responsáveis | 840/1602 (52.4%) | Falhas: 0
09:12:56 | INFO     | [09:12:56] ✅ DONE | 451742 | 0 responsáveis | 841/1602 (52.5%) | Falhas: 0
09:12:56 | INFO     | [09:12:56] ✅ DONE | 451874 | 0 responsáveis | 842/1602 (52.6%) | Falhas: 0
09:12:56 | INFO     | [09:12:56] ✅ DONE | 451963 | 0 responsáveis | 843/1602 (52.6%) | Falhas: 0
09:12:56 | INFO     | [09:12:56] ✅ DONE | 452131 | 0 responsáveis | 844/1602 (52.7%) | Falhas: 0
09:12:56 | INFO     | [09:12:56] ✅ DONE | 452708 | 0 responsáveis | 845/1602 (52.7%) | Falhas: 0
09:12:56 | INFO     | [09:12:56] ✅ DONE | 452712 | 0 responsáveis | 846/1602 (52.8%) | Falhas: 0
09:12:56 | INFO     | [09:12:56] ✅ DONE | 471390 | 0 responsáveis | 847/1602 (52.9%) | Falhas: 0
09:12:56 | INFO     | [09:12:56] ✅ DONE | 471443 | 0 responsáveis | 848/1602 (52.9%) | Falhas: 0
09:12:56 | INFO     | [09:12:56] ✅ DONE | 479340 | 0 responsáveis | 849/1602 (53.0%) | Falhas: 0
09:12:56 | INFO     | [09:12:56] ✅ DONE | 479725 | 0 responsáveis | 850/1602 (53.1%) | Falhas: 0
09:12:56 | INFO     | [09:12:56] ✅ DONE | 483875 | 1 responsáveis | 851/1602 (53.1%) | Falhas: 0
09:12:56 | INFO     | [09:12:56] ✅ DONE | 483888 | 0 responsáveis | 852/1602 (53.2%) | Falhas: 0
09:12:57 | INFO     | [09:12:57] ✅ DONE | 484344 | 0 responsáveis | 853/1602 (53.2%) | Falhas: 0
09:12:57 | INFO     | [09:12:57] ✅ DONE | 495093 | 0 responsáveis | 854/1602 (53.3%) | Falhas: 0
09:12:57 | INFO     | [09:12:57] ✅ DONE | 486149 | 1 responsáveis | 855/1602 (53.4%) | Falhas: 0
09:12:57 | INFO     | [09:12:57] ✅ DONE | 499114 | 0 responsáveis | 856/1602 (53.4%) | Falhas: 0
09:12:57 | INFO     | [09:12:57] ✅ DONE | 500050 | 0 responsáveis | 857/1602 (53.5%) | Falhas: 0
09:12:57 | INFO     | [09:12:57] ✅ DONE | 500213 | 0 responsáveis | 858/1602 (53.6%) | Falhas: 0
09:12:57 | INFO     | [09:12:57] ✅ DONE | 520408 | 2 responsáveis | 859/1602 (53.6%) | Falhas: 0
09:12:57 | INFO     | [09:12:57] ✅ DONE | 531486 | 0 responsáveis | 860/1602 (53.7%) | Falhas: 0
09:12:57 | INFO     | [09:12:57] ✅ DONE | 559219 | 0 responsáveis | 861/1602 (53.7%) | Falhas: 0
09:12:57 | INFO     | [09:12:57] ✅ DONE | 565567 | 0 responsáveis | 862/1602 (53.8%) | Falhas: 0
09:12:57 | INFO     | [09:12:57] ✅ DONE | 566432 | 0 responsáveis | 863/1602 (53.9%) | Falhas: 0
09:12:57 | INFO     | [09:12:57] ✅ DONE | 577169 | 0 responsáveis | 864/1602 (53.9%) | Falhas: 0
09:12:57 | INFO     | [09:12:57] ✅ DONE | 577280 | 0 responsáveis | 865/1602 (54.0%) | Falhas: 0
09:12:57 | INFO     | [09:12:57] ✅ DONE | 609937 | 0 responsáveis | 866/1602 (54.1%) | Falhas: 0
09:12:57 | INFO     | [09:12:57] ✅ DONE | 585317 | 2 responsáveis | 867/1602 (54.1%) | Falhas: 0
09:12:57 | INFO     | [09:12:57] ✅ DONE | 615323 | 0 responsáveis | 868/1602 (54.2%) | Falhas: 0
09:12:58 | INFO     | [09:12:58] ✅ DONE | 656499 | 0 responsáveis | 869/1602 (54.2%) | Falhas: 0
09:12:58 | INFO     | [09:12:58] ✅ DONE | 639389 | 0 responsáveis | 870/1602 (54.3%) | Falhas: 0
09:12:58 | INFO     | [09:12:58] ✅ DONE | 669647 | 0 responsáveis | 871/1602 (54.4%) | Falhas: 0
09:12:58 | INFO     | [09:12:58] ✅ DONE | 694791 | 0 responsáveis | 872/1602 (54.4%) | Falhas: 0
09:12:58 | INFO     | [09:12:58] ✅ DONE | 694909 | 0 responsáveis | 873/1602 (54.5%) | Falhas: 0
09:12:58 | INFO     | [09:12:58] ✅ DONE | 702157 | 0 responsáveis | 874/1602 (54.6%) | Falhas: 0
09:12:58 | INFO     | [09:12:58] ✅ DONE | 702189 | 0 responsáveis | 875/1602 (54.6%) | Falhas: 0
09:12:58 | INFO     | [09:12:58] ✅ DONE | 702552 | 0 responsáveis | 876/1602 (54.7%) | Falhas: 0
09:12:58 | INFO     | [09:12:58] ✅ DONE | 702602 | 0 responsáveis | 877/1602 (54.7%) | Falhas: 0
09:12:58 | INFO     | [09:12:58] ✅ DONE | 702645 | 0 responsáveis | 878/1602 (54.8%) | Falhas: 0
09:12:58 | INFO     | [09:12:58] ✅ DONE | 702682 | 0 responsáveis | 879/1602 (54.9%) | Falhas: 0
09:12:58 | INFO     | [09:12:58] ✅ DONE | 702752 | 0 responsáveis | 880/1602 (54.9%) | Falhas: 0
09:12:58 | INFO     | [09:12:58] ✅ DONE | 702819 | 0 responsáveis | 881/1602 (55.0%) | Falhas: 0
09:12:58 | INFO     | [09:12:58] ✅ DONE | 732884 | 0 responsáveis | 882/1602 (55.1%) | Falhas: 0
09:12:58 | INFO     | [09:12:58] ✅ DONE | 745005 | 0 responsáveis | 883/1602 (55.1%) | Falhas: 0
09:12:59 | INFO     | [09:12:59] ✅ DONE | 745029 | 0 responsáveis | 884/1602 (55.2%) | Falhas: 0
09:12:59 | INFO     | [09:12:59] ✅ DONE | 751322 | 0 responsáveis | 885/1602 (55.2%) | Falhas: 0
09:12:59 | INFO     | [09:12:59] ✅ DONE | 748263 | 0 responsáveis | 886/1602 (55.3%) | Falhas: 0
09:12:59 | INFO     | [09:12:59] ✅ DONE | 758104 | 0 responsáveis | 887/1602 (55.4%) | Falhas: 0
09:12:59 | INFO     | [09:12:59] ✅ DONE | 758619 | 2 responsáveis | 888/1602 (55.4%) | Falhas: 0
09:12:59 | INFO     | [09:12:59] ✅ DONE | 761773 | 0 responsáveis | 889/1602 (55.5%) | Falhas: 0
09:12:59 | INFO     | [09:12:59] ✅ DONE | 761771 | 0 responsáveis | 890/1602 (55.6%) | Falhas: 0
09:12:59 | INFO     | [09:12:59] ✅ DONE | 806579 | 0 responsáveis | 891/1602 (55.6%) | Falhas: 0
09:12:59 | INFO     | [09:12:59] ✅ DONE | 806617 | 0 responsáveis | 892/1602 (55.7%) | Falhas: 0
09:12:59 | INFO     | [09:12:59] ✅ DONE | 806665 | 0 responsáveis | 893/1602 (55.7%) | Falhas: 0
09:12:59 | INFO     | [09:12:59] ✅ DONE | 807721 | 0 responsáveis | 894/1602 (55.8%) | Falhas: 0
09:12:59 | INFO     | [09:12:59] ✅ DONE | 807730 | 0 responsáveis | 895/1602 (55.9%) | Falhas: 0
09:12:59 | INFO     | [09:12:59] ✅ DONE | 807839 | 0 responsáveis | 896/1602 (55.9%) | Falhas: 0
09:12:59 | INFO     | [09:12:59] ✅ DONE | 809514 | 0 responsáveis | 897/1602 (56.0%) | Falhas: 0
09:12:59 | INFO     | [09:12:59] ✅ DONE | 811947 | 0 responsáveis | 898/1602 (56.1%) | Falhas: 0
09:12:59 | INFO     | [09:12:59] ✅ DONE | 811963 | 0 responsáveis | 899/1602 (56.1%) | Falhas: 0
09:12:59 | INFO     | [09:12:59] ✅ DONE | 811981 | 0 responsáveis | 900/1602 (56.2%) | Falhas: 0
09:12:59 | INFO     | [09:12:59] ✅ DONE | 827376 | 0 responsáveis | 901/1602 (56.2%) | Falhas: 0
09:12:59 | INFO     | [09:12:59] ✅ DONE | 811977 | 0 responsáveis | 902/1602 (56.3%) | Falhas: 0
09:12:59 | INFO     | [09:12:59] ✅ DONE | 823043 | 0 responsáveis | 903/1602 (56.4%) | Falhas: 0
09:13:00 | INFO     | [09:13:00] ✅ DONE | 828387 | 0 responsáveis | 904/1602 (56.4%) | Falhas: 0
09:13:00 | INFO     | [09:13:00] ✅ DONE | 829788 | 2 responsáveis | 905/1602 (56.5%) | Falhas: 0
09:13:00 | INFO     | [09:13:00] ✅ DONE | 835534 | 0 responsáveis | 906/1602 (56.6%) | Falhas: 0
09:13:00 | INFO     | [09:13:00] ✅ DONE | 833172 | 0 responsáveis | 907/1602 (56.6%) | Falhas: 0
09:13:00 | INFO     | [09:13:00] ✅ DONE | 849547 | 0 responsáveis | 908/1602 (56.7%) | Falhas: 0
09:13:00 | INFO     | [09:13:00] ✅ DONE | 849721 | 0 responsáveis | 909/1602 (56.7%) | Falhas: 0
09:13:00 | INFO     | [09:13:00] ✅ DONE | 863851 | 0 responsáveis | 910/1602 (56.8%) | Falhas: 0
09:13:00 | INFO     | [09:13:00] ✅ DONE | 868399 | 0 responsáveis | 911/1602 (56.9%) | Falhas: 0
09:13:00 | INFO     | [09:13:00] ✅ DONE | 870783 | 0 responsáveis | 912/1602 (56.9%) | Falhas: 0
09:13:00 | INFO     | [09:13:00] ✅ DONE | 29919 | 0 responsáveis | 913/1602 (57.0%) | Falhas: 0
09:13:00 | INFO     | [09:13:00] ✅ DONE | 43163 | 0 responsáveis | 914/1602 (57.1%) | Falhas: 0
09:13:00 | INFO     | [09:13:00] ✅ DONE | 44097 | 0 responsáveis | 915/1602 (57.1%) | Falhas: 0
09:13:00 | INFO     | [09:13:00] ✅ DONE | 58494 | 0 responsáveis | 916/1602 (57.2%) | Falhas: 0
09:13:00 | INFO     | [09:13:00] ✅ DONE | 66166 | 0 responsáveis | 917/1602 (57.2%) | Falhas: 0
09:13:00 | INFO     | [09:13:00] ✅ DONE | 58223 | 6 responsáveis | 918/1602 (57.3%) | Falhas: 0
09:13:00 | INFO     | [09:13:00] ✅ DONE | 70569 | 0 responsáveis | 919/1602 (57.4%) | Falhas: 0
09:13:00 | INFO     | [09:13:00] ✅ DONE | 70590 | 0 responsáveis | 920/1602 (57.4%) | Falhas: 0
09:13:00 | INFO     | [09:13:00] ✅ DONE | 70599 | 0 responsáveis | 921/1602 (57.5%) | Falhas: 0
09:13:00 | INFO     | [09:13:00] ✅ DONE | 87430 | 0 responsáveis | 922/1602 (57.6%) | Falhas: 0
09:13:01 | INFO     | [09:13:01] ✅ DONE | 89041 | 0 responsáveis | 923/1602 (57.6%) | Falhas: 0
09:13:01 | INFO     | [09:13:01] ✅ DONE | 124020 | 0 responsáveis | 924/1602 (57.7%) | Falhas: 0
09:13:01 | INFO     | [09:13:01] ✅ DONE | 110076 | 47 responsáveis | 925/1602 (57.7%) | Falhas: 0
09:13:01 | INFO     | [09:13:01] ✅ DONE | 126839 | 0 responsáveis | 926/1602 (57.8%) | Falhas: 0
09:13:01 | INFO     | [09:13:01] ✅ DONE | 129005 | 1 responsáveis | 927/1602 (57.9%) | Falhas: 0
09:13:01 | INFO     | [09:13:01] ✅ DONE | 131999 | 0 responsáveis | 928/1602 (57.9%) | Falhas: 0
09:13:01 | INFO     | [09:13:01] ✅ DONE | 132571 | 8 responsáveis | 929/1602 (58.0%) | Falhas: 0
09:13:01 | INFO     | [09:13:01] ✅ DONE | 133054 | 1 responsáveis | 930/1602 (58.1%) | Falhas: 0
09:13:01 | INFO     | [09:13:01] ✅ DONE | 134993 | 0 responsáveis | 931/1602 (58.1%) | Falhas: 0
09:13:01 | INFO     | [09:13:01] ✅ DONE | 135664 | 0 responsáveis | 932/1602 (58.2%) | Falhas: 0
09:13:01 | INFO     | [09:13:01] ✅ DONE | 133252 | 27 responsáveis | 933/1602 (58.2%) | Falhas: 0
09:13:01 | INFO     | [09:13:01] ✅ DONE | 136610 | 0 responsáveis | 934/1602 (58.3%) | Falhas: 0
09:13:01 | INFO     | [09:13:01] ✅ DONE | 136741 | 0 responsáveis | 935/1602 (58.4%) | Falhas: 0
09:13:01 | INFO     | [09:13:01] ✅ DONE | 136750 | 0 responsáveis | 936/1602 (58.4%) | Falhas: 0
09:13:01 | INFO     | [09:13:01] ✅ DONE | 137395 | 0 responsáveis | 937/1602 (58.5%) | Falhas: 0
09:13:01 | INFO     | [09:13:01] ✅ DONE | 139144 | 0 responsáveis | 938/1602 (58.6%) | Falhas: 0
09:13:01 | INFO     | [09:13:01] ✅ DONE | 139666 | 0 responsáveis | 939/1602 (58.6%) | Falhas: 0
09:13:02 | INFO     | [09:13:02] ✅ DONE | 145506 | 0 responsáveis | 940/1602 (58.7%) | Falhas: 0
09:13:02 | INFO     | [09:13:02] ✅ DONE | 144649 | 2 responsáveis | 941/1602 (58.7%) | Falhas: 0
09:13:02 | INFO     | [09:13:02] ✅ DONE | 145522 | 2 responsáveis | 942/1602 (58.8%) | Falhas: 0
09:13:02 | INFO     | [09:13:02] ✅ DONE | 151777 | 2 responsáveis | 943/1602 (58.9%) | Falhas: 0
09:13:02 | INFO     | [09:13:02] ✅ DONE | 156065 | 0 responsáveis | 944/1602 (58.9%) | Falhas: 0
09:13:02 | INFO     | [09:13:02] ✅ DONE | 156214 | 0 responsáveis | 945/1602 (59.0%) | Falhas: 0
09:13:02 | INFO     | [09:13:02] ✅ DONE | 158521 | 4 responsáveis | 946/1602 (59.1%) | Falhas: 0
09:13:02 | INFO     | [09:13:02] ✅ DONE | 161186 | 0 responsáveis | 947/1602 (59.1%) | Falhas: 0
09:13:02 | INFO     | [09:13:02] ✅ DONE | 160257 | 26 responsáveis | 948/1602 (59.2%) | Falhas: 0
09:13:02 | INFO     | [09:13:02] ✅ DONE | 163343 | 0 responsáveis | 949/1602 (59.2%) | Falhas: 0
09:13:02 | INFO     | [09:13:02] ✅ DONE | 163107 | 0 responsáveis | 950/1602 (59.3%) | Falhas: 0
09:13:02 | INFO     | [09:13:02] ✅ DONE | 162891 | 0 responsáveis | 951/1602 (59.4%) | Falhas: 0
09:13:02 | INFO     | [09:13:02] ✅ DONE | 166962 | 0 responsáveis | 952/1602 (59.4%) | Falhas: 0
09:13:02 | INFO     | [09:13:02] ✅ DONE | 163844 | 2 responsáveis | 953/1602 (59.5%) | Falhas: 0
09:13:02 | INFO     | [09:13:02] ✅ DONE | 163856 | 6 responsáveis | 954/1602 (59.6%) | Falhas: 0
09:13:02 | INFO     | [09:13:02] ✅ DONE | 171989 | 0 responsáveis | 955/1602 (59.6%) | Falhas: 0
09:13:02 | INFO     | [09:13:02] ✅ DONE | 172446 | 0 responsáveis | 956/1602 (59.7%) | Falhas: 0
09:13:02 | INFO     | [09:13:02] ✅ DONE | 173910 | 0 responsáveis | 957/1602 (59.7%) | Falhas: 0
09:13:02 | INFO     | [09:13:02] ✅ DONE | 178950 | 0 responsáveis | 958/1602 (59.8%) | Falhas: 0
09:13:03 | INFO     | [09:13:03] ✅ DONE | 179490 | 2 responsáveis | 959/1602 (59.9%) | Falhas: 0
09:13:03 | INFO     | [09:13:03] ✅ DONE | 181350 | 0 responsáveis | 960/1602 (59.9%) | Falhas: 0
09:13:03 | INFO     | [09:13:03] ✅ DONE | 181506 | 0 responsáveis | 961/1602 (60.0%) | Falhas: 0
09:13:03 | INFO     | [09:13:03] ✅ DONE | 181658 | 0 responsáveis | 962/1602 (60.0%) | Falhas: 0
09:13:03 | INFO     | [09:13:03] ✅ DONE | 181745 | 0 responsáveis | 963/1602 (60.1%) | Falhas: 0
09:13:03 | INFO     | [09:13:03] ✅ DONE | 182154 | 0 responsáveis | 964/1602 (60.2%) | Falhas: 0
09:13:03 | INFO     | [09:13:03] ✅ DONE | 182139 | 0 responsáveis | 965/1602 (60.2%) | Falhas: 0
09:13:03 | INFO     | [09:13:03] ✅ DONE | 183939 | 0 responsáveis | 966/1602 (60.3%) | Falhas: 0
09:13:03 | INFO     | [09:13:03] ✅ DONE | 184019 | 0 responsáveis | 967/1602 (60.4%) | Falhas: 0
09:13:03 | INFO     | [09:13:03] ✅ DONE | 184010 | 0 responsáveis | 968/1602 (60.4%) | Falhas: 0
09:13:03 | INFO     | [09:13:03] ✅ DONE | 183990 | 0 responsáveis | 969/1602 (60.5%) | Falhas: 0
09:13:03 | INFO     | [09:13:03] ✅ DONE | 186461 | 0 responsáveis | 970/1602 (60.5%) | Falhas: 0
09:13:03 | INFO     | [09:13:03] ✅ DONE | 186876 | 2 responsáveis | 971/1602 (60.6%) | Falhas: 0
09:13:03 | INFO     | [09:13:03] ✅ DONE | 188966 | 0 responsáveis | 972/1602 (60.7%) | Falhas: 0
09:13:03 | INFO     | [09:13:03] ✅ DONE | 185707 | 0 responsáveis | 973/1602 (60.7%) | Falhas: 0
09:13:03 | INFO     | [09:13:03] ✅ DONE | 189079 | 0 responsáveis | 974/1602 (60.8%) | Falhas: 0
09:13:04 | INFO     | [09:13:04] ✅ DONE | 189095 | 4 responsáveis | 975/1602 (60.9%) | Falhas: 0
09:13:04 | INFO     | [09:13:04] ✅ DONE | 189260 | 0 responsáveis | 976/1602 (60.9%) | Falhas: 0
09:13:04 | INFO     | [09:13:04] ✅ DONE | 189318 | 0 responsáveis | 977/1602 (61.0%) | Falhas: 0
09:13:04 | INFO     | [09:13:04] ✅ DONE | 189331 | 2 responsáveis | 978/1602 (61.0%) | Falhas: 0
09:13:04 | INFO     | [09:13:04] ✅ DONE | 191318 | 4 responsáveis | 979/1602 (61.1%) | Falhas: 0
09:13:04 | INFO     | [09:13:04] ✅ DONE | 192460 | 0 responsáveis | 980/1602 (61.2%) | Falhas: 0
09:13:04 | INFO     | [09:13:04] ✅ DONE | 192467 | 6 responsáveis | 981/1602 (61.2%) | Falhas: 0
09:13:04 | INFO     | [09:13:04] ✅ DONE | 199358 | 0 responsáveis | 982/1602 (61.3%) | Falhas: 0
09:13:04 | INFO     | [09:13:04] ✅ DONE | 193505 | 4 responsáveis | 983/1602 (61.4%) | Falhas: 0
09:13:04 | INFO     | [09:13:04] ✅ DONE | 202019 | 5 responsáveis | 984/1602 (61.4%) | Falhas: 0
09:13:04 | INFO     | [09:13:04] ✅ DONE | 207044 | 0 responsáveis | 985/1602 (61.5%) | Falhas: 0
09:13:04 | INFO     | [09:13:04] ✅ DONE | 220756 | 0 responsáveis | 986/1602 (61.5%) | Falhas: 0
09:13:04 | INFO     | [09:13:04] ✅ DONE | 218161 | 0 responsáveis | 987/1602 (61.6%) | Falhas: 0
09:13:04 | INFO     | [09:13:04] ✅ DONE | 204632 | 8 responsáveis | 988/1602 (61.7%) | Falhas: 0
09:13:04 | INFO     | [09:13:04] ✅ DONE | 225977 | 0 responsáveis | 989/1602 (61.7%) | Falhas: 0
09:13:04 | INFO     | [09:13:04] ✅ DONE | 227860 | 0 responsáveis | 990/1602 (61.8%) | Falhas: 0
09:13:05 | INFO     | [09:13:05] ✅ DONE | 229546 | 5 responsáveis | 991/1602 (61.9%) | Falhas: 0
09:13:05 | INFO     | [09:13:05] ✅ DONE | 235728 | 4 responsáveis | 992/1602 (61.9%) | Falhas: 0
09:13:05 | INFO     | [09:13:05] ✅ DONE | 242123 | 2 responsáveis | 993/1602 (62.0%) | Falhas: 0
09:13:05 | INFO     | [09:13:05] ✅ DONE | 243125 | 22 responsáveis | 994/1602 (62.0%) | Falhas: 0
09:13:05 | INFO     | [09:13:05] ✅ DONE | 245845 | 0 responsáveis | 995/1602 (62.1%) | Falhas: 0
09:13:05 | INFO     | [09:13:05] ✅ DONE | 247338 | 0 responsáveis | 996/1602 (62.2%) | Falhas: 0
09:13:05 | INFO     | [09:13:05] ✅ DONE | 247412 | 0 responsáveis | 997/1602 (62.2%) | Falhas: 0
09:13:05 | INFO     | [09:13:05] ✅ DONE | 250820 | 0 responsáveis | 998/1602 (62.3%) | Falhas: 0
09:13:05 | INFO     | [09:13:05] ✅ DONE | 255911 | 3 responsáveis | 999/1602 (62.4%) | Falhas: 0
09:13:05 | INFO     | [09:13:05] ✅ DONE | 258829 | 6 responsáveis | 1000/1602 (62.4%) | Falhas: 0
09:13:05 | INFO     | [09:13:05] ✅ DONE | 258095 | 6 responsáveis | 1001/1602 (62.5%) | Falhas: 0
09:13:05 | INFO     | [09:13:05] ✅ DONE | 260775 | 0 responsáveis | 1002/1602 (62.5%) | Falhas: 0
09:13:05 | INFO     | [09:13:05] ✅ DONE | 265150 | 0 responsáveis | 1003/1602 (62.6%) | Falhas: 0
09:13:05 | INFO     | [09:13:05] ✅ DONE | 265149 | 0 responsáveis | 1004/1602 (62.7%) | Falhas: 0
09:13:05 | INFO     | [09:13:05] ✅ DONE | 286018 | 11 responsáveis | 1005/1602 (62.7%) | Falhas: 0
09:13:05 | INFO     | [09:13:05] ✅ DONE | 299993 | 0 responsáveis | 1006/1602 (62.8%) | Falhas: 0
09:13:05 | INFO     | [09:13:05] ✅ DONE | 300103 | 0 responsáveis | 1007/1602 (62.9%) | Falhas: 0
09:13:05 | INFO     | [09:13:05] ✅ DONE | 300116 | 0 responsáveis | 1008/1602 (62.9%) | Falhas: 0
09:13:06 | INFO     | [09:13:06] ✅ DONE | 322665 | 0 responsáveis | 1009/1602 (63.0%) | Falhas: 0
09:13:06 | INFO     | [09:13:06] ✅ DONE | 322760 | 0 responsáveis | 1010/1602 (63.0%) | Falhas: 0
09:13:06 | INFO     | [09:13:06] ✅ DONE | 322761 | 0 responsáveis | 1011/1602 (63.1%) | Falhas: 0
09:13:06 | INFO     | [09:13:06] ✅ DONE | 333750 | 0 responsáveis | 1012/1602 (63.2%) | Falhas: 0
09:13:06 | INFO     | [09:13:06] ✅ DONE | 333791 | 0 responsáveis | 1013/1602 (63.2%) | Falhas: 0
09:13:06 | INFO     | [09:13:06] ✅ DONE | 346024 | 0 responsáveis | 1014/1602 (63.3%) | Falhas: 0
09:13:06 | INFO     | [09:13:06] ✅ DONE | 357227 | 0 responsáveis | 1015/1602 (63.4%) | Falhas: 0
09:13:06 | INFO     | [09:13:06] ✅ DONE | 359814 | 0 responsáveis | 1016/1602 (63.4%) | Falhas: 0
09:13:06 | INFO     | [09:13:06] ✅ DONE | 357259 | 0 responsáveis | 1017/1602 (63.5%) | Falhas: 0
09:13:06 | INFO     | [09:13:06] ✅ DONE | 351153 | 2 responsáveis | 1018/1602 (63.5%) | Falhas: 0
09:13:06 | INFO     | [09:13:06] ✅ DONE | 362397 | 2 responsáveis | 1019/1602 (63.6%) | Falhas: 0
09:13:06 | INFO     | [09:13:06] ✅ DONE | 362408 | 2 responsáveis | 1020/1602 (63.7%) | Falhas: 0
09:13:06 | INFO     | [09:13:06] ✅ DONE | 362418 | 15 responsáveis | 1021/1602 (63.7%) | Falhas: 0
09:13:06 | INFO     | [09:13:06] ✅ DONE | 362431 | 0 responsáveis | 1022/1602 (63.8%) | Falhas: 0
09:13:06 | INFO     | [09:13:06] ✅ DONE | 362445 | 0 responsáveis | 1023/1602 (63.9%) | Falhas: 0
09:13:07 | INFO     | [09:13:07] ✅ DONE | 366177 | 0 responsáveis | 1024/1602 (63.9%) | Falhas: 0
09:13:07 | INFO     | [09:13:07] ✅ DONE | 394239 | 0 responsáveis | 1025/1602 (64.0%) | Falhas: 0
09:13:07 | INFO     | [09:13:07] ✅ DONE | 401047 | 0 responsáveis | 1026/1602 (64.0%) | Falhas: 0
09:13:07 | INFO     | [09:13:07] ✅ DONE | 401293 | 7 responsáveis | 1027/1602 (64.1%) | Falhas: 0
09:13:07 | INFO     | [09:13:07] ✅ DONE | 403522 | 0 responsáveis | 1028/1602 (64.2%) | Falhas: 0
09:13:07 | INFO     | [09:13:07] ✅ DONE | 404330 | 0 responsáveis | 1029/1602 (64.2%) | Falhas: 0
09:13:07 | INFO     | [09:13:07] ✅ DONE | 405437 | 0 responsáveis | 1030/1602 (64.3%) | Falhas: 0
09:13:07 | INFO     | [09:13:07] ✅ DONE | 407357 | 0 responsáveis | 1031/1602 (64.4%) | Falhas: 0
09:13:07 | INFO     | [09:13:07] ✅ DONE | 413928 | 0 responsáveis | 1032/1602 (64.4%) | Falhas: 0
09:13:07 | INFO     | [09:13:07] ✅ DONE | 419151 | 0 responsáveis | 1033/1602 (64.5%) | Falhas: 0
09:13:07 | INFO     | [09:13:07] ✅ DONE | 418721 | 0 responsáveis | 1034/1602 (64.5%) | Falhas: 0
09:13:07 | INFO     | [09:13:07] ✅ DONE | 421971 | 0 responsáveis | 1035/1602 (64.6%) | Falhas: 0
09:13:07 | INFO     | [09:13:07] ✅ DONE | 430739 | 0 responsáveis | 1036/1602 (64.7%) | Falhas: 0
09:13:07 | INFO     | [09:13:07] ✅ DONE | 430007 | 0 responsáveis | 1037/1602 (64.7%) | Falhas: 0
09:13:07 | INFO     | [09:13:07] ✅ DONE | 423401 | 0 responsáveis | 1038/1602 (64.8%) | Falhas: 0
09:13:07 | INFO     | [09:13:07] ✅ DONE | 439866 | 0 responsáveis | 1039/1602 (64.9%) | Falhas: 0
09:13:07 | INFO     | [09:13:07] ✅ DONE | 447521 | 0 responsáveis | 1040/1602 (64.9%) | Falhas: 0
09:13:07 | INFO     | [09:13:07] ✅ DONE | 447546 | 0 responsáveis | 1041/1602 (65.0%) | Falhas: 0
09:13:08 | INFO     | [09:13:08] ✅ DONE | 451017 | 0 responsáveis | 1042/1602 (65.0%) | Falhas: 0
09:13:08 | INFO     | [09:13:08] ✅ DONE | 455314 | 0 responsáveis | 1043/1602 (65.1%) | Falhas: 0
09:13:08 | INFO     | [09:13:08] ✅ DONE | 457621 | 2 responsáveis | 1044/1602 (65.2%) | Falhas: 0
09:13:08 | INFO     | [09:13:08] ✅ DONE | 471007 | 0 responsáveis | 1045/1602 (65.2%) | Falhas: 0
09:13:08 | INFO     | [09:13:08] ✅ DONE | 471366 | 0 responsáveis | 1046/1602 (65.3%) | Falhas: 0
09:13:08 | INFO     | [09:13:08] ✅ DONE | 477887 | 0 responsáveis | 1047/1602 (65.4%) | Falhas: 0
09:13:08 | INFO     | [09:13:08] ✅ DONE | 471308 | 0 responsáveis | 1048/1602 (65.4%) | Falhas: 0
09:13:08 | INFO     | [09:13:08] ✅ DONE | 471604 | 1 responsáveis | 1049/1602 (65.5%) | Falhas: 0
09:13:08 | INFO     | [09:13:08] ✅ DONE | 484388 | 0 responsáveis | 1050/1602 (65.5%) | Falhas: 0
09:13:08 | INFO     | [09:13:08] ✅ DONE | 485292 | 0 responsáveis | 1051/1602 (65.6%) | Falhas: 0
09:13:08 | INFO     | [09:13:08] ✅ DONE | 484671 | 0 responsáveis | 1052/1602 (65.7%) | Falhas: 0
09:13:08 | INFO     | [09:13:08] ✅ DONE | 485855 | 0 responsáveis | 1053/1602 (65.7%) | Falhas: 0
09:13:08 | INFO     | [09:13:08] ✅ DONE | 496972 | 0 responsáveis | 1054/1602 (65.8%) | Falhas: 0
09:13:08 | INFO     | [09:13:08] ✅ DONE | 491081 | 7 responsáveis | 1055/1602 (65.9%) | Falhas: 0
09:13:08 | INFO     | [09:13:08] ✅ DONE | 500958 | 0 responsáveis | 1056/1602 (65.9%) | Falhas: 0
09:13:08 | INFO     | [09:13:08] ✅ DONE | 502738 | 0 responsáveis | 1057/1602 (66.0%) | Falhas: 0
09:13:08 | INFO     | [09:13:08] ✅ DONE | 502749 | 0 responsáveis | 1058/1602 (66.0%) | Falhas: 0
09:13:09 | INFO     | [09:13:09] ✅ DONE | 504034 | 0 responsáveis | 1059/1602 (66.1%) | Falhas: 0
09:13:09 | INFO     | [09:13:09] ✅ DONE | 506731 | 0 responsáveis | 1060/1602 (66.2%) | Falhas: 0
09:13:09 | INFO     | [09:13:09] ✅ DONE | 505238 | 0 responsáveis | 1061/1602 (66.2%) | Falhas: 0
09:13:09 | INFO     | [09:13:09] ✅ DONE | 507290 | 0 responsáveis | 1062/1602 (66.3%) | Falhas: 0
09:13:09 | INFO     | [09:13:09] ✅ DONE | 521494 | 0 responsáveis | 1063/1602 (66.4%) | Falhas: 0
09:13:09 | INFO     | [09:13:09] ✅ DONE | 521565 | 0 responsáveis | 1064/1602 (66.4%) | Falhas: 0
09:13:09 | INFO     | [09:13:09] ✅ DONE | 521527 | 0 responsáveis | 1065/1602 (66.5%) | Falhas: 0
09:13:09 | INFO     | [09:13:09] ✅ DONE | 524621 | 0 responsáveis | 1066/1602 (66.5%) | Falhas: 0
09:13:09 | INFO     | [09:13:09] ✅ DONE | 538915 | 0 responsáveis | 1067/1602 (66.6%) | Falhas: 0
09:13:09 | INFO     | [09:13:09] ✅ DONE | 524606 | 0 responsáveis | 1068/1602 (66.7%) | Falhas: 0
09:13:09 | INFO     | [09:13:09] ✅ DONE | 563557 | 4 responsáveis | 1069/1602 (66.7%) | Falhas: 0
09:13:09 | INFO     | [09:13:09] ✅ DONE | 564411 | 0 responsáveis | 1070/1602 (66.8%) | Falhas: 0
09:13:09 | INFO     | [09:13:09] ✅ DONE | 545273 | 8 responsáveis | 1071/1602 (66.9%) | Falhas: 0
09:13:09 | INFO     | [09:13:09] ✅ DONE | 565001 | 0 responsáveis | 1072/1602 (66.9%) | Falhas: 0
09:13:09 | INFO     | [09:13:09] ✅ DONE | 565318 | 0 responsáveis | 1073/1602 (67.0%) | Falhas: 0
09:13:09 | INFO     | [09:13:09] ✅ DONE | 565359 | 0 responsáveis | 1074/1602 (67.0%) | Falhas: 0
09:13:10 | INFO     | [09:13:10] ✅ DONE | 566212 | 0 responsáveis | 1075/1602 (67.1%) | Falhas: 0
09:13:10 | INFO     | [09:13:10] ✅ DONE | 579676 | 0 responsáveis | 1076/1602 (67.2%) | Falhas: 0
09:13:10 | INFO     | [09:13:10] ✅ DONE | 568228 | 2 responsáveis | 1077/1602 (67.2%) | Falhas: 0
09:13:10 | INFO     | [09:13:10] ✅ DONE | 578420 | 0 responsáveis | 1078/1602 (67.3%) | Falhas: 0
09:13:10 | INFO     | [09:13:10] ✅ DONE | 582478 | 0 responsáveis | 1079/1602 (67.4%) | Falhas: 0
09:13:10 | INFO     | [09:13:10] ✅ DONE | 582998 | 0 responsáveis | 1080/1602 (67.4%) | Falhas: 0
09:13:10 | INFO     | [09:13:10] ✅ DONE | 585488 | 0 responsáveis | 1081/1602 (67.5%) | Falhas: 0
09:13:10 | INFO     | [09:13:10] ✅ DONE | 585585 | 0 responsáveis | 1082/1602 (67.5%) | Falhas: 0
09:13:10 | INFO     | [09:13:10] ✅ DONE | 585050 | 0 responsáveis | 1083/1602 (67.6%) | Falhas: 0
09:13:10 | INFO     | [09:13:10] ✅ DONE | 585657 | 0 responsáveis | 1084/1602 (67.7%) | Falhas: 0
09:13:10 | INFO     | [09:13:10] ✅ DONE | 589639 | 0 responsáveis | 1085/1602 (67.7%) | Falhas: 0
09:13:10 | INFO     | [09:13:10] ✅ DONE | 589617 | 0 responsáveis | 1086/1602 (67.8%) | Falhas: 0
09:13:10 | INFO     | [09:13:10] ✅ DONE | 590178 | 0 responsáveis | 1087/1602 (67.9%) | Falhas: 0
09:13:10 | INFO     | [09:13:10] ✅ DONE | 597556 | 0 responsáveis | 1088/1602 (67.9%) | Falhas: 0
09:13:10 | INFO     | [09:13:10] ✅ DONE | 600539 | 0 responsáveis | 1089/1602 (68.0%) | Falhas: 0
09:13:11 | INFO     | [09:13:11] ✅ DONE | 600568 | 7 responsáveis | 1090/1602 (68.0%) | Falhas: 0
09:13:11 | INFO     | [09:13:11] ✅ DONE | 600586 | 8 responsáveis | 1091/1602 (68.1%) | Falhas: 0
09:13:11 | INFO     | [09:13:11] ✅ DONE | 600700 | 0 responsáveis | 1092/1602 (68.2%) | Falhas: 0
09:13:11 | INFO     | [09:13:11] ✅ DONE | 603917 | 0 responsáveis | 1093/1602 (68.2%) | Falhas: 0
09:13:11 | INFO     | [09:13:11] ✅ DONE | 609350 | 0 responsáveis | 1094/1602 (68.3%) | Falhas: 0
09:13:11 | INFO     | [09:13:11] ✅ DONE | 605832 | 12 responsáveis | 1095/1602 (68.4%) | Falhas: 0
09:13:11 | INFO     | [09:13:11] ✅ DONE | 609575 | 0 responsáveis | 1096/1602 (68.4%) | Falhas: 0
09:13:11 | INFO     | [09:13:11] ✅ DONE | 609469 | 0 responsáveis | 1097/1602 (68.5%) | Falhas: 0
09:13:11 | INFO     | [09:13:11] ✅ DONE | 619253 | 0 responsáveis | 1098/1602 (68.5%) | Falhas: 0
09:13:11 | INFO     | [09:13:11] ✅ DONE | 632635 | 0 responsáveis | 1099/1602 (68.6%) | Falhas: 0
09:13:11 | INFO     | [09:13:11] ✅ DONE | 628977 | 0 responsáveis | 1100/1602 (68.7%) | Falhas: 0
09:13:11 | INFO     | [09:13:11] ✅ DONE | 627279 | 0 responsáveis | 1101/1602 (68.7%) | Falhas: 0
09:13:11 | INFO     | [09:13:11] ✅ DONE | 633270 | 0 responsáveis | 1102/1602 (68.8%) | Falhas: 0
09:13:11 | INFO     | [09:13:11] ✅ DONE | 635910 | 0 responsáveis | 1103/1602 (68.9%) | Falhas: 0
09:13:11 | INFO     | [09:13:11] ✅ DONE | 649368 | 0 responsáveis | 1104/1602 (68.9%) | Falhas: 0
09:13:11 | INFO     | [09:13:11] ✅ DONE | 652096 | 0 responsáveis | 1105/1602 (69.0%) | Falhas: 0
09:13:12 | INFO     | [09:13:12] ✅ DONE | 657774 | 0 responsáveis | 1106/1602 (69.0%) | Falhas: 0
09:13:12 | INFO     | [09:13:12] ✅ DONE | 661307 | 0 responsáveis | 1107/1602 (69.1%) | Falhas: 0
09:13:12 | INFO     | [09:13:12] ✅ DONE | 664989 | 0 responsáveis | 1108/1602 (69.2%) | Falhas: 0
09:13:12 | INFO     | [09:13:12] ✅ DONE | 669064 | 0 responsáveis | 1109/1602 (69.2%) | Falhas: 0
09:13:12 | INFO     | [09:13:12] ✅ DONE | 673180 | 0 responsáveis | 1110/1602 (69.3%) | Falhas: 0
09:13:12 | INFO     | [09:13:12] ✅ DONE | 671581 | 0 responsáveis | 1111/1602 (69.4%) | Falhas: 0
09:13:12 | INFO     | [09:13:12] ✅ DONE | 678713 | 0 responsáveis | 1112/1602 (69.4%) | Falhas: 0
09:13:12 | INFO     | [09:13:12] ✅ DONE | 674361 | 0 responsáveis | 1113/1602 (69.5%) | Falhas: 0
09:13:12 | INFO     | [09:13:12] ✅ DONE | 679134 | 0 responsáveis | 1114/1602 (69.5%) | Falhas: 0
09:13:12 | INFO     | [09:13:12] ✅ DONE | 688900 | 0 responsáveis | 1115/1602 (69.6%) | Falhas: 0
09:13:12 | INFO     | [09:13:12] ✅ DONE | 689995 | 0 responsáveis | 1116/1602 (69.7%) | Falhas: 0
09:13:12 | INFO     | [09:13:12] ✅ DONE | 693264 | 0 responsáveis | 1117/1602 (69.7%) | Falhas: 0
09:13:12 | INFO     | [09:13:12] ✅ DONE | 696457 | 0 responsáveis | 1118/1602 (69.8%) | Falhas: 0
09:13:13 | INFO     | [09:13:13] ✅ DONE | 701717 | 0 responsáveis | 1119/1602 (69.9%) | Falhas: 0
09:13:13 | INFO     | [09:13:13] ✅ DONE | 705528 | 0 responsáveis | 1120/1602 (69.9%) | Falhas: 0
09:13:13 | INFO     | [09:13:13] ✅ DONE | 707316 | 0 responsáveis | 1121/1602 (70.0%) | Falhas: 0
09:13:13 | INFO     | [09:13:13] ✅ DONE | 707317 | 0 responsáveis | 1122/1602 (70.0%) | Falhas: 0
09:13:13 | INFO     | [09:13:13] ✅ DONE | 707318 | 0 responsáveis | 1123/1602 (70.1%) | Falhas: 0
09:13:13 | INFO     | [09:13:13] ✅ DONE | 707320 | 0 responsáveis | 1124/1602 (70.2%) | Falhas: 0
09:13:13 | INFO     | [09:13:13] ✅ DONE | 707319 | 0 responsáveis | 1125/1602 (70.2%) | Falhas: 0
09:13:13 | INFO     | [09:13:13] ✅ DONE | 707321 | 0 responsáveis | 1126/1602 (70.3%) | Falhas: 0
09:13:13 | INFO     | [09:13:13] ✅ DONE | 707322 | 0 responsáveis | 1127/1602 (70.3%) | Falhas: 0
09:13:13 | INFO     | [09:13:13] ✅ DONE | 707323 | 0 responsáveis | 1128/1602 (70.4%) | Falhas: 0
09:13:13 | INFO     | [09:13:13] ✅ DONE | 707324 | 0 responsáveis | 1129/1602 (70.5%) | Falhas: 0
09:13:13 | INFO     | [09:13:13] ✅ DONE | 707325 | 0 responsáveis | 1130/1602 (70.5%) | Falhas: 0
09:13:13 | INFO     | [09:13:13] ✅ DONE | 707326 | 0 responsáveis | 1131/1602 (70.6%) | Falhas: 0
09:13:13 | INFO     | [09:13:13] ✅ DONE | 707327 | 0 responsáveis | 1132/1602 (70.7%) | Falhas: 0
09:13:13 | INFO     | [09:13:13] ✅ DONE | 707328 | 0 responsáveis | 1133/1602 (70.7%) | Falhas: 0
09:13:14 | INFO     | [09:13:14] ✅ DONE | 707329 | 0 responsáveis | 1134/1602 (70.8%) | Falhas: 0
09:13:14 | INFO     | [09:13:14] ✅ DONE | 707330 | 0 responsáveis | 1135/1602 (70.8%) | Falhas: 0
09:13:14 | INFO     | [09:13:14] ✅ DONE | 707331 | 0 responsáveis | 1136/1602 (70.9%) | Falhas: 0
09:13:14 | INFO     | [09:13:14] ✅ DONE | 707332 | 0 responsáveis | 1137/1602 (71.0%) | Falhas: 0
09:13:14 | INFO     | [09:13:14] ✅ DONE | 707334 | 0 responsáveis | 1138/1602 (71.0%) | Falhas: 0
09:13:14 | INFO     | [09:13:14] ✅ DONE | 707335 | 0 responsáveis | 1139/1602 (71.1%) | Falhas: 0
09:13:14 | INFO     | [09:13:14] ✅ DONE | 707333 | 0 responsáveis | 1140/1602 (71.2%) | Falhas: 0
09:13:14 | INFO     | [09:13:14] ✅ DONE | 707336 | 0 responsáveis | 1141/1602 (71.2%) | Falhas: 0
09:13:14 | INFO     | [09:13:14] ✅ DONE | 707338 | 0 responsáveis | 1142/1602 (71.3%) | Falhas: 0
09:13:14 | INFO     | [09:13:14] ✅ DONE | 707337 | 0 responsáveis | 1143/1602 (71.3%) | Falhas: 0
09:13:14 | INFO     | [09:13:14] ✅ DONE | 707340 | 0 responsáveis | 1144/1602 (71.4%) | Falhas: 0
09:13:14 | INFO     | [09:13:14] ✅ DONE | 707339 | 0 responsáveis | 1145/1602 (71.5%) | Falhas: 0
09:13:14 | INFO     | [09:13:14] ✅ DONE | 707341 | 0 responsáveis | 1146/1602 (71.5%) | Falhas: 0
09:13:14 | INFO     | [09:13:14] ✅ DONE | 707342 | 0 responsáveis | 1147/1602 (71.6%) | Falhas: 0
09:13:15 | INFO     | [09:13:15] ✅ DONE | 707343 | 0 responsáveis | 1148/1602 (71.7%) | Falhas: 0
09:13:15 | INFO     | [09:13:15] ✅ DONE | 707344 | 0 responsáveis | 1149/1602 (71.7%) | Falhas: 0
09:13:15 | INFO     | [09:13:15] ✅ DONE | 707345 | 0 responsáveis | 1150/1602 (71.8%) | Falhas: 0
09:13:15 | INFO     | [09:13:15] ✅ DONE | 707346 | 0 responsáveis | 1151/1602 (71.8%) | Falhas: 0
09:13:15 | INFO     | [09:13:15] ✅ DONE | 707347 | 0 responsáveis | 1152/1602 (71.9%) | Falhas: 0
09:13:15 | INFO     | [09:13:15] ✅ DONE | 707348 | 0 responsáveis | 1153/1602 (72.0%) | Falhas: 0
09:13:15 | INFO     | [09:13:15] ✅ DONE | 707349 | 0 responsáveis | 1154/1602 (72.0%) | Falhas: 0
09:13:15 | INFO     | [09:13:15] ✅ DONE | 707350 | 0 responsáveis | 1155/1602 (72.1%) | Falhas: 0
09:13:15 | INFO     | [09:13:15] ✅ DONE | 707351 | 0 responsáveis | 1156/1602 (72.2%) | Falhas: 0
09:13:15 | INFO     | [09:13:15] ✅ DONE | 707352 | 0 responsáveis | 1157/1602 (72.2%) | Falhas: 0
09:13:15 | INFO     | [09:13:15] ✅ DONE | 707353 | 0 responsáveis | 1158/1602 (72.3%) | Falhas: 0
09:13:15 | INFO     | [09:13:15] ✅ DONE | 707355 | 0 responsáveis | 1159/1602 (72.3%) | Falhas: 0
09:13:15 | INFO     | [09:13:15] ✅ DONE | 707356 | 0 responsáveis | 1160/1602 (72.4%) | Falhas: 0
09:13:15 | INFO     | [09:13:15] ✅ DONE | 707354 | 0 responsáveis | 1161/1602 (72.5%) | Falhas: 0
09:13:15 | INFO     | [09:13:15] ✅ DONE | 707357 | 0 responsáveis | 1162/1602 (72.5%) | Falhas: 0
09:13:15 | INFO     | [09:13:15] ✅ DONE | 707358 | 0 responsáveis | 1163/1602 (72.6%) | Falhas: 0
09:13:15 | INFO     | [09:13:15] ✅ DONE | 707360 | 0 responsáveis | 1164/1602 (72.7%) | Falhas: 0
09:13:15 | INFO     | [09:13:15] ✅ DONE | 707359 | 0 responsáveis | 1165/1602 (72.7%) | Falhas: 0
09:13:15 | INFO     | [09:13:15] ✅ DONE | 707361 | 0 responsáveis | 1166/1602 (72.8%) | Falhas: 0
09:13:16 | INFO     | [09:13:16] ✅ DONE | 707362 | 0 responsáveis | 1167/1602 (72.8%) | Falhas: 0
09:13:16 | INFO     | [09:13:16] ✅ DONE | 707363 | 0 responsáveis | 1168/1602 (72.9%) | Falhas: 0
09:13:16 | INFO     | [09:13:16] ✅ DONE | 707364 | 0 responsáveis | 1169/1602 (73.0%) | Falhas: 0
09:13:16 | INFO     | [09:13:16] ✅ DONE | 707365 | 0 responsáveis | 1170/1602 (73.0%) | Falhas: 0
09:13:16 | INFO     | [09:13:16] ✅ DONE | 707366 | 0 responsáveis | 1171/1602 (73.1%) | Falhas: 0
09:13:16 | INFO     | [09:13:16] ✅ DONE | 707367 | 0 responsáveis | 1172/1602 (73.2%) | Falhas: 0
09:13:16 | INFO     | [09:13:16] ✅ DONE | 707368 | 0 responsáveis | 1173/1602 (73.2%) | Falhas: 0
09:13:16 | INFO     | [09:13:16] ✅ DONE | 707370 | 0 responsáveis | 1174/1602 (73.3%) | Falhas: 0
09:13:16 | INFO     | [09:13:16] ✅ DONE | 707369 | 0 responsáveis | 1175/1602 (73.3%) | Falhas: 0
09:13:16 | INFO     | [09:13:16] ✅ DONE | 707371 | 0 responsáveis | 1176/1602 (73.4%) | Falhas: 0
09:13:16 | INFO     | [09:13:16] ✅ DONE | 707372 | 0 responsáveis | 1177/1602 (73.5%) | Falhas: 0
09:13:16 | INFO     | [09:13:16] ✅ DONE | 707373 | 0 responsáveis | 1178/1602 (73.5%) | Falhas: 0
09:13:16 | INFO     | [09:13:16] ✅ DONE | 707374 | 0 responsáveis | 1179/1602 (73.6%) | Falhas: 0
09:13:16 | INFO     | [09:13:16] ✅ DONE | 707375 | 0 responsáveis | 1180/1602 (73.7%) | Falhas: 0
09:13:16 | INFO     | [09:13:16] ✅ DONE | 707376 | 0 responsáveis | 1181/1602 (73.7%) | Falhas: 0
09:13:16 | INFO     | [09:13:16] ✅ DONE | 707377 | 0 responsáveis | 1182/1602 (73.8%) | Falhas: 0
09:13:17 | INFO     | [09:13:17] ✅ DONE | 707378 | 0 responsáveis | 1183/1602 (73.8%) | Falhas: 0
09:13:17 | INFO     | [09:13:17] ✅ DONE | 707379 | 0 responsáveis | 1184/1602 (73.9%) | Falhas: 0
09:13:17 | INFO     | [09:13:17] ✅ DONE | 707380 | 0 responsáveis | 1185/1602 (74.0%) | Falhas: 0
09:13:17 | INFO     | [09:13:17] ✅ DONE | 707381 | 0 responsáveis | 1186/1602 (74.0%) | Falhas: 0
09:13:17 | INFO     | [09:13:17] ✅ DONE | 707382 | 0 responsáveis | 1187/1602 (74.1%) | Falhas: 0
09:13:17 | INFO     | [09:13:17] ✅ DONE | 707383 | 0 responsáveis | 1188/1602 (74.2%) | Falhas: 0
09:13:17 | INFO     | [09:13:17] ✅ DONE | 707384 | 0 responsáveis | 1189/1602 (74.2%) | Falhas: 0
09:13:17 | INFO     | [09:13:17] ✅ DONE | 707385 | 0 responsáveis | 1190/1602 (74.3%) | Falhas: 0
09:13:17 | INFO     | [09:13:17] ✅ DONE | 707386 | 0 responsáveis | 1191/1602 (74.3%) | Falhas: 0
09:13:17 | INFO     | [09:13:17] ✅ DONE | 707387 | 0 responsáveis | 1192/1602 (74.4%) | Falhas: 0
09:13:17 | INFO     | [09:13:17] ✅ DONE | 707388 | 0 responsáveis | 1193/1602 (74.5%) | Falhas: 0
09:13:17 | INFO     | [09:13:17] ✅ DONE | 707389 | 0 responsáveis | 1194/1602 (74.5%) | Falhas: 0
09:13:17 | INFO     | [09:13:17] ✅ DONE | 707390 | 0 responsáveis | 1195/1602 (74.6%) | Falhas: 0
09:13:17 | INFO     | [09:13:17] ✅ DONE | 707391 | 0 responsáveis | 1196/1602 (74.7%) | Falhas: 0
09:13:17 | INFO     | [09:13:17] ✅ DONE | 707392 | 0 responsáveis | 1197/1602 (74.7%) | Falhas: 0
09:13:17 | INFO     | [09:13:17] ✅ DONE | 707393 | 0 responsáveis | 1198/1602 (74.8%) | Falhas: 0
09:13:17 | INFO     | [09:13:17] ✅ DONE | 707394 | 0 responsáveis | 1199/1602 (74.8%) | Falhas: 0
09:13:17 | INFO     | [09:13:17] ✅ DONE | 707395 | 0 responsáveis | 1200/1602 (74.9%) | Falhas: 0
09:13:18 | INFO     | [09:13:18] ✅ DONE | 707396 | 0 responsáveis | 1201/1602 (75.0%) | Falhas: 0
09:13:18 | INFO     | [09:13:18] ✅ DONE | 707397 | 0 responsáveis | 1202/1602 (75.0%) | Falhas: 0
09:13:18 | INFO     | [09:13:18] ✅ DONE | 707398 | 0 responsáveis | 1203/1602 (75.1%) | Falhas: 0
09:13:18 | INFO     | [09:13:18] ✅ DONE | 707399 | 0 responsáveis | 1204/1602 (75.2%) | Falhas: 0
09:13:18 | INFO     | [09:13:18] ✅ DONE | 707400 | 0 responsáveis | 1205/1602 (75.2%) | Falhas: 0
09:13:18 | INFO     | [09:13:18] ✅ DONE | 707401 | 0 responsáveis | 1206/1602 (75.3%) | Falhas: 0
09:13:18 | INFO     | [09:13:18] ✅ DONE | 707402 | 0 responsáveis | 1207/1602 (75.3%) | Falhas: 0
09:13:18 | INFO     | [09:13:18] ✅ DONE | 707403 | 0 responsáveis | 1208/1602 (75.4%) | Falhas: 0
09:13:18 | INFO     | [09:13:18] ✅ DONE | 707404 | 0 responsáveis | 1209/1602 (75.5%) | Falhas: 0
09:13:18 | INFO     | [09:13:18] ✅ DONE | 707405 | 0 responsáveis | 1210/1602 (75.5%) | Falhas: 0
09:13:18 | INFO     | [09:13:18] ✅ DONE | 707406 | 0 responsáveis | 1211/1602 (75.6%) | Falhas: 0
09:13:18 | INFO     | [09:13:18] ✅ DONE | 707407 | 0 responsáveis | 1212/1602 (75.7%) | Falhas: 0
09:13:18 | INFO     | [09:13:18] ✅ DONE | 707408 | 0 responsáveis | 1213/1602 (75.7%) | Falhas: 0
09:13:18 | INFO     | [09:13:18] ✅ DONE | 707409 | 0 responsáveis | 1214/1602 (75.8%) | Falhas: 0
09:13:18 | INFO     | [09:13:18] ✅ DONE | 707410 | 0 responsáveis | 1215/1602 (75.8%) | Falhas: 0
09:13:18 | INFO     | [09:13:18] ✅ DONE | 707411 | 0 responsáveis | 1216/1602 (75.9%) | Falhas: 0
09:13:18 | INFO     | [09:13:18] ✅ DONE | 707412 | 0 responsáveis | 1217/1602 (76.0%) | Falhas: 0
09:13:19 | INFO     | [09:13:19] ✅ DONE | 707413 | 0 responsáveis | 1218/1602 (76.0%) | Falhas: 0
09:13:19 | INFO     | [09:13:19] ✅ DONE | 707414 | 0 responsáveis | 1219/1602 (76.1%) | Falhas: 0
09:13:19 | INFO     | [09:13:19] ✅ DONE | 707416 | 0 responsáveis | 1220/1602 (76.2%) | Falhas: 0
09:13:19 | INFO     | [09:13:19] ✅ DONE | 707415 | 0 responsáveis | 1221/1602 (76.2%) | Falhas: 0
09:13:19 | INFO     | [09:13:19] ✅ DONE | 707417 | 0 responsáveis | 1222/1602 (76.3%) | Falhas: 0
09:13:19 | INFO     | [09:13:19] ✅ DONE | 707418 | 0 responsáveis | 1223/1602 (76.3%) | Falhas: 0
09:13:19 | INFO     | [09:13:19] ✅ DONE | 707421 | 0 responsáveis | 1224/1602 (76.4%) | Falhas: 0
09:13:19 | INFO     | [09:13:19] ✅ DONE | 707420 | 0 responsáveis | 1225/1602 (76.5%) | Falhas: 0
09:13:19 | INFO     | [09:13:19] ✅ DONE | 707419 | 0 responsáveis | 1226/1602 (76.5%) | Falhas: 0
09:13:19 | INFO     | [09:13:19] ✅ DONE | 707422 | 0 responsáveis | 1227/1602 (76.6%) | Falhas: 0
09:13:19 | INFO     | [09:13:19] ✅ DONE | 707423 | 0 responsáveis | 1228/1602 (76.7%) | Falhas: 0
09:13:19 | INFO     | [09:13:19] ✅ DONE | 707424 | 0 responsáveis | 1229/1602 (76.7%) | Falhas: 0
09:13:19 | INFO     | [09:13:19] ✅ DONE | 707425 | 0 responsáveis | 1230/1602 (76.8%) | Falhas: 0
09:13:19 | INFO     | [09:13:19] ✅ DONE | 707427 | 0 responsáveis | 1231/1602 (76.8%) | Falhas: 0
09:13:19 | INFO     | [09:13:19] ✅ DONE | 707426 | 0 responsáveis | 1232/1602 (76.9%) | Falhas: 0
09:13:19 | INFO     | [09:13:19] ✅ DONE | 707428 | 0 responsáveis | 1233/1602 (77.0%) | Falhas: 0
09:13:20 | INFO     | [09:13:20] ✅ DONE | 707429 | 0 responsáveis | 1234/1602 (77.0%) | Falhas: 0
09:13:20 | INFO     | [09:13:20] ✅ DONE | 707430 | 0 responsáveis | 1235/1602 (77.1%) | Falhas: 0
09:13:20 | INFO     | [09:13:20] ✅ DONE | 707431 | 0 responsáveis | 1236/1602 (77.2%) | Falhas: 0
09:13:20 | INFO     | [09:13:20] ✅ DONE | 707432 | 0 responsáveis | 1237/1602 (77.2%) | Falhas: 0
09:13:20 | INFO     | [09:13:20] ✅ DONE | 707436 | 0 responsáveis | 1238/1602 (77.3%) | Falhas: 0
09:13:20 | INFO     | [09:13:20] ✅ DONE | 707433 | 0 responsáveis | 1239/1602 (77.3%) | Falhas: 0
09:13:20 | INFO     | [09:13:20] ✅ DONE | 707434 | 0 responsáveis | 1240/1602 (77.4%) | Falhas: 0
09:13:20 | INFO     | [09:13:20] ✅ DONE | 707435 | 0 responsáveis | 1241/1602 (77.5%) | Falhas: 0
09:13:20 | INFO     | [09:13:20] ✅ DONE | 707437 | 0 responsáveis | 1242/1602 (77.5%) | Falhas: 0
09:13:20 | INFO     | [09:13:20] ✅ DONE | 707438 | 0 responsáveis | 1243/1602 (77.6%) | Falhas: 0
09:13:20 | INFO     | [09:13:20] ✅ DONE | 707439 | 0 responsáveis | 1244/1602 (77.7%) | Falhas: 0
09:13:20 | INFO     | [09:13:20] ✅ DONE | 707440 | 0 responsáveis | 1245/1602 (77.7%) | Falhas: 0
09:13:20 | INFO     | [09:13:20] ✅ DONE | 707441 | 0 responsáveis | 1246/1602 (77.8%) | Falhas: 0
09:13:20 | INFO     | [09:13:20] ✅ DONE | 707442 | 0 responsáveis | 1247/1602 (77.8%) | Falhas: 0
09:13:20 | INFO     | [09:13:20] ✅ DONE | 707443 | 0 responsáveis | 1248/1602 (77.9%) | Falhas: 0
09:13:20 | INFO     | [09:13:20] ✅ DONE | 707444 | 0 responsáveis | 1249/1602 (78.0%) | Falhas: 0
09:13:20 | INFO     | [09:13:20] ✅ DONE | 707445 | 0 responsáveis | 1250/1602 (78.0%) | Falhas: 0
09:13:20 | INFO     | [09:13:20] ✅ DONE | 707446 | 0 responsáveis | 1251/1602 (78.1%) | Falhas: 0
09:13:21 | INFO     | [09:13:21] ✅ DONE | 707447 | 0 responsáveis | 1252/1602 (78.2%) | Falhas: 0
09:13:21 | INFO     | [09:13:21] ✅ DONE | 707448 | 0 responsáveis | 1253/1602 (78.2%) | Falhas: 0
09:13:21 | INFO     | [09:13:21] ✅ DONE | 707449 | 0 responsáveis | 1254/1602 (78.3%) | Falhas: 0
09:13:21 | INFO     | [09:13:21] ✅ DONE | 707450 | 0 responsáveis | 1255/1602 (78.3%) | Falhas: 0
09:13:21 | INFO     | [09:13:21] ✅ DONE | 707452 | 0 responsáveis | 1256/1602 (78.4%) | Falhas: 0
09:13:21 | INFO     | [09:13:21] ✅ DONE | 707453 | 0 responsáveis | 1257/1602 (78.5%) | Falhas: 0
09:13:21 | INFO     | [09:13:21] ✅ DONE | 707454 | 0 responsáveis | 1258/1602 (78.5%) | Falhas: 0
09:13:21 | INFO     | [09:13:21] ✅ DONE | 707455 | 0 responsáveis | 1259/1602 (78.6%) | Falhas: 0
09:13:21 | INFO     | [09:13:21] ✅ DONE | 707456 | 0 responsáveis | 1260/1602 (78.7%) | Falhas: 0
09:13:22 | INFO     | [09:13:22] ✅ DONE | 707458 | 0 responsáveis | 1261/1602 (78.7%) | Falhas: 0
09:13:22 | INFO     | [09:13:22] ✅ DONE | 707457 | 0 responsáveis | 1262/1602 (78.8%) | Falhas: 0
09:13:22 | INFO     | [09:13:22] ✅ DONE | 707459 | 0 responsáveis | 1263/1602 (78.8%) | Falhas: 0
09:13:22 | INFO     | [09:13:22] ✅ DONE | 707460 | 0 responsáveis | 1264/1602 (78.9%) | Falhas: 0
09:13:22 | INFO     | [09:13:22] ✅ DONE | 707461 | 0 responsáveis | 1265/1602 (79.0%) | Falhas: 0
09:13:22 | INFO     | [09:13:22] ✅ DONE | 707462 | 0 responsáveis | 1266/1602 (79.0%) | Falhas: 0
09:13:22 | INFO     | [09:13:22] ✅ DONE | 707463 | 0 responsáveis | 1267/1602 (79.1%) | Falhas: 0
09:13:22 | INFO     | [09:13:22] ✅ DONE | 707464 | 0 responsáveis | 1268/1602 (79.2%) | Falhas: 0
09:13:22 | INFO     | [09:13:22] ✅ DONE | 707465 | 0 responsáveis | 1269/1602 (79.2%) | Falhas: 0
09:13:22 | INFO     | [09:13:22] ✅ DONE | 707466 | 0 responsáveis | 1270/1602 (79.3%) | Falhas: 0
09:13:22 | INFO     | [09:13:22] ✅ DONE | 707467 | 0 responsáveis | 1271/1602 (79.3%) | Falhas: 0
09:13:22 | INFO     | [09:13:22] ✅ DONE | 707468 | 0 responsáveis | 1272/1602 (79.4%) | Falhas: 0
09:13:22 | INFO     | [09:13:22] ✅ DONE | 707469 | 0 responsáveis | 1273/1602 (79.5%) | Falhas: 0
09:13:22 | INFO     | [09:13:22] ✅ DONE | 707470 | 0 responsáveis | 1274/1602 (79.5%) | Falhas: 0
09:13:22 | INFO     | [09:13:22] ✅ DONE | 707471 | 0 responsáveis | 1275/1602 (79.6%) | Falhas: 0
09:13:22 | INFO     | [09:13:22] ✅ DONE | 707472 | 0 responsáveis | 1276/1602 (79.7%) | Falhas: 0
09:13:22 | INFO     | [09:13:22] ✅ DONE | 707473 | 0 responsáveis | 1277/1602 (79.7%) | Falhas: 0
09:13:22 | INFO     | [09:13:22] ✅ DONE | 707474 | 0 responsáveis | 1278/1602 (79.8%) | Falhas: 0
09:13:22 | INFO     | [09:13:22] ✅ DONE | 707475 | 0 responsáveis | 1279/1602 (79.8%) | Falhas: 0
09:13:23 | INFO     | [09:13:23] ✅ DONE | 707476 | 0 responsáveis | 1280/1602 (79.9%) | Falhas: 0
09:13:23 | INFO     | [09:13:23] ✅ DONE | 707477 | 0 responsáveis | 1281/1602 (80.0%) | Falhas: 0
09:13:23 | INFO     | [09:13:23] ✅ DONE | 707478 | 0 responsáveis | 1282/1602 (80.0%) | Falhas: 0
09:13:23 | INFO     | [09:13:23] ✅ DONE | 707479 | 0 responsáveis | 1283/1602 (80.1%) | Falhas: 0
09:13:23 | INFO     | [09:13:23] ✅ DONE | 707481 | 0 responsáveis | 1284/1602 (80.1%) | Falhas: 0
09:13:23 | INFO     | [09:13:23] ✅ DONE | 707480 | 0 responsáveis | 1285/1602 (80.2%) | Falhas: 0
09:13:23 | INFO     | [09:13:23] ✅ DONE | 707482 | 0 responsáveis | 1286/1602 (80.3%) | Falhas: 0
09:13:23 | INFO     | [09:13:23] ✅ DONE | 707484 | 0 responsáveis | 1287/1602 (80.3%) | Falhas: 0
09:13:23 | INFO     | [09:13:23] ✅ DONE | 707483 | 0 responsáveis | 1288/1602 (80.4%) | Falhas: 0
09:13:23 | INFO     | [09:13:23] ✅ DONE | 707485 | 0 responsáveis | 1289/1602 (80.5%) | Falhas: 0
09:13:23 | INFO     | [09:13:23] ✅ DONE | 707486 | 0 responsáveis | 1290/1602 (80.5%) | Falhas: 0
09:13:23 | INFO     | [09:13:23] ✅ DONE | 707487 | 0 responsáveis | 1291/1602 (80.6%) | Falhas: 0
09:13:23 | INFO     | [09:13:23] ✅ DONE | 707488 | 0 responsáveis | 1292/1602 (80.6%) | Falhas: 0
09:13:23 | INFO     | [09:13:23] ✅ DONE | 707489 | 0 responsáveis | 1293/1602 (80.7%) | Falhas: 0
09:13:23 | INFO     | [09:13:23] ✅ DONE | 707490 | 0 responsáveis | 1294/1602 (80.8%) | Falhas: 0
09:13:23 | INFO     | [09:13:23] ✅ DONE | 707491 | 0 responsáveis | 1295/1602 (80.8%) | Falhas: 0
09:13:23 | INFO     | [09:13:23] ✅ DONE | 707492 | 0 responsáveis | 1296/1602 (80.9%) | Falhas: 0
09:13:24 | INFO     | [09:13:24] ✅ DONE | 707493 | 0 responsáveis | 1297/1602 (81.0%) | Falhas: 0
09:13:24 | INFO     | [09:13:24] ✅ DONE | 707494 | 0 responsáveis | 1298/1602 (81.0%) | Falhas: 0
09:13:24 | INFO     | [09:13:24] ✅ DONE | 707495 | 0 responsáveis | 1299/1602 (81.1%) | Falhas: 0
09:13:24 | INFO     | [09:13:24] ✅ DONE | 707496 | 0 responsáveis | 1300/1602 (81.1%) | Falhas: 0
09:13:24 | INFO     | [09:13:24] ✅ DONE | 707497 | 0 responsáveis | 1301/1602 (81.2%) | Falhas: 0
09:13:24 | INFO     | [09:13:24] ✅ DONE | 707499 | 0 responsáveis | 1302/1602 (81.3%) | Falhas: 0
09:13:24 | INFO     | [09:13:24] ✅ DONE | 707498 | 0 responsáveis | 1303/1602 (81.3%) | Falhas: 0
09:13:24 | INFO     | [09:13:24] ✅ DONE | 707500 | 0 responsáveis | 1304/1602 (81.4%) | Falhas: 0
09:13:24 | INFO     | [09:13:24] ✅ DONE | 707501 | 0 responsáveis | 1305/1602 (81.5%) | Falhas: 0
09:13:24 | INFO     | [09:13:24] ✅ DONE | 707502 | 0 responsáveis | 1306/1602 (81.5%) | Falhas: 0
09:13:24 | INFO     | [09:13:24] ✅ DONE | 707503 | 0 responsáveis | 1307/1602 (81.6%) | Falhas: 0
09:13:24 | INFO     | [09:13:24] ✅ DONE | 707504 | 0 responsáveis | 1308/1602 (81.6%) | Falhas: 0
09:13:24 | INFO     | [09:13:24] ✅ DONE | 707505 | 0 responsáveis | 1309/1602 (81.7%) | Falhas: 0
09:13:24 | INFO     | [09:13:24] ✅ DONE | 707506 | 0 responsáveis | 1310/1602 (81.8%) | Falhas: 0
09:13:24 | INFO     | [09:13:24] ✅ DONE | 707507 | 0 responsáveis | 1311/1602 (81.8%) | Falhas: 0
09:13:24 | INFO     | [09:13:24] ✅ DONE | 707508 | 0 responsáveis | 1312/1602 (81.9%) | Falhas: 0
09:13:24 | INFO     | [09:13:24] ✅ DONE | 707509 | 0 responsáveis | 1313/1602 (82.0%) | Falhas: 0
09:13:25 | INFO     | [09:13:25] ✅ DONE | 707511 | 0 responsáveis | 1314/1602 (82.0%) | Falhas: 0
09:13:25 | INFO     | [09:13:25] ✅ DONE | 707510 | 0 responsáveis | 1315/1602 (82.1%) | Falhas: 0
09:13:25 | INFO     | [09:13:25] ✅ DONE | 707512 | 0 responsáveis | 1316/1602 (82.1%) | Falhas: 0
09:13:25 | INFO     | [09:13:25] ✅ DONE | 707513 | 0 responsáveis | 1317/1602 (82.2%) | Falhas: 0
09:13:25 | INFO     | [09:13:25] ✅ DONE | 707514 | 0 responsáveis | 1318/1602 (82.3%) | Falhas: 0
09:13:25 | INFO     | [09:13:25] ✅ DONE | 707515 | 0 responsáveis | 1319/1602 (82.3%) | Falhas: 0
09:13:25 | INFO     | [09:13:25] ✅ DONE | 707516 | 0 responsáveis | 1320/1602 (82.4%) | Falhas: 0
09:13:25 | INFO     | [09:13:25] ✅ DONE | 707517 | 0 responsáveis | 1321/1602 (82.5%) | Falhas: 0
09:13:25 | INFO     | [09:13:25] ✅ DONE | 707518 | 0 responsáveis | 1322/1602 (82.5%) | Falhas: 0
09:13:25 | INFO     | [09:13:25] ✅ DONE | 707519 | 0 responsáveis | 1323/1602 (82.6%) | Falhas: 0
09:13:25 | INFO     | [09:13:25] ✅ DONE | 707520 | 0 responsáveis | 1324/1602 (82.6%) | Falhas: 0
09:13:25 | INFO     | [09:13:25] ✅ DONE | 707521 | 0 responsáveis | 1325/1602 (82.7%) | Falhas: 0
09:13:25 | INFO     | [09:13:25] ✅ DONE | 707522 | 0 responsáveis | 1326/1602 (82.8%) | Falhas: 0
09:13:25 | INFO     | [09:13:25] ✅ DONE | 707523 | 0 responsáveis | 1327/1602 (82.8%) | Falhas: 0
09:13:25 | INFO     | [09:13:25] ✅ DONE | 707524 | 0 responsáveis | 1328/1602 (82.9%) | Falhas: 0
09:13:25 | INFO     | [09:13:25] ✅ DONE | 707526 | 0 responsáveis | 1329/1602 (83.0%) | Falhas: 0
09:13:25 | INFO     | [09:13:25] ✅ DONE | 707525 | 0 responsáveis | 1330/1602 (83.0%) | Falhas: 0
09:13:25 | INFO     | [09:13:25] ✅ DONE | 707527 | 0 responsáveis | 1331/1602 (83.1%) | Falhas: 0
09:13:26 | INFO     | [09:13:26] ✅ DONE | 707528 | 0 responsáveis | 1332/1602 (83.1%) | Falhas: 0
09:13:26 | INFO     | [09:13:26] ✅ DONE | 707529 | 0 responsáveis | 1333/1602 (83.2%) | Falhas: 0
09:13:26 | INFO     | [09:13:26] ✅ DONE | 707532 | 0 responsáveis | 1334/1602 (83.3%) | Falhas: 0
09:13:26 | INFO     | [09:13:26] ✅ DONE | 707530 | 0 responsáveis | 1335/1602 (83.3%) | Falhas: 0
09:13:26 | INFO     | [09:13:26] ✅ DONE | 707531 | 0 responsáveis | 1336/1602 (83.4%) | Falhas: 0
09:13:26 | INFO     | [09:13:26] ✅ DONE | 707533 | 0 responsáveis | 1337/1602 (83.5%) | Falhas: 0
09:13:26 | INFO     | [09:13:26] ✅ DONE | 707534 | 0 responsáveis | 1338/1602 (83.5%) | Falhas: 0
09:13:26 | INFO     | [09:13:26] ✅ DONE | 707535 | 0 responsáveis | 1339/1602 (83.6%) | Falhas: 0
09:13:26 | INFO     | [09:13:26] ✅ DONE | 707536 | 0 responsáveis | 1340/1602 (83.6%) | Falhas: 0
09:13:26 | INFO     | [09:13:26] ✅ DONE | 707537 | 0 responsáveis | 1341/1602 (83.7%) | Falhas: 0
09:13:26 | INFO     | [09:13:26] ✅ DONE | 707538 | 0 responsáveis | 1342/1602 (83.8%) | Falhas: 0
09:13:26 | INFO     | [09:13:26] ✅ DONE | 707539 | 0 responsáveis | 1343/1602 (83.8%) | Falhas: 0
09:13:26 | INFO     | [09:13:26] ✅ DONE | 707541 | 0 responsáveis | 1344/1602 (83.9%) | Falhas: 0
09:13:26 | INFO     | [09:13:26] ✅ DONE | 707543 | 0 responsáveis | 1345/1602 (84.0%) | Falhas: 0
09:13:26 | INFO     | [09:13:26] ✅ DONE | 707542 | 0 responsáveis | 1346/1602 (84.0%) | Falhas: 0
09:13:26 | INFO     | [09:13:26] ✅ DONE | 707544 | 0 responsáveis | 1347/1602 (84.1%) | Falhas: 0
09:13:26 | INFO     | [09:13:26] ✅ DONE | 707545 | 0 responsáveis | 1348/1602 (84.1%) | Falhas: 0
09:13:27 | INFO     | [09:13:27] ✅ DONE | 707547 | 0 responsáveis | 1349/1602 (84.2%) | Falhas: 0
09:13:27 | INFO     | [09:13:27] ✅ DONE | 707548 | 0 responsáveis | 1350/1602 (84.3%) | Falhas: 0
09:13:27 | INFO     | [09:13:27] ✅ DONE | 707550 | 0 responsáveis | 1351/1602 (84.3%) | Falhas: 0
09:13:27 | INFO     | [09:13:27] ✅ DONE | 707549 | 0 responsáveis | 1352/1602 (84.4%) | Falhas: 0
09:13:27 | INFO     | [09:13:27] ✅ DONE | 707551 | 0 responsáveis | 1353/1602 (84.5%) | Falhas: 0
09:13:27 | INFO     | [09:13:27] ✅ DONE | 707553 | 0 responsáveis | 1354/1602 (84.5%) | Falhas: 0
09:13:27 | INFO     | [09:13:27] ✅ DONE | 707552 | 0 responsáveis | 1355/1602 (84.6%) | Falhas: 0
09:13:27 | INFO     | [09:13:27] ✅ DONE | 707554 | 0 responsáveis | 1356/1602 (84.6%) | Falhas: 0
09:13:27 | INFO     | [09:13:27] ✅ DONE | 707555 | 0 responsáveis | 1357/1602 (84.7%) | Falhas: 0
09:13:27 | INFO     | [09:13:27] ✅ DONE | 707556 | 0 responsáveis | 1358/1602 (84.8%) | Falhas: 0
09:13:27 | INFO     | [09:13:27] ✅ DONE | 707557 | 0 responsáveis | 1359/1602 (84.8%) | Falhas: 0
09:13:27 | INFO     | [09:13:27] ✅ DONE | 707558 | 0 responsáveis | 1360/1602 (84.9%) | Falhas: 0
09:13:27 | INFO     | [09:13:27] ✅ DONE | 707559 | 0 responsáveis | 1361/1602 (85.0%) | Falhas: 0
09:13:27 | INFO     | [09:13:27] ✅ DONE | 707561 | 0 responsáveis | 1362/1602 (85.0%) | Falhas: 0
09:13:27 | INFO     | [09:13:27] ✅ DONE | 707560 | 0 responsáveis | 1363/1602 (85.1%) | Falhas: 0
09:13:27 | INFO     | [09:13:27] ✅ DONE | 707562 | 0 responsáveis | 1364/1602 (85.1%) | Falhas: 0
09:13:27 | INFO     | [09:13:27] ✅ DONE | 707563 | 0 responsáveis | 1365/1602 (85.2%) | Falhas: 0
09:13:27 | INFO     | [09:13:27] ✅ DONE | 707565 | 0 responsáveis | 1366/1602 (85.3%) | Falhas: 0
09:13:27 | INFO     | [09:13:27] ✅ DONE | 707564 | 0 responsáveis | 1367/1602 (85.3%) | Falhas: 0
09:13:28 | INFO     | [09:13:28] ✅ DONE | 707566 | 0 responsáveis | 1368/1602 (85.4%) | Falhas: 0
09:13:28 | INFO     | [09:13:28] ✅ DONE | 707567 | 0 responsáveis | 1369/1602 (85.5%) | Falhas: 0
09:13:28 | INFO     | [09:13:28] ✅ DONE | 707568 | 0 responsáveis | 1370/1602 (85.5%) | Falhas: 0
09:13:28 | INFO     | [09:13:28] ✅ DONE | 707569 | 0 responsáveis | 1371/1602 (85.6%) | Falhas: 0
09:13:28 | INFO     | [09:13:28] ✅ DONE | 707570 | 0 responsáveis | 1372/1602 (85.6%) | Falhas: 0
09:13:28 | INFO     | [09:13:28] ✅ DONE | 707571 | 0 responsáveis | 1373/1602 (85.7%) | Falhas: 0
09:13:28 | INFO     | [09:13:28] ✅ DONE | 707572 | 0 responsáveis | 1374/1602 (85.8%) | Falhas: 0
09:13:28 | INFO     | [09:13:28] ✅ DONE | 707573 | 0 responsáveis | 1375/1602 (85.8%) | Falhas: 0
09:13:28 | INFO     | [09:13:28] ✅ DONE | 707574 | 0 responsáveis | 1376/1602 (85.9%) | Falhas: 0
09:13:28 | INFO     | [09:13:28] ✅ DONE | 707575 | 0 responsáveis | 1377/1602 (86.0%) | Falhas: 0
09:13:28 | INFO     | [09:13:28] ✅ DONE | 707576 | 0 responsáveis | 1378/1602 (86.0%) | Falhas: 0
09:13:28 | INFO     | [09:13:28] ✅ DONE | 707577 | 0 responsáveis | 1379/1602 (86.1%) | Falhas: 0
09:13:28 | INFO     | [09:13:28] ✅ DONE | 707578 | 0 responsáveis | 1380/1602 (86.1%) | Falhas: 0
09:13:28 | INFO     | [09:13:28] ✅ DONE | 707580 | 0 responsáveis | 1381/1602 (86.2%) | Falhas: 0
09:13:28 | INFO     | [09:13:28] ✅ DONE | 707579 | 0 responsáveis | 1382/1602 (86.3%) | Falhas: 0
09:13:28 | INFO     | [09:13:28] ✅ DONE | 707581 | 0 responsáveis | 1383/1602 (86.3%) | Falhas: 0
09:13:28 | INFO     | [09:13:28] ✅ DONE | 707584 | 0 responsáveis | 1384/1602 (86.4%) | Falhas: 0
09:13:28 | INFO     | [09:13:28] ✅ DONE | 707585 | 0 responsáveis | 1385/1602 (86.5%) | Falhas: 0
09:13:29 | INFO     | [09:13:29] ✅ DONE | 707582 | 0 responsáveis | 1386/1602 (86.5%) | Falhas: 0
09:13:29 | INFO     | [09:13:29] ✅ DONE | 707586 | 0 responsáveis | 1387/1602 (86.6%) | Falhas: 0
09:13:29 | INFO     | [09:13:29] ✅ DONE | 707587 | 0 responsáveis | 1388/1602 (86.6%) | Falhas: 0
09:13:29 | INFO     | [09:13:29] ✅ DONE | 707588 | 0 responsáveis | 1389/1602 (86.7%) | Falhas: 0
09:13:29 | INFO     | [09:13:29] ✅ DONE | 707589 | 0 responsáveis | 1390/1602 (86.8%) | Falhas: 0
09:13:29 | INFO     | [09:13:29] ✅ DONE | 707590 | 0 responsáveis | 1391/1602 (86.8%) | Falhas: 0
09:13:29 | INFO     | [09:13:29] ✅ DONE | 707591 | 0 responsáveis | 1392/1602 (86.9%) | Falhas: 0
09:13:29 | INFO     | [09:13:29] ✅ DONE | 707608 | 0 responsáveis | 1393/1602 (87.0%) | Falhas: 0
09:13:29 | INFO     | [09:13:29] ✅ DONE | 707692 | 0 responsáveis | 1394/1602 (87.0%) | Falhas: 0
09:13:29 | INFO     | [09:13:29] ✅ DONE | 719078 | 0 responsáveis | 1395/1602 (87.1%) | Falhas: 0
09:13:29 | INFO     | [09:13:29] ✅ DONE | 731393 | 0 responsáveis | 1396/1602 (87.1%) | Falhas: 0
09:13:29 | INFO     | [09:13:29] ✅ DONE | 747813 | 0 responsáveis | 1397/1602 (87.2%) | Falhas: 0
09:13:29 | INFO     | [09:13:29] ✅ DONE | 750714 | 0 responsáveis | 1398/1602 (87.3%) | Falhas: 0
09:13:29 | INFO     | [09:13:29] ✅ DONE | 748214 | 0 responsáveis | 1399/1602 (87.3%) | Falhas: 0
09:13:29 | INFO     | [09:13:29] ✅ DONE | 756884 | 0 responsáveis | 1400/1602 (87.4%) | Falhas: 0
09:13:29 | INFO     | [09:13:29] ✅ DONE | 749491 | 0 responsáveis | 1401/1602 (87.5%) | Falhas: 0
09:13:29 | INFO     | [09:13:29] ✅ DONE | 766422 | 4 responsáveis | 1402/1602 (87.5%) | Falhas: 0
09:13:30 | INFO     | [09:13:30] ✅ DONE | 766705 | 0 responsáveis | 1403/1602 (87.6%) | Falhas: 0
09:13:30 | INFO     | [09:13:30] ✅ DONE | 767579 | 0 responsáveis | 1404/1602 (87.6%) | Falhas: 0
09:13:30 | INFO     | [09:13:30] ✅ DONE | 797505 | 0 responsáveis | 1405/1602 (87.7%) | Falhas: 0
09:13:30 | INFO     | [09:13:30] ✅ DONE | 793393 | 0 responsáveis | 1406/1602 (87.8%) | Falhas: 0
09:13:30 | INFO     | [09:13:30] ✅ DONE | 801558 | 0 responsáveis | 1407/1602 (87.8%) | Falhas: 0
09:13:30 | INFO     | [09:13:30] ✅ DONE | 804184 | 0 responsáveis | 1408/1602 (87.9%) | Falhas: 0
09:13:30 | INFO     | [09:13:30] ✅ DONE | 817696 | 0 responsáveis | 1409/1602 (88.0%) | Falhas: 0
09:13:30 | INFO     | [09:13:30] ✅ DONE | 825511 | 0 responsáveis | 1410/1602 (88.0%) | Falhas: 0
09:13:30 | INFO     | [09:13:30] ✅ DONE | 829439 | 0 responsáveis | 1411/1602 (88.1%) | Falhas: 0
09:13:30 | INFO     | [09:13:30] ✅ DONE | 831435 | 0 responsáveis | 1412/1602 (88.1%) | Falhas: 0
09:13:30 | INFO     | [09:13:30] ✅ DONE | 831465 | 0 responsáveis | 1413/1602 (88.2%) | Falhas: 0
09:13:30 | INFO     | [09:13:30] ✅ DONE | 831506 | 0 responsáveis | 1414/1602 (88.3%) | Falhas: 0
09:13:30 | INFO     | [09:13:30] ✅ DONE | 832634 | 0 responsáveis | 1415/1602 (88.3%) | Falhas: 0
09:13:30 | INFO     | [09:13:30] ✅ DONE | 832720 | 0 responsáveis | 1416/1602 (88.4%) | Falhas: 0
09:13:30 | INFO     | [09:13:30] ✅ DONE | 834388 | 0 responsáveis | 1417/1602 (88.5%) | Falhas: 0
09:13:30 | INFO     | [09:13:30] ✅ DONE | 834397 | 0 responsáveis | 1418/1602 (88.5%) | Falhas: 0
09:13:30 | INFO     | [09:13:30] ✅ DONE | 844712 | 0 responsáveis | 1419/1602 (88.6%) | Falhas: 0
09:13:30 | INFO     | [09:13:30] ✅ DONE | 840008 | 0 responsáveis | 1420/1602 (88.6%) | Falhas: 0
09:13:30 | INFO     | [09:13:30] ✅ DONE | 840870 | 0 responsáveis | 1421/1602 (88.7%) | Falhas: 0
09:13:31 | INFO     | [09:13:31] ✅ DONE | 845228 | 0 responsáveis | 1422/1602 (88.8%) | Falhas: 0
09:13:31 | INFO     | [09:13:31] ✅ DONE | 847884 | 0 responsáveis | 1423/1602 (88.8%) | Falhas: 0
09:13:31 | INFO     | [09:13:31] ✅ DONE | 850889 | 0 responsáveis | 1424/1602 (88.9%) | Falhas: 0
09:13:31 | INFO     | [09:13:31] ✅ DONE | 852718 | 0 responsáveis | 1425/1602 (89.0%) | Falhas: 0
09:13:31 | INFO     | [09:13:31] ✅ DONE | 856694 | 0 responsáveis | 1426/1602 (89.0%) | Falhas: 0
09:13:31 | INFO     | [09:13:31] ✅ DONE | 856724 | 0 responsáveis | 1427/1602 (89.1%) | Falhas: 0
09:13:31 | INFO     | [09:13:31] ✅ DONE | 856734 | 0 responsáveis | 1428/1602 (89.1%) | Falhas: 0
09:13:31 | INFO     | [09:13:31] ✅ DONE | 860842 | 0 responsáveis | 1429/1602 (89.2%) | Falhas: 0
09:13:31 | INFO     | [09:13:31] ✅ DONE | 862554 | 0 responsáveis | 1430/1602 (89.3%) | Falhas: 0
09:13:31 | INFO     | [09:13:31] ✅ DONE | 864839 | 0 responsáveis | 1431/1602 (89.3%) | Falhas: 0
09:13:31 | INFO     | [09:13:31] ✅ DONE | 865873 | 0 responsáveis | 1432/1602 (89.4%) | Falhas: 0
09:13:31 | INFO     | [09:13:31] ✅ DONE | 867078 | 0 responsáveis | 1433/1602 (89.5%) | Falhas: 0
09:13:31 | INFO     | [09:13:31] ✅ DONE | 867060 | 0 responsáveis | 1434/1602 (89.5%) | Falhas: 0
09:13:31 | INFO     | [09:13:31] ✅ DONE | 870019 | 0 responsáveis | 1435/1602 (89.6%) | Falhas: 0
09:13:31 | INFO     | [09:13:31] ✅ DONE | 867070 | 0 responsáveis | 1436/1602 (89.6%) | Falhas: 0
09:13:31 | INFO     | [09:13:31] ✅ DONE | 870188 | 0 responsáveis | 1437/1602 (89.7%) | Falhas: 0
09:13:31 | INFO     | [09:13:31] ✅ DONE | 870405 | 0 responsáveis | 1438/1602 (89.8%) | Falhas: 0
09:13:32 | INFO     | [09:13:32] ✅ DONE | 871095 | 0 responsáveis | 1439/1602 (89.8%) | Falhas: 0
09:13:32 | INFO     | [09:13:32] ✅ DONE | 10343 | 0 responsáveis | 1440/1602 (89.9%) | Falhas: 0
09:13:32 | INFO     | [09:13:32] ✅ DONE | 20510 | 0 responsáveis | 1441/1602 (90.0%) | Falhas: 0
09:13:32 | INFO     | [09:13:32] ✅ DONE | 21691 | 0 responsáveis | 1442/1602 (90.0%) | Falhas: 0
09:13:32 | INFO     | [09:13:32] ✅ DONE | 21817 | 0 responsáveis | 1443/1602 (90.1%) | Falhas: 0
09:13:32 | INFO     | [09:13:32] ✅ DONE | 28639 | 0 responsáveis | 1444/1602 (90.1%) | Falhas: 0
09:13:32 | INFO     | [09:13:32] ✅ DONE | 29916 | 0 responsáveis | 1445/1602 (90.2%) | Falhas: 0
09:13:32 | INFO     | [09:13:32] ✅ DONE | 43232 | 0 responsáveis | 1446/1602 (90.3%) | Falhas: 0
09:13:32 | INFO     | [09:13:32] ✅ DONE | 43921 | 0 responsáveis | 1447/1602 (90.3%) | Falhas: 0
09:13:32 | INFO     | [09:13:32] ✅ DONE | 72486 | 0 responsáveis | 1448/1602 (90.4%) | Falhas: 0
09:13:32 | INFO     | [09:13:32] ✅ DONE | 72001 | 2 responsáveis | 1449/1602 (90.4%) | Falhas: 0
09:13:32 | INFO     | [09:13:32] ✅ DONE | 44291 | 4 responsáveis | 1450/1602 (90.5%) | Falhas: 0
09:13:32 | INFO     | [09:13:32] ✅ DONE | 71838 | 2 responsáveis | 1451/1602 (90.6%) | Falhas: 0
09:13:32 | INFO     | [09:13:32] ✅ DONE | 124926 | 0 responsáveis | 1452/1602 (90.6%) | Falhas: 0
09:13:32 | INFO     | [09:13:32] ✅ DONE | 94895 | 2 responsáveis | 1453/1602 (90.7%) | Falhas: 0
09:13:32 | INFO     | [09:13:32] ✅ DONE | 144989 | 0 responsáveis | 1454/1602 (90.8%) | Falhas: 0
09:13:32 | INFO     | [09:13:32] ✅ DONE | 162879 | 0 responsáveis | 1455/1602 (90.8%) | Falhas: 0
09:13:32 | INFO     | [09:13:32] ✅ DONE | 199366 | 0 responsáveis | 1456/1602 (90.9%) | Falhas: 0
09:13:33 | INFO     | [09:13:33] ✅ DONE | 208150 | 0 responsáveis | 1457/1602 (90.9%) | Falhas: 0
09:13:33 | INFO     | [09:13:33] ✅ DONE | 304434 | 3 responsáveis | 1458/1602 (91.0%) | Falhas: 0
09:13:33 | INFO     | [09:13:33] ✅ DONE | 304606 | 6 responsáveis | 1459/1602 (91.1%) | Falhas: 0
09:13:33 | INFO     | [09:13:33] ✅ DONE | 323103 | 9 responsáveis | 1460/1602 (91.1%) | Falhas: 0
09:13:33 | INFO     | [09:13:33] ✅ DONE | 324128 | 3 responsáveis | 1461/1602 (91.2%) | Falhas: 0
09:13:33 | INFO     | [09:13:33] ✅ DONE | 324466 | 4 responsáveis | 1462/1602 (91.3%) | Falhas: 0
09:13:33 | INFO     | [09:13:33] ✅ DONE | 325219 | 2 responsáveis | 1463/1602 (91.3%) | Falhas: 0
09:13:33 | INFO     | [09:13:33] ✅ DONE | 404124 | 0 responsáveis | 1464/1602 (91.4%) | Falhas: 0
09:13:33 | INFO     | [09:13:33] ✅ DONE | 407550 | 2 responsáveis | 1465/1602 (91.4%) | Falhas: 0
09:13:33 | INFO     | [09:13:33] ✅ DONE | 355734 | 4 responsáveis | 1466/1602 (91.5%) | Falhas: 0
09:13:33 | INFO     | [09:13:33] ✅ DONE | 414341 | 0 responsáveis | 1467/1602 (91.6%) | Falhas: 0
09:13:33 | INFO     | [09:13:33] ✅ DONE | 412228 | 0 responsáveis | 1468/1602 (91.6%) | Falhas: 0
09:13:33 | INFO     | [09:13:33] ✅ DONE | 415281 | 3 responsáveis | 1469/1602 (91.7%) | Falhas: 0
09:13:33 | INFO     | [09:13:33] ✅ DONE | 417829 | 2 responsáveis | 1470/1602 (91.8%) | Falhas: 0
09:13:33 | INFO     | [09:13:33] ✅ DONE | 418599 | 6 responsáveis | 1471/1602 (91.8%) | Falhas: 0
09:13:33 | INFO     | [09:13:33] ✅ DONE | 420042 | 2 responsáveis | 1472/1602 (91.9%) | Falhas: 0
09:13:33 | INFO     | [09:13:33] ✅ DONE | 433586 | 0 responsáveis | 1473/1602 (91.9%) | Falhas: 0
09:13:33 | INFO     | [09:13:33] ✅ DONE | 433598 | 0 responsáveis | 1474/1602 (92.0%) | Falhas: 0
09:13:34 | INFO     | [09:13:34] ✅ DONE | 438583 | 0 responsáveis | 1475/1602 (92.1%) | Falhas: 0
09:13:34 | INFO     | [09:13:34] ✅ DONE | 440168 | 0 responsáveis | 1476/1602 (92.1%) | Falhas: 0
09:13:34 | INFO     | [09:13:34] ✅ DONE | 440786 | 0 responsáveis | 1477/1602 (92.2%) | Falhas: 0
09:13:34 | INFO     | [09:13:34] ✅ DONE | 442436 | 0 responsáveis | 1478/1602 (92.3%) | Falhas: 0
09:13:34 | INFO     | [09:13:34] ✅ DONE | 443786 | 0 responsáveis | 1479/1602 (92.3%) | Falhas: 0
09:13:34 | INFO     | [09:13:34] ✅ DONE | 444606 | 0 responsáveis | 1480/1602 (92.4%) | Falhas: 0
09:13:34 | INFO     | [09:13:34] ✅ DONE | 445535 | 0 responsáveis | 1481/1602 (92.4%) | Falhas: 0
09:13:34 | INFO     | [09:13:34] ✅ DONE | 445637 | 0 responsáveis | 1482/1602 (92.5%) | Falhas: 0
09:13:34 | INFO     | [09:13:34] ✅ DONE | 445703 | 0 responsáveis | 1483/1602 (92.6%) | Falhas: 0
09:13:34 | INFO     | [09:13:34] ✅ DONE | 445800 | 0 responsáveis | 1484/1602 (92.6%) | Falhas: 0
09:13:34 | INFO     | [09:13:34] ✅ DONE | 445798 | 0 responsáveis | 1485/1602 (92.7%) | Falhas: 0
09:13:34 | INFO     | [09:13:34] ✅ DONE | 446349 | 0 responsáveis | 1486/1602 (92.8%) | Falhas: 0
09:13:34 | INFO     | [09:13:34] ✅ DONE | 446095 | 0 responsáveis | 1487/1602 (92.8%) | Falhas: 0
09:13:34 | INFO     | [09:13:34] ✅ DONE | 447479 | 0 responsáveis | 1488/1602 (92.9%) | Falhas: 0
09:13:34 | INFO     | [09:13:34] ✅ DONE | 447749 | 0 responsáveis | 1489/1602 (92.9%) | Falhas: 0
09:13:34 | INFO     | [09:13:34] ✅ DONE | 447995 | 0 responsáveis | 1490/1602 (93.0%) | Falhas: 0
09:13:34 | INFO     | [09:13:34] ✅ DONE | 448130 | 0 responsáveis | 1491/1602 (93.1%) | Falhas: 0
09:13:35 | INFO     | [09:13:35] ✅ DONE | 448269 | 2 responsáveis | 1492/1602 (93.1%) | Falhas: 0
09:13:35 | INFO     | [09:13:35] ✅ DONE | 450022 | 0 responsáveis | 1493/1602 (93.2%) | Falhas: 0
09:13:35 | INFO     | [09:13:35] ✅ DONE | 450026 | 0 responsáveis | 1494/1602 (93.3%) | Falhas: 0
09:13:35 | INFO     | [09:13:35] ✅ DONE | 451371 | 0 responsáveis | 1495/1602 (93.3%) | Falhas: 0
09:13:35 | INFO     | [09:13:35] ✅ DONE | 453817 | 0 responsáveis | 1496/1602 (93.4%) | Falhas: 0
09:13:35 | INFO     | [09:13:35] ✅ DONE | 454101 | 0 responsáveis | 1497/1602 (93.4%) | Falhas: 0
09:13:35 | INFO     | [09:13:35] ✅ DONE | 454137 | 0 responsáveis | 1498/1602 (93.5%) | Falhas: 0
09:13:35 | INFO     | [09:13:35] ✅ DONE | 454353 | 0 responsáveis | 1499/1602 (93.6%) | Falhas: 0
09:13:35 | INFO     | [09:13:35] ✅ DONE | 454897 | 0 responsáveis | 1500/1602 (93.6%) | Falhas: 0
09:13:35 | INFO     | [09:13:35] ✅ DONE | 454825 | 0 responsáveis | 1501/1602 (93.7%) | Falhas: 0
09:13:35 | INFO     | [09:13:35] ✅ DONE | 455097 | 0 responsáveis | 1502/1602 (93.8%) | Falhas: 0
09:13:35 | INFO     | [09:13:35] ✅ DONE | 457703 | 0 responsáveis | 1503/1602 (93.8%) | Falhas: 0
09:13:35 | INFO     | [09:13:35] ✅ DONE | 457704 | 0 responsáveis | 1504/1602 (93.9%) | Falhas: 0
09:13:35 | INFO     | [09:13:35] ✅ DONE | 464207 | 0 responsáveis | 1505/1602 (93.9%) | Falhas: 0
09:13:35 | INFO     | [09:13:35] ✅ DONE | 465934 | 0 responsáveis | 1506/1602 (94.0%) | Falhas: 0
09:13:35 | INFO     | [09:13:35] ✅ DONE | 468570 | 0 responsáveis | 1507/1602 (94.1%) | Falhas: 0
09:13:36 | INFO     | [09:13:36] ✅ DONE | 471221 | 0 responsáveis | 1508/1602 (94.1%) | Falhas: 0
09:13:36 | INFO     | [09:13:36] ✅ DONE | 472689 | 0 responsáveis | 1509/1602 (94.2%) | Falhas: 0
09:13:36 | INFO     | [09:13:36] ✅ DONE | 472752 | 0 responsáveis | 1510/1602 (94.3%) | Falhas: 0
09:13:36 | INFO     | [09:13:36] ✅ DONE | 473414 | 0 responsáveis | 1511/1602 (94.3%) | Falhas: 0
09:13:36 | INFO     | [09:13:36] ✅ DONE | 473507 | 0 responsáveis | 1512/1602 (94.4%) | Falhas: 0
09:13:36 | INFO     | [09:13:36] ✅ DONE | 477977 | 0 responsáveis | 1513/1602 (94.4%) | Falhas: 0
09:13:36 | INFO     | [09:13:36] ✅ DONE | 477994 | 0 responsáveis | 1514/1602 (94.5%) | Falhas: 0
09:13:36 | INFO     | [09:13:36] ✅ DONE | 477997 | 0 responsáveis | 1515/1602 (94.6%) | Falhas: 0
09:13:36 | INFO     | [09:13:36] ✅ DONE | 478415 | 0 responsáveis | 1516/1602 (94.6%) | Falhas: 0
09:13:36 | INFO     | [09:13:36] ✅ DONE | 478473 | 0 responsáveis | 1517/1602 (94.7%) | Falhas: 0
09:13:36 | INFO     | [09:13:36] ✅ DONE | 480071 | 0 responsáveis | 1518/1602 (94.8%) | Falhas: 0
09:13:36 | INFO     | [09:13:36] ✅ DONE | 479328 | 0 responsáveis | 1519/1602 (94.8%) | Falhas: 0
09:13:36 | INFO     | [09:13:36] ✅ DONE | 486148 | 0 responsáveis | 1520/1602 (94.9%) | Falhas: 0
09:13:36 | INFO     | [09:13:36] ✅ DONE | 486145 | 0 responsáveis | 1521/1602 (94.9%) | Falhas: 0
09:13:36 | INFO     | [09:13:36] ✅ DONE | 489706 | 0 responsáveis | 1522/1602 (95.0%) | Falhas: 0
09:13:36 | INFO     | [09:13:36] ✅ DONE | 489976 | 0 responsáveis | 1523/1602 (95.1%) | Falhas: 0
09:13:36 | INFO     | [09:13:36] ✅ DONE | 491269 | 0 responsáveis | 1524/1602 (95.1%) | Falhas: 0
09:13:37 | INFO     | [09:13:37] ✅ DONE | 493935 | 0 responsáveis | 1525/1602 (95.2%) | Falhas: 0
09:13:37 | INFO     | [09:13:37] ✅ DONE | 495949 | 0 responsáveis | 1526/1602 (95.3%) | Falhas: 0
09:13:37 | INFO     | [09:13:37] ✅ DONE | 496974 | 0 responsáveis | 1527/1602 (95.3%) | Falhas: 0
09:13:37 | INFO     | [09:13:37] ✅ DONE | 498146 | 0 responsáveis | 1528/1602 (95.4%) | Falhas: 0
09:13:37 | INFO     | [09:13:37] ✅ DONE | 500370 | 0 responsáveis | 1529/1602 (95.4%) | Falhas: 0
09:13:37 | INFO     | [09:13:37] ✅ DONE | 504860 | 0 responsáveis | 1530/1602 (95.5%) | Falhas: 0
09:13:37 | INFO     | [09:13:37] ✅ DONE | 505189 | 0 responsáveis | 1531/1602 (95.6%) | Falhas: 0
09:13:37 | INFO     | [09:13:37] ✅ DONE | 507627 | 0 responsáveis | 1532/1602 (95.6%) | Falhas: 0
09:13:37 | INFO     | [09:13:37] ✅ DONE | 508935 | 0 responsáveis | 1533/1602 (95.7%) | Falhas: 0
09:13:37 | INFO     | [09:13:37] ✅ DONE | 509867 | 0 responsáveis | 1534/1602 (95.8%) | Falhas: 0
09:13:37 | INFO     | [09:13:37] ✅ DONE | 520511 | 0 responsáveis | 1535/1602 (95.8%) | Falhas: 0
09:13:37 | INFO     | [09:13:37] ✅ DONE | 521191 | 0 responsáveis | 1536/1602 (95.9%) | Falhas: 0
09:13:37 | INFO     | [09:13:37] ✅ DONE | 520418 | 6 responsáveis | 1537/1602 (95.9%) | Falhas: 0
09:13:37 | INFO     | [09:13:37] ✅ DONE | 524019 | 0 responsáveis | 1538/1602 (96.0%) | Falhas: 0
09:13:37 | INFO     | [09:13:37] ✅ DONE | 532185 | 0 responsáveis | 1539/1602 (96.1%) | Falhas: 0
09:13:37 | INFO     | [09:13:37] ✅ DONE | 532227 | 0 responsáveis | 1540/1602 (96.1%) | Falhas: 0
09:13:37 | INFO     | [09:13:37] ✅ DONE | 533207 | 0 responsáveis | 1541/1602 (96.2%) | Falhas: 0
09:13:38 | INFO     | [09:13:38] ✅ DONE | 533258 | 0 responsáveis | 1542/1602 (96.3%) | Falhas: 0
09:13:38 | INFO     | [09:13:38] ✅ DONE | 533634 | 0 responsáveis | 1543/1602 (96.3%) | Falhas: 0
09:13:38 | INFO     | [09:13:38] ✅ DONE | 534126 | 0 responsáveis | 1544/1602 (96.4%) | Falhas: 0
09:13:38 | INFO     | [09:13:38] ✅ DONE | 543735 | 0 responsáveis | 1545/1602 (96.4%) | Falhas: 0
09:13:38 | INFO     | [09:13:38] ✅ DONE | 567584 | 0 responsáveis | 1546/1602 (96.5%) | Falhas: 0
09:13:38 | INFO     | [09:13:38] ✅ DONE | 565910 | 0 responsáveis | 1547/1602 (96.6%) | Falhas: 0
09:13:38 | INFO     | [09:13:38] ✅ DONE | 584850 | 0 responsáveis | 1548/1602 (96.6%) | Falhas: 0
09:13:38 | INFO     | [09:13:38] ✅ DONE | 584861 | 0 responsáveis | 1549/1602 (96.7%) | Falhas: 0
09:13:38 | INFO     | [09:13:38] ✅ DONE | 596775 | 0 responsáveis | 1550/1602 (96.8%) | Falhas: 0
09:13:38 | INFO     | [09:13:38] ✅ DONE | 587691 | 0 responsáveis | 1551/1602 (96.8%) | Falhas: 0
09:13:38 | INFO     | [09:13:38] ✅ DONE | 611178 | 0 responsáveis | 1552/1602 (96.9%) | Falhas: 0
09:13:38 | INFO     | [09:13:38] ✅ DONE | 607888 | 4 responsáveis | 1553/1602 (96.9%) | Falhas: 0
09:13:38 | INFO     | [09:13:38] ✅ DONE | 611540 | 0 responsáveis | 1554/1602 (97.0%) | Falhas: 0
09:13:38 | INFO     | [09:13:38] ✅ DONE | 620474 | 4 responsáveis | 1555/1602 (97.1%) | Falhas: 0
09:13:38 | INFO     | [09:13:38] ✅ DONE | 628440 | 0 responsáveis | 1556/1602 (97.1%) | Falhas: 0
09:13:38 | INFO     | [09:13:38] ✅ DONE | 632478 | 0 responsáveis | 1557/1602 (97.2%) | Falhas: 0
09:13:38 | INFO     | [09:13:38] ✅ DONE | 633712 | 6 responsáveis | 1558/1602 (97.3%) | Falhas: 0
09:13:39 | INFO     | [09:13:39] ✅ DONE | 649213 | 2 responsáveis | 1559/1602 (97.3%) | Falhas: 0
09:13:39 | INFO     | [09:13:39] ✅ DONE | 650200 | 0 responsáveis | 1560/1602 (97.4%) | Falhas: 0
09:13:39 | INFO     | [09:13:39] ✅ DONE | 690976 | 0 responsáveis | 1561/1602 (97.4%) | Falhas: 0
09:13:39 | INFO     | [09:13:39] ✅ DONE | 715296 | 4 responsáveis | 1562/1602 (97.5%) | Falhas: 0
09:13:39 | INFO     | [09:13:39] ✅ DONE | 715163 | 4 responsáveis | 1563/1602 (97.6%) | Falhas: 0
09:13:39 | INFO     | [09:13:39] ✅ DONE | 715432 | 4 responsáveis | 1564/1602 (97.6%) | Falhas: 0
09:13:39 | INFO     | [09:13:39] ✅ DONE | 726533 | 0 responsáveis | 1565/1602 (97.7%) | Falhas: 0
09:13:39 | INFO     | [09:13:39] ✅ DONE | 743116 | 0 responsáveis | 1566/1602 (97.8%) | Falhas: 0
09:13:39 | INFO     | [09:13:39] ✅ DONE | 750790 | 2 responsáveis | 1567/1602 (97.8%) | Falhas: 0
09:13:39 | INFO     | [09:13:39] ✅ DONE | 720770 | 0 responsáveis | 1568/1602 (97.9%) | Falhas: 0
09:13:39 | INFO     | [09:13:39] ✅ DONE | 730067 | 3 responsáveis | 1569/1602 (97.9%) | Falhas: 0
09:13:39 | INFO     | [09:13:39] ✅ DONE | 774470 | 2 responsáveis | 1570/1602 (98.0%) | Falhas: 0
09:13:39 | INFO     | [09:13:39] ✅ DONE | 804680 | 0 responsáveis | 1571/1602 (98.1%) | Falhas: 0
09:13:39 | INFO     | [09:13:39] ✅ DONE | 807791 | 0 responsáveis | 1572/1602 (98.1%) | Falhas: 0
09:13:39 | INFO     | [09:13:39] ✅ DONE | 808927 | 0 responsáveis | 1573/1602 (98.2%) | Falhas: 0
09:13:39 | INFO     | [09:13:39] ✅ DONE | 810305 | 0 responsáveis | 1574/1602 (98.3%) | Falhas: 0
09:13:39 | INFO     | [09:13:39] ✅ DONE | 812135 | 0 responsáveis | 1575/1602 (98.3%) | Falhas: 0
09:13:40 | INFO     | [09:13:40] ✅ DONE | 813073 | 0 responsáveis | 1576/1602 (98.4%) | Falhas: 0
09:13:40 | INFO     | [09:13:40] ✅ DONE | 814446 | 0 responsáveis | 1577/1602 (98.4%) | Falhas: 0
09:13:40 | INFO     | [09:13:40] ✅ DONE | 818149 | 0 responsáveis | 1578/1602 (98.5%) | Falhas: 0
09:13:40 | INFO     | [09:13:40] ✅ DONE | 831150 | 0 responsáveis | 1579/1602 (98.6%) | Falhas: 0
09:13:40 | INFO     | [09:13:40] ✅ DONE | 830926 | 0 responsáveis | 1580/1602 (98.6%) | Falhas: 0
09:13:40 | INFO     | [09:13:40] ✅ DONE | 818388 | 0 responsáveis | 1581/1602 (98.7%) | Falhas: 0
09:13:40 | INFO     | [09:13:40] ✅ DONE | 826230 | 0 responsáveis | 1582/1602 (98.8%) | Falhas: 0
09:13:40 | INFO     | [09:13:40] ✅ DONE | 831945 | 0 responsáveis | 1583/1602 (98.8%) | Falhas: 0
09:13:40 | INFO     | [09:13:40] ✅ DONE | 833286 | 0 responsáveis | 1584/1602 (98.9%) | Falhas: 0
09:13:40 | INFO     | [09:13:40] ✅ DONE | 837306 | 0 responsáveis | 1585/1602 (98.9%) | Falhas: 0
09:13:40 | INFO     | [09:13:40] ✅ DONE | 832609 | 0 responsáveis | 1586/1602 (99.0%) | Falhas: 0
09:13:40 | INFO     | [09:13:40] ✅ DONE | 839682 | 0 responsáveis | 1587/1602 (99.1%) | Falhas: 0
09:13:40 | INFO     | [09:13:40] ✅ DONE | 840678 | 0 responsáveis | 1588/1602 (99.1%) | Falhas: 0
09:13:40 | INFO     | [09:13:40] ✅ DONE | 821962 | 0 responsáveis | 1589/1602 (99.2%) | Falhas: 0
09:13:40 | INFO     | [09:13:40] ✅ DONE | 830689 | 0 responsáveis | 1590/1602 (99.3%) | Falhas: 0
09:13:41 | INFO     | [09:13:41] ✅ DONE | 842823 | 0 responsáveis | 1591/1602 (99.3%) | Falhas: 0
09:13:41 | INFO     | [09:13:41] ✅ DONE | 841875 | 0 responsáveis | 1592/1602 (99.4%) | Falhas: 0
09:13:41 | INFO     | [09:13:41] ✅ DONE | 845428 | 0 responsáveis | 1593/1602 (99.4%) | Falhas: 0
09:13:41 | INFO     | [09:13:41] ✅ DONE | 851849 | 0 responsáveis | 1594/1602 (99.5%) | Falhas: 0
09:13:41 | INFO     | [09:13:41] ✅ DONE | 855371 | 0 responsáveis | 1595/1602 (99.6%) | Falhas: 0
09:13:41 | INFO     | [09:13:41] ✅ DONE | 855483 | 0 responsáveis | 1596/1602 (99.6%) | Falhas: 0
09:13:41 | INFO     | [09:13:41] ✅ DONE | 855537 | 0 responsáveis | 1597/1602 (99.7%) | Falhas: 0
09:13:41 | INFO     | [09:13:41] ✅ DONE | 855573 | 0 responsáveis | 1598/1602 (99.8%) | Falhas: 0
09:13:41 | INFO     | [09:13:41] ✅ DONE | 855611 | 0 responsáveis | 1599/1602 (99.8%) | Falhas: 0
09:13:41 | INFO     | [09:13:41] ✅ DONE | 861319 | 0 responsáveis | 1600/1602 (99.9%) | Falhas: 0
09:13:41 | INFO     | [09:13:41] ✅ DONE | 859999 | 0 responsáveis | 1601/1602 (99.9%) | Falhas: 0
09:13:41 | INFO     | [09:13:41] ✅ DONE | 866008 | 0 responsáveis | 1602/1602 (100.0%) | Falhas: 0
09:13:41 | INFO     | ✅ FIM | Falhas: 0 | SKIPs: 0
09:13:41 | INFO     | ============================================================
09:13:41 | INFO     | 📤 GERANDO contratos_responsaveis.csv...
09:13:41 | INFO     | 📂 1606 arquivo(s) de responsáveis encontrado(s). Processando...
09:13:48 | INFO     | ✅ CSV gerado: data\contratos_responsaveis.csv
09:13:48 | INFO     | Responsáveis : 997
09:13:48 | INFO     | Ativos       : 821
09:13:48 | INFO     | Colunas      : 11
09:13:48 | INFO     | ============================================================
