10:08:45 | INFO     | 🚀 INICIANDO PIPELINE DE EXTRAÇÃO DE COMPRAS PÚBLICAS
10:08:45 | INFO     | ============================================================
10:08:45 | INFO     | ℹ️  Módulo LEGADO está desativado em config.config['CONFIG_APIS']['LEGADO']['executar_legado']; pulando extração.
10:08:45 | INFO     | ▶ Módulo LEI 14.133 — 24 tarefas | 2 threads
10:08:45 | INFO     | ⏭️  SKIPs acumulados: 24 | 24/24 (100.0%) | Falhas: 0
10:08:45 | INFO     |    Concluído — DONE: 0 | SKIP: 24 | FAIL: 0
10:08:45 | INFO     | ============================================================
10:08:45 | INFO     | 📊 RESUMO DA EXTRAÇÃO DE COMPRAS
10:08:45 | INFO     |   Falhas Legado   : 0
10:08:45 | INFO     |   Falhas Lei14133 : 0
10:08:45 | INFO     |   SKIPs           : 0
10:08:45 | INFO     | ============================================================
10:08:45 | INFO     | 📤 GERANDO compras.csv...
10:08:45 | INFO     | 📂 341 arquivo(s) encontrado(s). Processando...
10:08:45 | INFO     | ✅ CSV gerado: data\compras.csv
10:08:45 | INFO     | IDs únicos     : 2395
10:08:45 | INFO     | Legado         : 1924
10:08:45 | INFO     | Lei 14.133     : 471
10:08:45 | INFO     | Com responsável: 2061
10:08:45 | INFO     | Sem objeto     : 0
10:08:45 | INFO     | Colunas        : 27
10:08:45 | INFO     | ============================================================
10:08:45 | INFO     | 🔩 INICIANDO EXTRAÇÃO DE ITENS
10:08:45 | INFO     | 🔍 Coletando ids de compras para montar a fila de itens...
10:08:46 | INFO     | IDs únicos     : 2395
10:08:46 | INFO     | Consultas prev.: 4707  (vs 9580 no modo bruto)
10:08:46 | INFO     | Já em cache    : 4707
10:08:46 | INFO     | A extrair      : 0
10:08:46 | INFO     | TOTAL fila     : 0
10:08:46 | INFO     | ⚠️  Nenhuma compra encontrada ou todas já em cache.
10:08:46 | INFO     | ============================================================
10:08:46 | INFO     | 📤 GERANDO compras_itens.csv...
10:08:46 | INFO     | 📂 4711 arquivo(s) de itens encontrado(s). Processando...
10:08:50 | INFO     | ✅ CSV gerado: data\compras_itens.csv
10:08:50 | INFO     | Itens únicos  : 27985
10:08:50 | INFO     | Legado        : 20870
10:08:50 | INFO     | Lei 14.133    : 7115
10:08:50 | INFO     | Colunas       : 33
10:08:50 | INFO     | ============================================================
10:08:50 | INFO     | 📋 INICIANDO EXTRAÇÃO DE ATAS
10:08:50 | INFO     | UASG      : RT (158132)
10:08:50 | INFO     | Anos      : 2023–2027
10:08:50 | INFO     | A extrair : 5
10:08:50 | INFO     | 🚀 INICIANDO EXTRAÇÃO DE ATAS | WORKERS: 3 | TOTAL: 5
10:08:52 | INFO     | [10:08:52] ✅ DONE | RT | 2024 | 1/5 (20.0%) | Falhas: 0
10:08:52 | INFO     | [10:08:52] ✅ DONE | RT | 2023 | 2/5 (40.0%) | Falhas: 0
10:08:52 | INFO     | [10:08:52] ✅ DONE | RT | 2025 | 3/5 (60.0%) | Falhas: 0
10:08:53 | INFO     | [10:08:53] ✅ DONE | RT | 2027 | 4/5 (80.0%) | Falhas: 0
10:08:53 | INFO     | [10:08:53] ✅ DONE | RT | 2026 | 5/5 (100.0%) | Falhas: 0
10:08:53 | INFO     | ✅ FIM | Falhas: 0
10:08:53 | INFO     | ============================================================
10:08:53 | INFO     | 📤 GERANDO atas.csv...
10:08:53 | INFO     | 📂 5 arquivo(s) de atas encontrado(s). Processando...
10:08:54 | INFO     | ✅ CSV gerado: data\atas.csv
10:08:54 | INFO     | Atas únicas   : 408
10:08:54 | INFO     | Atas excluídas: 0
10:08:54 | INFO     | Colunas       : 22
10:08:54 | INFO     | ============================================================
10:08:54 | INFO     | 📦 INICIANDO EXTRAÇÃO DE ITENS DAS ATAS
10:08:54 | INFO     | UASG        : RT (158132)
10:08:54 | INFO     | Anos        : 2023–2027
10:08:54 | INFO     | Já em cache : 0
10:08:54 | INFO     | A extrair   : 5
10:08:54 | INFO     | 🚀 INICIANDO EXTRAÇÃO DE ITENS DE ATAS | WORKERS: 3 | TOTAL: 5
10:08:56 | INFO     | [10:08:56] ✅ DONE | RT | 2025 | 1/5 (20.0%) | Falhas: 0
10:08:57 | INFO     | [10:08:57] ✅ DONE | RT | 2023 | 2/5 (40.0%) | Falhas: 0
10:08:57 | INFO     | [10:08:57] ✅ DONE | RT | 2024 | 3/5 (60.0%) | Falhas: 0
10:08:58 | INFO     | [10:08:58] ✅ DONE | RT | 2027 | 4/5 (80.0%) | Falhas: 0
10:08:58 | INFO     | [10:08:58] ✅ DONE | RT | 2026 | 5/5 (100.0%) | Falhas: 0
10:08:58 | INFO     | ✅ FIM | Falhas: 0 | SKIPs: 0
10:08:58 | INFO     | ============================================================
10:08:58 | INFO     | 📤 GERANDO atas_itens.csv...
10:08:58 | INFO     | ✅ Mapa de atas carregado: 69 compras | 408 atas conhecidas
10:08:58 | INFO     | 📂 5 arquivo(s) de itens de atas encontrado(s). Processando...
10:08:58 | INFO     | ⚠️  18 ata(s) ausente(s) do atas.csv — gerando esqueletos...
10:08:58 | INFO     | ➕ 10673078000120-1-000010/2026-000001 (ata 00018/2026)
10:08:58 | INFO     | ➕ 10673078000120-1-000010/2026-000002 (ata 00019/2026)
10:08:58 | INFO     | ➕ 10673078000120-1-000023/2025-000001 (ata 00017/2025)
10:08:58 | INFO     | ➕ 10673078000120-1-000118/2025-000002 (ata 00022/2026)
10:08:58 | INFO     | ➕ 10673078000120-1-000118/2025-000003 (ata 00024/2026)
10:08:58 | INFO     | ➕ 10673078000120-1-000118/2025-000004 (ata 00025/2026)
10:08:58 | INFO     | ➕ 10673078000120-1-000118/2025-000005 (ata 00026/2026)
10:08:58 | INFO     | ➕ 10673078000120-1-000118/2025-000006 (ata 00027/2026)
10:08:58 | INFO     | ➕ 10673078000120-1-000118/2025-000010 (ata 00031/2026)
10:08:58 | INFO     | ➕ 10673078000120-1-000118/2025-000011 (ata 00032/2026)
10:08:58 | INFO     | ➕ 10673078000120-1-000118/2025-000015 (ata 00036/2026)
10:08:58 | INFO     | ➕ 10673078000120-1-000118/2025-000016 (ata 00037/2026)
10:08:58 | INFO     | ➕ 10673078000120-1-000118/2025-000017 (ata 00039/2026)
10:08:58 | INFO     | ➕ 10673078000120-1-000118/2025-000019 (ata 00023/2026)
10:08:58 | INFO     | ➕ 10673078000120-1-000118/2025-000020 (ata 00042/2026)
10:08:58 | INFO     | ➕ 10673078000120-1-000118/2025-000021 (ata 00043/2026)
10:08:58 | INFO     | ➕ 10673078000120-1-000118/2025-000023 (ata 00048/2026)
10:08:58 | INFO     | ➕ 10673078000120-1-000118/2025-000024 (ata 00049/2026)
10:08:58 | INFO     | 💾 atas_manuais.json salvo: 18 ata(s) total (18 nova(s))
10:08:58 | INFO     | 🔄 Regenerando atas.csv com as novas entradas manuais...
10:08:58 | INFO     | 📂 6 arquivo(s) de atas encontrado(s). Processando...
10:08:58 | INFO     | ✅ CSV gerado: data\atas.csv
10:08:58 | INFO     | Atas únicas   : 426
10:08:58 | INFO     | Atas excluídas: 0
10:08:58 | INFO     | Colunas       : 22
10:08:58 | INFO     | ✅ Mapa de atas carregado: 70 compras | 426 atas conhecidas
10:08:58 | INFO     | ✅ CSV gerado: data\atas_itens.csv
10:08:58 | INFO     | Itens únicos     : 1425
10:08:58 | INFO     | Material         : 1110
10:08:58 | INFO     | Serviço          : 315
10:08:58 | INFO     | Excluídos        : 0
10:08:58 | INFO     | Sem id_compra    : 0
10:08:58 | INFO     | Sem numero_compra: 0
10:08:58 | INFO     | Colunas          : 35
10:08:58 | INFO     | ============================================================
10:08:58 | INFO     | 💰 INICIANDO EXTRAÇÃO DE SALDOS DAS ATAS
10:08:58 | INFO     | UASG             : RT (158132)
10:08:58 | INFO     | Validade cache   : 3 dias
10:08:58 | INFO     | A extrair/atualizar: 426
10:08:58 | INFO     | 🚀 INICIANDO EXTRAÇÃO DE SALDOS | WORKERS: 3 | TOTAL: 426
10:09:40 | INFO     | [10:09:40] ✅ DONE | RT | 00001/2025 | 1/426 (0.2%) | Falhas: 0
10:09:40 | INFO     | [10:09:40] ✅ DONE | RT | 00001/2023 | 2/426 (0.5%) | Falhas: 0
10:09:40 | INFO     | [10:09:40] ✅ DONE | RT | 00001/2024 | 3/426 (0.7%) | Falhas: 0
10:09:41 | INFO     | [10:09:41] ✅ DONE | RT | 00002/2023 | 4/426 (0.9%) | Falhas: 0
10:09:42 | INFO     | [10:09:42] ✅ DONE | RT | 00001/2026 | 5/426 (1.2%) | Falhas: 0
10:09:43 | INFO     | [10:09:43] ✅ DONE | RT | 00002/2024 | 6/426 (1.4%) | Falhas: 0
10:09:44 | INFO     | [10:09:44] ✅ DONE | RT | 00002/2025 | 7/426 (1.6%) | Falhas: 0
10:09:44 | INFO     | [10:09:44] ✅ DONE | RT | 00002/2026 | 8/426 (1.9%) | Falhas: 0
10:09:44 | INFO     | [10:09:44] ✅ DONE | RT | 00003/2023 | 9/426 (2.1%) | Falhas: 0
10:09:46 | INFO     | [10:09:46] ✅ DONE | RT | 00003/2024 | 10/426 (2.3%) | Falhas: 0
10:09:46 | INFO     | [10:09:46] ✅ DONE | RT | 00003/2025 | 11/426 (2.6%) | Falhas: 0
10:09:48 | INFO     | [10:09:48] ✅ DONE | RT | 00003/2026 | 12/426 (2.8%) | Falhas: 0
10:09:48 | INFO     | [10:09:48] ✅ DONE | RT | 00004/2024 | 13/426 (3.1%) | Falhas: 0
10:09:50 | INFO     | [10:09:50] ✅ DONE | RT | 00004/2023 | 14/426 (3.3%) | Falhas: 0
10:09:50 | INFO     | [10:09:50] ✅ DONE | RT | 00004/2025 | 15/426 (3.5%) | Falhas: 0
10:09:51 | INFO     | [10:09:51] ✅ DONE | RT | 00005/2023 | 16/426 (3.8%) | Falhas: 0
10:09:51 | INFO     | [10:09:51] ✅ DONE | RT | 00004/2026 | 17/426 (4.0%) | Falhas: 0
10:09:51 | INFO     | [10:09:51] ✅ DONE | RT | 00005/2024 | 18/426 (4.2%) | Falhas: 0
10:09:52 | INFO     | [10:09:52] ✅ DONE | RT | 00005/2025 | 19/426 (4.5%) | Falhas: 0
10:09:53 | INFO     | [10:09:53] ✅ DONE | RT | 00005/2026 | 20/426 (4.7%) | Falhas: 0
10:09:53 | INFO     | [10:09:53] ✅ DONE | RT | 00006/2023 | 21/426 (4.9%) | Falhas: 0
10:09:54 | INFO     | [10:09:54] ✅ DONE | RT | 00006/2024 | 22/426 (5.2%) | Falhas: 0
10:09:54 | INFO     | [10:09:54] ✅ DONE | RT | 00006/2026 | 23/426 (5.4%) | Falhas: 0
10:09:55 | INFO     | [10:09:55] ✅ DONE | RT | 00007/2023 | 24/426 (5.6%) | Falhas: 0
10:09:55 | INFO     | [10:09:55] ✅ DONE | RT | 00006/2025 | 25/426 (5.9%) | Falhas: 0
10:09:56 | INFO     | [10:09:56] ✅ DONE | RT | 00007/2025 | 26/426 (6.1%) | Falhas: 0
10:09:56 | INFO     | [10:09:56] ✅ DONE | RT | 00007/2024 | 27/426 (6.3%) | Falhas: 0
10:09:57 | INFO     | [10:09:57] ✅ DONE | RT | 00007/2026 | 28/426 (6.6%) | Falhas: 0
10:09:59 | INFO     | [10:09:59] ✅ DONE | RT | 00008/2023 | 29/426 (6.8%) | Falhas: 0
10:09:59 | INFO     | [10:09:59] ✅ DONE | RT | 00008/2024 | 30/426 (7.0%) | Falhas: 0
10:09:59 | INFO     | [10:09:59] ✅ DONE | RT | 00008/2025 | 31/426 (7.3%) | Falhas: 0
10:10:01 | INFO     | [10:10:01] ✅ DONE | RT | 00009/2023 | 32/426 (7.5%) | Falhas: 0
10:10:01 | INFO     | [10:10:01] ✅ DONE | RT | 00008/2026 | 33/426 (7.7%) | Falhas: 0
10:10:01 | INFO     | [10:10:01] ✅ DONE | RT | 00009/2024 | 34/426 (8.0%) | Falhas: 0
10:10:03 | INFO     | [10:10:03] ✅ DONE | RT | 00010/2023 | 35/426 (8.2%) | Falhas: 0
10:10:03 | INFO     | [10:10:03] ✅ DONE | RT | 00009/2026 | 36/426 (8.5%) | Falhas: 0
10:10:03 | INFO     | [10:10:03] ✅ DONE | RT | 00009/2025 | 37/426 (8.7%) | Falhas: 0
10:10:04 | INFO     | [10:10:04] ✅ DONE | RT | 00010/2026 | 38/426 (8.9%) | Falhas: 0
10:10:05 | INFO     | [10:10:05] ✅ DONE | RT | 00010/2025 | 39/426 (9.2%) | Falhas: 0
10:10:06 | INFO     | [10:10:06] ✅ DONE | RT | 00010/2024 | 40/426 (9.4%) | Falhas: 0
10:10:06 | INFO     | [10:10:06] ✅ DONE | RT | 00011/2024 | 41/426 (9.6%) | Falhas: 0
10:10:07 | INFO     | [10:10:07] ✅ DONE | RT | 00011/2023 | 42/426 (9.9%) | Falhas: 0
10:10:07 | INFO     | [10:10:07] ✅ DONE | RT | 00011/2025 | 43/426 (10.1%) | Falhas: 0
10:10:08 | INFO     | [10:10:08] ✅ DONE | RT | 00011/2026 | 44/426 (10.3%) | Falhas: 0
10:10:08 | INFO     | [10:10:08] ✅ DONE | RT | 00012/2024 | 45/426 (10.6%) | Falhas: 0
10:10:08 | INFO     | [10:10:08] ✅ DONE | RT | 00012/2023 | 46/426 (10.8%) | Falhas: 0
10:10:09 | INFO     | [10:10:09] ✅ DONE | RT | 00013/2023 | 47/426 (11.0%) | Falhas: 0
10:10:09 | INFO     | [10:10:09] ✅ DONE | RT | 00012/2026 | 48/426 (11.3%) | Falhas: 0
10:10:10 | INFO     | [10:10:10] ✅ DONE | RT | 00013/2024 | 49/426 (11.5%) | Falhas: 0
10:10:10 | INFO     | [10:10:10] ✅ DONE | RT | 00013/2026 | 50/426 (11.7%) | Falhas: 0
10:10:10 | INFO     | [10:10:10] ✅ DONE | RT | 00014/2023 | 51/426 (12.0%) | Falhas: 0
10:10:11 | INFO     | [10:10:11] ✅ DONE | RT | 00014/2024 | 52/426 (12.2%) | Falhas: 0
10:10:11 | INFO     | [10:10:11] ✅ DONE | RT | 00014/2026 | 53/426 (12.4%) | Falhas: 0
10:10:11 | INFO     | [10:10:11] ✅ DONE | RT | 00015/2023 | 54/426 (12.7%) | Falhas: 0
10:10:12 | INFO     | [10:10:12] ✅ DONE | RT | 00015/2025 | 55/426 (12.9%) | Falhas: 0
10:10:12 | INFO     | [10:10:12] ✅ DONE | RT | 00015/2026 | 56/426 (13.1%) | Falhas: 0
10:10:13 | INFO     | [10:10:13] ✅ DONE | RT | 00015/2024 | 57/426 (13.4%) | Falhas: 0
10:10:13 | INFO     | [10:10:13] ✅ DONE | RT | 00016/2023 | 58/426 (13.6%) | Falhas: 0
10:10:14 | INFO     | [10:10:14] ✅ DONE | RT | 00016/2024 | 59/426 (13.8%) | Falhas: 0
10:10:15 | INFO     | [10:10:15] ✅ DONE | RT | 00016/2025 | 60/426 (14.1%) | Falhas: 0
10:10:15 | INFO     | [10:10:15] ✅ DONE | RT | 00016/2026 | 61/426 (14.3%) | Falhas: 0
10:10:16 | INFO     | [10:10:16] ✅ DONE | RT | 00017/2023 | 62/426 (14.6%) | Falhas: 0
10:10:17 | INFO     | [10:10:17] ✅ DONE | RT | 00017/2024 | 63/426 (14.8%) | Falhas: 0
10:10:18 | INFO     | [10:10:18] ✅ DONE | RT | 00017/2026 | 64/426 (15.0%) | Falhas: 0
10:10:18 | INFO     | [10:10:18] ✅ DONE | RT | 00018/2023 | 65/426 (15.3%) | Falhas: 0
10:10:20 | INFO     | [10:10:20] ✅ DONE | RT | 00018/2024 | 66/426 (15.5%) | Falhas: 0
10:10:20 | INFO     | [10:10:20] ✅ DONE | RT | 00017/2025 | 67/426 (15.7%) | Falhas: 0
10:10:20 | INFO     | [10:10:20] ✅ DONE | RT | 00018/2025 | 68/426 (16.0%) | Falhas: 0
10:10:23 | INFO     | [10:10:23] ✅ DONE | RT | 00019/2023 | 69/426 (16.2%) | Falhas: 0
10:10:23 | INFO     | [10:10:23] ✅ DONE | RT | 00018/2026 | 70/426 (16.4%) | Falhas: 0
10:10:23 | INFO     | [10:10:23] ✅ DONE | RT | 00019/2024 | 71/426 (16.7%) | Falhas: 0
10:10:24 | INFO     | [10:10:24] ✅ DONE | RT | 00020/2023 | 72/426 (16.9%) | Falhas: 0
10:10:25 | INFO     | [10:10:25] ✅ DONE | RT | 00019/2025 | 73/426 (17.1%) | Falhas: 0
10:10:25 | INFO     | [10:10:25] ✅ DONE | RT | 00019/2026 | 74/426 (17.4%) | Falhas: 0
10:10:26 | INFO     | [10:10:26] ✅ DONE | RT | 00020/2025 | 75/426 (17.6%) | Falhas: 0
10:10:26 | INFO     | [10:10:26] ✅ DONE | RT | 00020/2024 | 76/426 (17.8%) | Falhas: 0
10:10:26 | INFO     | [10:10:26] ✅ DONE | RT | 00020/2026 | 77/426 (18.1%) | Falhas: 0
10:10:28 | INFO     | [10:10:28] ✅ DONE | RT | 00021/2023 | 78/426 (18.3%) | Falhas: 0
10:10:28 | INFO     | [10:10:28] ✅ DONE | RT | 00021/2024 | 79/426 (18.5%) | Falhas: 0
10:10:29 | INFO     | [10:10:29] ✅ DONE | RT | 00021/2025 | 80/426 (18.8%) | Falhas: 0
10:10:29 | INFO     | [10:10:29] ✅ DONE | RT | 00021/2026 | 81/426 (19.0%) | Falhas: 0
10:10:30 | INFO     | [10:10:30] ✅ DONE | RT | 00022/2024 | 82/426 (19.2%) | Falhas: 0
10:10:31 | INFO     | [10:10:31] ✅ DONE | RT | 00022/2023 | 83/426 (19.5%) | Falhas: 0
10:10:31 | INFO     | [10:10:31] ✅ DONE | RT | 00022/2025 | 84/426 (19.7%) | Falhas: 0
10:10:32 | INFO     | [10:10:32] ✅ DONE | RT | 00022/2026 | 85/426 (20.0%) | Falhas: 0
10:10:32 | INFO     | [10:10:32] ✅ DONE | RT | 00023/2024 | 86/426 (20.2%) | Falhas: 0
10:10:33 | INFO     | [10:10:33] ✅ DONE | RT | 00023/2023 | 87/426 (20.4%) | Falhas: 0
10:10:34 | INFO     | [10:10:34] ✅ DONE | RT | 00023/2026 | 88/426 (20.7%) | Falhas: 0
10:10:34 | INFO     | [10:10:34] ✅ DONE | RT | 00023/2025 | 89/426 (20.9%) | Falhas: 0
10:10:34 | INFO     | [10:10:34] ✅ DONE | RT | 00024/2023 | 90/426 (21.1%) | Falhas: 0
10:10:35 | INFO     | [10:10:35] ✅ DONE | RT | 00024/2026 | 91/426 (21.4%) | Falhas: 0
10:10:35 | INFO     | [10:10:35] ✅ DONE | RT | 00024/2025 | 92/426 (21.6%) | Falhas: 0
10:10:35 | INFO     | [10:10:35] ✅ DONE | RT | 00024/2024 | 93/426 (21.8%) | Falhas: 0
10:10:37 | INFO     | [10:10:37] ✅ DONE | RT | 00025/2025 | 94/426 (22.1%) | Falhas: 0
10:10:37 | INFO     | [10:10:37] ✅ DONE | RT | 00025/2024 | 95/426 (22.3%) | Falhas: 0
10:10:37 | INFO     | [10:10:37] ✅ DONE | RT | 00025/2023 | 96/426 (22.5%) | Falhas: 0
10:10:38 | INFO     | [10:10:38] ✅ DONE | RT | 00025/2026 | 97/426 (22.8%) | Falhas: 0
10:10:38 | INFO     | [10:10:38] ✅ DONE | RT | 00026/2023 | 98/426 (23.0%) | Falhas: 0
10:10:39 | INFO     | [10:10:39] ✅ DONE | RT | 00026/2024 | 99/426 (23.2%) | Falhas: 0
10:10:39 | INFO     | [10:10:39] ✅ DONE | RT | 00026/2025 | 100/426 (23.5%) | Falhas: 0
10:10:40 | INFO     | [10:10:40] ✅ DONE | RT | 00026/2026 | 101/426 (23.7%) | Falhas: 0
10:10:41 | INFO     | [10:10:41] ✅ DONE | RT | 00027/2024 | 102/426 (23.9%) | Falhas: 0
10:10:41 | INFO     | [10:10:41] ✅ DONE | RT | 00027/2023 | 103/426 (24.2%) | Falhas: 0
10:10:43 | INFO     | [10:10:43] ✅ DONE | RT | 00028/2023 | 104/426 (24.4%) | Falhas: 0
10:10:43 | INFO     | [10:10:43] ✅ DONE | RT | 00027/2026 | 105/426 (24.6%) | Falhas: 0
10:10:44 | INFO     | [10:10:44] ✅ DONE | RT | 00028/2024 | 106/426 (24.9%) | Falhas: 0
10:10:45 | INFO     | [10:10:45] ✅ DONE | RT | 00028/2025 | 107/426 (25.1%) | Falhas: 0
10:10:45 | INFO     | [10:10:45] ✅ DONE | RT | 00028/2026 | 108/426 (25.4%) | Falhas: 0
10:10:47 | INFO     | [10:10:47] ✅ DONE | RT | 00029/2023 | 109/426 (25.6%) | Falhas: 0
10:10:47 | INFO     | [10:10:47] ✅ DONE | RT | 00029/2024 | 110/426 (25.8%) | Falhas: 0
10:10:49 | INFO     | [10:10:49] ✅ DONE | RT | 00029/2025 | 111/426 (26.1%) | Falhas: 0
10:10:50 | INFO     | [10:10:50] ✅ DONE | RT | 00029/2026 | 112/426 (26.3%) | Falhas: 0
10:10:50 | INFO     | [10:10:50] ✅ DONE | RT | 00030/2023 | 113/426 (26.5%) | Falhas: 0
10:10:50 | INFO     | [10:10:50] ✅ DONE | RT | 00030/2024 | 114/426 (26.8%) | Falhas: 0
10:10:52 | INFO     | [10:10:52] ✅ DONE | RT | 00030/2026 | 115/426 (27.0%) | Falhas: 0
10:10:52 | INFO     | [10:10:52] ✅ DONE | RT | 00030/2025 | 116/426 (27.2%) | Falhas: 0
10:10:53 | INFO     | [10:10:53] ✅ DONE | RT | 00031/2023 | 117/426 (27.5%) | Falhas: 0
10:10:53 | INFO     | [10:10:53] ✅ DONE | RT | 00031/2024 | 118/426 (27.7%) | Falhas: 0
10:10:55 | INFO     | [10:10:55] ✅ DONE | RT | 00031/2025 | 119/426 (27.9%) | Falhas: 0
10:10:55 | INFO     | [10:10:55] ✅ DONE | RT | 00031/2026 | 120/426 (28.2%) | Falhas: 0
10:10:56 | INFO     | [10:10:56] ✅ DONE | RT | 00032/2023 | 121/426 (28.4%) | Falhas: 0
10:10:57 | INFO     | [10:10:57] ✅ DONE | RT | 00032/2024 | 122/426 (28.6%) | Falhas: 0
10:10:57 | INFO     | [10:10:57] ✅ DONE | RT | 00027/2025 | 123/426 (28.9%) | Falhas: 0
10:10:58 | INFO     | [10:10:58] ✅ DONE | RT | 00032/2025 | 124/426 (29.1%) | Falhas: 0
10:10:58 | INFO     | [10:10:58] ✅ DONE | RT | 00032/2026 | 125/426 (29.3%) | Falhas: 0
10:10:59 | INFO     | [10:10:59] ✅ DONE | RT | 00033/2023 | 126/426 (29.6%) | Falhas: 0
10:11:00 | INFO     | [10:11:00] ✅ DONE | RT | 00033/2024 | 127/426 (29.8%) | Falhas: 0
10:11:01 | INFO     | [10:11:01] ✅ DONE | RT | 00033/2025 | 128/426 (30.0%) | Falhas: 0
10:11:01 | INFO     | [10:11:01] ✅ DONE | RT | 00033/2026 | 129/426 (30.3%) | Falhas: 0
10:11:02 | INFO     | [10:11:02] ✅ DONE | RT | 00034/2023 | 130/426 (30.5%) | Falhas: 0
10:11:03 | INFO     | [10:11:03] ✅ DONE | RT | 00034/2025 | 131/426 (30.8%) | Falhas: 0
10:11:03 | INFO     | [10:11:03] ✅ DONE | RT | 00034/2024 | 132/426 (31.0%) | Falhas: 0
10:11:04 | INFO     | [10:11:04] ✅ DONE | RT | 00034/2026 | 133/426 (31.2%) | Falhas: 0
10:11:05 | INFO     | [10:11:05] ✅ DONE | RT | 00035/2025 | 134/426 (31.5%) | Falhas: 0
10:11:05 | INFO     | [10:11:05] ✅ DONE | RT | 00035/2023 | 135/426 (31.7%) | Falhas: 0
10:11:05 | INFO     | [10:11:05] ✅ DONE | RT | 00035/2024 | 136/426 (31.9%) | Falhas: 0
10:11:06 | INFO     | [10:11:06] ✅ DONE | RT | 00035/2026 | 137/426 (32.2%) | Falhas: 0
10:11:06 | INFO     | [10:11:06] ✅ DONE | RT | 00036/2024 | 138/426 (32.4%) | Falhas: 0
10:11:07 | INFO     | [10:11:07] ✅ DONE | RT | 00036/2023 | 139/426 (32.6%) | Falhas: 0
10:11:07 | INFO     | [10:11:07] ✅ DONE | RT | 00036/2025 | 140/426 (32.9%) | Falhas: 0
10:11:07 | INFO     | [10:11:07] ✅ DONE | RT | 00036/2026 | 141/426 (33.1%) | Falhas: 0
10:11:08 | INFO     | [10:11:08] ✅ DONE | RT | 00037/2024 | 142/426 (33.3%) | Falhas: 0
10:11:09 | INFO     | [10:11:09] ✅ DONE | RT | 00037/2023 | 143/426 (33.6%) | Falhas: 0
10:11:09 | INFO     | [10:11:09] ✅ DONE | RT | 00037/2025 | 144/426 (33.8%) | Falhas: 0
10:11:10 | INFO     | [10:11:10] ✅ DONE | RT | 00037/2026 | 145/426 (34.0%) | Falhas: 0
10:11:10 | INFO     | [10:11:10] ✅ DONE | RT | 00038/2023 | 146/426 (34.3%) | Falhas: 0
10:11:11 | INFO     | [10:11:11] ✅ DONE | RT | 00038/2024 | 147/426 (34.5%) | Falhas: 0
10:11:11 | INFO     | [10:11:11] ✅ DONE | RT | 00038/2025 | 148/426 (34.7%) | Falhas: 0
10:11:11 | INFO     | [10:11:11] ✅ DONE | RT | 00038/2026 | 149/426 (35.0%) | Falhas: 0
10:11:12 | INFO     | [10:11:12] ✅ DONE | RT | 00039/2023 | 150/426 (35.2%) | Falhas: 0
10:11:12 | INFO     | [10:11:12] ✅ DONE | RT | 00039/2025 | 151/426 (35.4%) | Falhas: 0
10:11:13 | INFO     | [10:11:13] ✅ DONE | RT | 00039/2026 | 152/426 (35.7%) | Falhas: 0
10:11:14 | INFO     | [10:11:14] ✅ DONE | RT | 00039/2024 | 153/426 (35.9%) | Falhas: 0
10:11:14 | INFO     | [10:11:14] ✅ DONE | RT | 00040/2023 | 154/426 (36.2%) | Falhas: 0
10:11:15 | INFO     | [10:11:15] ✅ DONE | RT | 00040/2025 | 155/426 (36.4%) | Falhas: 0
10:11:15 | INFO     | [10:11:15] ✅ DONE | RT | 00040/2026 | 156/426 (36.6%) | Falhas: 0
10:11:15 | INFO     | [10:11:15] ✅ DONE | RT | 00041/2024 | 157/426 (36.9%) | Falhas: 0
10:11:17 | INFO     | [10:11:17] ✅ DONE | RT | 00041/2025 | 158/426 (37.1%) | Falhas: 0
10:11:17 | INFO     | [10:11:17] ✅ DONE | RT | 00041/2026 | 159/426 (37.3%) | Falhas: 0
10:11:17 | INFO     | [10:11:17] ✅ DONE | RT | 00042/2024 | 160/426 (37.6%) | Falhas: 0
10:11:19 | INFO     | [10:11:19] ✅ DONE | RT | 00042/2025 | 161/426 (37.8%) | Falhas: 0
10:11:19 | INFO     | [10:11:19] ✅ DONE | RT | 00043/2024 | 162/426 (38.0%) | Falhas: 0
10:11:19 | INFO     | [10:11:19] ✅ DONE | RT | 00042/2026 | 163/426 (38.3%) | Falhas: 0
10:11:22 | INFO     | [10:11:22] ✅ DONE | RT | 00043/2025 | 164/426 (38.5%) | Falhas: 0
10:11:22 | INFO     | [10:11:22] ✅ DONE | RT | 00043/2026 | 165/426 (38.7%) | Falhas: 0
10:11:22 | INFO     | [10:11:22] ✅ DONE | RT | 00044/2024 | 166/426 (39.0%) | Falhas: 0
10:11:23 | INFO     | [10:11:23] ✅ DONE | RT | 00044/2025 | 167/426 (39.2%) | Falhas: 0
10:11:24 | INFO     | [10:11:24] ✅ DONE | RT | 00044/2026 | 168/426 (39.4%) | Falhas: 0
10:11:25 | INFO     | [10:11:25] ✅ DONE | RT | 00045/2025 | 169/426 (39.7%) | Falhas: 0
10:11:25 | INFO     | [10:11:25] ✅ DONE | RT | 00045/2024 | 170/426 (39.9%) | Falhas: 0
10:11:26 | INFO     | [10:11:26] ✅ DONE | RT | 00046/2024 | 171/426 (40.1%) | Falhas: 0
10:11:26 | INFO     | [10:11:26] ✅ DONE | RT | 00045/2026 | 172/426 (40.4%) | Falhas: 0
10:11:28 | INFO     | [10:11:28] ✅ DONE | RT | 00046/2025 | 173/426 (40.6%) | Falhas: 0
10:11:28 | INFO     | [10:11:28] ✅ DONE | RT | 00046/2026 | 174/426 (40.8%) | Falhas: 0
10:11:29 | INFO     | [10:11:29] ✅ DONE | RT | 00047/2024 | 175/426 (41.1%) | Falhas: 0
10:11:29 | INFO     | [10:11:29] ✅ DONE | RT | 00047/2025 | 176/426 (41.3%) | Falhas: 0
10:11:31 | INFO     | [10:11:31] ✅ DONE | RT | 00047/2026 | 177/426 (41.5%) | Falhas: 0
10:11:32 | INFO     | [10:11:32] ✅ DONE | RT | 00048/2025 | 178/426 (41.8%) | Falhas: 0
10:11:33 | INFO     | [10:11:33] ✅ DONE | RT | 00048/2026 | 179/426 (42.0%) | Falhas: 0
10:11:33 | INFO     | [10:11:33] ✅ DONE | RT | 00048/2024 | 180/426 (42.3%) | Falhas: 0
10:11:33 | INFO     | [10:11:33] ✅ DONE | RT | 00049/2024 | 181/426 (42.5%) | Falhas: 0
10:11:35 | INFO     | [10:11:35] ✅ DONE | RT | 00049/2025 | 182/426 (42.7%) | Falhas: 0
10:11:35 | INFO     | [10:11:35] ✅ DONE | RT | 00049/2026 | 183/426 (43.0%) | Falhas: 0
10:11:36 | INFO     | [10:11:36] ✅ DONE | RT | 00050/2024 | 184/426 (43.2%) | Falhas: 0
10:11:37 | INFO     | [10:11:37] ✅ DONE | RT | 00051/2024 | 185/426 (43.4%) | Falhas: 0
10:11:37 | INFO     | [10:11:37] ✅ DONE | RT | 00050/2025 | 186/426 (43.7%) | Falhas: 0
10:11:37 | INFO     | [10:11:37] ✅ DONE | RT | 00050/2026 | 187/426 (43.9%) | Falhas: 0
10:11:38 | INFO     | [10:11:38] ✅ DONE | RT | 00051/2025 | 188/426 (44.1%) | Falhas: 0
10:11:39 | INFO     | [10:11:39] ✅ DONE | RT | 00052/2024 | 189/426 (44.4%) | Falhas: 0
10:11:39 | INFO     | [10:11:39] ✅ DONE | RT | 00051/2026 | 190/426 (44.6%) | Falhas: 0
10:11:40 | INFO     | [10:11:40] ✅ DONE | RT | 00052/2025 | 191/426 (44.8%) | Falhas: 0
10:11:40 | INFO     | [10:11:40] ✅ DONE | RT | 00053/2025 | 192/426 (45.1%) | Falhas: 0
10:11:41 | INFO     | [10:11:41] ✅ DONE | RT | 00053/2024 | 193/426 (45.3%) | Falhas: 0
10:11:42 | INFO     | [10:11:42] ✅ DONE | RT | 00053/2026 | 194/426 (45.5%) | Falhas: 0
10:11:42 | INFO     | [10:11:42] ✅ DONE | RT | 00054/2026 | 195/426 (45.8%) | Falhas: 0
10:11:43 | INFO     | [10:11:43] ✅ DONE | RT | 00054/2025 | 196/426 (46.0%) | Falhas: 0
10:11:43 | INFO     | [10:11:43] ✅ DONE | RT | 00054/2024 | 197/426 (46.2%) | Falhas: 0
10:11:44 | INFO     | [10:11:44] ✅ DONE | RT | 00055/2024 | 198/426 (46.5%) | Falhas: 0
10:11:44 | INFO     | [10:11:44] ✅ DONE | RT | 00055/2025 | 199/426 (46.7%) | Falhas: 0
10:11:45 | INFO     | [10:11:45] ✅ DONE | RT | 00056/2025 | 200/426 (46.9%) | Falhas: 0
10:11:45 | INFO     | [10:11:45] ✅ DONE | RT | 00055/2026 | 201/426 (47.2%) | Falhas: 0
10:11:45 | INFO     | [10:11:45] ✅ DONE | RT | 00056/2024 | 202/426 (47.4%) | Falhas: 0
10:11:46 | INFO     | [10:11:46] ✅ DONE | RT | 00056/2026 | 203/426 (47.7%) | Falhas: 0
10:11:47 | INFO     | [10:11:47] ✅ DONE | RT | 00057/2024 | 204/426 (47.9%) | Falhas: 0
10:11:47 | INFO     | [10:11:47] ✅ DONE | RT | 00057/2025 | 205/426 (48.1%) | Falhas: 0
10:11:47 | INFO     | [10:11:47] ✅ DONE | RT | 00057/2026 | 206/426 (48.4%) | Falhas: 0
10:11:48 | INFO     | [10:11:48] ✅ DONE | RT | 00058/2025 | 207/426 (48.6%) | Falhas: 0
10:11:49 | INFO     | [10:11:49] ✅ DONE | RT | 00058/2026 | 208/426 (48.8%) | Falhas: 0
10:11:49 | INFO     | [10:11:49] ✅ DONE | RT | 00058/2024 | 209/426 (49.1%) | Falhas: 0
10:11:50 | INFO     | [10:11:50] ✅ DONE | RT | 00059/2026 | 210/426 (49.3%) | Falhas: 0
10:11:50 | INFO     | [10:11:50] ✅ DONE | RT | 00059/2024 | 211/426 (49.5%) | Falhas: 0
10:11:50 | INFO     | [10:11:50] ✅ DONE | RT | 00059/2025 | 212/426 (49.8%) | Falhas: 0
10:11:51 | INFO     | [10:11:51] ✅ DONE | RT | 00060/2024 | 213/426 (50.0%) | Falhas: 0
10:11:52 | INFO     | [10:11:52] ✅ DONE | RT | 00060/2025 | 214/426 (50.2%) | Falhas: 0
10:11:52 | INFO     | [10:11:52] ✅ DONE | RT | 00061/2024 | 215/426 (50.5%) | Falhas: 0
10:11:53 | INFO     | [10:11:53] ✅ DONE | RT | 00061/2026 | 216/426 (50.7%) | Falhas: 0
10:11:53 | INFO     | [10:11:53] ✅ DONE | RT | 00061/2025 | 217/426 (50.9%) | Falhas: 0
10:11:55 | INFO     | [10:11:55] ✅ DONE | RT | 00062/2024 | 218/426 (51.2%) | Falhas: 0
10:11:56 | INFO     | [10:11:56] ✅ DONE | RT | 00062/2025 | 219/426 (51.4%) | Falhas: 0
10:11:57 | INFO     | [10:11:57] ✅ DONE | RT | 00063/2024 | 220/426 (51.6%) | Falhas: 0
10:11:57 | INFO     | [10:11:57] ✅ DONE | RT | 00062/2026 | 221/426 (51.9%) | Falhas: 0
10:11:58 | INFO     | [10:11:58] ✅ DONE | RT | 00063/2025 | 222/426 (52.1%) | Falhas: 0
10:11:58 | INFO     | [10:11:58] ✅ DONE | RT | 00063/2026 | 223/426 (52.3%) | Falhas: 0
10:11:59 | INFO     | [10:11:59] ✅ DONE | RT | 00064/2024 | 224/426 (52.6%) | Falhas: 0
10:12:00 | INFO     | [10:12:00] ✅ DONE | RT | 00064/2026 | 225/426 (52.8%) | Falhas: 0
10:12:00 | INFO     | [10:12:00] ✅ DONE | RT | 00064/2025 | 226/426 (53.1%) | Falhas: 0
10:12:02 | INFO     | [10:12:02] ✅ DONE | RT | 00065/2025 | 227/426 (53.3%) | Falhas: 0
10:12:03 | INFO     | [10:12:03] ✅ DONE | RT | 00065/2024 | 228/426 (53.5%) | Falhas: 0
10:12:04 | INFO     | [10:12:04] ✅ DONE | RT | 00066/2024 | 229/426 (53.8%) | Falhas: 0
10:12:04 | INFO     | [10:12:04] ✅ DONE | RT | 00065/2026 | 230/426 (54.0%) | Falhas: 0
10:12:05 | INFO     | [10:12:05] ✅ DONE | RT | 00066/2025 | 231/426 (54.2%) | Falhas: 0
10:12:06 | INFO     | [10:12:06] ✅ DONE | RT | 00066/2026 | 232/426 (54.5%) | Falhas: 0
10:12:07 | INFO     | [10:12:07] ✅ DONE | RT | 00067/2024 | 233/426 (54.7%) | Falhas: 0
10:12:07 | INFO     | [10:12:07] ✅ DONE | RT | 00067/2025 | 234/426 (54.9%) | Falhas: 0
10:12:09 | INFO     | [10:12:09] ✅ DONE | RT | 00060/2026 | 235/426 (55.2%) | Falhas: 0
10:12:09 | INFO     | [10:12:09] ✅ DONE | RT | 00068/2024 | 236/426 (55.4%) | Falhas: 0
10:12:10 | INFO     | [10:12:10] ✅ DONE | RT | 00067/2026 | 237/426 (55.6%) | Falhas: 0
10:12:10 | INFO     | [10:12:10] ✅ DONE | RT | 00068/2025 | 238/426 (55.9%) | Falhas: 0
10:12:11 | INFO     | [10:12:11] ✅ DONE | RT | 00069/2024 | 239/426 (56.1%) | Falhas: 0
10:12:11 | INFO     | [10:12:11] ✅ DONE | RT | 00068/2026 | 240/426 (56.3%) | Falhas: 0
10:12:12 | INFO     | [10:12:12] ✅ DONE | RT | 00069/2025 | 241/426 (56.6%) | Falhas: 0
10:12:13 | INFO     | [10:12:13] ✅ DONE | RT | 00070/2024 | 242/426 (56.8%) | Falhas: 0
10:12:14 | INFO     | [10:12:14] ✅ DONE | RT | 00070/2025 | 243/426 (57.0%) | Falhas: 0
10:12:14 | INFO     | [10:12:14] ✅ DONE | RT | 00071/2024 | 244/426 (57.3%) | Falhas: 0
10:12:15 | INFO     | [10:12:15] ✅ DONE | RT | 00071/2025 | 245/426 (57.5%) | Falhas: 0
10:12:15 | INFO     | [10:12:15] ✅ DONE | RT | 00072/2024 | 246/426 (57.7%) | Falhas: 0
10:12:16 | INFO     | [10:12:16] ✅ DONE | RT | 00072/2025 | 247/426 (58.0%) | Falhas: 0
10:12:17 | INFO     | [10:12:17] ✅ DONE | RT | 00073/2024 | 248/426 (58.2%) | Falhas: 0
10:12:17 | INFO     | [10:12:17] ✅ DONE | RT | 00073/2025 | 249/426 (58.5%) | Falhas: 0
10:12:18 | INFO     | [10:12:18] ✅ DONE | RT | 00074/2025 | 250/426 (58.7%) | Falhas: 0
10:12:18 | INFO     | [10:12:18] ✅ DONE | RT | 00074/2024 | 251/426 (58.9%) | Falhas: 0
10:12:20 | INFO     | [10:12:20] ✅ DONE | RT | 00076/2024 | 252/426 (59.2%) | Falhas: 0
10:12:20 | INFO     | [10:12:20] ✅ DONE | RT | 00075/2024 | 253/426 (59.4%) | Falhas: 0
10:12:21 | INFO     | [10:12:21] ✅ DONE | RT | 00075/2025 | 254/426 (59.6%) | Falhas: 0
10:12:21 | INFO     | [10:12:21] ✅ DONE | RT | 00076/2025 | 255/426 (59.9%) | Falhas: 0
10:12:22 | INFO     | [10:12:22] ✅ DONE | RT | 00077/2024 | 256/426 (60.1%) | Falhas: 0
10:12:23 | INFO     | [10:12:23] ✅ DONE | RT | 00077/2025 | 257/426 (60.3%) | Falhas: 0
10:12:24 | INFO     | [10:12:24] ✅ DONE | RT | 00078/2024 | 258/426 (60.6%) | Falhas: 0
10:12:24 | INFO     | [10:12:24] ✅ DONE | RT | 00078/2025 | 259/426 (60.8%) | Falhas: 0
10:12:25 | INFO     | [10:12:25] ✅ DONE | RT | 00080/2024 | 260/426 (61.0%) | Falhas: 0
10:12:25 | INFO     | [10:12:25] ✅ DONE | RT | 00079/2024 | 261/426 (61.3%) | Falhas: 0
10:12:26 | INFO     | [10:12:26] ✅ DONE | RT | 00080/2025 | 262/426 (61.5%) | Falhas: 0
10:12:27 | INFO     | [10:12:27] ✅ DONE | RT | 00081/2024 | 263/426 (61.7%) | Falhas: 0
10:12:27 | INFO     | [10:12:27] ✅ DONE | RT | 00079/2025 | 264/426 (62.0%) | Falhas: 0
10:12:28 | INFO     | [10:12:28] ✅ DONE | RT | 00082/2025 | 265/426 (62.2%) | Falhas: 0
10:12:29 | INFO     | [10:12:29] ✅ DONE | RT | 00081/2025 | 266/426 (62.4%) | Falhas: 0
10:12:29 | INFO     | [10:12:29] ✅ DONE | RT | 00083/2024 | 267/426 (62.7%) | Falhas: 0
10:12:30 | INFO     | [10:12:30] ✅ DONE | RT | 00082/2024 | 268/426 (62.9%) | Falhas: 0
10:12:30 | INFO     | [10:12:30] ✅ DONE | RT | 00084/2024 | 269/426 (63.1%) | Falhas: 0
10:12:31 | INFO     | [10:12:31] ✅ DONE | RT | 00084/2025 | 270/426 (63.4%) | Falhas: 0
10:12:31 | INFO     | [10:12:31] ✅ DONE | RT | 00083/2025 | 271/426 (63.6%) | Falhas: 0
10:12:31 | INFO     | [10:12:31] ✅ DONE | RT | 00085/2024 | 272/426 (63.8%) | Falhas: 0
10:12:32 | INFO     | [10:12:32] ✅ DONE | RT | 00085/2025 | 273/426 (64.1%) | Falhas: 0
10:12:32 | INFO     | [10:12:32] ✅ DONE | RT | 00086/2024 | 274/426 (64.3%) | Falhas: 0
10:12:32 | INFO     | [10:12:32] ✅ DONE | RT | 00086/2025 | 275/426 (64.6%) | Falhas: 0
10:12:33 | INFO     | [10:12:33] ✅ DONE | RT | 00087/2024 | 276/426 (64.8%) | Falhas: 0
10:12:34 | INFO     | [10:12:34] ✅ DONE | RT | 00087/2025 | 277/426 (65.0%) | Falhas: 0
10:12:34 | INFO     | [10:12:34] ✅ DONE | RT | 00088/2024 | 278/426 (65.3%) | Falhas: 0
10:12:34 | INFO     | [10:12:34] ✅ DONE | RT | 00088/2025 | 279/426 (65.5%) | Falhas: 0
10:12:35 | INFO     | [10:12:35] ✅ DONE | RT | 00089/2025 | 280/426 (65.7%) | Falhas: 0
10:12:36 | INFO     | [10:12:36] ✅ DONE | RT | 00089/2024 | 281/426 (66.0%) | Falhas: 0
10:12:36 | INFO     | [10:12:36] ✅ DONE | RT | 00090/2024 | 282/426 (66.2%) | Falhas: 0
10:12:37 | INFO     | [10:12:37] ✅ DONE | RT | 00090/2025 | 283/426 (66.4%) | Falhas: 0
10:12:37 | INFO     | [10:12:37] ✅ DONE | RT | 00091/2025 | 284/426 (66.7%) | Falhas: 0
10:12:37 | INFO     | [10:12:37] ✅ DONE | RT | 00091/2024 | 285/426 (66.9%) | Falhas: 0
10:12:38 | INFO     | [10:12:38] ✅ DONE | RT | 00092/2024 | 286/426 (67.1%) | Falhas: 0
10:12:39 | INFO     | [10:12:39] ✅ DONE | RT | 00093/2024 | 287/426 (67.4%) | Falhas: 0
10:12:39 | INFO     | [10:12:39] ✅ DONE | RT | 00092/2025 | 288/426 (67.6%) | Falhas: 0
10:12:40 | INFO     | [10:12:40] ✅ DONE | RT | 00093/2025 | 289/426 (67.8%) | Falhas: 0
10:12:41 | INFO     | [10:12:41] ✅ DONE | RT | 00094/2025 | 290/426 (68.1%) | Falhas: 0
10:12:42 | INFO     | [10:12:42] ✅ DONE | RT | 00095/2024 | 291/426 (68.3%) | Falhas: 0
10:12:42 | INFO     | [10:12:42] ✅ DONE | RT | 00094/2024 | 292/426 (68.5%) | Falhas: 0
10:12:44 | INFO     | [10:12:44] ✅ DONE | RT | 00095/2025 | 293/426 (68.8%) | Falhas: 0
10:12:45 | INFO     | [10:12:45] ✅ DONE | RT | 00096/2024 | 294/426 (69.0%) | Falhas: 0
10:12:46 | INFO     | [10:12:46] ✅ DONE | RT | 00096/2025 | 295/426 (69.2%) | Falhas: 0
10:12:46 | INFO     | [10:12:46] ✅ DONE | RT | 00097/2024 | 296/426 (69.5%) | Falhas: 0
10:12:47 | INFO     | [10:12:47] ✅ DONE | RT | 00097/2025 | 297/426 (69.7%) | Falhas: 0
10:12:47 | INFO     | [10:12:47] ✅ DONE | RT | 00098/2024 | 298/426 (70.0%) | Falhas: 0
10:12:47 | INFO     | [10:12:47] ✅ DONE | RT | 00098/2025 | 299/426 (70.2%) | Falhas: 0
10:12:48 | INFO     | [10:12:48] ✅ DONE | RT | 00099/2024 | 300/426 (70.4%) | Falhas: 0
10:12:49 | INFO     | [10:12:49] ✅ DONE | RT | 00099/2025 | 301/426 (70.7%) | Falhas: 0
10:12:49 | INFO     | [10:12:49] ✅ DONE | RT | 00100/2024 | 302/426 (70.9%) | Falhas: 0
10:12:50 | INFO     | [10:12:50] ✅ DONE | RT | 00100/2025 | 303/426 (71.1%) | Falhas: 0
10:12:50 | INFO     | [10:12:50] ✅ DONE | RT | 00101/2024 | 304/426 (71.4%) | Falhas: 0
10:12:50 | INFO     | [10:12:50] ✅ DONE | RT | 00101/2025 | 305/426 (71.6%) | Falhas: 0
10:12:51 | INFO     | [10:12:51] ✅ DONE | RT | 00102/2025 | 306/426 (71.8%) | Falhas: 0
10:12:51 | INFO     | [10:12:51] ✅ DONE | RT | 00102/2024 | 307/426 (72.1%) | Falhas: 0
10:12:52 | INFO     | [10:12:52] ✅ DONE | RT | 00103/2025 | 308/426 (72.3%) | Falhas: 0
10:12:52 | INFO     | [10:12:52] ✅ DONE | RT | 00104/2025 | 309/426 (72.5%) | Falhas: 0
10:12:53 | INFO     | [10:12:53] ✅ DONE | RT | 00105/2025 | 310/426 (72.8%) | Falhas: 0
10:12:53 | INFO     | [10:12:53] ✅ DONE | RT | 00107/2025 | 311/426 (73.0%) | Falhas: 0
10:12:54 | INFO     | [10:12:54] ✅ DONE | RT | 00106/2025 | 312/426 (73.2%) | Falhas: 0
10:12:54 | INFO     | [10:12:54] ✅ DONE | RT | 00108/2025 | 313/426 (73.5%) | Falhas: 0
10:12:55 | INFO     | [10:12:55] ✅ DONE | RT | 00110/2025 | 314/426 (73.7%) | Falhas: 0
10:12:55 | INFO     | [10:12:55] ✅ DONE | RT | 00109/2025 | 315/426 (73.9%) | Falhas: 0
10:12:56 | INFO     | [10:12:56] ✅ DONE | RT | 00112/2025 | 316/426 (74.2%) | Falhas: 0
10:12:56 | INFO     | [10:12:56] ✅ DONE | RT | 00111/2025 | 317/426 (74.4%) | Falhas: 0
10:12:57 | INFO     | [10:12:57] ✅ DONE | RT | 00113/2025 | 318/426 (74.6%) | Falhas: 0
10:12:58 | INFO     | [10:12:58] ✅ DONE | RT | 00115/2025 | 319/426 (74.9%) | Falhas: 0
10:12:58 | INFO     | [10:12:58] ✅ DONE | RT | 00114/2025 | 320/426 (75.1%) | Falhas: 0
10:12:59 | INFO     | [10:12:59] ✅ DONE | RT | 00116/2025 | 321/426 (75.4%) | Falhas: 0
10:12:59 | INFO     | [10:12:59] ✅ DONE | RT | 00118/2025 | 322/426 (75.6%) | Falhas: 0
10:12:59 | INFO     | [10:12:59] ✅ DONE | RT | 00117/2025 | 323/426 (75.8%) | Falhas: 0
10:13:00 | INFO     | [10:13:00] ✅ DONE | RT | 00121/2025 | 324/426 (76.1%) | Falhas: 0
10:13:01 | INFO     | [10:13:01] ✅ DONE | RT | 00119/2025 | 325/426 (76.3%) | Falhas: 0
10:13:01 | INFO     | [10:13:01] ✅ DONE | RT | 00120/2025 | 326/426 (76.5%) | Falhas: 0
10:13:01 | INFO     | [10:13:01] ✅ DONE | RT | 00122/2025 | 327/426 (76.8%) | Falhas: 0
10:13:02 | INFO     | [10:13:02] ✅ DONE | RT | 00124/2025 | 328/426 (77.0%) | Falhas: 0
10:13:18 | INFO     | [10:13:18] ✅ DONE | RT | 00123/2025 | 329/426 (77.2%) | Falhas: 0
10:13:18 | INFO     | [10:13:18] ✅ DONE | RT | 00125/2025 | 330/426 (77.5%) | Falhas: 0
10:13:18 | INFO     | [10:13:18] ✅ DONE | RT | 00126/2025 | 331/426 (77.7%) | Falhas: 0
10:13:19 | INFO     | [10:13:19] ✅ DONE | RT | 00127/2025 | 332/426 (77.9%) | Falhas: 0
10:13:19 | INFO     | [10:13:19] ✅ DONE | RT | 00129/2025 | 333/426 (78.2%) | Falhas: 0
10:13:19 | INFO     | [10:13:19] ✅ DONE | RT | 00128/2025 | 334/426 (78.4%) | Falhas: 0
10:13:20 | INFO     | [10:13:20] ✅ DONE | RT | 00130/2025 | 335/426 (78.6%) | Falhas: 0
10:13:20 | INFO     | [10:13:20] ✅ DONE | RT | 00131/2025 | 336/426 (78.9%) | Falhas: 0
10:13:21 | INFO     | [10:13:21] ✅ DONE | RT | 00132/2025 | 337/426 (79.1%) | Falhas: 0
10:13:21 | INFO     | [10:13:21] ✅ DONE | RT | 00131/2023 | 338/426 (79.3%) | Falhas: 0
10:13:22 | INFO     | [10:13:22] ✅ DONE | RT | 00134/2025 | 339/426 (79.6%) | Falhas: 0
10:13:22 | INFO     | [10:13:22] ✅ DONE | RT | 00133/2025 | 340/426 (79.8%) | Falhas: 0
10:13:23 | INFO     | [10:13:23] ✅ DONE | RT | 00137/2025 | 341/426 (80.0%) | Falhas: 0
10:13:24 | INFO     | [10:13:24] ✅ DONE | RT | 00136/2025 | 342/426 (80.3%) | Falhas: 0
10:13:24 | INFO     | [10:13:24] ✅ DONE | RT | 00135/2025 | 343/426 (80.5%) | Falhas: 0
10:13:24 | INFO     | [10:13:24] ✅ DONE | RT | 00138/2025 | 344/426 (80.8%) | Falhas: 0
10:13:25 | INFO     | [10:13:25] ✅ DONE | RT | 00139/2025 | 345/426 (81.0%) | Falhas: 0
10:13:25 | INFO     | [10:13:25] ✅ DONE | RT | 00141/2025 | 346/426 (81.2%) | Falhas: 0
10:13:26 | INFO     | [10:13:26] ✅ DONE | RT | 00140/2025 | 347/426 (81.5%) | Falhas: 0
10:13:26 | INFO     | [10:13:26] ✅ DONE | RT | 00142/2025 | 348/426 (81.7%) | Falhas: 0
10:13:27 | INFO     | [10:13:27] ✅ DONE | RT | 00143/2025 | 349/426 (81.9%) | Falhas: 0
10:13:27 | INFO     | [10:13:27] ✅ DONE | RT | 00145/2025 | 350/426 (82.2%) | Falhas: 0
10:13:28 | INFO     | [10:13:28] ✅ DONE | RT | 00144/2025 | 351/426 (82.4%) | Falhas: 0
10:13:29 | INFO     | [10:13:29] ✅ DONE | RT | 00146/2025 | 352/426 (82.6%) | Falhas: 0
10:13:30 | INFO     | [10:13:30] ✅ DONE | RT | 00147/2025 | 353/426 (82.9%) | Falhas: 0
10:13:30 | INFO     | [10:13:30] ✅ DONE | RT | 00148/2025 | 354/426 (83.1%) | Falhas: 0
10:13:31 | INFO     | [10:13:31] ✅ DONE | RT | 00149/2025 | 355/426 (83.3%) | Falhas: 0
10:13:31 | INFO     | [10:13:31] ✅ DONE | RT | 00150/2025 | 356/426 (83.6%) | Falhas: 0
10:13:31 | INFO     | [10:13:31] ✅ DONE | RT | 00151/2025 | 357/426 (83.8%) | Falhas: 0
10:13:32 | INFO     | [10:13:32] ✅ DONE | RT | 00152/2025 | 358/426 (84.0%) | Falhas: 0
10:13:32 | INFO     | [10:13:32] ✅ DONE | RT | 00154/2025 | 359/426 (84.3%) | Falhas: 0
10:13:33 | INFO     | [10:13:33] ✅ DONE | RT | 00153/2025 | 360/426 (84.5%) | Falhas: 0
10:13:33 | INFO     | [10:13:33] ✅ DONE | RT | 00156/2025 | 361/426 (84.7%) | Falhas: 0
10:13:33 | INFO     | [10:13:33] ✅ DONE | RT | 00155/2025 | 362/426 (85.0%) | Falhas: 0
10:13:33 | INFO     | [10:13:33] ✅ DONE | RT | 00157/2025 | 363/426 (85.2%) | Falhas: 0
10:13:34 | INFO     | [10:13:34] ✅ DONE | RT | 00158/2025 | 364/426 (85.4%) | Falhas: 0
10:13:35 | INFO     | [10:13:35] ✅ DONE | RT | 00159/2025 | 365/426 (85.7%) | Falhas: 0
10:13:36 | INFO     | [10:13:36] ✅ DONE | RT | 00160/2025 | 366/426 (85.9%) | Falhas: 0
10:13:36 | INFO     | [10:13:36] ✅ DONE | RT | 00161/2025 | 367/426 (86.2%) | Falhas: 0
10:13:37 | INFO     | [10:13:37] ✅ DONE | RT | 00162/2025 | 368/426 (86.4%) | Falhas: 0
10:13:38 | INFO     | [10:13:38] ✅ DONE | RT | 00163/2025 | 369/426 (86.6%) | Falhas: 0
10:13:38 | INFO     | [10:13:38] ✅ DONE | RT | 00164/2025 | 370/426 (86.9%) | Falhas: 0
10:13:39 | INFO     | [10:13:39] ✅ DONE | RT | 00165/2025 | 371/426 (87.1%) | Falhas: 0
10:13:39 | INFO     | [10:13:39] ✅ DONE | RT | 00166/2025 | 372/426 (87.3%) | Falhas: 0
10:13:40 | INFO     | [10:13:40] ✅ DONE | RT | 00167/2025 | 373/426 (87.6%) | Falhas: 0
10:13:40 | INFO     | [10:13:40] ✅ DONE | RT | 00169/2025 | 374/426 (87.8%) | Falhas: 0
10:13:41 | INFO     | [10:13:41] ✅ DONE | RT | 00168/2025 | 375/426 (88.0%) | Falhas: 0
10:13:42 | INFO     | [10:13:42] ✅ DONE | RT | 00170/2025 | 376/426 (88.3%) | Falhas: 0
10:13:43 | INFO     | [10:13:43] ✅ DONE | RT | 00172/2025 | 377/426 (88.5%) | Falhas: 0
10:13:43 | INFO     | [10:13:43] ✅ DONE | RT | 00171/2025 | 378/426 (88.7%) | Falhas: 0
10:13:43 | INFO     | [10:13:43] ✅ DONE | RT | 00174/2025 | 379/426 (89.0%) | Falhas: 0
10:13:44 | INFO     | [10:13:44] ✅ DONE | RT | 00176/2025 | 380/426 (89.2%) | Falhas: 0
10:13:44 | INFO     | [10:13:44] ✅ DONE | RT | 00173/2025 | 381/426 (89.4%) | Falhas: 0
10:13:45 | INFO     | [10:13:45] ✅ DONE | RT | 00175/2025 | 382/426 (89.7%) | Falhas: 0
10:13:45 | INFO     | [10:13:45] ✅ DONE | RT | 00178/2025 | 383/426 (89.9%) | Falhas: 0
10:13:46 | INFO     | [10:13:46] ✅ DONE | RT | 00179/2025 | 384/426 (90.1%) | Falhas: 0
10:13:47 | INFO     | [10:13:47] ✅ DONE | RT | 00177/2025 | 385/426 (90.4%) | Falhas: 0
10:13:47 | INFO     | [10:13:47] ✅ DONE | RT | 00180/2025 | 386/426 (90.6%) | Falhas: 0
10:13:47 | INFO     | [10:13:47] ✅ DONE | RT | 00182/2025 | 387/426 (90.8%) | Falhas: 0
10:13:48 | INFO     | [10:13:48] ✅ DONE | RT | 00181/2025 | 388/426 (91.1%) | Falhas: 0
10:13:48 | INFO     | [10:13:48] ✅ DONE | RT | 00183/2025 | 389/426 (91.3%) | Falhas: 0
10:13:49 | INFO     | [10:13:49] ✅ DONE | RT | 00184/2025 | 390/426 (91.5%) | Falhas: 0
10:13:50 | INFO     | [10:13:50] ✅ DONE | RT | 00187/2025 | 391/426 (91.8%) | Falhas: 0
10:13:50 | INFO     | [10:13:50] ✅ DONE | RT | 00186/2025 | 392/426 (92.0%) | Falhas: 0
10:13:50 | INFO     | [10:13:50] ✅ DONE | RT | 00188/2025 | 393/426 (92.3%) | Falhas: 0
10:13:51 | INFO     | [10:13:51] ✅ DONE | RT | 00190/2025 | 394/426 (92.5%) | Falhas: 0
10:13:51 | INFO     | [10:13:51] ✅ DONE | RT | 00189/2025 | 395/426 (92.7%) | Falhas: 0
10:13:52 | INFO     | [10:13:52] ✅ DONE | RT | 00191/2025 | 396/426 (93.0%) | Falhas: 0
10:13:53 | INFO     | [10:13:53] ✅ DONE | RT | 00192/2025 | 397/426 (93.2%) | Falhas: 0
10:13:53 | INFO     | [10:13:53] ✅ DONE | RT | 00193/2025 | 398/426 (93.4%) | Falhas: 0
10:13:54 | INFO     | [10:13:54] ✅ DONE | RT | 00195/2025 | 399/426 (93.7%) | Falhas: 0
10:13:54 | INFO     | [10:13:54] ✅ DONE | RT | 00194/2025 | 400/426 (93.9%) | Falhas: 0
10:13:54 | INFO     | [10:13:54] ✅ DONE | RT | 00196/2025 | 401/426 (94.1%) | Falhas: 0
10:13:56 | INFO     | [10:13:56] ✅ DONE | RT | 00199/2025 | 402/426 (94.4%) | Falhas: 0
10:13:56 | INFO     | [10:13:56] ✅ DONE | RT | 00197/2025 | 403/426 (94.6%) | Falhas: 0
10:13:56 | INFO     | [10:13:56] ✅ DONE | RT | 00200/2025 | 404/426 (94.8%) | Falhas: 0
10:13:57 | INFO     | [10:13:57] ✅ DONE | RT | 00201/2025 | 405/426 (95.1%) | Falhas: 0
10:13:58 | INFO     | [10:13:58] ✅ DONE | RT | 00202/2025 | 406/426 (95.3%) | Falhas: 0
10:13:58 | INFO     | [10:13:58] ✅ DONE | RT | 00203/2025 | 407/426 (95.5%) | Falhas: 0
10:13:58 | INFO     | [10:13:58] ✅ DONE | RT | 00204/2025 | 408/426 (95.8%) | Falhas: 0
10:13:58 | INFO     | [10:13:58] ✅ DONE | RT | 00205/2025 | 409/426 (96.0%) | Falhas: 0
10:13:59 | INFO     | [10:13:59] ✅ DONE | RT | 00207/2025 | 410/426 (96.2%) | Falhas: 0
10:14:00 | INFO     | [10:14:00] ✅ DONE | RT | 00206/2025 | 411/426 (96.5%) | Falhas: 0
10:14:00 | INFO     | [10:14:00] ✅ DONE | RT | 00208/2025 | 412/426 (96.7%) | Falhas: 0
10:14:01 | INFO     | [10:14:01] ✅ DONE | RT | 00209/2025 | 413/426 (96.9%) | Falhas: 0
10:14:01 | INFO     | [10:14:01] ✅ DONE | RT | 00210/2025 | 414/426 (97.2%) | Falhas: 0
10:14:02 | INFO     | [10:14:02] ✅ DONE | RT | 00211/2025 | 415/426 (97.4%) | Falhas: 0
10:14:02 | INFO     | [10:14:02] ✅ DONE | RT | 00212/2025 | 416/426 (97.7%) | Falhas: 0
10:14:02 | INFO     | [10:14:02] ✅ DONE | RT | 00213/2025 | 417/426 (97.9%) | Falhas: 0
10:14:03 | INFO     | [10:14:03] ✅ DONE | RT | 00214/2025 | 418/426 (98.1%) | Falhas: 0
10:14:03 | INFO     | [10:14:03] ✅ DONE | RT | 00215/2025 | 419/426 (98.4%) | Falhas: 0
10:14:03 | INFO     | [10:14:03] ✅ DONE | RT | 00263/2025 | 420/426 (98.6%) | Falhas: 0
10:14:04 | INFO     | [10:14:04] ✅ DONE | RT | 00821/2024 | 421/426 (98.8%) | Falhas: 0
10:14:05 | INFO     | [10:14:05] ✅ DONE | RT | 90204/2025 | 422/426 (99.1%) | Falhas: 0
10:14:05 | INFO     | [10:14:05] ✅ DONE | RT | 90014/2024 | 423/426 (99.3%) | Falhas: 0
10:14:06 | INFO     | [10:14:06] ✅ DONE | RT | 90281/2025 | 424/426 (99.5%) | Falhas: 0
10:14:07 | INFO     | [10:14:07] ✅ DONE | RT | 90280/2026 | 425/426 (99.8%) | Falhas: 0
10:14:07 | INFO     | [10:14:07] ✅ DONE | RT | 99263/2025 | 426/426 (100.0%) | Falhas: 0
10:14:07 | INFO     | ✅ FIM | Falhas: 0 | SKIPs: 0
10:14:07 | INFO     | ============================================================
10:14:07 | INFO     | 📤 GERANDO atas_saldos.csv...
10:14:07 | INFO     | 📂 426 arquivo(s) de saldos encontrado(s). Processando...
10:14:09 | INFO     | ✅ CSV gerado: data\atas_saldos.csv
10:14:09 | INFO     | Registros        : 2130
10:14:09 | INFO     | Participantes    : 1885
10:14:09 | INFO     | Não participantes: 141
10:14:09 | INFO     | Colunas          : 12
10:14:09 | INFO     | ============================================================
10:14:09 | INFO     | 🏢 INICIANDO EXTRAÇÃO DE UNIDADES PARTICIPANTES
10:14:09 | INFO     | UASG        : RT (158132)
10:14:09 | INFO     | A extrair   : 1425
10:14:09 | INFO     | 🚀 INICIANDO EXTRAÇÃO DE UNIDADES | WORKERS: 3 | TOTAL: 1425
10:14:50 | INFO     | [10:14:50] ✅ DONE | 00001/2023 | item 00001 | 1/1425 (0.1%) | Falhas: 0
10:14:51 | INFO     | [10:14:51] ✅ DONE | 00001/2023 | item 00003 | 2/1425 (0.1%) | Falhas: 0
10:14:51 | INFO     | [10:14:51] ✅ DONE | 00001/2023 | item 00002 | 3/1425 (0.2%) | Falhas: 0
10:14:56 | INFO     | [10:14:56] ✅ DONE | 00001/2023 | item 00005 | 4/1425 (0.3%) | Falhas: 0
10:14:56 | INFO     | [10:14:56] ✅ DONE | 00003/2023 | item 00005 | 5/1425 (0.4%) | Falhas: 0
10:14:58 | INFO     | [10:14:58] ✅ DONE | 00003/2023 | item 00006 | 6/1425 (0.4%) | Falhas: 0
10:14:59 | INFO     | [10:14:59] ✅ DONE | 00001/2023 | item 00004 | 7/1425 (0.5%) | Falhas: 0
10:14:59 | INFO     | [10:14:59] ✅ DONE | 00003/2023 | item 00007 | 8/1425 (0.6%) | Falhas: 0
10:15:01 | INFO     | [10:15:01] ✅ DONE | 00003/2023 | item 00008 | 9/1425 (0.6%) | Falhas: 0
10:15:02 | INFO     | [10:15:02] ✅ DONE | 00003/2023 | item 00009 | 10/1425 (0.7%) | Falhas: 0
10:15:02 | INFO     | [10:15:02] ✅ DONE | 00002/2023 | item 00001 | 11/1425 (0.8%) | Falhas: 0
10:15:03 | INFO     | [10:15:03] ✅ DONE | 00002/2023 | item 00002 | 12/1425 (0.8%) | Falhas: 0
10:15:05 | INFO     | [10:15:05] ✅ DONE | 00002/2023 | item 00022 | 13/1425 (0.9%) | Falhas: 0
10:15:05 | INFO     | [10:15:05] ✅ DONE | 00002/2023 | item 00003 | 14/1425 (1.0%) | Falhas: 0
10:15:07 | INFO     | [10:15:07] ✅ DONE | 00004/2023 | item 00004 | 15/1425 (1.1%) | Falhas: 0
10:15:08 | INFO     | [10:15:08] ✅ DONE | 00005/2023 | item 00035 | 16/1425 (1.1%) | Falhas: 0
10:15:09 | INFO     | [10:15:09] ✅ DONE | 00006/2023 | item 00024 | 17/1425 (1.2%) | Falhas: 0
10:15:11 | INFO     | [10:15:11] ✅ DONE | 00008/2023 | item 00015 | 18/1425 (1.3%) | Falhas: 0
10:15:12 | INFO     | [10:15:12] ✅ DONE | 00008/2023 | item 00016 | 19/1425 (1.3%) | Falhas: 0
10:15:14 | INFO     | [10:15:14] ✅ DONE | 00011/2023 | item 00037 | 20/1425 (1.4%) | Falhas: 0
10:15:15 | INFO     | [10:15:15] ✅ DONE | 00011/2023 | item 00038 | 21/1425 (1.5%) | Falhas: 0
10:15:15 | INFO     | [10:15:15] ✅ DONE | 00011/2023 | item 00039 | 22/1425 (1.5%) | Falhas: 0
10:15:16 | INFO     | [10:15:16] ✅ DONE | 00012/2023 | item 00029 | 23/1425 (1.6%) | Falhas: 0
10:15:18 | INFO     | [10:15:18] ✅ DONE | 00013/2023 | item 00048 | 24/1425 (1.7%) | Falhas: 0
10:15:19 | INFO     | [10:15:19] ✅ DONE | 00014/2023 | item 00032 | 25/1425 (1.8%) | Falhas: 0
10:15:20 | INFO     | [10:15:20] ✅ DONE | 00014/2023 | item 00033 | 26/1425 (1.8%) | Falhas: 0
10:15:21 | INFO     | [10:15:21] ✅ DONE | 00015/2023 | item 00010 | 27/1425 (1.9%) | Falhas: 0
10:15:22 | INFO     | [10:15:22] ✅ DONE | 00015/2023 | item 00011 | 28/1425 (2.0%) | Falhas: 0
10:15:23 | INFO     | [10:15:23] ✅ DONE | 00015/2023 | item 00012 | 29/1425 (2.0%) | Falhas: 0
10:15:25 | INFO     | [10:15:25] ✅ DONE | 00016/2023 | item 00020 | 30/1425 (2.1%) | Falhas: 0
10:15:25 | INFO     | [10:15:25] ✅ DONE | 00015/2023 | item 00057 | 31/1425 (2.2%) | Falhas: 0
10:15:25 | INFO     | [10:15:25] ✅ DONE | 00016/2023 | item 00030 | 32/1425 (2.2%) | Falhas: 0
10:15:27 | INFO     | [10:15:27] ✅ DONE | 00016/2023 | item 00047 | 33/1425 (2.3%) | Falhas: 0
10:15:27 | INFO     | [10:15:27] ✅ DONE | 00016/2023 | item 00062 | 34/1425 (2.4%) | Falhas: 0
10:15:29 | INFO     | [10:15:29] ✅ DONE | 00018/2023 | item 00056 | 35/1425 (2.5%) | Falhas: 0
10:15:30 | INFO     | [10:15:30] ✅ DONE | 00018/2023 | item 00054 | 36/1425 (2.5%) | Falhas: 0
10:15:30 | INFO     | [10:15:30] ✅ DONE | 00017/2023 | item 00058 | 37/1425 (2.6%) | Falhas: 0
10:15:32 | INFO     | [10:15:32] ✅ DONE | 00019/2023 | item 00025 | 38/1425 (2.7%) | Falhas: 0
10:15:33 | INFO     | [10:15:33] ✅ DONE | 00019/2023 | item 00026 | 39/1425 (2.7%) | Falhas: 0
10:15:34 | INFO     | [10:15:34] ✅ DONE | 00019/2023 | item 00027 | 40/1425 (2.8%) | Falhas: 0
10:15:34 | INFO     | [10:15:34] ✅ DONE | 00019/2023 | item 00049 | 41/1425 (2.9%) | Falhas: 0
10:15:36 | INFO     | [10:15:36] ✅ DONE | 00019/2023 | item 00050 | 42/1425 (2.9%) | Falhas: 0
10:15:37 | INFO     | [10:15:37] ✅ DONE | 00019/2023 | item 00060 | 43/1425 (3.0%) | Falhas: 0
10:15:39 | INFO     | [10:15:39] ✅ DONE | 00019/2023 | item 00061 | 44/1425 (3.1%) | Falhas: 0
10:15:40 | INFO     | [10:15:40] ✅ DONE | 00020/2023 | item 00002 | 45/1425 (3.2%) | Falhas: 0
10:15:40 | INFO     | [10:15:40] ✅ DONE | 00020/2023 | item 00001 | 46/1425 (3.2%) | Falhas: 0
10:15:41 | INFO     | [10:15:41] ✅ DONE | 00020/2023 | item 00004 | 47/1425 (3.3%) | Falhas: 0
10:15:43 | INFO     | [10:15:43] ✅ DONE | 00020/2023 | item 00003 | 48/1425 (3.4%) | Falhas: 0
10:15:43 | INFO     | [10:15:43] ✅ DONE | 00020/2023 | item 00006 | 49/1425 (3.4%) | Falhas: 0
10:15:44 | INFO     | [10:15:44] ✅ DONE | 00020/2023 | item 00005 | 50/1425 (3.5%) | Falhas: 0
10:15:46 | INFO     | [10:15:46] ✅ DONE | 00020/2023 | item 00008 | 51/1425 (3.6%) | Falhas: 0
10:15:46 | INFO     | [10:15:46] ✅ DONE | 00020/2023 | item 00007 | 52/1425 (3.6%) | Falhas: 0
10:15:47 | INFO     | [10:15:47] ✅ DONE | 00020/2023 | item 00009 | 53/1425 (3.7%) | Falhas: 0
10:15:49 | INFO     | [10:15:49] ✅ DONE | 00020/2023 | item 00010 | 54/1425 (3.8%) | Falhas: 0
10:15:49 | INFO     | [10:15:49] ✅ DONE | 00020/2023 | item 00011 | 55/1425 (3.9%) | Falhas: 0
10:15:49 | INFO     | [10:15:49] ✅ DONE | 00020/2023 | item 00012 | 56/1425 (3.9%) | Falhas: 0
10:15:51 | INFO     | [10:15:51] ✅ DONE | 00020/2023 | item 00014 | 57/1425 (4.0%) | Falhas: 0
10:15:51 | INFO     | [10:15:51] ✅ DONE | 00020/2023 | item 00013 | 58/1425 (4.1%) | Falhas: 0
10:15:51 | INFO     | [10:15:51] ✅ DONE | 00020/2023 | item 00015 | 59/1425 (4.1%) | Falhas: 0
10:15:52 | INFO     | [10:15:52] ✅ DONE | 00020/2023 | item 00016 | 60/1425 (4.2%) | Falhas: 0
10:15:54 | INFO     | [10:15:54] ✅ DONE | 00020/2023 | item 00018 | 61/1425 (4.3%) | Falhas: 0
10:15:54 | INFO     | [10:15:54] ✅ DONE | 00020/2023 | item 00017 | 62/1425 (4.4%) | Falhas: 0
10:15:55 | INFO     | [10:15:55] ✅ DONE | 00020/2023 | item 00019 | 63/1425 (4.4%) | Falhas: 0
10:15:55 | INFO     | [10:15:55] ✅ DONE | 00020/2023 | item 00020 | 64/1425 (4.5%) | Falhas: 0
10:15:56 | INFO     | [10:15:56] ✅ DONE | 00020/2023 | item 00021 | 65/1425 (4.6%) | Falhas: 0
10:15:57 | INFO     | [10:15:57] ✅ DONE | 00020/2023 | item 00022 | 66/1425 (4.6%) | Falhas: 0
10:15:57 | INFO     | [10:15:57] ✅ DONE | 00020/2023 | item 00024 | 67/1425 (4.7%) | Falhas: 0
10:15:58 | INFO     | [10:15:58] ✅ DONE | 00020/2023 | item 00023 | 68/1425 (4.8%) | Falhas: 0
10:15:58 | INFO     | [10:15:58] ✅ DONE | 00020/2023 | item 00025 | 69/1425 (4.8%) | Falhas: 0
10:16:00 | INFO     | [10:16:00] ✅ DONE | 00020/2023 | item 00026 | 70/1425 (4.9%) | Falhas: 0
10:16:00 | INFO     | [10:16:00] ✅ DONE | 00020/2023 | item 00028 | 71/1425 (5.0%) | Falhas: 0
10:16:01 | INFO     | [10:16:01] ✅ DONE | 00020/2023 | item 00027 | 72/1425 (5.1%) | Falhas: 0
10:16:01 | INFO     | [10:16:01] ✅ DONE | 00020/2023 | item 00030 | 73/1425 (5.1%) | Falhas: 0
10:16:02 | INFO     | [10:16:02] ✅ DONE | 00020/2023 | item 00029 | 74/1425 (5.2%) | Falhas: 0
10:16:02 | INFO     | [10:16:02] ✅ DONE | 00020/2023 | item 00031 | 75/1425 (5.3%) | Falhas: 0
10:16:04 | INFO     | [10:16:04] ✅ DONE | 00020/2023 | item 00033 | 76/1425 (5.3%) | Falhas: 0
10:16:05 | INFO     | [10:16:05] ✅ DONE | 00020/2023 | item 00032 | 77/1425 (5.4%) | Falhas: 0
10:16:06 | INFO     | [10:16:06] ✅ DONE | 00020/2023 | item 00034 | 78/1425 (5.5%) | Falhas: 0
10:16:07 | INFO     | [10:16:07] ✅ DONE | 00020/2023 | item 00035 | 79/1425 (5.5%) | Falhas: 0
10:16:08 | INFO     | [10:16:08] ✅ DONE | 00020/2023 | item 00036 | 80/1425 (5.6%) | Falhas: 0
10:16:09 | INFO     | [10:16:09] ✅ DONE | 00007/2023 | item 00028 | 81/1425 (5.7%) | Falhas: 0
10:16:10 | INFO     | [10:16:10] ✅ DONE | 00009/2023 | item 00013 | 82/1425 (5.8%) | Falhas: 0
10:16:11 | INFO     | [10:16:11] ✅ DONE | 00010/2023 | item 00014 | 83/1425 (5.8%) | Falhas: 0
10:16:13 | INFO     | [10:16:13] ✅ DONE | 00020/2023 | item 00037 | 84/1425 (5.9%) | Falhas: 0
10:16:13 | INFO     | [10:16:13] ✅ DONE | 00022/2023 | item 00008 | 85/1425 (6.0%) | Falhas: 0
10:16:14 | INFO     | [10:16:14] ✅ DONE | 00022/2023 | item 00007 | 86/1425 (6.0%) | Falhas: 0
10:16:15 | INFO     | [10:16:15] ✅ DONE | 00020/2023 | item 00039 | 87/1425 (6.1%) | Falhas: 0
10:16:16 | INFO     | [10:16:16] ✅ DONE | 00020/2023 | item 00038 | 88/1425 (6.2%) | Falhas: 0
10:16:18 | INFO     | [10:16:18] ✅ DONE | 00021/2023 | item 00001 | 89/1425 (6.2%) | Falhas: 0
10:16:20 | INFO     | [10:16:20] ✅ DONE | 00023/2023 | item 00006 | 90/1425 (6.3%) | Falhas: 0
10:16:20 | INFO     | [10:16:20] ✅ DONE | 00021/2023 | item 00002 | 91/1425 (6.4%) | Falhas: 0
10:16:21 | INFO     | [10:16:21] ✅ DONE | 00024/2023 | item 00015 | 92/1425 (6.5%) | Falhas: 0
10:16:24 | INFO     | [10:16:24] ✅ DONE | 00025/2023 | item 00016 | 93/1425 (6.5%) | Falhas: 0
10:16:24 | INFO     | [10:16:24] ✅ DONE | 00025/2023 | item 00003 | 94/1425 (6.6%) | Falhas: 0
10:16:25 | INFO     | [10:16:25] ✅ DONE | 00025/2023 | item 00019 | 95/1425 (6.7%) | Falhas: 0
10:16:26 | INFO     | [10:16:26] ✅ DONE | 00026/2023 | item 00017 | 96/1425 (6.7%) | Falhas: 0
10:16:27 | INFO     | [10:16:27] ✅ DONE | 00022/2023 | item 00009 | 97/1425 (6.8%) | Falhas: 0
10:16:28 | INFO     | [10:16:28] ✅ DONE | 00022/2023 | item 00010 | 98/1425 (6.9%) | Falhas: 0
10:16:28 | INFO     | [10:16:28] ✅ DONE | 00022/2023 | item 00011 | 99/1425 (6.9%) | Falhas: 0
10:16:30 | INFO     | [10:16:30] ✅ DONE | 00022/2023 | item 00012 | 100/1425 (7.0%) | Falhas: 0
10:16:31 | INFO     | [10:16:31] ✅ DONE | 00027/2023 | item 00005 | 101/1425 (7.1%) | Falhas: 0
10:16:31 | INFO     | [10:16:31] ✅ DONE | 00026/2023 | item 00018 | 102/1425 (7.2%) | Falhas: 0
10:16:32 | INFO     | [10:16:32] ✅ DONE | 00028/2023 | item 00004 | 103/1425 (7.2%) | Falhas: 0
10:16:34 | INFO     | [10:16:34] ✅ DONE | 00001/2024 | item 00003 | 104/1425 (7.3%) | Falhas: 0
10:16:35 | INFO     | [10:16:35] ✅ DONE | 00001/2024 | item 00002 | 105/1425 (7.4%) | Falhas: 0
10:16:35 | INFO     | [10:16:35] ✅ DONE | 00001/2024 | item 00001 | 106/1425 (7.4%) | Falhas: 0
10:16:37 | INFO     | [10:16:37] ✅ DONE | 00001/2024 | item 00004 | 107/1425 (7.5%) | Falhas: 0
10:16:38 | INFO     | [10:16:38] ✅ DONE | 00001/2024 | item 00005 | 108/1425 (7.6%) | Falhas: 0
10:16:38 | INFO     | [10:16:38] ✅ DONE | 00005/2024 | item 00001 | 109/1425 (7.6%) | Falhas: 0
10:16:39 | INFO     | [10:16:39] ✅ DONE | 00005/2024 | item 00003 | 110/1425 (7.7%) | Falhas: 0
10:16:40 | INFO     | [10:16:40] ✅ DONE | 00005/2024 | item 00002 | 111/1425 (7.8%) | Falhas: 0
10:16:43 | INFO     | [10:16:43] ✅ DONE | 00005/2024 | item 00004 | 112/1425 (7.9%) | Falhas: 0
10:16:43 | INFO     | [10:16:43] ✅ DONE | 00005/2024 | item 00005 | 113/1425 (7.9%) | Falhas: 0
10:16:43 | INFO     | [10:16:43] ✅ DONE | 00005/2024 | item 00006 | 114/1425 (8.0%) | Falhas: 0
10:16:44 | INFO     | [10:16:44] ✅ DONE | 00005/2024 | item 00008 | 115/1425 (8.1%) | Falhas: 0
10:16:45 | INFO     | [10:16:45] ✅ DONE | 00005/2024 | item 00010 | 116/1425 (8.1%) | Falhas: 0
10:16:47 | INFO     | [10:16:47] ✅ DONE | 00005/2024 | item 00012 | 117/1425 (8.2%) | Falhas: 0
10:16:47 | INFO     | [10:16:47] ✅ DONE | 00005/2024 | item 00013 | 118/1425 (8.3%) | Falhas: 0
10:16:47 | INFO     | [10:16:47] ✅ DONE | 00005/2024 | item 00011 | 119/1425 (8.4%) | Falhas: 0
10:16:49 | INFO     | [10:16:49] ✅ DONE | 00005/2024 | item 00016 | 120/1425 (8.4%) | Falhas: 0
10:16:49 | INFO     | [10:16:49] ✅ DONE | 00005/2024 | item 00014 | 121/1425 (8.5%) | Falhas: 0
10:16:49 | INFO     | [10:16:49] ✅ DONE | 00005/2024 | item 00015 | 122/1425 (8.6%) | Falhas: 0
10:16:51 | INFO     | [10:16:51] ✅ DONE | 00005/2024 | item 00018 | 123/1425 (8.6%) | Falhas: 0
10:16:51 | INFO     | [10:16:51] ✅ DONE | 00005/2024 | item 00019 | 124/1425 (8.7%) | Falhas: 0
10:16:51 | INFO     | [10:16:51] ✅ DONE | 00005/2024 | item 00017 | 125/1425 (8.8%) | Falhas: 0
10:16:53 | INFO     | [10:16:53] ✅ DONE | 00005/2024 | item 00020 | 126/1425 (8.8%) | Falhas: 0
10:16:53 | INFO     | [10:16:53] ✅ DONE | 00005/2024 | item 00022 | 127/1425 (8.9%) | Falhas: 0
10:16:53 | INFO     | [10:16:53] ✅ DONE | 00005/2024 | item 00021 | 128/1425 (9.0%) | Falhas: 0
10:16:55 | INFO     | [10:16:55] ✅ DONE | 00005/2024 | item 00027 | 129/1425 (9.1%) | Falhas: 0
10:16:55 | INFO     | [10:16:55] ✅ DONE | 00005/2024 | item 00024 | 130/1425 (9.1%) | Falhas: 0
10:16:55 | INFO     | [10:16:55] ✅ DONE | 00005/2024 | item 00023 | 131/1425 (9.2%) | Falhas: 0
10:16:57 | INFO     | [10:16:57] ✅ DONE | 00005/2024 | item 00030 | 132/1425 (9.3%) | Falhas: 0
10:16:57 | INFO     | [10:16:57] ✅ DONE | 00005/2024 | item 00029 | 133/1425 (9.3%) | Falhas: 0
10:16:57 | INFO     | [10:16:57] ✅ DONE | 00005/2024 | item 00028 | 134/1425 (9.4%) | Falhas: 0
10:17:00 | INFO     | [10:17:00] ✅ DONE | 00005/2024 | item 00032 | 135/1425 (9.5%) | Falhas: 0
10:17:00 | INFO     | [10:17:00] ✅ DONE | 00005/2024 | item 00031 | 136/1425 (9.5%) | Falhas: 0
10:17:00 | INFO     | [10:17:00] ✅ DONE | 00005/2024 | item 00033 | 137/1425 (9.6%) | Falhas: 0
10:17:02 | INFO     | [10:17:02] ✅ DONE | 00005/2024 | item 00036 | 138/1425 (9.7%) | Falhas: 0
10:17:02 | INFO     | [10:17:02] ✅ DONE | 00005/2024 | item 00034 | 139/1425 (9.8%) | Falhas: 0
10:17:03 | INFO     | [10:17:03] ✅ DONE | 00005/2024 | item 00038 | 140/1425 (9.8%) | Falhas: 0
10:17:05 | INFO     | [10:17:05] ✅ DONE | 00005/2024 | item 00040 | 141/1425 (9.9%) | Falhas: 0
10:17:06 | INFO     | [10:17:06] ✅ DONE | 00005/2024 | item 00044 | 142/1425 (10.0%) | Falhas: 0
10:17:06 | INFO     | [10:17:06] ✅ DONE | 00005/2024 | item 00045 | 143/1425 (10.0%) | Falhas: 0
10:17:07 | INFO     | [10:17:07] ✅ DONE | 00005/2024 | item 00046 | 144/1425 (10.1%) | Falhas: 0
10:17:08 | INFO     | [10:17:08] ✅ DONE | 00005/2024 | item 00047 | 145/1425 (10.2%) | Falhas: 0
10:17:09 | INFO     | [10:17:09] ✅ DONE | 00005/2024 | item 00050 | 146/1425 (10.2%) | Falhas: 0
10:17:09 | INFO     | [10:17:09] ✅ DONE | 00005/2024 | item 00054 | 147/1425 (10.3%) | Falhas: 0
10:17:09 | INFO     | [10:17:09] ✅ DONE | 00005/2024 | item 00056 | 148/1425 (10.4%) | Falhas: 0
10:17:11 | INFO     | [10:17:11] ✅ DONE | 00005/2024 | item 00058 | 149/1425 (10.5%) | Falhas: 0
10:17:11 | INFO     | [10:17:11] ✅ DONE | 00005/2024 | item 00057 | 150/1425 (10.5%) | Falhas: 0
10:17:12 | INFO     | [10:17:12] ✅ DONE | 00005/2024 | item 00059 | 151/1425 (10.6%) | Falhas: 0
10:17:13 | INFO     | [10:17:13] ✅ DONE | 00005/2024 | item 00060 | 152/1425 (10.7%) | Falhas: 0
10:17:13 | INFO     | [10:17:13] ✅ DONE | 00005/2024 | item 00061 | 153/1425 (10.7%) | Falhas: 0
10:17:14 | INFO     | [10:17:14] ✅ DONE | 00005/2024 | item 00062 | 154/1425 (10.8%) | Falhas: 0
10:17:15 | INFO     | [10:17:15] ✅ DONE | 00005/2024 | item 00064 | 155/1425 (10.9%) | Falhas: 0
10:17:15 | INFO     | [10:17:15] ✅ DONE | 00005/2024 | item 00066 | 156/1425 (10.9%) | Falhas: 0
10:17:16 | INFO     | [10:17:16] ✅ DONE | 00005/2024 | item 00065 | 157/1425 (11.0%) | Falhas: 0
10:17:18 | INFO     | [10:17:18] ✅ DONE | 00005/2024 | item 00067 | 158/1425 (11.1%) | Falhas: 0
10:17:19 | INFO     | [10:17:19] ✅ DONE | 00005/2024 | item 00069 | 159/1425 (11.2%) | Falhas: 0
10:17:20 | INFO     | [10:17:20] ✅ DONE | 00005/2024 | item 00075 | 160/1425 (11.2%) | Falhas: 0
10:17:20 | INFO     | [10:17:20] ✅ DONE | 00005/2024 | item 00086 | 161/1425 (11.3%) | Falhas: 0
10:17:21 | INFO     | [10:17:21] ✅ DONE | 00005/2024 | item 00092 | 162/1425 (11.4%) | Falhas: 0
10:17:21 | INFO     | [10:17:21] ✅ DONE | 00005/2024 | item 00089 | 163/1425 (11.4%) | Falhas: 0
10:17:22 | INFO     | [10:17:22] ✅ DONE | 00005/2024 | item 00093 | 164/1425 (11.5%) | Falhas: 0
10:17:24 | INFO     | [10:17:24] ✅ DONE | 00005/2024 | item 00095 | 165/1425 (11.6%) | Falhas: 0
10:17:24 | INFO     | [10:17:24] ✅ DONE | 00005/2024 | item 00094 | 166/1425 (11.6%) | Falhas: 0
10:17:26 | INFO     | [10:17:26] ✅ DONE | 00005/2024 | item 00096 | 167/1425 (11.7%) | Falhas: 0
10:17:26 | INFO     | [10:17:26] ✅ DONE | 00005/2024 | item 00112 | 168/1425 (11.8%) | Falhas: 0
10:17:27 | INFO     | [10:17:27] ✅ DONE | 00005/2024 | item 00106 | 169/1425 (11.9%) | Falhas: 0
10:17:28 | INFO     | [10:17:28] ✅ DONE | 00005/2024 | item 00114 | 170/1425 (11.9%) | Falhas: 0
10:17:28 | INFO     | [10:17:28] ✅ DONE | 00005/2024 | item 00119 | 171/1425 (12.0%) | Falhas: 0
10:17:29 | INFO     | [10:17:29] ✅ DONE | 00005/2024 | item 00121 | 172/1425 (12.1%) | Falhas: 0
10:17:30 | INFO     | [10:17:30] ✅ DONE | 00005/2024 | item 00122 | 173/1425 (12.1%) | Falhas: 0
10:17:31 | INFO     | [10:17:31] ✅ DONE | 00005/2024 | item 00123 | 174/1425 (12.2%) | Falhas: 0
10:17:31 | INFO     | [10:17:31] ✅ DONE | 00005/2024 | item 00125 | 175/1425 (12.3%) | Falhas: 0
10:17:31 | INFO     | [10:17:31] ✅ DONE | 00005/2024 | item 00124 | 176/1425 (12.4%) | Falhas: 0
10:17:34 | INFO     | [10:17:34] ✅ DONE | 00002/2024 | item 00006 | 177/1425 (12.4%) | Falhas: 0
10:17:35 | INFO     | [10:17:35] ✅ DONE | 00004/2024 | item 00014 | 178/1425 (12.5%) | Falhas: 0
10:17:37 | INFO     | [10:17:37] ✅ DONE | 00006/2024 | item 00002 | 179/1425 (12.6%) | Falhas: 0
10:17:37 | INFO     | [10:17:37] ✅ DONE | 00006/2024 | item 00003 | 180/1425 (12.6%) | Falhas: 0
10:17:38 | INFO     | [10:17:38] ✅ DONE | 00006/2024 | item 00004 | 181/1425 (12.7%) | Falhas: 0
10:17:39 | INFO     | [10:17:39] ✅ DONE | 00006/2024 | item 00005 | 182/1425 (12.8%) | Falhas: 0
10:17:40 | INFO     | [10:17:40] ✅ DONE | 00006/2024 | item 00006 | 183/1425 (12.8%) | Falhas: 0
10:17:41 | INFO     | [10:17:41] ✅ DONE | 00006/2024 | item 00007 | 184/1425 (12.9%) | Falhas: 0
10:17:41 | INFO     | [10:17:41] ✅ DONE | 00006/2024 | item 00008 | 185/1425 (13.0%) | Falhas: 0
10:17:42 | INFO     | [10:17:42] ✅ DONE | 00006/2024 | item 00009 | 186/1425 (13.1%) | Falhas: 0
10:17:43 | INFO     | [10:17:43] ✅ DONE | 00003/2024 | item 00026 | 187/1425 (13.1%) | Falhas: 0
10:17:44 | INFO     | [10:17:44] ✅ DONE | 00006/2024 | item 00020 | 188/1425 (13.2%) | Falhas: 0
10:17:44 | INFO     | [10:17:44] ✅ DONE | 00006/2024 | item 00022 | 189/1425 (13.3%) | Falhas: 0
10:17:46 | INFO     | [10:17:46] ✅ DONE | 00006/2024 | item 00026 | 190/1425 (13.3%) | Falhas: 0
10:17:46 | INFO     | [10:17:46] ✅ DONE | 00006/2024 | item 00028 | 191/1425 (13.4%) | Falhas: 0
10:17:46 | INFO     | [10:17:46] ✅ DONE | 00006/2024 | item 00027 | 192/1425 (13.5%) | Falhas: 0
10:17:48 | INFO     | [10:17:48] ✅ DONE | 00009/2024 | item 00012 | 193/1425 (13.5%) | Falhas: 0
10:17:49 | INFO     | [10:17:49] ✅ DONE | 00009/2024 | item 00013 | 194/1425 (13.6%) | Falhas: 0
10:17:49 | INFO     | [10:17:49] ✅ DONE | 00007/2024 | item 00024 | 195/1425 (13.7%) | Falhas: 0
10:17:49 | INFO     | [10:17:49] ✅ DONE | 00009/2024 | item 00016 | 196/1425 (13.8%) | Falhas: 0
10:17:50 | INFO     | [10:17:50] ✅ DONE | 00009/2024 | item 00017 | 197/1425 (13.8%) | Falhas: 0
10:18:00 | INFO     | [10:18:00] ✅ DONE | 00011/2024 | item 00004 | 198/1425 (13.9%) | Falhas: 0
10:18:00 | INFO     | [10:18:00] ✅ DONE | 00011/2024 | item 00001 | 199/1425 (14.0%) | Falhas: 0
10:18:01 | INFO     | [10:18:01] ✅ DONE | 00011/2024 | item 00002 | 200/1425 (14.0%) | Falhas: 0
10:18:02 | INFO     | [10:18:02] ✅ DONE | 00011/2024 | item 00009 | 201/1425 (14.1%) | Falhas: 0
10:18:03 | INFO     | [10:18:03] ✅ DONE | 00011/2024 | item 00007 | 202/1425 (14.2%) | Falhas: 0
10:18:03 | INFO     | [10:18:03] ✅ DONE | 00011/2024 | item 00010 | 203/1425 (14.2%) | Falhas: 0
10:18:04 | INFO     | [10:18:04] ✅ DONE | 00011/2024 | item 00011 | 204/1425 (14.3%) | Falhas: 0
10:18:05 | INFO     | [10:18:05] ✅ DONE | 00011/2024 | item 00013 | 205/1425 (14.4%) | Falhas: 0
10:18:05 | INFO     | [10:18:05] ✅ DONE | 00011/2024 | item 00012 | 206/1425 (14.5%) | Falhas: 0
10:18:05 | INFO     | [10:18:05] ✅ DONE | 00011/2024 | item 00014 | 207/1425 (14.5%) | Falhas: 0
10:18:07 | INFO     | [10:18:07] ✅ DONE | 00011/2024 | item 00016 | 208/1425 (14.6%) | Falhas: 0
10:18:07 | INFO     | [10:18:07] ✅ DONE | 00011/2024 | item 00019 | 209/1425 (14.7%) | Falhas: 0
10:18:07 | INFO     | [10:18:07] ✅ DONE | 00011/2024 | item 00015 | 210/1425 (14.7%) | Falhas: 0
10:18:10 | INFO     | [10:18:10] ✅ DONE | 00011/2024 | item 00024 | 211/1425 (14.8%) | Falhas: 0
10:18:10 | INFO     | [10:18:10] ✅ DONE | 00011/2024 | item 00025 | 212/1425 (14.9%) | Falhas: 0
10:18:10 | INFO     | [10:18:10] ✅ DONE | 00011/2024 | item 00022 | 213/1425 (14.9%) | Falhas: 0
10:18:11 | INFO     | [10:18:11] ✅ DONE | 00011/2024 | item 00027 | 214/1425 (15.0%) | Falhas: 0
10:18:11 | INFO     | [10:18:11] ✅ DONE | 00011/2024 | item 00026 | 215/1425 (15.1%) | Falhas: 0
10:18:12 | INFO     | [10:18:12] ✅ DONE | 00011/2024 | item 00029 | 216/1425 (15.2%) | Falhas: 0
10:18:13 | INFO     | [10:18:13] ✅ DONE | 00011/2024 | item 00028 | 217/1425 (15.2%) | Falhas: 0
10:18:13 | INFO     | [10:18:13] ✅ DONE | 00011/2024 | item 00030 | 218/1425 (15.3%) | Falhas: 0
10:18:14 | INFO     | [10:18:14] ✅ DONE | 00011/2024 | item 00033 | 219/1425 (15.4%) | Falhas: 0
10:18:14 | INFO     | [10:18:14] ✅ DONE | 00011/2024 | item 00032 | 220/1425 (15.4%) | Falhas: 0
10:18:15 | INFO     | [10:18:15] ✅ DONE | 00011/2024 | item 00036 | 221/1425 (15.5%) | Falhas: 0
10:18:16 | INFO     | [10:18:16] ✅ DONE | 00011/2024 | item 00037 | 222/1425 (15.6%) | Falhas: 0
10:18:16 | INFO     | [10:18:16] ✅ DONE | 00005/2024 | item 00126 | 223/1425 (15.6%) | Falhas: 0
10:18:17 | INFO     | [10:18:17] ✅ DONE | 00005/2024 | item 00134 | 224/1425 (15.7%) | Falhas: 0
10:18:17 | INFO     | [10:18:17] ✅ DONE | 00005/2024 | item 00127 | 225/1425 (15.8%) | Falhas: 0
10:18:18 | INFO     | [10:18:18] ✅ DONE | 00005/2024 | item 00128 | 226/1425 (15.9%) | Falhas: 0
10:18:19 | INFO     | [10:18:19] ✅ DONE | 00008/2024 | item 00025 | 227/1425 (15.9%) | Falhas: 0
10:18:21 | INFO     | [10:18:21] ✅ DONE | 00010/2024 | item 00002 | 228/1425 (16.0%) | Falhas: 0
10:18:21 | INFO     | [10:18:21] ✅ DONE | 00010/2024 | item 00001 | 229/1425 (16.1%) | Falhas: 0
10:18:22 | INFO     | [10:18:22] ✅ DONE | 00010/2024 | item 00004 | 230/1425 (16.1%) | Falhas: 0
10:18:22 | INFO     | [10:18:22] ✅ DONE | 00010/2024 | item 00003 | 231/1425 (16.2%) | Falhas: 0
10:18:22 | INFO     | [10:18:22] ✅ DONE | 00010/2024 | item 00005 | 232/1425 (16.3%) | Falhas: 0
10:18:24 | INFO     | [10:18:24] ✅ DONE | 00010/2024 | item 00007 | 233/1425 (16.4%) | Falhas: 0
10:18:24 | INFO     | [10:18:24] ✅ DONE | 00010/2024 | item 00006 | 234/1425 (16.4%) | Falhas: 0
10:18:24 | INFO     | [10:18:24] ✅ DONE | 00010/2024 | item 00008 | 235/1425 (16.5%) | Falhas: 0
10:18:25 | INFO     | [10:18:25] ✅ DONE | 00010/2024 | item 00009 | 236/1425 (16.6%) | Falhas: 0
10:18:25 | INFO     | [10:18:25] ✅ DONE | 00010/2024 | item 00010 | 237/1425 (16.6%) | Falhas: 0
10:18:26 | INFO     | [10:18:26] ✅ DONE | 00010/2024 | item 00011 | 238/1425 (16.7%) | Falhas: 0
10:18:26 | INFO     | [10:18:26] ✅ DONE | 00010/2024 | item 00013 | 239/1425 (16.8%) | Falhas: 0
10:18:27 | INFO     | [10:18:27] ✅ DONE | 00010/2024 | item 00012 | 240/1425 (16.8%) | Falhas: 0
10:18:28 | INFO     | [10:18:28] ✅ DONE | 00010/2024 | item 00014 | 241/1425 (16.9%) | Falhas: 0
10:18:28 | INFO     | [10:18:28] ✅ DONE | 00010/2024 | item 00015 | 242/1425 (17.0%) | Falhas: 0
10:18:29 | INFO     | [10:18:29] ✅ DONE | 00010/2024 | item 00016 | 243/1425 (17.1%) | Falhas: 0
10:18:29 | INFO     | [10:18:29] ✅ DONE | 00010/2024 | item 00017 | 244/1425 (17.1%) | Falhas: 0
10:18:30 | INFO     | [10:18:30] ✅ DONE | 00010/2024 | item 00018 | 245/1425 (17.2%) | Falhas: 0
10:18:30 | INFO     | [10:18:30] ✅ DONE | 00010/2024 | item 00019 | 246/1425 (17.3%) | Falhas: 0
10:18:31 | INFO     | [10:18:31] ✅ DONE | 00010/2024 | item 00020 | 247/1425 (17.3%) | Falhas: 0
10:18:32 | INFO     | [10:18:32] ✅ DONE | 00010/2024 | item 00023 | 248/1425 (17.4%) | Falhas: 0
10:18:32 | INFO     | [10:18:32] ✅ DONE | 00010/2024 | item 00021 | 249/1425 (17.5%) | Falhas: 0
10:18:32 | INFO     | [10:18:32] ✅ DONE | 00010/2024 | item 00022 | 250/1425 (17.5%) | Falhas: 0
10:18:34 | INFO     | [10:18:34] ✅ DONE | 00010/2024 | item 00025 | 251/1425 (17.6%) | Falhas: 0
10:18:34 | INFO     | [10:18:34] ✅ DONE | 00010/2024 | item 00026 | 252/1425 (17.7%) | Falhas: 0
10:18:35 | INFO     | [10:18:35] ✅ DONE | 00010/2024 | item 00027 | 253/1425 (17.8%) | Falhas: 0
10:18:35 | INFO     | [10:18:35] ✅ DONE | 00010/2024 | item 00024 | 254/1425 (17.8%) | Falhas: 0
10:18:36 | INFO     | [10:18:36] ✅ DONE | 00010/2024 | item 00029 | 255/1425 (17.9%) | Falhas: 0
10:18:37 | INFO     | [10:18:37] ✅ DONE | 00011/2024 | item 00038 | 256/1425 (18.0%) | Falhas: 0
10:18:37 | INFO     | [10:18:37] ✅ DONE | 00011/2024 | item 00039 | 257/1425 (18.0%) | Falhas: 0
10:18:37 | INFO     | [10:18:37] ✅ DONE | 00010/2024 | item 00028 | 258/1425 (18.1%) | Falhas: 0
10:18:39 | INFO     | [10:18:39] ✅ DONE | 00011/2024 | item 00041 | 259/1425 (18.2%) | Falhas: 0
10:18:39 | INFO     | [10:18:39] ✅ DONE | 00011/2024 | item 00040 | 260/1425 (18.2%) | Falhas: 0
10:18:40 | INFO     | [10:18:40] ✅ DONE | 00011/2024 | item 00042 | 261/1425 (18.3%) | Falhas: 0
10:18:41 | INFO     | [10:18:41] ✅ DONE | 00011/2024 | item 00043 | 262/1425 (18.4%) | Falhas: 0
10:18:42 | INFO     | [10:18:42] ✅ DONE | 00011/2024 | item 00044 | 263/1425 (18.5%) | Falhas: 0
10:18:42 | INFO     | [10:18:42] ✅ DONE | 00011/2024 | item 00046 | 264/1425 (18.5%) | Falhas: 0
10:18:43 | INFO     | [10:18:43] ✅ DONE | 00011/2024 | item 00047 | 265/1425 (18.6%) | Falhas: 0
10:18:44 | INFO     | [10:18:44] ✅ DONE | 00011/2024 | item 00055 | 266/1425 (18.7%) | Falhas: 0
10:18:44 | INFO     | [10:18:44] ✅ DONE | 00011/2024 | item 00058 | 267/1425 (18.7%) | Falhas: 0
10:18:44 | INFO     | [10:18:44] ✅ DONE | 00011/2024 | item 00060 | 268/1425 (18.8%) | Falhas: 0
10:18:46 | INFO     | [10:18:46] ✅ DONE | 00011/2024 | item 00061 | 269/1425 (18.9%) | Falhas: 0
10:18:47 | INFO     | [10:18:47] ✅ DONE | 00011/2024 | item 00062 | 270/1425 (18.9%) | Falhas: 0
10:18:48 | INFO     | [10:18:48] ✅ DONE | 00011/2024 | item 00067 | 271/1425 (19.0%) | Falhas: 0
10:18:48 | INFO     | [10:18:48] ✅ DONE | 00011/2024 | item 00065 | 272/1425 (19.1%) | Falhas: 0
10:18:50 | INFO     | [10:18:50] ✅ DONE | 00011/2024 | item 00070 | 273/1425 (19.2%) | Falhas: 0
10:18:50 | INFO     | [10:18:50] ✅ DONE | 00011/2024 | item 00071 | 274/1425 (19.2%) | Falhas: 0
10:18:51 | INFO     | [10:18:51] ✅ DONE | 00011/2024 | item 00068 | 275/1425 (19.3%) | Falhas: 0
10:18:51 | INFO     | [10:18:51] ✅ DONE | 00011/2024 | item 00072 | 276/1425 (19.4%) | Falhas: 0
10:18:52 | INFO     | [10:18:52] ✅ DONE | 00011/2024 | item 00074 | 277/1425 (19.4%) | Falhas: 0
10:18:52 | INFO     | [10:18:52] ✅ DONE | 00011/2024 | item 00075 | 278/1425 (19.5%) | Falhas: 0
10:18:53 | INFO     | [10:18:53] ✅ DONE | 00011/2024 | item 00076 | 279/1425 (19.6%) | Falhas: 0
10:18:55 | INFO     | [10:18:55] ✅ DONE | 00011/2024 | item 00078 | 280/1425 (19.6%) | Falhas: 0
10:18:55 | INFO     | [10:18:55] ✅ DONE | 00011/2024 | item 00079 | 281/1425 (19.7%) | Falhas: 0
10:18:56 | INFO     | [10:18:56] ✅ DONE | 00011/2024 | item 00077 | 282/1425 (19.8%) | Falhas: 0
10:18:57 | INFO     | [10:18:57] ✅ DONE | 00011/2024 | item 00082 | 283/1425 (19.9%) | Falhas: 0
10:18:58 | INFO     | [10:18:58] ✅ DONE | 00011/2024 | item 00081 | 284/1425 (19.9%) | Falhas: 0
10:18:58 | INFO     | [10:18:58] ✅ DONE | 00011/2024 | item 00080 | 285/1425 (20.0%) | Falhas: 0
10:19:00 | INFO     | [10:19:00] ✅ DONE | 00011/2024 | item 00083 | 286/1425 (20.1%) | Falhas: 0
10:19:01 | INFO     | [10:19:01] ✅ DONE | 00011/2024 | item 00088 | 287/1425 (20.1%) | Falhas: 0
10:19:02 | INFO     | [10:19:02] ✅ DONE | 00011/2024 | item 00084 | 288/1425 (20.2%) | Falhas: 0
10:19:02 | INFO     | [10:19:02] ✅ DONE | 00011/2024 | item 00091 | 289/1425 (20.3%) | Falhas: 0
10:19:03 | INFO     | [10:19:03] ✅ DONE | 00011/2024 | item 00094 | 290/1425 (20.4%) | Falhas: 0
10:19:04 | INFO     | [10:19:04] ✅ DONE | 00011/2024 | item 00095 | 291/1425 (20.4%) | Falhas: 0
10:19:05 | INFO     | [10:19:05] ✅ DONE | 00011/2024 | item 00097 | 292/1425 (20.5%) | Falhas: 0
10:19:06 | INFO     | [10:19:06] ✅ DONE | 00011/2024 | item 00100 | 293/1425 (20.6%) | Falhas: 0
10:19:06 | INFO     | [10:19:06] ✅ DONE | 00011/2024 | item 00096 | 294/1425 (20.6%) | Falhas: 0
10:19:06 | INFO     | [10:19:06] ✅ DONE | 00011/2024 | item 00098 | 295/1425 (20.7%) | Falhas: 0
10:19:08 | INFO     | [10:19:08] ✅ DONE | 00011/2024 | item 00103 | 296/1425 (20.8%) | Falhas: 0
10:19:08 | INFO     | [10:19:08] ✅ DONE | 00011/2024 | item 00102 | 297/1425 (20.8%) | Falhas: 0
10:19:10 | INFO     | [10:19:10] ✅ DONE | 00011/2024 | item 00117 | 298/1425 (20.9%) | Falhas: 0
10:19:10 | INFO     | [10:19:10] ✅ DONE | 00011/2024 | item 00106 | 299/1425 (21.0%) | Falhas: 0
10:19:11 | INFO     | [10:19:11] ✅ DONE | 00011/2024 | item 00116 | 300/1425 (21.1%) | Falhas: 0
10:19:11 | INFO     | [10:19:11] ✅ DONE | 00011/2024 | item 00125 | 301/1425 (21.1%) | Falhas: 0
10:19:12 | INFO     | [10:19:12] ✅ DONE | 00011/2024 | item 00134 | 302/1425 (21.2%) | Falhas: 0
10:19:12 | INFO     | [10:19:12] ✅ DONE | 00011/2024 | item 00135 | 303/1425 (21.3%) | Falhas: 0
10:19:13 | INFO     | [10:19:13] ✅ DONE | 00011/2024 | item 00121 | 304/1425 (21.3%) | Falhas: 0
10:19:14 | INFO     | [10:19:14] ✅ DONE | 00011/2024 | item 00139 | 305/1425 (21.4%) | Falhas: 0
10:19:15 | INFO     | [10:19:15] ✅ DONE | 00011/2024 | item 00146 | 306/1425 (21.5%) | Falhas: 0
10:19:15 | INFO     | [10:19:15] ✅ DONE | 00011/2024 | item 00154 | 307/1425 (21.5%) | Falhas: 0
10:19:16 | INFO     | [10:19:16] ✅ DONE | 00011/2024 | item 00157 | 308/1425 (21.6%) | Falhas: 0
10:19:17 | INFO     | [10:19:17] ✅ DONE | 00011/2024 | item 00169 | 309/1425 (21.7%) | Falhas: 0
10:19:17 | INFO     | [10:19:17] ✅ DONE | 00011/2024 | item 00168 | 310/1425 (21.8%) | Falhas: 0
10:19:19 | INFO     | [10:19:19] ✅ DONE | 00011/2024 | item 00170 | 311/1425 (21.8%) | Falhas: 0
10:19:19 | INFO     | [10:19:19] ✅ DONE | 00011/2024 | item 00172 | 312/1425 (21.9%) | Falhas: 0
10:19:19 | INFO     | [10:19:19] ✅ DONE | 00011/2024 | item 00173 | 313/1425 (22.0%) | Falhas: 0
10:19:21 | INFO     | [10:19:21] ✅ DONE | 00011/2024 | item 00176 | 314/1425 (22.0%) | Falhas: 0
10:19:22 | INFO     | [10:19:22] ✅ DONE | 00011/2024 | item 00185 | 315/1425 (22.1%) | Falhas: 0
10:19:22 | INFO     | [10:19:22] ✅ DONE | 00011/2024 | item 00175 | 316/1425 (22.2%) | Falhas: 0
10:19:23 | INFO     | [10:19:23] ✅ DONE | 00011/2024 | item 00190 | 317/1425 (22.2%) | Falhas: 0
10:19:23 | INFO     | [10:19:23] ✅ DONE | 00011/2024 | item 00191 | 318/1425 (22.3%) | Falhas: 0
10:19:25 | INFO     | [10:19:25] ✅ DONE | 00011/2024 | item 00192 | 319/1425 (22.4%) | Falhas: 0
10:19:26 | INFO     | [10:19:26] ✅ DONE | 00011/2024 | item 00195 | 320/1425 (22.5%) | Falhas: 0
10:19:26 | INFO     | [10:19:26] ✅ DONE | 00011/2024 | item 00200 | 321/1425 (22.5%) | Falhas: 0
10:19:27 | INFO     | [10:19:27] ✅ DONE | 00011/2024 | item 00204 | 322/1425 (22.6%) | Falhas: 0
10:19:27 | INFO     | [10:19:27] ✅ DONE | 00011/2024 | item 00232 | 323/1425 (22.7%) | Falhas: 0
10:19:28 | INFO     | [10:19:28] ✅ DONE | 00011/2024 | item 00236 | 324/1425 (22.7%) | Falhas: 0
10:19:29 | INFO     | [10:19:29] ✅ DONE | 00011/2024 | item 00243 | 325/1425 (22.8%) | Falhas: 0
10:19:30 | INFO     | [10:19:30] ✅ DONE | 00011/2024 | item 00223 | 326/1425 (22.9%) | Falhas: 0
10:19:30 | INFO     | [10:19:30] ✅ DONE | 00011/2024 | item 00249 | 327/1425 (22.9%) | Falhas: 0
10:19:31 | INFO     | [10:19:31] ✅ DONE | 00011/2024 | item 00247 | 328/1425 (23.0%) | Falhas: 0
10:19:31 | INFO     | [10:19:31] ✅ DONE | 00011/2024 | item 00258 | 329/1425 (23.1%) | Falhas: 0
10:19:32 | INFO     | [10:19:32] ✅ DONE | 00011/2024 | item 00259 | 330/1425 (23.2%) | Falhas: 0
10:19:34 | INFO     | [10:19:34] ✅ DONE | 00011/2024 | item 00270 | 331/1425 (23.2%) | Falhas: 0
10:19:34 | INFO     | [10:19:34] ✅ DONE | 00011/2024 | item 00266 | 332/1425 (23.3%) | Falhas: 0
10:19:35 | INFO     | [10:19:35] ✅ DONE | 00011/2024 | item 00271 | 333/1425 (23.4%) | Falhas: 0
10:19:36 | INFO     | [10:19:36] ✅ DONE | 00011/2024 | item 00272 | 334/1425 (23.4%) | Falhas: 0
10:19:36 | INFO     | [10:19:36] ✅ DONE | 00011/2024 | item 00263 | 335/1425 (23.5%) | Falhas: 0
10:19:38 | INFO     | [10:19:38] ✅ DONE | 00011/2024 | item 00274 | 336/1425 (23.6%) | Falhas: 0
10:19:38 | INFO     | [10:19:38] ✅ DONE | 00011/2024 | item 00273 | 337/1425 (23.6%) | Falhas: 0
10:19:39 | INFO     | [10:19:39] ✅ DONE | 00011/2024 | item 00277 | 338/1425 (23.7%) | Falhas: 0
10:19:40 | INFO     | [10:19:40] ✅ DONE | 00011/2024 | item 00278 | 339/1425 (23.8%) | Falhas: 0
10:19:40 | INFO     | [10:19:40] ✅ DONE | 00011/2024 | item 00279 | 340/1425 (23.9%) | Falhas: 0
10:19:41 | INFO     | [10:19:41] ✅ DONE | 00011/2024 | item 00280 | 341/1425 (23.9%) | Falhas: 0
10:19:42 | INFO     | [10:19:42] ✅ DONE | 00011/2024 | item 00281 | 342/1425 (24.0%) | Falhas: 0
10:19:42 | INFO     | [10:19:42] ✅ DONE | 00011/2024 | item 00282 | 343/1425 (24.1%) | Falhas: 0
10:19:44 | INFO     | [10:19:44] ✅ DONE | 00011/2024 | item 00283 | 344/1425 (24.1%) | Falhas: 0
10:19:44 | INFO     | [10:19:44] ✅ DONE | 00011/2024 | item 00287 | 345/1425 (24.2%) | Falhas: 0
10:19:44 | INFO     | [10:19:44] ✅ DONE | 00011/2024 | item 00288 | 346/1425 (24.3%) | Falhas: 0
10:19:46 | INFO     | [10:19:46] ✅ DONE | 00011/2024 | item 00289 | 347/1425 (24.4%) | Falhas: 0
10:19:47 | INFO     | [10:19:47] ✅ DONE | 00011/2024 | item 00291 | 348/1425 (24.4%) | Falhas: 0
10:19:47 | INFO     | [10:19:47] ✅ DONE | 00011/2024 | item 00290 | 349/1425 (24.5%) | Falhas: 0
10:19:47 | INFO     | [10:19:47] ✅ DONE | 00011/2024 | item 00292 | 350/1425 (24.6%) | Falhas: 0
10:19:48 | INFO     | [10:19:48] ✅ DONE | 00011/2024 | item 00294 | 351/1425 (24.6%) | Falhas: 0
10:19:49 | INFO     | [10:19:49] ✅ DONE | 00011/2024 | item 00295 | 352/1425 (24.7%) | Falhas: 0
10:19:49 | INFO     | [10:19:49] ✅ DONE | 00011/2024 | item 00297 | 353/1425 (24.8%) | Falhas: 0
10:19:51 | INFO     | [10:19:51] ✅ DONE | 00011/2024 | item 00298 | 354/1425 (24.8%) | Falhas: 0
10:19:51 | INFO     | [10:19:51] ✅ DONE | 00011/2024 | item 00301 | 355/1425 (24.9%) | Falhas: 0
10:19:51 | INFO     | [10:19:51] ✅ DONE | 00011/2024 | item 00303 | 356/1425 (25.0%) | Falhas: 0
10:19:52 | INFO     | [10:19:52] ✅ DONE | 00011/2024 | item 00304 | 357/1425 (25.1%) | Falhas: 0
10:19:53 | INFO     | [10:19:53] ✅ DONE | 00011/2024 | item 00305 | 358/1425 (25.1%) | Falhas: 0
10:19:53 | INFO     | [10:19:53] ✅ DONE | 00011/2024 | item 00306 | 359/1425 (25.2%) | Falhas: 0
10:19:54 | INFO     | [10:19:54] ✅ DONE | 00011/2024 | item 00308 | 360/1425 (25.3%) | Falhas: 0
10:19:54 | INFO     | [10:19:54] ✅ DONE | 00011/2024 | item 00307 | 361/1425 (25.3%) | Falhas: 0
10:19:55 | INFO     | [10:19:55] ✅ DONE | 00011/2024 | item 00312 | 362/1425 (25.4%) | Falhas: 0
10:19:56 | INFO     | [10:19:56] ✅ DONE | 00011/2024 | item 00314 | 363/1425 (25.5%) | Falhas: 0
10:19:57 | INFO     | [10:19:57] ✅ DONE | 00011/2024 | item 00316 | 364/1425 (25.5%) | Falhas: 0
10:19:57 | INFO     | [10:19:57] ✅ DONE | 00011/2024 | item 00315 | 365/1425 (25.6%) | Falhas: 0
10:19:58 | INFO     | [10:19:58] ✅ DONE | 00011/2024 | item 00318 | 366/1425 (25.7%) | Falhas: 0
10:19:58 | INFO     | [10:19:58] ✅ DONE | 00011/2024 | item 00324 | 367/1425 (25.8%) | Falhas: 0
10:20:00 | INFO     | [10:20:00] ✅ DONE | 00011/2024 | item 00321 | 368/1425 (25.8%) | Falhas: 0
10:20:03 | INFO     | [10:20:03] ✅ DONE | 00011/2024 | item 00328 | 369/1425 (25.9%) | Falhas: 0
10:20:03 | INFO     | [10:20:03] ✅ DONE | 00011/2024 | item 00329 | 370/1425 (26.0%) | Falhas: 0
10:20:04 | INFO     | [10:20:04] ✅ DONE | 00011/2024 | item 00325 | 371/1425 (26.0%) | Falhas: 0
10:20:05 | INFO     | [10:20:05] ✅ DONE | 00011/2024 | item 00330 | 372/1425 (26.1%) | Falhas: 0
10:20:06 | INFO     | [10:20:06] ✅ DONE | 00011/2024 | item 00331 | 373/1425 (26.2%) | Falhas: 0
10:20:08 | INFO     | [10:20:08] ✅ DONE | 00011/2024 | item 00333 | 374/1425 (26.2%) | Falhas: 0
10:20:08 | INFO     | [10:20:08] ✅ DONE | 00011/2024 | item 00334 | 375/1425 (26.3%) | Falhas: 0
10:20:10 | INFO     | [10:20:10] ✅ DONE | 00011/2024 | item 00335 | 376/1425 (26.4%) | Falhas: 0
10:20:10 | INFO     | [10:20:10] ✅ DONE | 00011/2024 | item 00337 | 377/1425 (26.5%) | Falhas: 0
10:20:10 | INFO     | [10:20:10] ✅ DONE | 00011/2024 | item 00336 | 378/1425 (26.5%) | Falhas: 0
10:20:13 | INFO     | [10:20:13] ✅ DONE | 00011/2024 | item 00346 | 379/1425 (26.6%) | Falhas: 0
10:20:13 | INFO     | [10:20:13] ✅ DONE | 00011/2024 | item 00342 | 380/1425 (26.7%) | Falhas: 0
10:20:13 | INFO     | [10:20:13] ✅ DONE | 00011/2024 | item 00338 | 381/1425 (26.7%) | Falhas: 0
10:20:15 | INFO     | [10:20:15] ✅ DONE | 00011/2024 | item 00351 | 382/1425 (26.8%) | Falhas: 0
10:20:15 | INFO     | [10:20:15] ✅ DONE | 00011/2024 | item 00350 | 383/1425 (26.9%) | Falhas: 0
10:20:16 | INFO     | [10:20:16] ✅ DONE | 00011/2024 | item 00352 | 384/1425 (26.9%) | Falhas: 0
10:20:16 | INFO     | [10:20:16] ✅ DONE | 00011/2024 | item 00353 | 385/1425 (27.0%) | Falhas: 0
10:20:18 | INFO     | [10:20:18] ✅ DONE | 00011/2024 | item 00354 | 386/1425 (27.1%) | Falhas: 0
10:20:18 | INFO     | [10:20:18] ✅ DONE | 00011/2024 | item 00356 | 387/1425 (27.2%) | Falhas: 0
10:20:20 | INFO     | [10:20:20] ✅ DONE | 00011/2024 | item 00355 | 388/1425 (27.2%) | Falhas: 0
10:20:20 | INFO     | [10:20:20] ✅ DONE | 00011/2024 | item 00362 | 389/1425 (27.3%) | Falhas: 0
10:20:21 | INFO     | [10:20:21] ✅ DONE | 00011/2024 | item 00360 | 390/1425 (27.4%) | Falhas: 0
10:20:22 | INFO     | [10:20:22] ✅ DONE | 00011/2024 | item 00363 | 391/1425 (27.4%) | Falhas: 0
10:20:23 | INFO     | [10:20:23] ✅ DONE | 00011/2024 | item 00364 | 392/1425 (27.5%) | Falhas: 0
10:20:23 | INFO     | [10:20:23] ✅ DONE | 00011/2024 | item 00370 | 393/1425 (27.6%) | Falhas: 0
10:20:23 | INFO     | [10:20:23] ✅ DONE | 00011/2024 | item 00365 | 394/1425 (27.6%) | Falhas: 0
10:20:25 | INFO     | [10:20:25] ✅ DONE | 00011/2024 | item 00371 | 395/1425 (27.7%) | Falhas: 0
10:20:26 | INFO     | [10:20:26] ✅ DONE | 00011/2024 | item 00372 | 396/1425 (27.8%) | Falhas: 0
10:20:26 | INFO     | [10:20:26] ✅ DONE | 00011/2024 | item 00373 | 397/1425 (27.9%) | Falhas: 0
10:20:27 | INFO     | [10:20:27] ✅ DONE | 00011/2024 | item 00374 | 398/1425 (27.9%) | Falhas: 0
10:20:28 | INFO     | [10:20:28] ✅ DONE | 00011/2024 | item 00376 | 399/1425 (28.0%) | Falhas: 0
10:20:28 | INFO     | [10:20:28] ✅ DONE | 00011/2024 | item 00377 | 400/1425 (28.1%) | Falhas: 0
10:20:29 | INFO     | [10:20:29] ✅ DONE | 00011/2024 | item 00375 | 401/1425 (28.1%) | Falhas: 0
10:20:30 | INFO     | [10:20:30] ✅ DONE | 00011/2024 | item 00380 | 402/1425 (28.2%) | Falhas: 0
10:20:31 | INFO     | [10:20:31] ✅ DONE | 00011/2024 | item 00381 | 403/1425 (28.3%) | Falhas: 0
10:20:32 | INFO     | [10:20:32] ✅ DONE | 00011/2024 | item 00379 | 404/1425 (28.4%) | Falhas: 0
10:20:32 | INFO     | [10:20:32] ✅ DONE | 00011/2024 | item 00382 | 405/1425 (28.4%) | Falhas: 0
10:20:34 | INFO     | [10:20:34] ✅ DONE | 00011/2024 | item 00387 | 406/1425 (28.5%) | Falhas: 0
10:20:34 | INFO     | [10:20:34] ✅ DONE | 00011/2024 | item 00384 | 407/1425 (28.6%) | Falhas: 0
10:20:34 | INFO     | [10:20:34] ✅ DONE | 00011/2024 | item 00385 | 408/1425 (28.6%) | Falhas: 0
10:20:35 | INFO     | [10:20:35] ✅ DONE | 00011/2024 | item 00388 | 409/1425 (28.7%) | Falhas: 0
10:20:37 | INFO     | [10:20:37] ✅ DONE | 00011/2024 | item 00390 | 410/1425 (28.8%) | Falhas: 0
10:20:37 | INFO     | [10:20:37] ✅ DONE | 00011/2024 | item 00391 | 411/1425 (28.8%) | Falhas: 0
10:20:38 | INFO     | [10:20:38] ✅ DONE | 00011/2024 | item 00393 | 412/1425 (28.9%) | Falhas: 0
10:20:39 | INFO     | [10:20:39] ✅ DONE | 00011/2024 | item 00394 | 413/1425 (29.0%) | Falhas: 0
10:20:39 | INFO     | [10:20:39] ✅ DONE | 00011/2024 | item 00395 | 414/1425 (29.1%) | Falhas: 0
10:20:42 | INFO     | [10:20:42] ✅ DONE | 00011/2024 | item 00397 | 415/1425 (29.1%) | Falhas: 0
10:20:42 | INFO     | [10:20:42] ✅ DONE | 00011/2024 | item 00396 | 416/1425 (29.2%) | Falhas: 0
10:20:42 | INFO     | [10:20:42] ✅ DONE | 00011/2024 | item 00398 | 417/1425 (29.3%) | Falhas: 0
10:20:45 | INFO     | [10:20:45] ✅ DONE | 00011/2024 | item 00418 | 418/1425 (29.3%) | Falhas: 0
10:20:45 | INFO     | [10:20:45] ✅ DONE | 00011/2024 | item 00426 | 419/1425 (29.4%) | Falhas: 0
10:20:46 | INFO     | [10:20:46] ✅ DONE | 00011/2024 | item 00431 | 420/1425 (29.5%) | Falhas: 0
10:20:47 | INFO     | [10:20:47] ✅ DONE | 00011/2024 | item 00432 | 421/1425 (29.5%) | Falhas: 0
10:20:47 | INFO     | [10:20:47] ✅ DONE | 00011/2024 | item 00409 | 422/1425 (29.6%) | Falhas: 0
10:20:47 | INFO     | [10:20:47] ✅ DONE | 00011/2024 | item 00437 | 423/1425 (29.7%) | Falhas: 0
10:20:49 | INFO     | [10:20:49] ✅ DONE | 00011/2024 | item 00440 | 424/1425 (29.8%) | Falhas: 0
10:20:50 | INFO     | [10:20:50] ✅ DONE | 00011/2024 | item 00457 | 425/1425 (29.8%) | Falhas: 0
10:20:51 | INFO     | [10:20:51] ✅ DONE | 00011/2024 | item 00452 | 426/1425 (29.9%) | Falhas: 0
10:20:51 | INFO     | [10:20:51] ✅ DONE | 00011/2024 | item 00468 | 427/1425 (30.0%) | Falhas: 0
10:20:52 | INFO     | [10:20:52] ✅ DONE | 00011/2024 | item 00473 | 428/1425 (30.0%) | Falhas: 0
10:20:52 | INFO     | [10:20:52] ✅ DONE | 00011/2024 | item 00479 | 429/1425 (30.1%) | Falhas: 0
10:20:53 | INFO     | [10:20:53] ✅ DONE | 00011/2024 | item 00486 | 430/1425 (30.2%) | Falhas: 0
10:20:54 | INFO     | [10:20:54] ✅ DONE | 00011/2024 | item 00476 | 431/1425 (30.2%) | Falhas: 0
10:20:54 | INFO     | [10:20:54] ✅ DONE | 00011/2024 | item 00487 | 432/1425 (30.3%) | Falhas: 0
10:20:55 | INFO     | [10:20:55] ✅ DONE | 00011/2024 | item 00495 | 433/1425 (30.4%) | Falhas: 0
10:20:55 | INFO     | [10:20:55] ✅ DONE | 00011/2024 | item 00488 | 434/1425 (30.5%) | Falhas: 0
10:20:56 | INFO     | [10:20:56] ✅ DONE | 00011/2024 | item 00497 | 435/1425 (30.5%) | Falhas: 0
10:20:58 | INFO     | [10:20:58] ✅ DONE | 00011/2024 | item 00498 | 436/1425 (30.6%) | Falhas: 0
10:20:59 | INFO     | [10:20:59] ✅ DONE | 00011/2024 | item 00499 | 437/1425 (30.7%) | Falhas: 0
10:20:59 | INFO     | [10:20:59] ✅ DONE | 00011/2024 | item 00503 | 438/1425 (30.7%) | Falhas: 0
10:21:00 | INFO     | [10:21:00] ✅ DONE | 00011/2024 | item 00506 | 439/1425 (30.8%) | Falhas: 0
10:21:00 | INFO     | [10:21:00] ✅ DONE | 00011/2024 | item 00515 | 440/1425 (30.9%) | Falhas: 0
10:21:01 | INFO     | [10:21:01] ✅ DONE | 00011/2024 | item 00517 | 441/1425 (30.9%) | Falhas: 0
10:21:02 | INFO     | [10:21:02] ✅ DONE | 00011/2024 | item 00519 | 442/1425 (31.0%) | Falhas: 0
10:21:02 | INFO     | [10:21:02] ✅ DONE | 00011/2024 | item 00530 | 443/1425 (31.1%) | Falhas: 0
10:21:03 | INFO     | [10:21:03] ✅ DONE | 00011/2024 | item 00521 | 444/1425 (31.2%) | Falhas: 0
10:21:04 | INFO     | [10:21:04] ✅ DONE | 00011/2024 | item 00534 | 445/1425 (31.2%) | Falhas: 0
10:21:05 | INFO     | [10:21:05] ✅ DONE | 00011/2024 | item 00544 | 446/1425 (31.3%) | Falhas: 0
10:21:05 | INFO     | [10:21:05] ✅ DONE | 00011/2024 | item 00541 | 447/1425 (31.4%) | Falhas: 0
10:21:06 | INFO     | [10:21:06] ✅ DONE | 00011/2024 | item 00546 | 448/1425 (31.4%) | Falhas: 0
10:21:06 | INFO     | [10:21:06] ✅ DONE | 00011/2024 | item 00547 | 449/1425 (31.5%) | Falhas: 0
10:21:07 | INFO     | [10:21:07] ✅ DONE | 00011/2024 | item 00548 | 450/1425 (31.6%) | Falhas: 0
10:21:07 | INFO     | [10:21:07] ✅ DONE | 00011/2024 | item 00550 | 451/1425 (31.6%) | Falhas: 0
10:21:08 | INFO     | [10:21:08] ✅ DONE | 00011/2024 | item 00552 | 452/1425 (31.7%) | Falhas: 0
10:21:08 | INFO     | [10:21:08] ✅ DONE | 00011/2024 | item 00553 | 453/1425 (31.8%) | Falhas: 0
10:21:10 | INFO     | [10:21:10] ✅ DONE | 00011/2024 | item 00554 | 454/1425 (31.9%) | Falhas: 0
10:21:10 | INFO     | [10:21:10] ✅ DONE | 00011/2024 | item 00555 | 455/1425 (31.9%) | Falhas: 0
10:21:10 | INFO     | [10:21:10] ✅ DONE | 00011/2024 | item 00556 | 456/1425 (32.0%) | Falhas: 0
10:21:12 | INFO     | [10:21:12] ✅ DONE | 00011/2024 | item 00557 | 457/1425 (32.1%) | Falhas: 0
10:21:12 | INFO     | [10:21:12] ✅ DONE | 00011/2024 | item 00558 | 458/1425 (32.1%) | Falhas: 0
10:21:12 | INFO     | [10:21:12] ✅ DONE | 00011/2024 | item 00559 | 459/1425 (32.2%) | Falhas: 0
10:21:13 | INFO     | [10:21:13] ✅ DONE | 00011/2024 | item 00563 | 460/1425 (32.3%) | Falhas: 0
10:21:14 | INFO     | [10:21:14] ✅ DONE | 00011/2024 | item 00567 | 461/1425 (32.4%) | Falhas: 0
10:21:15 | INFO     | [10:21:15] ✅ DONE | 00011/2024 | item 00571 | 462/1425 (32.4%) | Falhas: 0
10:21:16 | INFO     | [10:21:16] ✅ DONE | 00011/2024 | item 00572 | 463/1425 (32.5%) | Falhas: 0
10:21:16 | INFO     | [10:21:16] ✅ DONE | 00011/2024 | item 00570 | 464/1425 (32.6%) | Falhas: 0
10:21:16 | INFO     | [10:21:16] ✅ DONE | 00011/2024 | item 00573 | 465/1425 (32.6%) | Falhas: 0
10:21:19 | INFO     | [10:21:19] ✅ DONE | 00011/2024 | item 00574 | 466/1425 (32.7%) | Falhas: 0
10:21:19 | INFO     | [10:21:19] ✅ DONE | 00011/2024 | item 00575 | 467/1425 (32.8%) | Falhas: 0
10:21:20 | INFO     | [10:21:20] ✅ DONE | 00011/2024 | item 00576 | 468/1425 (32.8%) | Falhas: 0
10:21:21 | INFO     | [10:21:21] ✅ DONE | 00011/2024 | item 00582 | 469/1425 (32.9%) | Falhas: 0
10:21:22 | INFO     | [10:21:22] ✅ DONE | 00011/2024 | item 00581 | 470/1425 (33.0%) | Falhas: 0
10:21:22 | INFO     | [10:21:22] ✅ DONE | 00011/2024 | item 00583 | 471/1425 (33.1%) | Falhas: 0
10:21:22 | INFO     | [10:21:22] ✅ DONE | 00011/2024 | item 00584 | 472/1425 (33.1%) | Falhas: 0
10:21:24 | INFO     | [10:21:24] ✅ DONE | 00011/2024 | item 00586 | 473/1425 (33.2%) | Falhas: 0
10:21:24 | INFO     | [10:21:24] ✅ DONE | 00011/2024 | item 00585 | 474/1425 (33.3%) | Falhas: 0
10:21:25 | INFO     | [10:21:25] ✅ DONE | 00011/2024 | item 00591 | 475/1425 (33.3%) | Falhas: 0
10:21:26 | INFO     | [10:21:26] ✅ DONE | 00011/2024 | item 00590 | 476/1425 (33.4%) | Falhas: 0
10:21:26 | INFO     | [10:21:26] ✅ DONE | 00011/2024 | item 00592 | 477/1425 (33.5%) | Falhas: 0
10:21:28 | INFO     | [10:21:28] ✅ DONE | 00011/2024 | item 00593 | 478/1425 (33.5%) | Falhas: 0
10:21:28 | INFO     | [10:21:28] ✅ DONE | 00011/2024 | item 00595 | 479/1425 (33.6%) | Falhas: 0
10:21:29 | INFO     | [10:21:29] ✅ DONE | 00011/2024 | item 00597 | 480/1425 (33.7%) | Falhas: 0
10:21:29 | INFO     | [10:21:29] ✅ DONE | 00011/2024 | item 00594 | 481/1425 (33.8%) | Falhas: 0
10:21:30 | INFO     | [10:21:30] ✅ DONE | 00011/2024 | item 00596 | 482/1425 (33.8%) | Falhas: 0
10:21:31 | INFO     | [10:21:31] ✅ DONE | 00011/2024 | item 00599 | 483/1425 (33.9%) | Falhas: 0
10:21:32 | INFO     | [10:21:32] ✅ DONE | 00011/2024 | item 00605 | 484/1425 (34.0%) | Falhas: 0
10:21:33 | INFO     | [10:21:33] ✅ DONE | 00011/2024 | item 00601 | 485/1425 (34.0%) | Falhas: 0
10:21:33 | INFO     | [10:21:33] ✅ DONE | 00011/2024 | item 00602 | 486/1425 (34.1%) | Falhas: 0
10:21:34 | INFO     | [10:21:34] ✅ DONE | 00011/2024 | item 00607 | 487/1425 (34.2%) | Falhas: 0
10:21:35 | INFO     | [10:21:35] ✅ DONE | 00011/2024 | item 00609 | 488/1425 (34.2%) | Falhas: 0
10:21:36 | INFO     | [10:21:36] ✅ DONE | 00010/2024 | item 00030 | 489/1425 (34.3%) | Falhas: 0
10:21:36 | INFO     | [10:21:36] ✅ DONE | 00011/2024 | item 00608 | 490/1425 (34.4%) | Falhas: 0
10:21:36 | INFO     | [10:21:36] ✅ DONE | 00010/2024 | item 00031 | 491/1425 (34.5%) | Falhas: 0
10:21:38 | INFO     | [10:21:38] ✅ DONE | 00010/2024 | item 00032 | 492/1425 (34.5%) | Falhas: 0
10:21:39 | INFO     | [10:21:39] ✅ DONE | 00010/2024 | item 00033 | 493/1425 (34.6%) | Falhas: 0
10:21:39 | INFO     | [10:21:39] ✅ DONE | 00010/2024 | item 00034 | 494/1425 (34.7%) | Falhas: 0
10:21:39 | INFO     | [10:21:39] ✅ DONE | 00010/2024 | item 00035 | 495/1425 (34.7%) | Falhas: 0
10:21:41 | INFO     | [10:21:41] ✅ DONE | 00010/2024 | item 00036 | 496/1425 (34.8%) | Falhas: 0
10:21:42 | INFO     | [10:21:42] ✅ DONE | 00010/2024 | item 00039 | 497/1425 (34.9%) | Falhas: 0
10:21:43 | INFO     | [10:21:43] ✅ DONE | 00010/2024 | item 00037 | 498/1425 (34.9%) | Falhas: 0
10:21:43 | INFO     | [10:21:43] ✅ DONE | 00010/2024 | item 00040 | 499/1425 (35.0%) | Falhas: 0
10:21:44 | INFO     | [10:21:44] ✅ DONE | 00010/2024 | item 00038 | 500/1425 (35.1%) | Falhas: 0
10:21:45 | INFO     | [10:21:45] ✅ DONE | 00010/2024 | item 00041 | 501/1425 (35.2%) | Falhas: 0
10:21:46 | INFO     | [10:21:46] ✅ DONE | 00010/2024 | item 00042 | 502/1425 (35.2%) | Falhas: 0
10:21:46 | INFO     | [10:21:46] ✅ DONE | 00010/2024 | item 00043 | 503/1425 (35.3%) | Falhas: 0
10:21:47 | INFO     | [10:21:47] ✅ DONE | 00010/2024 | item 00044 | 504/1425 (35.4%) | Falhas: 0
10:21:48 | INFO     | [10:21:48] ✅ DONE | 00010/2024 | item 00045 | 505/1425 (35.4%) | Falhas: 0
10:21:48 | INFO     | [10:21:48] ✅ DONE | 00010/2024 | item 00046 | 506/1425 (35.5%) | Falhas: 0
10:21:48 | INFO     | [10:21:48] ✅ DONE | 00010/2024 | item 00047 | 507/1425 (35.6%) | Falhas: 0
10:21:50 | INFO     | [10:21:50] ✅ DONE | 00010/2024 | item 00050 | 508/1425 (35.6%) | Falhas: 0
10:21:50 | INFO     | [10:21:50] ✅ DONE | 00010/2024 | item 00048 | 509/1425 (35.7%) | Falhas: 0
10:21:50 | INFO     | [10:21:50] ✅ DONE | 00010/2024 | item 00049 | 510/1425 (35.8%) | Falhas: 0
10:21:53 | INFO     | [10:21:53] ✅ DONE | 00011/2024 | item 00612 | 511/1425 (35.9%) | Falhas: 0
10:21:53 | INFO     | [10:21:53] ✅ DONE | 00011/2024 | item 00611 | 512/1425 (35.9%) | Falhas: 0
10:21:53 | INFO     | [10:21:53] ✅ DONE | 00011/2024 | item 00610 | 513/1425 (36.0%) | Falhas: 0
10:21:55 | INFO     | [10:21:55] ✅ DONE | 00011/2024 | item 00618 | 514/1425 (36.1%) | Falhas: 0
10:21:55 | INFO     | [10:21:55] ✅ DONE | 00011/2024 | item 00617 | 515/1425 (36.1%) | Falhas: 0
10:21:56 | INFO     | [10:21:56] ✅ DONE | 00011/2024 | item 00616 | 516/1425 (36.2%) | Falhas: 0
10:21:56 | INFO     | [10:21:56] ✅ DONE | 00011/2024 | item 00619 | 517/1425 (36.3%) | Falhas: 0
10:21:57 | INFO     | [10:21:57] ✅ DONE | 00011/2024 | item 00622 | 518/1425 (36.4%) | Falhas: 0
10:21:57 | INFO     | [10:21:57] ✅ DONE | 00011/2024 | item 00620 | 519/1425 (36.4%) | Falhas: 0
10:21:59 | INFO     | [10:21:59] ✅ DONE | 00011/2024 | item 00624 | 520/1425 (36.5%) | Falhas: 0
10:22:00 | INFO     | [10:22:00] ✅ DONE | 00011/2024 | item 00625 | 521/1425 (36.6%) | Falhas: 0
10:22:00 | INFO     | [10:22:00] ✅ DONE | 00011/2024 | item 00626 | 522/1425 (36.6%) | Falhas: 0
10:22:01 | INFO     | [10:22:01] ✅ DONE | 00011/2024 | item 00630 | 523/1425 (36.7%) | Falhas: 0
10:22:02 | INFO     | [10:22:02] ✅ DONE | 00011/2024 | item 00627 | 524/1425 (36.8%) | Falhas: 0
10:22:03 | INFO     | [10:22:03] ✅ DONE | 00011/2024 | item 00628 | 525/1425 (36.8%) | Falhas: 0
10:22:03 | INFO     | [10:22:03] ✅ DONE | 00011/2024 | item 00632 | 526/1425 (36.9%) | Falhas: 0
10:22:05 | INFO     | [10:22:05] ✅ DONE | 00011/2024 | item 00631 | 527/1425 (37.0%) | Falhas: 0
10:22:06 | INFO     | [10:22:06] ✅ DONE | 00012/2024 | item 00011 | 528/1425 (37.1%) | Falhas: 0
10:22:06 | INFO     | [10:22:06] ✅ DONE | 00012/2024 | item 00010 | 529/1425 (37.1%) | Falhas: 0
10:22:08 | INFO     | [10:22:08] ✅ DONE | 00013/2024 | item 00003 | 530/1425 (37.2%) | Falhas: 0
10:22:08 | INFO     | [10:22:08] ✅ DONE | 00013/2024 | item 00001 | 531/1425 (37.3%) | Falhas: 0
10:22:09 | INFO     | [10:22:09] ✅ DONE | 00013/2024 | item 00002 | 532/1425 (37.3%) | Falhas: 0
10:22:10 | INFO     | [10:22:10] ✅ DONE | 00013/2024 | item 00004 | 533/1425 (37.4%) | Falhas: 0
10:22:11 | INFO     | [10:22:11] ✅ DONE | 00013/2024 | item 00005 | 534/1425 (37.5%) | Falhas: 0
10:22:11 | INFO     | [10:22:11] ✅ DONE | 00013/2024 | item 00006 | 535/1425 (37.5%) | Falhas: 0
10:22:12 | INFO     | [10:22:12] ✅ DONE | 00013/2024 | item 00007 | 536/1425 (37.6%) | Falhas: 0
10:22:13 | INFO     | [10:22:13] ✅ DONE | 00013/2024 | item 00010 | 537/1425 (37.7%) | Falhas: 0
10:22:14 | INFO     | [10:22:14] ✅ DONE | 00013/2024 | item 00008 | 538/1425 (37.8%) | Falhas: 0
10:22:14 | INFO     | [10:22:14] ✅ DONE | 00013/2024 | item 00009 | 539/1425 (37.8%) | Falhas: 0
10:22:15 | INFO     | [10:22:15] ✅ DONE | 00013/2024 | item 00011 | 540/1425 (37.9%) | Falhas: 0
10:22:15 | INFO     | [10:22:15] ✅ DONE | 00013/2024 | item 00013 | 541/1425 (38.0%) | Falhas: 0
10:22:16 | INFO     | [10:22:16] ✅ DONE | 00014/2024 | item 00014 | 542/1425 (38.0%) | Falhas: 0
10:22:16 | INFO     | [10:22:16] ✅ DONE | 00013/2024 | item 00012 | 543/1425 (38.1%) | Falhas: 0
10:22:18 | INFO     | [10:22:18] ✅ DONE | 00015/2024 | item 00001 | 544/1425 (38.2%) | Falhas: 0
10:22:18 | INFO     | [10:22:18] ✅ DONE | 00015/2024 | item 00002 | 545/1425 (38.2%) | Falhas: 0
10:22:19 | INFO     | [10:22:19] ✅ DONE | 00010/2024 | item 00051 | 546/1425 (38.3%) | Falhas: 0
10:22:20 | INFO     | [10:22:20] ✅ DONE | 00015/2024 | item 00004 | 547/1425 (38.4%) | Falhas: 0
10:22:21 | INFO     | [10:22:21] ✅ DONE | 00015/2024 | item 00003 | 548/1425 (38.5%) | Falhas: 0
10:22:22 | INFO     | [10:22:22] ✅ DONE | 00010/2024 | item 00052 | 549/1425 (38.5%) | Falhas: 0
10:22:23 | INFO     | [10:22:23] ✅ DONE | 00016/2024 | item 00007 | 550/1425 (38.6%) | Falhas: 0
10:22:23 | INFO     | [10:22:23] ✅ DONE | 00016/2024 | item 00005 | 551/1425 (38.7%) | Falhas: 0
10:22:23 | INFO     | [10:22:23] ✅ DONE | 00016/2024 | item 00006 | 552/1425 (38.7%) | Falhas: 0
10:22:25 | INFO     | [10:22:25] ✅ DONE | 00016/2024 | item 00008 | 553/1425 (38.8%) | Falhas: 0
10:22:25 | INFO     | [10:22:25] ✅ DONE | 00016/2024 | item 00010 | 554/1425 (38.9%) | Falhas: 0
10:22:25 | INFO     | [10:22:25] ✅ DONE | 00016/2024 | item 00009 | 555/1425 (38.9%) | Falhas: 0
10:22:26 | INFO     | [10:22:26] ✅ DONE | 00016/2024 | item 00012 | 556/1425 (39.0%) | Falhas: 0
10:22:27 | INFO     | [10:22:27] ✅ DONE | 00016/2024 | item 00011 | 557/1425 (39.1%) | Falhas: 0
10:22:27 | INFO     | [10:22:27] ✅ DONE | 00016/2024 | item 00013 | 558/1425 (39.2%) | Falhas: 0
10:22:28 | INFO     | [10:22:28] ✅ DONE | 00016/2024 | item 00014 | 559/1425 (39.2%) | Falhas: 0
10:22:29 | INFO     | [10:22:29] ✅ DONE | 00016/2024 | item 00016 | 560/1425 (39.3%) | Falhas: 0
10:22:29 | INFO     | [10:22:29] ✅ DONE | 00016/2024 | item 00015 | 561/1425 (39.4%) | Falhas: 0
10:22:31 | INFO     | [10:22:31] ✅ DONE | 00016/2024 | item 00019 | 562/1425 (39.4%) | Falhas: 0
10:22:31 | INFO     | [10:22:31] ✅ DONE | 00016/2024 | item 00017 | 563/1425 (39.5%) | Falhas: 0
10:22:31 | INFO     | [10:22:31] ✅ DONE | 00016/2024 | item 00018 | 564/1425 (39.6%) | Falhas: 0
10:22:33 | INFO     | [10:22:33] ✅ DONE | 00016/2024 | item 00024 | 565/1425 (39.6%) | Falhas: 0
10:22:33 | INFO     | [10:22:33] ✅ DONE | 00016/2024 | item 00025 | 566/1425 (39.7%) | Falhas: 0
10:22:33 | INFO     | [10:22:33] ✅ DONE | 00016/2024 | item 00026 | 567/1425 (39.8%) | Falhas: 0
10:22:34 | INFO     | [10:22:34] ✅ DONE | 00016/2024 | item 00032 | 568/1425 (39.9%) | Falhas: 0
10:22:35 | INFO     | [10:22:35] ✅ DONE | 00016/2024 | item 00027 | 569/1425 (39.9%) | Falhas: 0
10:22:36 | INFO     | [10:22:36] ✅ DONE | 00016/2024 | item 00034 | 570/1425 (40.0%) | Falhas: 0
10:22:36 | INFO     | [10:22:36] ✅ DONE | 00016/2024 | item 00031 | 571/1425 (40.1%) | Falhas: 0
10:22:36 | INFO     | [10:22:36] ✅ DONE | 00016/2024 | item 00033 | 572/1425 (40.1%) | Falhas: 0
10:22:40 | INFO     | [10:22:40] ✅ DONE | 00018/2024 | item 00020 | 573/1425 (40.2%) | Falhas: 0
10:22:40 | INFO     | [10:22:40] ✅ DONE | 00018/2024 | item 00015 | 574/1425 (40.3%) | Falhas: 0
10:22:40 | INFO     | [10:22:40] ✅ DONE | 00018/2024 | item 00019 | 575/1425 (40.4%) | Falhas: 0
10:22:43 | INFO     | [10:22:43] ✅ DONE | 00018/2024 | item 00052 | 576/1425 (40.4%) | Falhas: 0
10:22:43 | INFO     | [10:22:43] ✅ DONE | 00018/2024 | item 00060 | 577/1425 (40.5%) | Falhas: 0
10:22:45 | INFO     | [10:22:45] ✅ DONE | 00018/2024 | item 00026 | 578/1425 (40.6%) | Falhas: 0
10:22:46 | INFO     | [10:22:46] ✅ DONE | 00018/2024 | item 00070 | 579/1425 (40.6%) | Falhas: 0
10:22:46 | INFO     | [10:22:46] ✅ DONE | 00018/2024 | item 00069 | 580/1425 (40.7%) | Falhas: 0
10:22:48 | INFO     | [10:22:48] ✅ DONE | 00018/2024 | item 00081 | 581/1425 (40.8%) | Falhas: 0
10:22:48 | INFO     | [10:22:48] ✅ DONE | 00018/2024 | item 00082 | 582/1425 (40.8%) | Falhas: 0
10:22:49 | INFO     | [10:22:49] ✅ DONE | 00018/2024 | item 00080 | 583/1425 (40.9%) | Falhas: 0
10:22:50 | INFO     | [10:22:50] ✅ DONE | 00019/2024 | item 00011 | 584/1425 (41.0%) | Falhas: 0
10:22:51 | INFO     | [10:22:51] ✅ DONE | 00019/2024 | item 00025 | 585/1425 (41.1%) | Falhas: 0
10:22:52 | INFO     | [10:22:52] ✅ DONE | 00019/2024 | item 00018 | 586/1425 (41.1%) | Falhas: 0
10:22:55 | INFO     | [10:22:55] ✅ DONE | 00019/2024 | item 00029 | 587/1425 (41.2%) | Falhas: 0
10:22:56 | INFO     | [10:22:56] ✅ DONE | 00019/2024 | item 00027 | 588/1425 (41.3%) | Falhas: 0
10:22:56 | INFO     | [10:22:56] ✅ DONE | 00019/2024 | item 00028 | 589/1425 (41.3%) | Falhas: 0
10:22:59 | INFO     | [10:22:59] ✅ DONE | 00019/2024 | item 00030 | 590/1425 (41.4%) | Falhas: 0
10:23:00 | INFO     | [10:23:00] ✅ DONE | 00019/2024 | item 00032 | 591/1425 (41.5%) | Falhas: 0
10:23:00 | INFO     | [10:23:00] ✅ DONE | 00019/2024 | item 00042 | 592/1425 (41.5%) | Falhas: 0
10:23:02 | INFO     | [10:23:02] ✅ DONE | 00019/2024 | item 00092 | 593/1425 (41.6%) | Falhas: 0
10:23:03 | INFO     | [10:23:03] ✅ DONE | 00019/2024 | item 00048 | 594/1425 (41.7%) | Falhas: 0
10:23:03 | INFO     | [10:23:03] ✅ DONE | 00019/2024 | item 00051 | 595/1425 (41.8%) | Falhas: 0
10:23:04 | INFO     | [10:23:04] ✅ DONE | 00019/2024 | item 00093 | 596/1425 (41.8%) | Falhas: 0
10:23:05 | INFO     | [10:23:05] ✅ DONE | 00019/2024 | item 00095 | 597/1425 (41.9%) | Falhas: 0
10:23:07 | INFO     | [10:23:07] ✅ DONE | 00020/2024 | item 00036 | 598/1425 (42.0%) | Falhas: 0
10:23:08 | INFO     | [10:23:08] ✅ DONE | 00020/2024 | item 00016 | 599/1425 (42.0%) | Falhas: 0
10:23:09 | INFO     | [10:23:09] ✅ DONE | 00020/2024 | item 00041 | 600/1425 (42.1%) | Falhas: 0
10:23:09 | INFO     | [10:23:09] ✅ DONE | 00020/2024 | item 00040 | 601/1425 (42.2%) | Falhas: 0
10:23:09 | INFO     | [10:23:09] ✅ DONE | 00020/2024 | item 00038 | 602/1425 (42.2%) | Falhas: 0
10:23:12 | INFO     | [10:23:12] ✅ DONE | 00020/2024 | item 00043 | 603/1425 (42.3%) | Falhas: 0
10:23:14 | INFO     | [10:23:14] ✅ DONE | 00002/2025 | item 00003 | 604/1425 (42.4%) | Falhas: 0
10:23:14 | INFO     | [10:23:14] ✅ DONE | 00002/2025 | item 00002 | 605/1425 (42.5%) | Falhas: 0
10:23:16 | INFO     | [10:23:16] ✅ DONE | 00003/2025 | item 00001 | 606/1425 (42.5%) | Falhas: 0
10:23:18 | INFO     | [10:23:18] ✅ DONE | 00004/2025 | item 00002 | 607/1425 (42.6%) | Falhas: 0
10:23:18 | INFO     | [10:23:18] ✅ DONE | 00004/2025 | item 00001 | 608/1425 (42.7%) | Falhas: 0
10:23:18 | INFO     | [10:23:18] ✅ DONE | 00004/2025 | item 00003 | 609/1425 (42.7%) | Falhas: 0
10:23:22 | INFO     | [10:23:22] ✅ DONE | 00006/2025 | item 00004 | 610/1425 (42.8%) | Falhas: 0
10:23:23 | INFO     | [10:23:23] ✅ DONE | 00007/2025 | item 00001 | 611/1425 (42.9%) | Falhas: 0
10:23:25 | INFO     | [10:23:25] ✅ DONE | 00001/2025 | item 00001 | 612/1425 (42.9%) | Falhas: 0
10:23:25 | INFO     | [10:23:25] ✅ DONE | 00004/2025 | item 00004 | 613/1425 (43.0%) | Falhas: 0
10:23:26 | INFO     | [10:23:26] ✅ DONE | 00008/2025 | item 00003 | 614/1425 (43.1%) | Falhas: 0
10:23:27 | INFO     | [10:23:27] ✅ DONE | 00004/2025 | item 00005 | 615/1425 (43.2%) | Falhas: 0
10:23:28 | INFO     | [10:23:28] ✅ DONE | 00004/2025 | item 00006 | 616/1425 (43.2%) | Falhas: 0
10:23:28 | INFO     | [10:23:28] ✅ DONE | 00004/2025 | item 00007 | 617/1425 (43.3%) | Falhas: 0
10:23:31 | INFO     | [10:23:31] ✅ DONE | 00009/2025 | item 00002 | 618/1425 (43.4%) | Falhas: 0
10:23:31 | INFO     | [10:23:31] ✅ DONE | 00005/2025 | item 00005 | 619/1425 (43.4%) | Falhas: 0
10:23:33 | INFO     | [10:23:33] ✅ DONE | 00015/2025 | item 00001 | 620/1425 (43.5%) | Falhas: 0
10:23:34 | INFO     | [10:23:34] ✅ DONE | 00015/2025 | item 00002 | 621/1425 (43.6%) | Falhas: 0
10:23:36 | INFO     | [10:23:36] ✅ DONE | 00016/2025 | item 00002 | 622/1425 (43.6%) | Falhas: 0
10:23:36 | INFO     | [10:23:36] ✅ DONE | 00016/2025 | item 00001 | 623/1425 (43.7%) | Falhas: 0
10:23:37 | INFO     | [10:23:37] ✅ DONE | 00016/2025 | item 00004 | 624/1425 (43.8%) | Falhas: 0
10:23:40 | INFO     | [10:23:40] ✅ DONE | 00011/2025 | item 00003 | 625/1425 (43.9%) | Falhas: 0
10:23:41 | INFO     | [10:23:41] ✅ DONE | 00010/2025 | item 00001 | 626/1425 (43.9%) | Falhas: 0
10:23:42 | INFO     | [10:23:42] ✅ DONE | 00011/2025 | item 00002 | 627/1425 (44.0%) | Falhas: 0
10:23:43 | INFO     | [10:23:43] ✅ DONE | 00016/2025 | item 00005 | 628/1425 (44.1%) | Falhas: 0
10:23:45 | INFO     | [10:23:45] ✅ DONE | 00016/2025 | item 00007 | 629/1425 (44.1%) | Falhas: 0
10:23:46 | INFO     | [10:23:46] ✅ DONE | 00018/2025 | item 00009 | 630/1425 (44.2%) | Falhas: 0
10:23:47 | INFO     | [10:23:47] ✅ DONE | 00017/2025 | item 00013 | 631/1425 (44.3%) | Falhas: 0
10:23:49 | INFO     | [10:23:49] ✅ DONE | 00023/2025 | item 00003 | 632/1425 (44.4%) | Falhas: 0
10:23:49 | INFO     | [10:23:49] ✅ DONE | 00023/2025 | item 00002 | 633/1425 (44.4%) | Falhas: 0
10:23:50 | INFO     | [10:23:50] ✅ DONE | 00019/2025 | item 00006 | 634/1425 (44.5%) | Falhas: 0
10:23:51 | INFO     | [10:23:51] ✅ DONE | 00019/2025 | item 00008 | 635/1425 (44.6%) | Falhas: 0
10:23:51 | INFO     | [10:23:51] ✅ DONE | 00020/2025 | item 00010 | 636/1425 (44.6%) | Falhas: 0
10:23:52 | INFO     | [10:23:52] ✅ DONE | 00021/2025 | item 00001 | 637/1425 (44.7%) | Falhas: 0
10:23:53 | INFO     | [10:23:53] ✅ DONE | 00022/2025 | item 00011 | 638/1425 (44.8%) | Falhas: 0
10:23:55 | INFO     | [10:23:55] ✅ DONE | 00024/2025 | item 00082 | 639/1425 (44.8%) | Falhas: 0
10:23:55 | INFO     | [10:23:55] ✅ DONE | 00024/2025 | item 00141 | 640/1425 (44.9%) | Falhas: 0
10:23:56 | INFO     | [10:23:56] ✅ DONE | 00024/2025 | item 00127 | 641/1425 (45.0%) | Falhas: 0
10:23:58 | INFO     | [10:23:58] ✅ DONE | 00024/2025 | item 00145 | 642/1425 (45.1%) | Falhas: 0
10:23:58 | INFO     | [10:23:58] ✅ DONE | 00024/2025 | item 00144 | 643/1425 (45.1%) | Falhas: 0
10:23:59 | INFO     | [10:23:59] ✅ DONE | 00024/2025 | item 00142 | 644/1425 (45.2%) | Falhas: 0
10:24:01 | INFO     | [10:24:01] ✅ DONE | 00025/2025 | item 00007 | 645/1425 (45.3%) | Falhas: 0
10:24:02 | INFO     | [10:24:02] ✅ DONE | 00025/2025 | item 00006 | 646/1425 (45.3%) | Falhas: 0
10:24:02 | INFO     | [10:24:02] ✅ DONE | 00025/2025 | item 00012 | 647/1425 (45.4%) | Falhas: 0
10:24:04 | INFO     | [10:24:04] ✅ DONE | 00025/2025 | item 00019 | 648/1425 (45.5%) | Falhas: 0
10:24:05 | INFO     | [10:24:05] ✅ DONE | 00026/2025 | item 00005 | 649/1425 (45.5%) | Falhas: 0
10:24:05 | INFO     | [10:24:05] ✅ DONE | 00026/2025 | item 00008 | 650/1425 (45.6%) | Falhas: 0
10:24:07 | INFO     | [10:24:07] ✅ DONE | 00026/2025 | item 00016 | 651/1425 (45.7%) | Falhas: 0
10:24:07 | INFO     | [10:24:07] ✅ DONE | 00026/2025 | item 00011 | 652/1425 (45.8%) | Falhas: 0
10:24:08 | INFO     | [10:24:08] ✅ DONE | 00026/2025 | item 00017 | 653/1425 (45.8%) | Falhas: 0
10:24:09 | INFO     | [10:24:09] ✅ DONE | 00027/2025 | item 00042 | 654/1425 (45.9%) | Falhas: 0
10:24:11 | INFO     | [10:24:11] ✅ DONE | 00028/2025 | item 00094 | 655/1425 (46.0%) | Falhas: 0
10:24:12 | INFO     | [10:24:12] ✅ DONE | 00026/2025 | item 00018 | 656/1425 (46.0%) | Falhas: 0
10:24:12 | INFO     | [10:24:12] ✅ DONE | 00029/2025 | item 00080 | 657/1425 (46.1%) | Falhas: 0
10:24:13 | INFO     | [10:24:13] ✅ DONE | 00023/2025 | item 00004 | 658/1425 (46.2%) | Falhas: 0
10:24:14 | INFO     | [10:24:14] ✅ DONE | 00023/2025 | item 00007 | 659/1425 (46.2%) | Falhas: 0
10:24:14 | INFO     | [10:24:14] ✅ DONE | 00023/2025 | item 00005 | 660/1425 (46.3%) | Falhas: 0
10:24:16 | INFO     | [10:24:16] ✅ DONE | 00031/2025 | item 00003 | 661/1425 (46.4%) | Falhas: 0
10:24:16 | INFO     | [10:24:16] ✅ DONE | 00031/2025 | item 00004 | 662/1425 (46.5%) | Falhas: 0
10:24:17 | INFO     | [10:24:17] ✅ DONE | 00031/2025 | item 00072 | 663/1425 (46.5%) | Falhas: 0
10:24:18 | INFO     | [10:24:18] ✅ DONE | 00031/2025 | item 00114 | 664/1425 (46.6%) | Falhas: 0
10:24:19 | INFO     | [10:24:19] ✅ DONE | 00031/2025 | item 00073 | 665/1425 (46.7%) | Falhas: 0
10:24:19 | INFO     | [10:24:19] ✅ DONE | 00031/2025 | item 00123 | 666/1425 (46.7%) | Falhas: 0
10:24:19 | INFO     | [10:24:19] ✅ DONE | 00031/2025 | item 00124 | 667/1425 (46.8%) | Falhas: 0
10:24:21 | INFO     | [10:24:21] ✅ DONE | 00031/2025 | item 00125 | 668/1425 (46.9%) | Falhas: 0
10:24:22 | INFO     | [10:24:22] ✅ DONE | 00035/2025 | item 00105 | 669/1425 (46.9%) | Falhas: 0
10:24:23 | INFO     | [10:24:23] ✅ DONE | 00035/2025 | item 00107 | 670/1425 (47.0%) | Falhas: 0
10:24:25 | INFO     | [10:24:25] ✅ DONE | 00030/2025 | item 00043 | 671/1425 (47.1%) | Falhas: 0
10:24:25 | INFO     | [10:24:25] ✅ DONE | 00035/2025 | item 00108 | 672/1425 (47.2%) | Falhas: 0
10:24:27 | INFO     | [10:24:27] ✅ DONE | 00035/2025 | item 00109 | 673/1425 (47.2%) | Falhas: 0
10:24:27 | INFO     | [10:24:27] ✅ DONE | 00035/2025 | item 00106 | 674/1425 (47.3%) | Falhas: 0
10:24:27 | INFO     | [10:24:27] ✅ DONE | 00035/2025 | item 00110 | 675/1425 (47.4%) | Falhas: 0
10:24:29 | INFO     | [10:24:29] ✅ DONE | 00035/2025 | item 00111 | 676/1425 (47.4%) | Falhas: 0
10:24:29 | INFO     | [10:24:29] ✅ DONE | 00035/2025 | item 00112 | 677/1425 (47.5%) | Falhas: 0
10:24:31 | INFO     | [10:24:31] ✅ DONE | 00035/2025 | item 00116 | 678/1425 (47.6%) | Falhas: 0
10:24:31 | INFO     | [10:24:31] ✅ DONE | 00035/2025 | item 00113 | 679/1425 (47.6%) | Falhas: 0
10:24:31 | INFO     | [10:24:31] ✅ DONE | 00035/2025 | item 00115 | 680/1425 (47.7%) | Falhas: 0
10:24:32 | INFO     | [10:24:32] ✅ DONE | 00032/2025 | item 00118 | 681/1425 (47.8%) | Falhas: 0
10:24:32 | INFO     | [10:24:32] ✅ DONE | 00033/2025 | item 00037 | 682/1425 (47.9%) | Falhas: 0
10:24:33 | INFO     | [10:24:33] ✅ DONE | 00032/2025 | item 00117 | 683/1425 (47.9%) | Falhas: 0
10:24:34 | INFO     | [10:24:34] ✅ DONE | 00034/2025 | item 00076 | 684/1425 (48.0%) | Falhas: 0
10:24:34 | INFO     | [10:24:34] ✅ DONE | 00033/2025 | item 00038 | 685/1425 (48.1%) | Falhas: 0
10:24:36 | INFO     | [10:24:36] ✅ DONE | 00037/2025 | item 00035 | 686/1425 (48.1%) | Falhas: 0
10:24:36 | INFO     | [10:24:36] ✅ DONE | 00037/2025 | item 00034 | 687/1425 (48.2%) | Falhas: 0
10:24:37 | INFO     | [10:24:37] ✅ DONE | 00036/2025 | item 00056 | 688/1425 (48.3%) | Falhas: 0
10:24:38 | INFO     | [10:24:38] ✅ DONE | 00038/2025 | item 00097 | 689/1425 (48.4%) | Falhas: 0
10:24:39 | INFO     | [10:24:39] ✅ DONE | 00038/2025 | item 00029 | 690/1425 (48.4%) | Falhas: 0
10:24:39 | INFO     | [10:24:39] ✅ DONE | 00039/2025 | item 00032 | 691/1425 (48.5%) | Falhas: 0
10:24:40 | INFO     | [10:24:40] ✅ DONE | 00038/2025 | item 00060 | 692/1425 (48.6%) | Falhas: 0
10:24:44 | INFO     | [10:24:44] ✅ DONE | 00041/2025 | item 00059 | 693/1425 (48.6%) | Falhas: 0
10:24:44 | INFO     | [10:24:44] ✅ DONE | 00042/2025 | item 00009 | 694/1425 (48.7%) | Falhas: 0
10:24:45 | INFO     | [10:24:45] ✅ DONE | 00041/2025 | item 00063 | 695/1425 (48.8%) | Falhas: 0
10:24:47 | INFO     | [10:24:47] ✅ DONE | 00042/2025 | item 00010 | 696/1425 (48.8%) | Falhas: 0
10:24:47 | INFO     | [10:24:47] ✅ DONE | 00042/2025 | item 00013 | 697/1425 (48.9%) | Falhas: 0
10:24:48 | INFO     | [10:24:48] ✅ DONE | 00042/2025 | item 00022 | 698/1425 (49.0%) | Falhas: 0
10:24:48 | INFO     | [10:24:48] ✅ DONE | 00042/2025 | item 00014 | 699/1425 (49.1%) | Falhas: 0
10:24:50 | INFO     | [10:24:50] ✅ DONE | 00042/2025 | item 00020 | 700/1425 (49.1%) | Falhas: 0
10:24:52 | INFO     | [10:24:52] ✅ DONE | 00042/2025 | item 00036 | 701/1425 (49.2%) | Falhas: 0
10:24:53 | INFO     | [10:24:53] ✅ DONE | 00042/2025 | item 00045 | 702/1425 (49.3%) | Falhas: 0
10:24:53 | INFO     | [10:24:53] ✅ DONE | 00042/2025 | item 00033 | 703/1425 (49.3%) | Falhas: 0
10:24:55 | INFO     | [10:24:55] ✅ DONE | 00042/2025 | item 00058 | 704/1425 (49.4%) | Falhas: 0
10:24:55 | INFO     | [10:24:55] ✅ DONE | 00042/2025 | item 00050 | 705/1425 (49.5%) | Falhas: 0
10:24:55 | INFO     | [10:24:55] ✅ DONE | 00042/2025 | item 00055 | 706/1425 (49.5%) | Falhas: 0
10:24:58 | INFO     | [10:24:58] ✅ DONE | 00042/2025 | item 00101 | 707/1425 (49.6%) | Falhas: 0
10:24:59 | INFO     | [10:24:59] ✅ DONE | 00042/2025 | item 00061 | 708/1425 (49.7%) | Falhas: 0
10:24:59 | INFO     | [10:24:59] ✅ DONE | 00042/2025 | item 00068 | 709/1425 (49.8%) | Falhas: 0
10:25:02 | INFO     | [10:25:02] ✅ DONE | 00042/2025 | item 00103 | 710/1425 (49.8%) | Falhas: 0
10:25:02 | INFO     | [10:25:02] ✅ DONE | 00042/2025 | item 00122 | 711/1425 (49.9%) | Falhas: 0
10:25:02 | INFO     | [10:25:02] ✅ DONE | 00042/2025 | item 00104 | 712/1425 (50.0%) | Falhas: 0
10:25:04 | INFO     | [10:25:04] ✅ DONE | 00043/2025 | item 00002 | 713/1425 (50.0%) | Falhas: 0
10:25:06 | INFO     | [10:25:06] ✅ DONE | 00043/2025 | item 00039 | 714/1425 (50.1%) | Falhas: 0
10:25:06 | INFO     | [10:25:06] ✅ DONE | 00043/2025 | item 00001 | 715/1425 (50.2%) | Falhas: 0
10:25:07 | INFO     | [10:25:07] ✅ DONE | 00043/2025 | item 00040 | 716/1425 (50.2%) | Falhas: 0
10:25:08 | INFO     | [10:25:08] ✅ DONE | 00043/2025 | item 00081 | 717/1425 (50.3%) | Falhas: 0
10:25:09 | INFO     | [10:25:09] ✅ DONE | 00044/2025 | item 00031 | 718/1425 (50.4%) | Falhas: 0
10:25:09 | INFO     | [10:25:09] ✅ DONE | 00045/2025 | item 00021 | 719/1425 (50.5%) | Falhas: 0
10:25:11 | INFO     | [10:25:11] ✅ DONE | 00045/2025 | item 00025 | 720/1425 (50.5%) | Falhas: 0
10:25:13 | INFO     | [10:25:13] ✅ DONE | 00045/2025 | item 00023 | 721/1425 (50.6%) | Falhas: 0
10:25:14 | INFO     | [10:25:14] ✅ DONE | 00045/2025 | item 00024 | 722/1425 (50.7%) | Falhas: 0
10:25:14 | INFO     | [10:25:14] ✅ DONE | 00045/2025 | item 00026 | 723/1425 (50.7%) | Falhas: 0
10:25:15 | INFO     | [10:25:15] ✅ DONE | 00045/2025 | item 00027 | 724/1425 (50.8%) | Falhas: 0
10:25:16 | INFO     | [10:25:16] ✅ DONE | 00045/2025 | item 00044 | 725/1425 (50.9%) | Falhas: 0
10:25:17 | INFO     | [10:25:17] ✅ DONE | 00045/2025 | item 00028 | 726/1425 (50.9%) | Falhas: 0
10:25:18 | INFO     | [10:25:18] ✅ DONE | 00045/2025 | item 00046 | 727/1425 (51.0%) | Falhas: 0
10:25:18 | INFO     | [10:25:18] ✅ DONE | 00045/2025 | item 00048 | 728/1425 (51.1%) | Falhas: 0
10:25:20 | INFO     | [10:25:20] ✅ DONE | 00045/2025 | item 00047 | 729/1425 (51.2%) | Falhas: 0
10:25:20 | INFO     | [10:25:20] ✅ DONE | 00045/2025 | item 00049 | 730/1425 (51.2%) | Falhas: 0
10:25:21 | INFO     | [10:25:21] ✅ DONE | 00045/2025 | item 00051 | 731/1425 (51.3%) | Falhas: 0
10:25:22 | INFO     | [10:25:22] ✅ DONE | 00045/2025 | item 00052 | 732/1425 (51.4%) | Falhas: 0
10:25:23 | INFO     | [10:25:23] ✅ DONE | 00045/2025 | item 00053 | 733/1425 (51.4%) | Falhas: 0
10:25:23 | INFO     | [10:25:23] ✅ DONE | 00045/2025 | item 00069 | 734/1425 (51.5%) | Falhas: 0
10:25:24 | INFO     | [10:25:24] ✅ DONE | 00045/2025 | item 00071 | 735/1425 (51.6%) | Falhas: 0
10:25:24 | INFO     | [10:25:24] ✅ DONE | 00045/2025 | item 00070 | 736/1425 (51.6%) | Falhas: 0
10:25:25 | INFO     | [10:25:25] ✅ DONE | 00045/2025 | item 00077 | 737/1425 (51.7%) | Falhas: 0
10:25:27 | INFO     | [10:25:27] ✅ DONE | 00045/2025 | item 00082 | 738/1425 (51.8%) | Falhas: 0
10:25:27 | INFO     | [10:25:27] ✅ DONE | 00045/2025 | item 00078 | 739/1425 (51.9%) | Falhas: 0
10:25:27 | INFO     | [10:25:27] ✅ DONE | 00045/2025 | item 00086 | 740/1425 (51.9%) | Falhas: 0
10:25:28 | INFO     | [10:25:28] ✅ DONE | 00045/2025 | item 00095 | 741/1425 (52.0%) | Falhas: 0
10:25:29 | INFO     | [10:25:29] ✅ DONE | 00045/2025 | item 00087 | 742/1425 (52.1%) | Falhas: 0
10:25:29 | INFO     | [10:25:29] ✅ DONE | 00045/2025 | item 00100 | 743/1425 (52.1%) | Falhas: 0
10:25:30 | INFO     | [10:25:30] ✅ DONE | 00045/2025 | item 00121 | 744/1425 (52.2%) | Falhas: 0
10:25:31 | INFO     | [10:25:31] ✅ DONE | 00046/2025 | item 00057 | 745/1425 (52.3%) | Falhas: 0
10:25:32 | INFO     | [10:25:32] ✅ DONE | 00045/2025 | item 00120 | 746/1425 (52.4%) | Falhas: 0
10:25:33 | INFO     | [10:25:33] ✅ DONE | 00047/2025 | item 00001 | 747/1425 (52.4%) | Falhas: 0
10:25:33 | INFO     | [10:25:33] ✅ DONE | 00047/2025 | item 00002 | 748/1425 (52.5%) | Falhas: 0
10:25:33 | INFO     | [10:25:33] ✅ DONE | 00047/2025 | item 00003 | 749/1425 (52.6%) | Falhas: 0
10:25:34 | INFO     | [10:25:34] ✅ DONE | 00047/2025 | item 00005 | 750/1425 (52.6%) | Falhas: 0
10:25:34 | INFO     | [10:25:34] ✅ DONE | 00047/2025 | item 00004 | 751/1425 (52.7%) | Falhas: 0
10:25:35 | INFO     | [10:25:35] ✅ DONE | 00047/2025 | item 00006 | 752/1425 (52.8%) | Falhas: 0
10:25:35 | INFO     | [10:25:35] ✅ DONE | 00047/2025 | item 00011 | 753/1425 (52.8%) | Falhas: 0
10:25:36 | INFO     | [10:25:36] ✅ DONE | 00047/2025 | item 00012 | 754/1425 (52.9%) | Falhas: 0
10:25:37 | INFO     | [10:25:37] ✅ DONE | 00047/2025 | item 00013 | 755/1425 (53.0%) | Falhas: 0
10:25:37 | INFO     | [10:25:37] ✅ DONE | 00047/2025 | item 00017 | 756/1425 (53.1%) | Falhas: 0
10:25:38 | INFO     | [10:25:38] ✅ DONE | 00047/2025 | item 00014 | 757/1425 (53.1%) | Falhas: 0
10:25:39 | INFO     | [10:25:39] ✅ DONE | 00040/2025 | item 00099 | 758/1425 (53.2%) | Falhas: 0
10:25:39 | INFO     | [10:25:39] ✅ DONE | 00048/2025 | item 00007 | 759/1425 (53.3%) | Falhas: 0
10:25:40 | INFO     | [10:25:40] ✅ DONE | 00048/2025 | item 00008 | 760/1425 (53.3%) | Falhas: 0
10:25:40 | INFO     | [10:25:40] ✅ DONE | 00048/2025 | item 00009 | 761/1425 (53.4%) | Falhas: 0
10:25:41 | INFO     | [10:25:41] ✅ DONE | 00048/2025 | item 00010 | 762/1425 (53.5%) | Falhas: 0
10:25:41 | INFO     | [10:25:41] ✅ DONE | 00048/2025 | item 00027 | 763/1425 (53.5%) | Falhas: 0
10:25:43 | INFO     | [10:25:43] ✅ DONE | 00048/2025 | item 00028 | 764/1425 (53.6%) | Falhas: 0
10:25:43 | INFO     | [10:25:43] ✅ DONE | 00048/2025 | item 00029 | 765/1425 (53.7%) | Falhas: 0
10:25:44 | INFO     | [10:25:44] ✅ DONE | 00048/2025 | item 00030 | 766/1425 (53.8%) | Falhas: 0
10:25:44 | INFO     | [10:25:44] ✅ DONE | 00049/2025 | item 00015 | 767/1425 (53.8%) | Falhas: 0
10:25:46 | INFO     | [10:25:46] ✅ DONE | 00049/2025 | item 00025 | 768/1425 (53.9%) | Falhas: 0
10:25:47 | INFO     | [10:25:47] ✅ DONE | 00049/2025 | item 00016 | 769/1425 (54.0%) | Falhas: 0
10:25:48 | INFO     | [10:25:48] ✅ DONE | 00049/2025 | item 00026 | 770/1425 (54.0%) | Falhas: 0
10:25:49 | INFO     | [10:25:49] ✅ DONE | 00050/2025 | item 00024 | 771/1425 (54.1%) | Falhas: 0
10:25:50 | INFO     | [10:25:50] ✅ DONE | 00050/2025 | item 00023 | 772/1425 (54.2%) | Falhas: 0
10:25:50 | INFO     | [10:25:50] ✅ DONE | 00051/2025 | item 00002 | 773/1425 (54.2%) | Falhas: 0
10:25:51 | INFO     | [10:25:51] ✅ DONE | 00051/2025 | item 00001 | 774/1425 (54.3%) | Falhas: 0
10:25:53 | INFO     | [10:25:53] ✅ DONE | 00053/2025 | item 00004 | 775/1425 (54.4%) | Falhas: 0
10:25:53 | INFO     | [10:25:53] ✅ DONE | 00052/2025 | item 00007 | 776/1425 (54.5%) | Falhas: 0
10:25:55 | INFO     | [10:25:55] ✅ DONE | 00052/2025 | item 00003 | 777/1425 (54.5%) | Falhas: 0
10:25:55 | INFO     | [10:25:55] ✅ DONE | 00054/2025 | item 00006 | 778/1425 (54.6%) | Falhas: 0
10:25:55 | INFO     | [10:25:55] ✅ DONE | 00054/2025 | item 00005 | 779/1425 (54.7%) | Falhas: 0
10:25:57 | INFO     | [10:25:57] ✅ DONE | 00055/2025 | item 00431 | 780/1425 (54.7%) | Falhas: 0
10:25:58 | INFO     | [10:25:58] ✅ DONE | 00055/2025 | item 00418 | 781/1425 (54.8%) | Falhas: 0
10:25:58 | INFO     | [10:25:58] ✅ DONE | 00047/2025 | item 00019 | 782/1425 (54.9%) | Falhas: 0
10:25:58 | INFO     | [10:25:58] ✅ DONE | 00047/2025 | item 00018 | 783/1425 (54.9%) | Falhas: 0
10:25:59 | INFO     | [10:25:59] ✅ DONE | 00047/2025 | item 00020 | 784/1425 (55.0%) | Falhas: 0
10:26:00 | INFO     | [10:26:00] ✅ DONE | 00047/2025 | item 00021 | 785/1425 (55.1%) | Falhas: 0
10:26:00 | INFO     | [10:26:00] ✅ DONE | 00047/2025 | item 00022 | 786/1425 (55.2%) | Falhas: 0
10:26:02 | INFO     | [10:26:02] ✅ DONE | 00055/2025 | item 00432 | 787/1425 (55.2%) | Falhas: 0
10:26:03 | INFO     | [10:26:03] ✅ DONE | 00055/2025 | item 00452 | 788/1425 (55.3%) | Falhas: 0
10:26:03 | INFO     | [10:26:03] ✅ DONE | 00056/2025 | item 00001 | 789/1425 (55.4%) | Falhas: 0
10:26:05 | INFO     | [10:26:05] ✅ DONE | 00057/2025 | item 00025 | 790/1425 (55.4%) | Falhas: 0
10:26:06 | INFO     | [10:26:06] ✅ DONE | 00057/2025 | item 00026 | 791/1425 (55.5%) | Falhas: 0
10:26:06 | INFO     | [10:26:06] ✅ DONE | 00057/2025 | item 00027 | 792/1425 (55.6%) | Falhas: 0
10:26:06 | INFO     | [10:26:06] ✅ DONE | 00057/2025 | item 00028 | 793/1425 (55.6%) | Falhas: 0
10:26:08 | INFO     | [10:26:08] ✅ DONE | 00057/2025 | item 00031 | 794/1425 (55.7%) | Falhas: 0
10:26:08 | INFO     | [10:26:08] ✅ DONE | 00057/2025 | item 00029 | 795/1425 (55.8%) | Falhas: 0
10:26:10 | INFO     | [10:26:10] ✅ DONE | 00057/2025 | item 00033 | 796/1425 (55.9%) | Falhas: 0
10:26:10 | INFO     | [10:26:10] ✅ DONE | 00057/2025 | item 00030 | 797/1425 (55.9%) | Falhas: 0
10:26:11 | INFO     | [10:26:11] ✅ DONE | 00057/2025 | item 00032 | 798/1425 (56.0%) | Falhas: 0
10:26:11 | INFO     | [10:26:11] ✅ DONE | 00057/2025 | item 00035 | 799/1425 (56.1%) | Falhas: 0
10:26:13 | INFO     | [10:26:13] ✅ DONE | 00057/2025 | item 00036 | 800/1425 (56.1%) | Falhas: 0
10:26:13 | INFO     | [10:26:13] ✅ DONE | 00057/2025 | item 00034 | 801/1425 (56.2%) | Falhas: 0
10:26:14 | INFO     | [10:26:14] ✅ DONE | 00057/2025 | item 00037 | 802/1425 (56.3%) | Falhas: 0
10:26:14 | INFO     | [10:26:14] ✅ DONE | 00057/2025 | item 00038 | 803/1425 (56.4%) | Falhas: 0
10:26:15 | INFO     | [10:26:15] ✅ DONE | 00057/2025 | item 00040 | 804/1425 (56.4%) | Falhas: 0
10:26:16 | INFO     | [10:26:16] ✅ DONE | 00057/2025 | item 00039 | 805/1425 (56.5%) | Falhas: 0
10:26:16 | INFO     | [10:26:16] ✅ DONE | 00057/2025 | item 00041 | 806/1425 (56.6%) | Falhas: 0
10:26:19 | INFO     | [10:26:19] ✅ DONE | 00057/2025 | item 00042 | 807/1425 (56.6%) | Falhas: 0
10:26:19 | INFO     | [10:26:19] ✅ DONE | 00057/2025 | item 00043 | 808/1425 (56.7%) | Falhas: 0
10:26:20 | INFO     | [10:26:20] ✅ DONE | 00057/2025 | item 00044 | 809/1425 (56.8%) | Falhas: 0
10:26:21 | INFO     | [10:26:21] ✅ DONE | 00057/2025 | item 00046 | 810/1425 (56.8%) | Falhas: 0
10:26:21 | INFO     | [10:26:21] ✅ DONE | 00057/2025 | item 00045 | 811/1425 (56.9%) | Falhas: 0
10:26:23 | INFO     | [10:26:23] ✅ DONE | 00057/2025 | item 00048 | 812/1425 (57.0%) | Falhas: 0
10:26:23 | INFO     | [10:26:23] ✅ DONE | 00057/2025 | item 00049 | 813/1425 (57.1%) | Falhas: 0
10:26:23 | INFO     | [10:26:23] ✅ DONE | 00057/2025 | item 00047 | 814/1425 (57.1%) | Falhas: 0
10:26:24 | INFO     | [10:26:24] ✅ DONE | 00057/2025 | item 00051 | 815/1425 (57.2%) | Falhas: 0
10:26:25 | INFO     | [10:26:25] ✅ DONE | 00057/2025 | item 00050 | 816/1425 (57.3%) | Falhas: 0
10:26:25 | INFO     | [10:26:25] ✅ DONE | 00057/2025 | item 00052 | 817/1425 (57.3%) | Falhas: 0
10:26:26 | INFO     | [10:26:26] ✅ DONE | 00057/2025 | item 00053 | 818/1425 (57.4%) | Falhas: 0
10:26:26 | INFO     | [10:26:26] ✅ DONE | 00057/2025 | item 00054 | 819/1425 (57.5%) | Falhas: 0
10:26:27 | INFO     | [10:26:27] ✅ DONE | 00057/2025 | item 00056 | 820/1425 (57.5%) | Falhas: 0
10:26:27 | INFO     | [10:26:27] ✅ DONE | 00057/2025 | item 00057 | 821/1425 (57.6%) | Falhas: 0
10:26:27 | INFO     | [10:26:27] ✅ DONE | 00057/2025 | item 00055 | 822/1425 (57.7%) | Falhas: 0
10:26:29 | INFO     | [10:26:29] ✅ DONE | 00057/2025 | item 00060 | 823/1425 (57.8%) | Falhas: 0
10:26:29 | INFO     | [10:26:29] ✅ DONE | 00057/2025 | item 00058 | 824/1425 (57.8%) | Falhas: 0
10:26:29 | INFO     | [10:26:29] ✅ DONE | 00057/2025 | item 00059 | 825/1425 (57.9%) | Falhas: 0
10:26:31 | INFO     | [10:26:31] ✅ DONE | 00057/2025 | item 00061 | 826/1425 (58.0%) | Falhas: 0
10:26:31 | INFO     | [10:26:31] ✅ DONE | 00058/2025 | item 00002 | 827/1425 (58.0%) | Falhas: 0
10:26:31 | INFO     | [10:26:31] ✅ DONE | 00058/2025 | item 00001 | 828/1425 (58.1%) | Falhas: 0
10:26:32 | INFO     | [10:26:32] ✅ DONE | 00058/2025 | item 00003 | 829/1425 (58.2%) | Falhas: 0
10:26:33 | INFO     | [10:26:33] ✅ DONE | 00058/2025 | item 00005 | 830/1425 (58.2%) | Falhas: 0
10:26:33 | INFO     | [10:26:33] ✅ DONE | 00058/2025 | item 00004 | 831/1425 (58.3%) | Falhas: 0
10:26:33 | INFO     | [10:26:33] ✅ DONE | 00058/2025 | item 00006 | 832/1425 (58.4%) | Falhas: 0
10:26:34 | INFO     | [10:26:34] ✅ DONE | 00058/2025 | item 00007 | 833/1425 (58.5%) | Falhas: 0
10:26:34 | INFO     | [10:26:34] ✅ DONE | 00058/2025 | item 00008 | 834/1425 (58.5%) | Falhas: 0
10:26:35 | INFO     | [10:26:35] ✅ DONE | 00058/2025 | item 00010 | 835/1425 (58.6%) | Falhas: 0
10:26:36 | INFO     | [10:26:36] ✅ DONE | 00058/2025 | item 00011 | 836/1425 (58.7%) | Falhas: 0
10:26:37 | INFO     | [10:26:37] ✅ DONE | 00058/2025 | item 00009 | 837/1425 (58.7%) | Falhas: 0
10:26:38 | INFO     | [10:26:38] ✅ DONE | 00058/2025 | item 00012 | 838/1425 (58.8%) | Falhas: 0
10:26:38 | INFO     | [10:26:38] ✅ DONE | 00058/2025 | item 00013 | 839/1425 (58.9%) | Falhas: 0
10:26:39 | INFO     | [10:26:39] ✅ DONE | 00058/2025 | item 00014 | 840/1425 (58.9%) | Falhas: 0
10:26:40 | INFO     | [10:26:40] ✅ DONE | 00058/2025 | item 00015 | 841/1425 (59.0%) | Falhas: 0
10:26:41 | INFO     | [10:26:41] ✅ DONE | 00058/2025 | item 00016 | 842/1425 (59.1%) | Falhas: 0
10:26:42 | INFO     | [10:26:42] ✅ DONE | 00058/2025 | item 00017 | 843/1425 (59.2%) | Falhas: 0
10:26:42 | INFO     | [10:26:42] ✅ DONE | 00058/2025 | item 00018 | 844/1425 (59.2%) | Falhas: 0
10:26:44 | INFO     | [10:26:44] ✅ DONE | 00058/2025 | item 00019 | 845/1425 (59.3%) | Falhas: 0
10:26:44 | INFO     | [10:26:44] ✅ DONE | 00058/2025 | item 00021 | 846/1425 (59.4%) | Falhas: 0
10:26:45 | INFO     | [10:26:45] ✅ DONE | 00058/2025 | item 00020 | 847/1425 (59.4%) | Falhas: 0
10:26:46 | INFO     | [10:26:46] ✅ DONE | 00058/2025 | item 00022 | 848/1425 (59.5%) | Falhas: 0
10:26:46 | INFO     | [10:26:46] ✅ DONE | 00058/2025 | item 00024 | 849/1425 (59.6%) | Falhas: 0
10:26:48 | INFO     | [10:26:48] ✅ DONE | 00058/2025 | item 00023 | 850/1425 (59.6%) | Falhas: 0
10:26:50 | INFO     | [10:26:50] ✅ DONE | 00060/2025 | item 00313 | 851/1425 (59.7%) | Falhas: 0
10:26:50 | INFO     | [10:26:50] ✅ DONE | 00060/2025 | item 00312 | 852/1425 (59.8%) | Falhas: 0
10:26:51 | INFO     | [10:26:51] ✅ DONE | 00060/2025 | item 00316 | 853/1425 (59.9%) | Falhas: 0
10:26:53 | INFO     | [10:26:53] ✅ DONE | 00060/2025 | item 00315 | 854/1425 (59.9%) | Falhas: 0
10:26:53 | INFO     | [10:26:53] ✅ DONE | 00060/2025 | item 00314 | 855/1425 (60.0%) | Falhas: 0
10:26:53 | INFO     | [10:26:53] ✅ DONE | 00060/2025 | item 00317 | 856/1425 (60.1%) | Falhas: 0
10:26:54 | INFO     | [10:26:54] ✅ DONE | 00060/2025 | item 00318 | 857/1425 (60.1%) | Falhas: 0
10:26:54 | INFO     | [10:26:54] ✅ DONE | 00060/2025 | item 00319 | 858/1425 (60.2%) | Falhas: 0
10:26:55 | INFO     | [10:26:55] ✅ DONE | 00060/2025 | item 00320 | 859/1425 (60.3%) | Falhas: 0
10:26:56 | INFO     | [10:26:56] ✅ DONE | 00060/2025 | item 00322 | 860/1425 (60.4%) | Falhas: 0
10:26:57 | INFO     | [10:26:57] ✅ DONE | 00060/2025 | item 00323 | 861/1425 (60.4%) | Falhas: 0
10:26:57 | INFO     | [10:26:57] ✅ DONE | 00060/2025 | item 00321 | 862/1425 (60.5%) | Falhas: 0
10:26:59 | INFO     | [10:26:59] ✅ DONE | 00060/2025 | item 00325 | 863/1425 (60.6%) | Falhas: 0
10:26:59 | INFO     | [10:26:59] ✅ DONE | 00060/2025 | item 00324 | 864/1425 (60.6%) | Falhas: 0
10:27:01 | INFO     | [10:27:01] ✅ DONE | 00060/2025 | item 00328 | 865/1425 (60.7%) | Falhas: 0
10:27:02 | INFO     | [10:27:02] ✅ DONE | 00060/2025 | item 00326 | 866/1425 (60.8%) | Falhas: 0
10:27:02 | INFO     | [10:27:02] ✅ DONE | 00060/2025 | item 00327 | 867/1425 (60.8%) | Falhas: 0
10:27:02 | INFO     | [10:27:02] ✅ DONE | 00060/2025 | item 00329 | 868/1425 (60.9%) | Falhas: 0
10:27:04 | INFO     | [10:27:04] ✅ DONE | 00060/2025 | item 00332 | 869/1425 (61.0%) | Falhas: 0
10:27:04 | INFO     | [10:27:04] ✅ DONE | 00060/2025 | item 00331 | 870/1425 (61.1%) | Falhas: 0
10:27:04 | INFO     | [10:27:04] ✅ DONE | 00060/2025 | item 00330 | 871/1425 (61.1%) | Falhas: 0
10:27:05 | INFO     | [10:27:05] ✅ DONE | 00060/2025 | item 00334 | 872/1425 (61.2%) | Falhas: 0
10:27:06 | INFO     | [10:27:06] ✅ DONE | 00060/2025 | item 00335 | 873/1425 (61.3%) | Falhas: 0
10:27:06 | INFO     | [10:27:06] ✅ DONE | 00060/2025 | item 00333 | 874/1425 (61.3%) | Falhas: 0
10:27:07 | INFO     | [10:27:07] ✅ DONE | 00060/2025 | item 00336 | 875/1425 (61.4%) | Falhas: 0
10:27:07 | INFO     | [10:27:07] ✅ DONE | 00060/2025 | item 00337 | 876/1425 (61.5%) | Falhas: 0
10:27:08 | INFO     | [10:27:08] ✅ DONE | 00060/2025 | item 00338 | 877/1425 (61.5%) | Falhas: 0
10:27:08 | INFO     | [10:27:08] ✅ DONE | 00060/2025 | item 00339 | 878/1425 (61.6%) | Falhas: 0
10:27:09 | INFO     | [10:27:09] ✅ DONE | 00060/2025 | item 00340 | 879/1425 (61.7%) | Falhas: 0
10:27:10 | INFO     | [10:27:10] ✅ DONE | 00060/2025 | item 00341 | 880/1425 (61.8%) | Falhas: 0
10:27:10 | INFO     | [10:27:10] ✅ DONE | 00060/2025 | item 00342 | 881/1425 (61.8%) | Falhas: 0
10:27:10 | INFO     | [10:27:10] ✅ DONE | 00060/2025 | item 00343 | 882/1425 (61.9%) | Falhas: 0
10:27:11 | INFO     | [10:27:11] ✅ DONE | 00060/2025 | item 00344 | 883/1425 (62.0%) | Falhas: 0
10:27:11 | INFO     | [10:27:11] ✅ DONE | 00060/2025 | item 00345 | 884/1425 (62.0%) | Falhas: 0
10:27:12 | INFO     | [10:27:12] ✅ DONE | 00060/2025 | item 00346 | 885/1425 (62.1%) | Falhas: 0
10:27:13 | INFO     | [10:27:13] ✅ DONE | 00060/2025 | item 00348 | 886/1425 (62.2%) | Falhas: 0
10:27:13 | INFO     | [10:27:13] ✅ DONE | 00060/2025 | item 00347 | 887/1425 (62.2%) | Falhas: 0
10:27:14 | INFO     | [10:27:14] ✅ DONE | 00060/2025 | item 00349 | 888/1425 (62.3%) | Falhas: 0
10:27:15 | INFO     | [10:27:15] ✅ DONE | 00060/2025 | item 00351 | 889/1425 (62.4%) | Falhas: 0
10:27:15 | INFO     | [10:27:15] ✅ DONE | 00060/2025 | item 00350 | 890/1425 (62.5%) | Falhas: 0
10:27:17 | INFO     | [10:27:17] ✅ DONE | 00060/2025 | item 00353 | 891/1425 (62.5%) | Falhas: 0
10:27:17 | INFO     | [10:27:17] ✅ DONE | 00060/2025 | item 00352 | 892/1425 (62.6%) | Falhas: 0
10:27:18 | INFO     | [10:27:18] ✅ DONE | 00060/2025 | item 00354 | 893/1425 (62.7%) | Falhas: 0
10:27:18 | INFO     | [10:27:18] ✅ DONE | 00060/2025 | item 00356 | 894/1425 (62.7%) | Falhas: 0
10:27:18 | INFO     | [10:27:18] ✅ DONE | 00060/2025 | item 00355 | 895/1425 (62.8%) | Falhas: 0
10:27:18 | INFO     | [10:27:18] ✅ DONE | 00060/2025 | item 00357 | 896/1425 (62.9%) | Falhas: 0
10:27:19 | INFO     | [10:27:19] ✅ DONE | 00060/2025 | item 00358 | 897/1425 (62.9%) | Falhas: 0
10:27:20 | INFO     | [10:27:20] ✅ DONE | 00060/2025 | item 00359 | 898/1425 (63.0%) | Falhas: 0
10:27:20 | INFO     | [10:27:20] ✅ DONE | 00060/2025 | item 00360 | 899/1425 (63.1%) | Falhas: 0
10:27:21 | INFO     | [10:27:21] ✅ DONE | 00060/2025 | item 00362 | 900/1425 (63.2%) | Falhas: 0
10:27:21 | INFO     | [10:27:21] ✅ DONE | 00060/2025 | item 00363 | 901/1425 (63.2%) | Falhas: 0
10:27:21 | INFO     | [10:27:21] ✅ DONE | 00060/2025 | item 00361 | 902/1425 (63.3%) | Falhas: 0
10:27:23 | INFO     | [10:27:23] ✅ DONE | 00060/2025 | item 00364 | 903/1425 (63.4%) | Falhas: 0
10:27:23 | INFO     | [10:27:23] ✅ DONE | 00060/2025 | item 00365 | 904/1425 (63.4%) | Falhas: 0
10:27:24 | INFO     | [10:27:24] ✅ DONE | 00060/2025 | item 00368 | 905/1425 (63.5%) | Falhas: 0
10:27:25 | INFO     | [10:27:25] ✅ DONE | 00060/2025 | item 00366 | 906/1425 (63.6%) | Falhas: 0
10:27:25 | INFO     | [10:27:25] ✅ DONE | 00060/2025 | item 00369 | 907/1425 (63.6%) | Falhas: 0
10:27:26 | INFO     | [10:27:26] ✅ DONE | 00060/2025 | item 00367 | 908/1425 (63.7%) | Falhas: 0
10:27:27 | INFO     | [10:27:27] ✅ DONE | 00060/2025 | item 00371 | 909/1425 (63.8%) | Falhas: 0
10:27:27 | INFO     | [10:27:27] ✅ DONE | 00060/2025 | item 00370 | 910/1425 (63.9%) | Falhas: 0
10:27:28 | INFO     | [10:27:28] ✅ DONE | 00060/2025 | item 00372 | 911/1425 (63.9%) | Falhas: 0
10:27:29 | INFO     | [10:27:29] ✅ DONE | 00057/2025 | item 00062 | 912/1425 (64.0%) | Falhas: 0
10:27:29 | INFO     | [10:27:29] ✅ DONE | 00057/2025 | item 00063 | 913/1425 (64.1%) | Falhas: 0
10:27:30 | INFO     | [10:27:30] ✅ DONE | 00057/2025 | item 00064 | 914/1425 (64.1%) | Falhas: 0
10:27:30 | INFO     | [10:27:30] ✅ DONE | 00057/2025 | item 00065 | 915/1425 (64.2%) | Falhas: 0
10:27:30 | INFO     | [10:27:30] ✅ DONE | 00057/2025 | item 00066 | 916/1425 (64.3%) | Falhas: 0
10:27:33 | INFO     | [10:27:33] ✅ DONE | 00061/2025 | item 00071 | 917/1425 (64.4%) | Falhas: 0
10:27:33 | INFO     | [10:27:33] ✅ DONE | 00059/2025 | item 00001 | 918/1425 (64.4%) | Falhas: 0
10:27:34 | INFO     | [10:27:34] ✅ DONE | 00061/2025 | item 00070 | 919/1425 (64.5%) | Falhas: 0
10:27:34 | INFO     | [10:27:34] ✅ DONE | 00061/2025 | item 00072 | 920/1425 (64.6%) | Falhas: 0
10:27:35 | INFO     | [10:27:35] ✅ DONE | 00061/2025 | item 00073 | 921/1425 (64.6%) | Falhas: 0
10:27:35 | INFO     | [10:27:35] ✅ DONE | 00061/2025 | item 00075 | 922/1425 (64.7%) | Falhas: 0
10:27:35 | INFO     | [10:27:35] ✅ DONE | 00061/2025 | item 00074 | 923/1425 (64.8%) | Falhas: 0
10:27:36 | INFO     | [10:27:36] ✅ DONE | 00061/2025 | item 00077 | 924/1425 (64.8%) | Falhas: 0
10:27:37 | INFO     | [10:27:37] ✅ DONE | 00060/2025 | item 00373 | 925/1425 (64.9%) | Falhas: 0
10:27:38 | INFO     | [10:27:38] ✅ DONE | 00061/2025 | item 00076 | 926/1425 (65.0%) | Falhas: 0
10:27:38 | INFO     | [10:27:38] ✅ DONE | 00060/2025 | item 00374 | 927/1425 (65.1%) | Falhas: 0
10:27:39 | INFO     | [10:27:39] ✅ DONE | 00060/2025 | item 00375 | 928/1425 (65.1%) | Falhas: 0
10:27:40 | INFO     | [10:27:40] ✅ DONE | 00060/2025 | item 00376 | 929/1425 (65.2%) | Falhas: 0
10:27:40 | INFO     | [10:27:40] ✅ DONE | 00060/2025 | item 00377 | 930/1425 (65.3%) | Falhas: 0
10:27:41 | INFO     | [10:27:41] ✅ DONE | 00060/2025 | item 00378 | 931/1425 (65.3%) | Falhas: 0
10:27:41 | INFO     | [10:27:41] ✅ DONE | 00062/2025 | item 00002 | 932/1425 (65.4%) | Falhas: 0
10:27:42 | INFO     | [10:27:42] ✅ DONE | 00062/2025 | item 00001 | 933/1425 (65.5%) | Falhas: 0
10:27:42 | INFO     | [10:27:42] ✅ DONE | 00062/2025 | item 00003 | 934/1425 (65.5%) | Falhas: 0
10:27:43 | INFO     | [10:27:43] ✅ DONE | 00062/2025 | item 00005 | 935/1425 (65.6%) | Falhas: 0
10:27:43 | INFO     | [10:27:43] ✅ DONE | 00062/2025 | item 00004 | 936/1425 (65.7%) | Falhas: 0
10:27:44 | INFO     | [10:27:44] ✅ DONE | 00063/2025 | item 00007 | 937/1425 (65.8%) | Falhas: 0
10:27:44 | INFO     | [10:27:44] ✅ DONE | 00062/2025 | item 00006 | 938/1425 (65.8%) | Falhas: 0
10:27:45 | INFO     | [10:27:45] ✅ DONE | 00063/2025 | item 00008 | 939/1425 (65.9%) | Falhas: 0
10:27:46 | INFO     | [10:27:46] ✅ DONE | 00063/2025 | item 00009 | 940/1425 (66.0%) | Falhas: 0
10:27:47 | INFO     | [10:27:47] ✅ DONE | 00064/2025 | item 00001 | 941/1425 (66.0%) | Falhas: 0
10:27:48 | INFO     | [10:27:48] ✅ DONE | 00065/2025 | item 00003 | 942/1425 (66.1%) | Falhas: 0
10:27:48 | INFO     | [10:27:48] ✅ DONE | 00064/2025 | item 00002 | 943/1425 (66.2%) | Falhas: 0
10:27:49 | INFO     | [10:27:49] ✅ DONE | 00061/2025 | item 00078 | 944/1425 (66.2%) | Falhas: 0
10:27:49 | INFO     | [10:27:49] ✅ DONE | 00061/2025 | item 00080 | 945/1425 (66.3%) | Falhas: 0
10:27:50 | INFO     | [10:27:50] ✅ DONE | 00061/2025 | item 00079 | 946/1425 (66.4%) | Falhas: 0
10:27:51 | INFO     | [10:27:51] ✅ DONE | 00061/2025 | item 00081 | 947/1425 (66.5%) | Falhas: 0
10:27:52 | INFO     | [10:27:52] ✅ DONE | 00061/2025 | item 00082 | 948/1425 (66.5%) | Falhas: 0
10:27:54 | INFO     | [10:27:54] ✅ DONE | 00061/2025 | item 00085 | 949/1425 (66.6%) | Falhas: 0
10:27:54 | INFO     | [10:27:54] ✅ DONE | 00061/2025 | item 00083 | 950/1425 (66.7%) | Falhas: 0
10:27:54 | INFO     | [10:27:54] ✅ DONE | 00061/2025 | item 00084 | 951/1425 (66.7%) | Falhas: 0
10:27:56 | INFO     | [10:27:56] ✅ DONE | 00061/2025 | item 00088 | 952/1425 (66.8%) | Falhas: 0
10:27:56 | INFO     | [10:27:56] ✅ DONE | 00061/2025 | item 00087 | 953/1425 (66.9%) | Falhas: 0
10:27:57 | INFO     | [10:27:57] ✅ DONE | 00061/2025 | item 00086 | 954/1425 (66.9%) | Falhas: 0
10:27:57 | INFO     | [10:27:57] ✅ DONE | 00061/2025 | item 00089 | 955/1425 (67.0%) | Falhas: 0
10:27:58 | INFO     | [10:27:58] ✅ DONE | 00061/2025 | item 00090 | 956/1425 (67.1%) | Falhas: 0
10:27:59 | INFO     | [10:27:59] ✅ DONE | 00061/2025 | item 00092 | 957/1425 (67.2%) | Falhas: 0
10:28:00 | INFO     | [10:28:00] ✅ DONE | 00061/2025 | item 00091 | 958/1425 (67.2%) | Falhas: 0
10:28:00 | INFO     | [10:28:00] ✅ DONE | 00061/2025 | item 00093 | 959/1425 (67.3%) | Falhas: 0
10:28:00 | INFO     | [10:28:00] ✅ DONE | 00061/2025 | item 00094 | 960/1425 (67.4%) | Falhas: 0
10:28:01 | INFO     | [10:28:01] ✅ DONE | 00061/2025 | item 00095 | 961/1425 (67.4%) | Falhas: 0
10:28:02 | INFO     | [10:28:02] ✅ DONE | 00061/2025 | item 00096 | 962/1425 (67.5%) | Falhas: 0
10:28:02 | INFO     | [10:28:02] ✅ DONE | 00061/2025 | item 00098 | 963/1425 (67.6%) | Falhas: 0
10:28:03 | INFO     | [10:28:03] ✅ DONE | 00061/2025 | item 00097 | 964/1425 (67.6%) | Falhas: 0
10:28:04 | INFO     | [10:28:04] ✅ DONE | 00065/2025 | item 00004 | 965/1425 (67.7%) | Falhas: 0
10:28:04 | INFO     | [10:28:04] ✅ DONE | 00065/2025 | item 00014 | 966/1425 (67.8%) | Falhas: 0
10:28:04 | INFO     | [10:28:04] ✅ DONE | 00065/2025 | item 00015 | 967/1425 (67.9%) | Falhas: 0
10:28:06 | INFO     | [10:28:06] ✅ DONE | 00061/2025 | item 00099 | 968/1425 (67.9%) | Falhas: 0
10:28:07 | INFO     | [10:28:07] ✅ DONE | 00065/2025 | item 00032 | 969/1425 (68.0%) | Falhas: 0
10:28:07 | INFO     | [10:28:07] ✅ DONE | 00066/2025 | item 00005 | 970/1425 (68.1%) | Falhas: 0
10:28:08 | INFO     | [10:28:08] ✅ DONE | 00061/2025 | item 00100 | 971/1425 (68.1%) | Falhas: 0
10:28:08 | INFO     | [10:28:08] ✅ DONE | 00061/2025 | item 00102 | 972/1425 (68.2%) | Falhas: 0
10:28:09 | INFO     | [10:28:09] ✅ DONE | 00061/2025 | item 00101 | 973/1425 (68.3%) | Falhas: 0
10:28:09 | INFO     | [10:28:09] ✅ DONE | 00061/2025 | item 00103 | 974/1425 (68.4%) | Falhas: 0
10:28:10 | INFO     | [10:28:10] ✅ DONE | 00061/2025 | item 00104 | 975/1425 (68.4%) | Falhas: 0
10:28:11 | INFO     | [10:28:11] ✅ DONE | 00061/2025 | item 00105 | 976/1425 (68.5%) | Falhas: 0
10:28:11 | INFO     | [10:28:11] ✅ DONE | 00061/2025 | item 00106 | 977/1425 (68.6%) | Falhas: 0
10:28:11 | INFO     | [10:28:11] ✅ DONE | 00061/2025 | item 00107 | 978/1425 (68.6%) | Falhas: 0
10:28:12 | INFO     | [10:28:12] ✅ DONE | 00061/2025 | item 00108 | 979/1425 (68.7%) | Falhas: 0
10:28:13 | INFO     | [10:28:13] ✅ DONE | 00061/2025 | item 00109 | 980/1425 (68.8%) | Falhas: 0
10:28:13 | INFO     | [10:28:13] ✅ DONE | 00061/2025 | item 00110 | 981/1425 (68.8%) | Falhas: 0
10:28:14 | INFO     | [10:28:14] ✅ DONE | 00061/2025 | item 00112 | 982/1425 (68.9%) | Falhas: 0
10:28:14 | INFO     | [10:28:14] ✅ DONE | 00061/2025 | item 00113 | 983/1425 (69.0%) | Falhas: 0
10:28:14 | INFO     | [10:28:14] ✅ DONE | 00061/2025 | item 00111 | 984/1425 (69.1%) | Falhas: 0
10:28:15 | INFO     | [10:28:15] ✅ DONE | 00061/2025 | item 00115 | 985/1425 (69.1%) | Falhas: 0
10:28:15 | INFO     | [10:28:15] ✅ DONE | 00061/2025 | item 00116 | 986/1425 (69.2%) | Falhas: 0
10:28:16 | INFO     | [10:28:16] ✅ DONE | 00061/2025 | item 00114 | 987/1425 (69.3%) | Falhas: 0
10:28:16 | INFO     | [10:28:16] ✅ DONE | 00061/2025 | item 00117 | 988/1425 (69.3%) | Falhas: 0
10:28:18 | INFO     | [10:28:18] ✅ DONE | 00067/2025 | item 00007 | 989/1425 (69.4%) | Falhas: 0
10:28:18 | INFO     | [10:28:18] ✅ DONE | 00066/2025 | item 00034 | 990/1425 (69.5%) | Falhas: 0
10:28:18 | INFO     | [10:28:18] ✅ DONE | 00066/2025 | item 00006 | 991/1425 (69.5%) | Falhas: 0
10:28:19 | INFO     | [10:28:19] ✅ DONE | 00067/2025 | item 00008 | 992/1425 (69.6%) | Falhas: 0
10:28:21 | INFO     | [10:28:21] ✅ DONE | 00068/2025 | item 00009 | 993/1425 (69.7%) | Falhas: 0
10:28:21 | INFO     | [10:28:21] ✅ DONE | 00068/2025 | item 00010 | 994/1425 (69.8%) | Falhas: 0
10:28:21 | INFO     | [10:28:21] ✅ DONE | 00061/2025 | item 00118 | 995/1425 (69.8%) | Falhas: 0
10:28:22 | INFO     | [10:28:22] ✅ DONE | 00061/2025 | item 00119 | 996/1425 (69.9%) | Falhas: 0
10:28:23 | INFO     | [10:28:23] ✅ DONE | 00061/2025 | item 00120 | 997/1425 (70.0%) | Falhas: 0
10:28:24 | INFO     | [10:28:24] ✅ DONE | 00069/2025 | item 00016 | 998/1425 (70.0%) | Falhas: 0
10:28:24 | INFO     | [10:28:24] ✅ DONE | 00061/2025 | item 00121 | 999/1425 (70.1%) | Falhas: 0
10:28:25 | INFO     | [10:28:25] ✅ DONE | 00070/2025 | item 00017 | 1000/1425 (70.2%) | Falhas: 0
10:28:26 | INFO     | [10:28:26] ✅ DONE | 00070/2025 | item 00018 | 1001/1425 (70.2%) | Falhas: 0
10:28:27 | INFO     | [10:28:27] ✅ DONE | 00071/2025 | item 00019 | 1002/1425 (70.3%) | Falhas: 0
10:28:27 | INFO     | [10:28:27] ✅ DONE | 00071/2025 | item 00030 | 1003/1425 (70.4%) | Falhas: 0
10:28:29 | INFO     | [10:28:29] ✅ DONE | 00072/2025 | item 00020 | 1004/1425 (70.5%) | Falhas: 0
10:28:29 | INFO     | [10:28:29] ✅ DONE | 00072/2025 | item 00021 | 1005/1425 (70.5%) | Falhas: 0
10:28:30 | INFO     | [10:28:30] ✅ DONE | 00072/2025 | item 00024 | 1006/1425 (70.6%) | Falhas: 0
10:28:32 | INFO     | [10:28:32] ✅ DONE | 00072/2025 | item 00041 | 1007/1425 (70.7%) | Falhas: 0
10:28:32 | INFO     | [10:28:32] ✅ DONE | 00072/2025 | item 00031 | 1008/1425 (70.7%) | Falhas: 0
10:28:33 | INFO     | [10:28:33] ✅ DONE | 00073/2025 | item 00023 | 1009/1425 (70.8%) | Falhas: 0
10:28:34 | INFO     | [10:28:34] ✅ DONE | 00073/2025 | item 00046 | 1010/1425 (70.9%) | Falhas: 0
10:28:35 | INFO     | [10:28:35] ✅ DONE | 00073/2025 | item 00047 | 1011/1425 (70.9%) | Falhas: 0
10:28:36 | INFO     | [10:28:36] ✅ DONE | 00074/2025 | item 00029 | 1012/1425 (71.0%) | Falhas: 0
10:28:36 | INFO     | [10:28:36] ✅ DONE | 00074/2025 | item 00026 | 1013/1425 (71.1%) | Falhas: 0
10:28:37 | INFO     | [10:28:37] ✅ DONE | 00074/2025 | item 00042 | 1014/1425 (71.2%) | Falhas: 0
10:28:38 | INFO     | [10:28:38] ✅ DONE | 00075/2025 | item 00036 | 1015/1425 (71.2%) | Falhas: 0
10:28:38 | INFO     | [10:28:38] ✅ DONE | 00076/2025 | item 00037 | 1016/1425 (71.3%) | Falhas: 0
10:28:39 | INFO     | [10:28:39] ✅ DONE | 00077/2025 | item 00043 | 1017/1425 (71.4%) | Falhas: 0
10:28:39 | INFO     | [10:28:39] ✅ DONE | 00077/2025 | item 00045 | 1018/1425 (71.4%) | Falhas: 0
10:28:41 | INFO     | [10:28:41] ✅ DONE | 00079/2025 | item 00046 | 1019/1425 (71.5%) | Falhas: 0
10:28:41 | INFO     | [10:28:41] ✅ DONE | 00078/2025 | item 00088 | 1020/1425 (71.6%) | Falhas: 0
10:28:42 | INFO     | [10:28:42] ✅ DONE | 00079/2025 | item 00045 | 1021/1425 (71.6%) | Falhas: 0
10:28:42 | INFO     | [10:28:42] ✅ DONE | 00068/2025 | item 00012 | 1022/1425 (71.7%) | Falhas: 0
10:28:43 | INFO     | [10:28:43] ✅ DONE | 00068/2025 | item 00011 | 1023/1425 (71.8%) | Falhas: 0
10:28:44 | INFO     | [10:28:44] ✅ DONE | 00068/2025 | item 00013 | 1024/1425 (71.9%) | Falhas: 0
10:28:45 | INFO     | [10:28:45] ✅ DONE | 00068/2025 | item 00027 | 1025/1425 (71.9%) | Falhas: 0
10:28:45 | INFO     | [10:28:45] ✅ DONE | 00068/2025 | item 00022 | 1026/1425 (72.0%) | Falhas: 0
10:28:46 | INFO     | [10:28:46] ✅ DONE | 00068/2025 | item 00035 | 1027/1425 (72.1%) | Falhas: 0
10:28:47 | INFO     | [10:28:47] ✅ DONE | 00080/2025 | item 00048 | 1028/1425 (72.1%) | Falhas: 0
10:28:47 | INFO     | [10:28:47] ✅ DONE | 00080/2025 | item 00080 | 1029/1425 (72.2%) | Falhas: 0
10:28:49 | INFO     | [10:28:49] ✅ DONE | 00082/2025 | item 00078 | 1030/1425 (72.3%) | Falhas: 0
10:28:49 | INFO     | [10:28:49] ✅ DONE | 00082/2025 | item 00077 | 1031/1425 (72.4%) | Falhas: 0
10:28:50 | INFO     | [10:28:50] ✅ DONE | 00081/2025 | item 00044 | 1032/1425 (72.4%) | Falhas: 0
10:28:51 | INFO     | [10:28:51] ✅ DONE | 00082/2025 | item 00079 | 1033/1425 (72.5%) | Falhas: 0
10:28:52 | INFO     | [10:28:52] ✅ DONE | 00083/2025 | item 00050 | 1034/1425 (72.6%) | Falhas: 0
10:28:52 | INFO     | [10:28:52] ✅ DONE | 00083/2025 | item 00051 | 1035/1425 (72.6%) | Falhas: 0
10:28:53 | INFO     | [10:28:53] ✅ DONE | 00083/2025 | item 00089 | 1036/1425 (72.7%) | Falhas: 0
10:28:55 | INFO     | [10:28:55] ✅ DONE | 00084/2025 | item 00090 | 1037/1425 (72.8%) | Falhas: 0
10:28:56 | INFO     | [10:28:56] ✅ DONE | 00084/2025 | item 00041 | 1038/1425 (72.8%) | Falhas: 0
10:28:56 | INFO     | [10:28:56] ✅ DONE | 00084/2025 | item 00042 | 1039/1425 (72.9%) | Falhas: 0
10:28:57 | INFO     | [10:28:57] ✅ DONE | 00085/2025 | item 00037 | 1040/1425 (73.0%) | Falhas: 0
10:28:58 | INFO     | [10:28:58] ✅ DONE | 00085/2025 | item 00038 | 1041/1425 (73.1%) | Falhas: 0
10:28:58 | INFO     | [10:28:58] ✅ DONE | 00086/2025 | item 00064 | 1042/1425 (73.1%) | Falhas: 0
10:28:59 | INFO     | [10:28:59] ✅ DONE | 00087/2025 | item 00012 | 1043/1425 (73.2%) | Falhas: 0
10:28:59 | INFO     | [10:28:59] ✅ DONE | 00087/2025 | item 00087 | 1044/1425 (73.3%) | Falhas: 0
10:29:00 | INFO     | [10:29:00] ✅ DONE | 00088/2025 | item 00005 | 1045/1425 (73.3%) | Falhas: 0
10:29:02 | INFO     | [10:29:02] ✅ DONE | 00088/2025 | item 00006 | 1046/1425 (73.4%) | Falhas: 0
10:29:02 | INFO     | [10:29:02] ✅ DONE | 00088/2025 | item 00007 | 1047/1425 (73.5%) | Falhas: 0
10:29:02 | INFO     | [10:29:02] ✅ DONE | 00088/2025 | item 00008 | 1048/1425 (73.5%) | Falhas: 0
10:29:04 | INFO     | [10:29:04] ✅ DONE | 00088/2025 | item 00010 | 1049/1425 (73.6%) | Falhas: 0
10:29:05 | INFO     | [10:29:05] ✅ DONE | 00088/2025 | item 00011 | 1050/1425 (73.7%) | Falhas: 0
10:29:05 | INFO     | [10:29:05] ✅ DONE | 00088/2025 | item 00009 | 1051/1425 (73.8%) | Falhas: 0
10:29:07 | INFO     | [10:29:07] ✅ DONE | 00089/2025 | item 00086 | 1052/1425 (73.8%) | Falhas: 0
10:29:07 | INFO     | [10:29:07] ✅ DONE | 00090/2025 | item 00022 | 1053/1425 (73.9%) | Falhas: 0
10:29:07 | INFO     | [10:29:07] ✅ DONE | 00090/2025 | item 00021 | 1054/1425 (74.0%) | Falhas: 0
10:29:08 | INFO     | [10:29:08] ✅ DONE | 00091/2025 | item 00071 | 1055/1425 (74.0%) | Falhas: 0
10:29:09 | INFO     | [10:29:09] ✅ DONE | 00092/2025 | item 00053 | 1056/1425 (74.1%) | Falhas: 0
10:29:09 | INFO     | [10:29:09] ✅ DONE | 00092/2025 | item 00052 | 1057/1425 (74.2%) | Falhas: 0
10:29:10 | INFO     | [10:29:10] ✅ DONE | 00092/2025 | item 00054 | 1058/1425 (74.2%) | Falhas: 0
10:29:12 | INFO     | [10:29:12] ✅ DONE | 00092/2025 | item 00056 | 1059/1425 (74.3%) | Falhas: 0
10:29:12 | INFO     | [10:29:12] ✅ DONE | 00092/2025 | item 00055 | 1060/1425 (74.4%) | Falhas: 0
10:29:13 | INFO     | [10:29:13] ✅ DONE | 00092/2025 | item 00058 | 1061/1425 (74.5%) | Falhas: 0
10:29:14 | INFO     | [10:29:14] ✅ DONE | 00092/2025 | item 00057 | 1062/1425 (74.5%) | Falhas: 0
10:29:14 | INFO     | [10:29:14] ✅ DONE | 00092/2025 | item 00059 | 1063/1425 (74.6%) | Falhas: 0
10:29:16 | INFO     | [10:29:16] ✅ DONE | 00092/2025 | item 00060 | 1064/1425 (74.7%) | Falhas: 0
10:29:17 | INFO     | [10:29:17] ✅ DONE | 00092/2025 | item 00061 | 1065/1425 (74.7%) | Falhas: 0
10:29:17 | INFO     | [10:29:17] ✅ DONE | 00092/2025 | item 00062 | 1066/1425 (74.8%) | Falhas: 0
10:29:17 | INFO     | [10:29:17] ✅ DONE | 00092/2025 | item 00063 | 1067/1425 (74.9%) | Falhas: 0
10:29:18 | INFO     | [10:29:18] ✅ DONE | 00092/2025 | item 00082 | 1068/1425 (74.9%) | Falhas: 0
10:29:18 | INFO     | [10:29:18] ✅ DONE | 00092/2025 | item 00081 | 1069/1425 (75.0%) | Falhas: 0
10:29:20 | INFO     | [10:29:20] ✅ DONE | 00092/2025 | item 00083 | 1070/1425 (75.1%) | Falhas: 0
10:29:20 | INFO     | [10:29:20] ✅ DONE | 00093/2025 | item 00073 | 1071/1425 (75.2%) | Falhas: 0
10:29:21 | INFO     | [10:29:21] ✅ DONE | 00092/2025 | item 00084 | 1072/1425 (75.2%) | Falhas: 0
10:29:22 | INFO     | [10:29:22] ✅ DONE | 00094/2025 | item 00001 | 1073/1425 (75.3%) | Falhas: 0
10:29:22 | INFO     | [10:29:22] ✅ DONE | 00094/2025 | item 00003 | 1074/1425 (75.4%) | Falhas: 0
10:29:24 | INFO     | [10:29:24] ✅ DONE | 00094/2025 | item 00017 | 1075/1425 (75.4%) | Falhas: 0
10:29:24 | INFO     | [10:29:24] ✅ DONE | 00094/2025 | item 00004 | 1076/1425 (75.5%) | Falhas: 0
10:29:25 | INFO     | [10:29:25] ✅ DONE | 00094/2025 | item 00016 | 1077/1425 (75.6%) | Falhas: 0
10:29:26 | INFO     | [10:29:26] ✅ DONE | 00094/2025 | item 00018 | 1078/1425 (75.6%) | Falhas: 0
10:29:26 | INFO     | [10:29:26] ✅ DONE | 00094/2025 | item 00019 | 1079/1425 (75.7%) | Falhas: 0
10:29:28 | INFO     | [10:29:28] ✅ DONE | 00094/2025 | item 00020 | 1080/1425 (75.8%) | Falhas: 0
10:29:28 | INFO     | [10:29:28] ✅ DONE | 00095/2025 | item 00072 | 1081/1425 (75.9%) | Falhas: 0
10:29:28 | INFO     | [10:29:28] ✅ DONE | 00096/2025 | item 00036 | 1082/1425 (75.9%) | Falhas: 0
10:29:30 | INFO     | [10:29:30] ✅ DONE | 00098/2025 | item 00001 | 1083/1425 (76.0%) | Falhas: 0
10:29:30 | INFO     | [10:29:30] ✅ DONE | 00097/2025 | item 00028 | 1084/1425 (76.1%) | Falhas: 0
10:29:30 | INFO     | [10:29:30] ✅ DONE | 00098/2025 | item 00002 | 1085/1425 (76.1%) | Falhas: 0
10:29:32 | INFO     | [10:29:32] ✅ DONE | 00099/2025 | item 00003 | 1086/1425 (76.2%) | Falhas: 0
10:29:32 | INFO     | [10:29:32] ✅ DONE | 00099/2025 | item 00014 | 1087/1425 (76.3%) | Falhas: 0
10:29:33 | INFO     | [10:29:33] ✅ DONE | 00001/2026 | item 00007 | 1088/1425 (76.4%) | Falhas: 0
10:29:34 | INFO     | [10:29:34] ✅ DONE | 00001/2026 | item 00009 | 1089/1425 (76.4%) | Falhas: 0
10:29:35 | INFO     | [10:29:35] ✅ DONE | 00001/2026 | item 00008 | 1090/1425 (76.5%) | Falhas: 0
10:29:36 | INFO     | [10:29:36] ✅ DONE | 00002/2026 | item 00002 | 1091/1425 (76.6%) | Falhas: 0
10:29:37 | INFO     | [10:29:37] ✅ DONE | 00002/2026 | item 00003 | 1092/1425 (76.6%) | Falhas: 0
10:29:37 | INFO     | [10:29:37] ✅ DONE | 00002/2026 | item 00001 | 1093/1425 (76.7%) | Falhas: 0
10:29:39 | INFO     | [10:29:39] ✅ DONE | 00003/2026 | item 00004 | 1094/1425 (76.8%) | Falhas: 0
10:29:39 | INFO     | [10:29:39] ✅ DONE | 00004/2026 | item 00001 | 1095/1425 (76.8%) | Falhas: 0
10:29:40 | INFO     | [10:29:40] ✅ DONE | 00003/2026 | item 00005 | 1096/1425 (76.9%) | Falhas: 0
10:29:42 | INFO     | [10:29:42] ✅ DONE | 00004/2026 | item 00002 | 1097/1425 (77.0%) | Falhas: 0
10:29:42 | INFO     | [10:29:42] ✅ DONE | 00005/2026 | item 00078 | 1098/1425 (77.1%) | Falhas: 0
10:29:43 | INFO     | [10:29:43] ✅ DONE | 00005/2026 | item 00077 | 1099/1425 (77.1%) | Falhas: 0
10:29:43 | INFO     | [10:29:43] ✅ DONE | 00005/2026 | item 00079 | 1100/1425 (77.2%) | Falhas: 0
10:29:44 | INFO     | [10:29:44] ✅ DONE | 00005/2026 | item 00080 | 1101/1425 (77.3%) | Falhas: 0
10:29:45 | INFO     | [10:29:45] ✅ DONE | 00007/2026 | item 00006 | 1102/1425 (77.3%) | Falhas: 0
10:29:45 | INFO     | [10:29:45] ✅ DONE | 00008/2026 | item 00001 | 1103/1425 (77.4%) | Falhas: 0
10:29:45 | INFO     | [10:29:45] ✅ DONE | 00007/2026 | item 00007 | 1104/1425 (77.5%) | Falhas: 0
10:29:46 | INFO     | [10:29:46] ✅ DONE | 00008/2026 | item 00002 | 1105/1425 (77.5%) | Falhas: 0
10:29:46 | INFO     | [10:29:46] ✅ DONE | 00008/2026 | item 00003 | 1106/1425 (77.6%) | Falhas: 0
10:29:47 | INFO     | [10:29:47] ✅ DONE | 00008/2026 | item 00004 | 1107/1425 (77.7%) | Falhas: 0
10:29:48 | INFO     | [10:29:48] ✅ DONE | 00008/2026 | item 00005 | 1108/1425 (77.8%) | Falhas: 0
10:29:49 | INFO     | [10:29:49] ✅ DONE | 00009/2026 | item 00007 | 1109/1425 (77.8%) | Falhas: 0
10:29:49 | INFO     | [10:29:49] ✅ DONE | 00009/2026 | item 00009 | 1110/1425 (77.9%) | Falhas: 0
10:29:50 | INFO     | [10:29:50] ✅ DONE | 00009/2026 | item 00008 | 1111/1425 (78.0%) | Falhas: 0
10:29:51 | INFO     | [10:29:51] ✅ DONE | 00010/2026 | item 00001 | 1112/1425 (78.0%) | Falhas: 0
10:29:52 | INFO     | [10:29:52] ✅ DONE | 00010/2026 | item 00002 | 1113/1425 (78.1%) | Falhas: 0
10:29:53 | INFO     | [10:29:53] ✅ DONE | 00011/2026 | item 00010 | 1114/1425 (78.2%) | Falhas: 0
10:29:53 | INFO     | [10:29:53] ✅ DONE | 00011/2026 | item 00017 | 1115/1425 (78.2%) | Falhas: 0
10:29:54 | INFO     | [10:29:54] ✅ DONE | 00012/2026 | item 00006 | 1116/1425 (78.3%) | Falhas: 0
10:29:54 | INFO     | [10:29:54] ✅ DONE | 00011/2026 | item 00032 | 1117/1425 (78.4%) | Falhas: 0
10:29:55 | INFO     | [10:29:55] ✅ DONE | 00013/2026 | item 00012 | 1118/1425 (78.5%) | Falhas: 0
10:29:55 | INFO     | [10:29:55] ✅ DONE | 00015/2026 | item 00023 | 1119/1425 (78.5%) | Falhas: 0
10:29:56 | INFO     | [10:29:56] ✅ DONE | 00016/2026 | item 00024 | 1120/1425 (78.6%) | Falhas: 0
10:29:58 | INFO     | [10:29:58] ✅ DONE | 00018/2026 | item 00002 | 1121/1425 (78.7%) | Falhas: 0
10:29:58 | INFO     | [10:29:58] ✅ DONE | 00017/2026 | item 00020 | 1122/1425 (78.7%) | Falhas: 0
10:29:58 | INFO     | [10:29:58] ✅ DONE | 00018/2026 | item 00001 | 1123/1425 (78.8%) | Falhas: 0
10:30:00 | INFO     | [10:30:00] ✅ DONE | 00018/2026 | item 00004 | 1124/1425 (78.9%) | Falhas: 0
10:30:02 | INFO     | [10:30:02] ✅ DONE | 00006/2026 | item 00001 | 1125/1425 (78.9%) | Falhas: 0
10:30:02 | INFO     | [10:30:02] ✅ DONE | 00004/2026 | item 00003 | 1126/1425 (79.0%) | Falhas: 0
10:30:02 | INFO     | [10:30:02] ✅ DONE | 00014/2026 | item 00022 | 1127/1425 (79.1%) | Falhas: 0
10:30:03 | INFO     | [10:30:03] ✅ DONE | 00019/2026 | item 00003 | 1128/1425 (79.2%) | Falhas: 0
10:30:05 | INFO     | [10:30:05] ✅ DONE | 00019/2026 | item 00007 | 1129/1425 (79.2%) | Falhas: 0
10:30:06 | INFO     | [10:30:06] ✅ DONE | 00019/2026 | item 00006 | 1130/1425 (79.3%) | Falhas: 0
10:30:06 | INFO     | [10:30:06] ✅ DONE | 00019/2026 | item 00005 | 1131/1425 (79.4%) | Falhas: 0
10:30:08 | INFO     | [10:30:08] ✅ DONE | 00019/2026 | item 00011 | 1132/1425 (79.4%) | Falhas: 0
10:30:08 | INFO     | [10:30:08] ✅ DONE | 00019/2026 | item 00010 | 1133/1425 (79.5%) | Falhas: 0
10:30:09 | INFO     | [10:30:09] ✅ DONE | 00019/2026 | item 00008 | 1134/1425 (79.6%) | Falhas: 0
10:30:10 | INFO     | [10:30:10] ✅ DONE | 00018/2026 | item 00009 | 1135/1425 (79.6%) | Falhas: 0
10:30:10 | INFO     | [10:30:10] ✅ DONE | 00021/2026 | item 00038 | 1136/1425 (79.7%) | Falhas: 0
10:30:10 | INFO     | [10:30:10] ✅ DONE | 00018/2026 | item 00012 | 1137/1425 (79.8%) | Falhas: 0
10:30:12 | INFO     | [10:30:12] ✅ DONE | 00020/2026 | item 00001 | 1138/1425 (79.9%) | Falhas: 0
10:30:12 | INFO     | [10:30:12] ✅ DONE | 00022/2026 | item 00039 | 1139/1425 (79.9%) | Falhas: 0
10:30:13 | INFO     | [10:30:13] ✅ DONE | 00023/2026 | item 00046 | 1140/1425 (80.0%) | Falhas: 0
10:30:14 | INFO     | [10:30:14] ✅ DONE | 00025/2026 | item 00063 | 1141/1425 (80.1%) | Falhas: 0
10:30:14 | INFO     | [10:30:14] ✅ DONE | 00024/2026 | item 00059 | 1142/1425 (80.1%) | Falhas: 0
10:30:15 | INFO     | [10:30:15] ✅ DONE | 00027/2026 | item 00066 | 1143/1425 (80.2%) | Falhas: 0
10:30:17 | INFO     | [10:30:17] ✅ DONE | 00028/2026 | item 00082 | 1144/1425 (80.3%) | Falhas: 0
10:30:18 | INFO     | [10:30:18] ✅ DONE | 00029/2026 | item 00084 | 1145/1425 (80.4%) | Falhas: 0
10:30:20 | INFO     | [10:30:20] ✅ DONE | 00032/2026 | item 00104 | 1146/1425 (80.4%) | Falhas: 0
10:30:20 | INFO     | [10:30:20] ✅ DONE | 00030/2026 | item 00087 | 1147/1425 (80.5%) | Falhas: 0
10:30:20 | INFO     | [10:30:20] ✅ DONE | 00031/2026 | item 00101 | 1148/1425 (80.6%) | Falhas: 0
10:30:24 | INFO     | [10:30:24] ✅ DONE | 00033/2026 | item 00003 | 1149/1425 (80.6%) | Falhas: 0
10:30:24 | INFO     | [10:30:24] ✅ DONE | 00033/2026 | item 00002 | 1150/1425 (80.7%) | Falhas: 0
10:30:24 | INFO     | [10:30:24] ✅ DONE | 00033/2026 | item 00001 | 1151/1425 (80.8%) | Falhas: 0
10:30:25 | INFO     | [10:30:25] ✅ DONE | 00033/2026 | item 00004 | 1152/1425 (80.8%) | Falhas: 0
10:30:27 | INFO     | [10:30:27] ✅ DONE | 00034/2026 | item 00006 | 1153/1425 (80.9%) | Falhas: 0
10:30:27 | INFO     | [10:30:27] ✅ DONE | 00034/2026 | item 00005 | 1154/1425 (81.0%) | Falhas: 0
10:30:27 | INFO     | [10:30:27] ✅ DONE | 00034/2026 | item 00008 | 1155/1425 (81.1%) | Falhas: 0
10:30:29 | INFO     | [10:30:29] ✅ DONE | 00034/2026 | item 00011 | 1156/1425 (81.1%) | Falhas: 0
10:30:29 | INFO     | [10:30:29] ✅ DONE | 00034/2026 | item 00010 | 1157/1425 (81.2%) | Falhas: 0
10:30:30 | INFO     | [10:30:30] ✅ DONE | 00035/2026 | item 00009 | 1158/1425 (81.3%) | Falhas: 0
10:30:31 | INFO     | [10:30:31] ✅ DONE | 00035/2026 | item 00081 | 1159/1425 (81.3%) | Falhas: 0
10:30:31 | INFO     | [10:30:31] ✅ DONE | 00035/2026 | item 00100 | 1160/1425 (81.4%) | Falhas: 0
10:30:32 | INFO     | [10:30:32] ✅ DONE | 00026/2026 | item 00065 | 1161/1425 (81.5%) | Falhas: 0
10:30:32 | INFO     | [10:30:32] ✅ DONE | 00037/2026 | item 00035 | 1162/1425 (81.5%) | Falhas: 0
10:30:34 | INFO     | [10:30:34] ✅ DONE | 00038/2026 | item 00027 | 1163/1425 (81.6%) | Falhas: 0
10:30:34 | INFO     | [10:30:34] ✅ DONE | 00038/2026 | item 00031 | 1164/1425 (81.7%) | Falhas: 0
10:30:35 | INFO     | [10:30:35] ✅ DONE | 00038/2026 | item 00041 | 1165/1425 (81.8%) | Falhas: 0
10:30:36 | INFO     | [10:30:36] ✅ DONE | 00036/2026 | item 00012 | 1166/1425 (81.8%) | Falhas: 0
10:30:36 | INFO     | [10:30:36] ✅ DONE | 00036/2026 | item 00083 | 1167/1425 (81.9%) | Falhas: 0
10:30:37 | INFO     | [10:30:37] ✅ DONE | 00039/2026 | item 00050 | 1168/1425 (82.0%) | Falhas: 0
10:30:37 | INFO     | [10:30:37] ✅ DONE | 00039/2026 | item 00062 | 1169/1425 (82.0%) | Falhas: 0
10:30:37 | INFO     | [10:30:37] ✅ DONE | 00039/2026 | item 00047 | 1170/1425 (82.1%) | Falhas: 0
10:30:39 | INFO     | [10:30:39] ✅ DONE | 00042/2026 | item 00054 | 1171/1425 (82.2%) | Falhas: 0
10:30:39 | INFO     | [10:30:39] ✅ DONE | 00040/2026 | item 00089 | 1172/1425 (82.2%) | Falhas: 0
10:30:40 | INFO     | [10:30:40] ✅ DONE | 00040/2026 | item 00049 | 1173/1425 (82.3%) | Falhas: 0
10:30:41 | INFO     | [10:30:41] ✅ DONE | 00042/2026 | item 00057 | 1174/1425 (82.4%) | Falhas: 0
10:30:42 | INFO     | [10:30:42] ✅ DONE | 00043/2026 | item 00055 | 1175/1425 (82.5%) | Falhas: 0
10:30:43 | INFO     | [10:30:43] ✅ DONE | 00043/2026 | item 00056 | 1176/1425 (82.5%) | Falhas: 0
10:30:43 | INFO     | [10:30:43] ✅ DONE | 00044/2026 | item 00061 | 1177/1425 (82.6%) | Falhas: 0
10:30:44 | INFO     | [10:30:44] ✅ DONE | 00044/2026 | item 00060 | 1178/1425 (82.7%) | Falhas: 0
10:30:45 | INFO     | [10:30:45] ✅ DONE | 00045/2026 | item 00069 | 1179/1425 (82.7%) | Falhas: 0
10:30:45 | INFO     | [10:30:45] ✅ DONE | 00045/2026 | item 00070 | 1180/1425 (82.8%) | Falhas: 0
10:30:45 | INFO     | [10:30:45] ✅ DONE | 00045/2026 | item 00071 | 1181/1425 (82.9%) | Falhas: 0
10:30:47 | INFO     | [10:30:47] ✅ DONE | 00046/2026 | item 00075 | 1182/1425 (82.9%) | Falhas: 0
10:30:48 | INFO     | [10:30:48] ✅ DONE | 00045/2026 | item 00072 | 1183/1425 (83.0%) | Falhas: 0
10:30:48 | INFO     | [10:30:48] ✅ DONE | 00045/2026 | item 00074 | 1184/1425 (83.1%) | Falhas: 0
10:30:49 | INFO     | [10:30:49] ✅ DONE | 00038/2026 | item 00098 | 1185/1425 (83.2%) | Falhas: 0
10:30:50 | INFO     | [10:30:50] ✅ DONE | 00041/2026 | item 00052 | 1186/1425 (83.2%) | Falhas: 0
10:30:50 | INFO     | [10:30:50] ✅ DONE | 00038/2026 | item 00108 | 1187/1425 (83.3%) | Falhas: 0
10:30:51 | INFO     | [10:30:51] ✅ DONE | 00048/2026 | item 00085 | 1188/1425 (83.4%) | Falhas: 0
10:30:52 | INFO     | [10:30:52] ✅ DONE | 00041/2026 | item 00064 | 1189/1425 (83.4%) | Falhas: 0
10:30:52 | INFO     | [10:30:52] ✅ DONE | 00048/2026 | item 00086 | 1190/1425 (83.5%) | Falhas: 0
10:30:53 | INFO     | [10:30:53] ✅ DONE | 00049/2026 | item 00107 | 1191/1425 (83.6%) | Falhas: 0
10:30:54 | INFO     | [10:30:54] ✅ DONE | 00049/2026 | item 00106 | 1192/1425 (83.6%) | Falhas: 0
10:30:55 | INFO     | [10:30:55] ✅ DONE | 00050/2026 | item 00021 | 1193/1425 (83.7%) | Falhas: 0
10:30:55 | INFO     | [10:30:55] ✅ DONE | 00050/2026 | item 00017 | 1194/1425 (83.8%) | Falhas: 0
10:30:55 | INFO     | [10:30:55] ✅ DONE | 00050/2026 | item 00023 | 1195/1425 (83.9%) | Falhas: 0
10:30:57 | INFO     | [10:30:57] ✅ DONE | 00050/2026 | item 00024 | 1196/1425 (83.9%) | Falhas: 0
10:30:57 | INFO     | [10:30:57] ✅ DONE | 00050/2026 | item 00026 | 1197/1425 (84.0%) | Falhas: 0
10:30:57 | INFO     | [10:30:57] ✅ DONE | 00050/2026 | item 00025 | 1198/1425 (84.1%) | Falhas: 0
10:30:58 | INFO     | [10:30:58] ✅ DONE | 00050/2026 | item 00028 | 1199/1425 (84.1%) | Falhas: 0
10:30:59 | INFO     | [10:30:59] ✅ DONE | 00050/2026 | item 00030 | 1200/1425 (84.2%) | Falhas: 0
10:31:01 | INFO     | [10:31:01] ✅ DONE | 00050/2026 | item 00032 | 1201/1425 (84.3%) | Falhas: 0
10:31:02 | INFO     | [10:31:02] ✅ DONE | 00050/2026 | item 00033 | 1202/1425 (84.4%) | Falhas: 0
10:31:02 | INFO     | [10:31:02] ✅ DONE | 00050/2026 | item 00036 | 1203/1425 (84.4%) | Falhas: 0
10:31:02 | INFO     | [10:31:02] ✅ DONE | 00050/2026 | item 00037 | 1204/1425 (84.5%) | Falhas: 0
10:31:03 | INFO     | [10:31:03] ✅ DONE | 00050/2026 | item 00042 | 1205/1425 (84.6%) | Falhas: 0
10:31:04 | INFO     | [10:31:04] ✅ DONE | 00050/2026 | item 00044 | 1206/1425 (84.6%) | Falhas: 0
10:31:05 | INFO     | [10:31:05] ✅ DONE | 00050/2026 | item 00040 | 1207/1425 (84.7%) | Falhas: 0
10:31:05 | INFO     | [10:31:05] ✅ DONE | 00050/2026 | item 00043 | 1208/1425 (84.8%) | Falhas: 0
10:31:07 | INFO     | [10:31:07] ✅ DONE | 00050/2026 | item 00058 | 1209/1425 (84.8%) | Falhas: 0
10:31:07 | INFO     | [10:31:07] ✅ DONE | 00050/2026 | item 00068 | 1210/1425 (84.9%) | Falhas: 0
10:31:08 | INFO     | [10:31:08] ✅ DONE | 00050/2026 | item 00067 | 1211/1425 (85.0%) | Falhas: 0
10:31:08 | INFO     | [10:31:08] ✅ DONE | 00050/2026 | item 00076 | 1212/1425 (85.1%) | Falhas: 0
10:31:10 | INFO     | [10:31:10] ✅ DONE | 00050/2026 | item 00077 | 1213/1425 (85.1%) | Falhas: 0
10:31:11 | INFO     | [10:31:11] ✅ DONE | 00051/2026 | item 00051 | 1214/1425 (85.2%) | Falhas: 0
10:31:12 | INFO     | [10:31:12] ✅ DONE | 00050/2026 | item 00078 | 1215/1425 (85.3%) | Falhas: 0
10:31:14 | INFO     | [10:31:14] ✅ DONE | 00053/2026 | item 00094 | 1216/1425 (85.3%) | Falhas: 0
10:31:14 | INFO     | [10:31:14] ✅ DONE | 00054/2026 | item 00110 | 1217/1425 (85.4%) | Falhas: 0
10:31:15 | INFO     | [10:31:15] ✅ DONE | 00054/2026 | item 00109 | 1218/1425 (85.5%) | Falhas: 0
10:31:15 | INFO     | [10:31:15] ✅ DONE | 00054/2026 | item 00111 | 1219/1425 (85.5%) | Falhas: 0
10:31:17 | INFO     | [10:31:17] ✅ DONE | 00046/2026 | item 00105 | 1220/1425 (85.6%) | Falhas: 0
10:31:17 | INFO     | [10:31:17] ✅ DONE | 00047/2026 | item 00079 | 1221/1425 (85.7%) | Falhas: 0
10:31:17 | INFO     | [10:31:17] ✅ DONE | 00047/2026 | item 00080 | 1222/1425 (85.8%) | Falhas: 0
10:31:19 | INFO     | [10:31:19] ✅ DONE | 00047/2026 | item 00102 | 1223/1425 (85.8%) | Falhas: 0
10:31:19 | INFO     | [10:31:19] ✅ DONE | 00054/2026 | item 00112 | 1224/1425 (85.9%) | Falhas: 0
10:31:20 | INFO     | [10:31:20] ✅ DONE | 00056/2026 | item 00053 | 1225/1425 (86.0%) | Falhas: 0
10:31:22 | INFO     | [10:31:22] ✅ DONE | 00054/2026 | item 00113 | 1226/1425 (86.0%) | Falhas: 0
10:31:23 | INFO     | [10:31:23] ✅ DONE | 00055/2026 | item 00007 | 1227/1425 (86.1%) | Falhas: 0
10:31:23 | INFO     | [10:31:23] ✅ DONE | 00058/2026 | item 00090 | 1228/1425 (86.2%) | Falhas: 0
10:31:24 | INFO     | [10:31:24] ✅ DONE | 00058/2026 | item 00092 | 1229/1425 (86.2%) | Falhas: 0
10:31:26 | INFO     | [10:31:26] ✅ DONE | 00057/2026 | item 00088 | 1230/1425 (86.3%) | Falhas: 0
10:31:26 | INFO     | [10:31:26] ✅ DONE | 00062/2026 | item 00099 | 1231/1425 (86.4%) | Falhas: 0
10:31:28 | INFO     | [10:31:28] ✅ DONE | 00063/2026 | item 00010 | 1232/1425 (86.5%) | Falhas: 0
10:31:28 | INFO     | [10:31:28] ✅ DONE | 00063/2026 | item 00012 | 1233/1425 (86.5%) | Falhas: 0
10:31:29 | INFO     | [10:31:29] ✅ DONE | 00063/2026 | item 00011 | 1234/1425 (86.6%) | Falhas: 0
10:31:30 | INFO     | [10:31:30] ✅ DONE | 00063/2026 | item 00013 | 1235/1425 (86.7%) | Falhas: 0
10:31:30 | INFO     | [10:31:30] ✅ DONE | 00063/2026 | item 00015 | 1236/1425 (86.7%) | Falhas: 0
10:31:31 | INFO     | [10:31:31] ✅ DONE | 00063/2026 | item 00014 | 1237/1425 (86.8%) | Falhas: 0
10:31:33 | INFO     | [10:31:33] ✅ DONE | 00063/2026 | item 00017 | 1238/1425 (86.9%) | Falhas: 0
10:31:33 | INFO     | [10:31:33] ✅ DONE | 00063/2026 | item 00016 | 1239/1425 (86.9%) | Falhas: 0
10:31:34 | INFO     | [10:31:34] ✅ DONE | 00063/2026 | item 00018 | 1240/1425 (87.0%) | Falhas: 0
10:31:35 | INFO     | [10:31:35] ✅ DONE | 00063/2026 | item 00020 | 1241/1425 (87.1%) | Falhas: 0
10:31:35 | INFO     | [10:31:35] ✅ DONE | 00063/2026 | item 00021 | 1242/1425 (87.2%) | Falhas: 0
10:31:35 | INFO     | [10:31:35] ✅ DONE | 00063/2026 | item 00019 | 1243/1425 (87.2%) | Falhas: 0
10:31:36 | INFO     | [10:31:36] ✅ DONE | 00063/2026 | item 00022 | 1244/1425 (87.3%) | Falhas: 0
10:31:37 | INFO     | [10:31:37] ✅ DONE | 00063/2026 | item 00023 | 1245/1425 (87.4%) | Falhas: 0
10:31:37 | INFO     | [10:31:37] ✅ DONE | 00063/2026 | item 00024 | 1246/1425 (87.4%) | Falhas: 0
10:31:38 | INFO     | [10:31:38] ✅ DONE | 00063/2026 | item 00025 | 1247/1425 (87.5%) | Falhas: 0
10:31:39 | INFO     | [10:31:39] ✅ DONE | 00063/2026 | item 00026 | 1248/1425 (87.6%) | Falhas: 0
10:31:39 | INFO     | [10:31:39] ✅ DONE | 00063/2026 | item 00027 | 1249/1425 (87.6%) | Falhas: 0
10:31:40 | INFO     | [10:31:40] ✅ DONE | 00063/2026 | item 00028 | 1250/1425 (87.7%) | Falhas: 0
10:31:40 | INFO     | [10:31:40] ✅ DONE | 00063/2026 | item 00029 | 1251/1425 (87.8%) | Falhas: 0
10:31:40 | INFO     | [10:31:40] ✅ DONE | 00063/2026 | item 00030 | 1252/1425 (87.9%) | Falhas: 0
10:31:42 | INFO     | [10:31:42] ✅ DONE | 00063/2026 | item 00032 | 1253/1425 (87.9%) | Falhas: 0
10:31:42 | INFO     | [10:31:42] ✅ DONE | 00063/2026 | item 00031 | 1254/1425 (88.0%) | Falhas: 0
10:31:42 | INFO     | [10:31:42] ✅ DONE | 00063/2026 | item 00033 | 1255/1425 (88.1%) | Falhas: 0
10:31:43 | INFO     | [10:31:43] ✅ DONE | 00063/2026 | item 00034 | 1256/1425 (88.1%) | Falhas: 0
10:31:43 | INFO     | [10:31:43] ✅ DONE | 00063/2026 | item 00035 | 1257/1425 (88.2%) | Falhas: 0
10:31:45 | INFO     | [10:31:45] ✅ DONE | 00063/2026 | item 00037 | 1258/1425 (88.3%) | Falhas: 0
10:31:45 | INFO     | [10:31:45] ✅ DONE | 00063/2026 | item 00038 | 1259/1425 (88.4%) | Falhas: 0
10:31:46 | INFO     | [10:31:46] ✅ DONE | 00063/2026 | item 00036 | 1260/1425 (88.4%) | Falhas: 0
10:31:47 | INFO     | [10:31:47] ✅ DONE | 00063/2026 | item 00039 | 1261/1425 (88.5%) | Falhas: 0
10:31:47 | INFO     | [10:31:47] ✅ DONE | 00063/2026 | item 00041 | 1262/1425 (88.6%) | Falhas: 0
10:31:47 | INFO     | [10:31:47] ✅ DONE | 00063/2026 | item 00040 | 1263/1425 (88.6%) | Falhas: 0
10:31:48 | INFO     | [10:31:48] ✅ DONE | 00063/2026 | item 00042 | 1264/1425 (88.7%) | Falhas: 0
10:31:49 | INFO     | [10:31:49] ✅ DONE | 00063/2026 | item 00044 | 1265/1425 (88.8%) | Falhas: 0
10:31:49 | INFO     | [10:31:49] ✅ DONE | 00063/2026 | item 00050 | 1266/1425 (88.8%) | Falhas: 0
10:31:50 | INFO     | [10:31:50] ✅ DONE | 00063/2026 | item 00043 | 1267/1425 (88.9%) | Falhas: 0
10:31:50 | INFO     | [10:31:50] ✅ DONE | 00063/2026 | item 00051 | 1268/1425 (89.0%) | Falhas: 0
10:31:51 | INFO     | [10:31:51] ✅ DONE | 00063/2026 | item 00052 | 1269/1425 (89.1%) | Falhas: 0
10:31:51 | INFO     | [10:31:51] ✅ DONE | 00063/2026 | item 00053 | 1270/1425 (89.1%) | Falhas: 0
10:31:51 | INFO     | [10:31:51] ✅ DONE | 00063/2026 | item 00054 | 1271/1425 (89.2%) | Falhas: 0
10:31:52 | INFO     | [10:31:52] ✅ DONE | 00063/2026 | item 00055 | 1272/1425 (89.3%) | Falhas: 0
10:31:53 | INFO     | [10:31:53] ✅ DONE | 00063/2026 | item 00057 | 1273/1425 (89.3%) | Falhas: 0
10:31:53 | INFO     | [10:31:53] ✅ DONE | 00063/2026 | item 00056 | 1274/1425 (89.4%) | Falhas: 0
10:31:54 | INFO     | [10:31:54] ✅ DONE | 00063/2026 | item 00059 | 1275/1425 (89.5%) | Falhas: 0
10:31:54 | INFO     | [10:31:54] ✅ DONE | 00063/2026 | item 00060 | 1276/1425 (89.5%) | Falhas: 0
10:31:54 | INFO     | [10:31:54] ✅ DONE | 00063/2026 | item 00058 | 1277/1425 (89.6%) | Falhas: 0
10:31:55 | INFO     | [10:31:55] ✅ DONE | 00063/2026 | item 00061 | 1278/1425 (89.7%) | Falhas: 0
10:31:55 | INFO     | [10:31:55] ✅ DONE | 00063/2026 | item 00062 | 1279/1425 (89.8%) | Falhas: 0
10:31:56 | INFO     | [10:31:56] ✅ DONE | 00063/2026 | item 00063 | 1280/1425 (89.8%) | Falhas: 0
10:31:57 | INFO     | [10:31:57] ✅ DONE | 00063/2026 | item 00064 | 1281/1425 (89.9%) | Falhas: 0
10:31:57 | INFO     | [10:31:57] ✅ DONE | 00064/2026 | item 00002 | 1282/1425 (90.0%) | Falhas: 0
10:31:58 | INFO     | [10:31:58] ✅ DONE | 00064/2026 | item 00001 | 1283/1425 (90.0%) | Falhas: 0
10:31:58 | INFO     | [10:31:58] ✅ DONE | 00064/2026 | item 00003 | 1284/1425 (90.1%) | Falhas: 0
10:31:59 | INFO     | [10:31:59] ✅ DONE | 00064/2026 | item 00004 | 1285/1425 (90.2%) | Falhas: 0
10:32:00 | INFO     | [10:32:00] ✅ DONE | 00064/2026 | item 00006 | 1286/1425 (90.2%) | Falhas: 0
10:32:00 | INFO     | [10:32:00] ✅ DONE | 00064/2026 | item 00005 | 1287/1425 (90.3%) | Falhas: 0
10:32:02 | INFO     | [10:32:02] ✅ DONE | 00064/2026 | item 00009 | 1288/1425 (90.4%) | Falhas: 0
10:32:02 | INFO     | [10:32:02] ✅ DONE | 00064/2026 | item 00008 | 1289/1425 (90.5%) | Falhas: 0
10:32:03 | INFO     | [10:32:03] ✅ DONE | 00064/2026 | item 00007 | 1290/1425 (90.5%) | Falhas: 0
10:32:03 | INFO     | [10:32:03] ✅ DONE | 00065/2026 | item 00045 | 1291/1425 (90.6%) | Falhas: 0
10:32:04 | INFO     | [10:32:04] ✅ DONE | 00059/2026 | item 00093 | 1292/1425 (90.7%) | Falhas: 0
10:32:05 | INFO     | [10:32:05] ✅ DONE | 00060/2026 | item 00095 | 1293/1425 (90.7%) | Falhas: 0
10:32:06 | INFO     | [10:32:06] ✅ DONE | 00061/2026 | item 00097 | 1294/1425 (90.8%) | Falhas: 0
10:32:06 | INFO     | [10:32:06] ✅ DONE | 00061/2026 | item 00096 | 1295/1425 (90.9%) | Falhas: 0
10:32:07 | INFO     | [10:32:07] ✅ DONE | 00067/2026 | item 00048 | 1296/1425 (90.9%) | Falhas: 0
10:32:08 | INFO     | [10:32:08] ✅ DONE | 00065/2026 | item 00046 | 1297/1425 (91.0%) | Falhas: 0
10:32:08 | INFO     | [10:32:08] ✅ DONE | 00065/2026 | item 00047 | 1298/1425 (91.1%) | Falhas: 0
10:32:09 | INFO     | [10:32:09] ✅ DONE | 00065/2026 | item 00048 | 1299/1425 (91.2%) | Falhas: 0
10:32:10 | INFO     | [10:32:10] ✅ DONE | 00066/2026 | item 00014 | 1300/1425 (91.2%) | Falhas: 0
10:32:10 | INFO     | [10:32:10] ✅ DONE | 00065/2026 | item 00049 | 1301/1425 (91.3%) | Falhas: 0
10:32:11 | INFO     | [10:32:11] ✅ DONE | 00066/2026 | item 00013 | 1302/1425 (91.4%) | Falhas: 0
10:32:12 | INFO     | [10:32:12] ✅ DONE | 00066/2026 | item 00015 | 1303/1425 (91.4%) | Falhas: 0
10:32:12 | INFO     | [10:32:12] ✅ DONE | 00066/2026 | item 00018 | 1304/1425 (91.5%) | Falhas: 0
10:32:13 | INFO     | [10:32:13] ✅ DONE | 00066/2026 | item 00016 | 1305/1425 (91.6%) | Falhas: 0
10:32:14 | INFO     | [10:32:14] ✅ DONE | 00068/2026 | item 00091 | 1306/1425 (91.6%) | Falhas: 0
10:32:14 | INFO     | [10:32:14] ✅ DONE | 00066/2026 | item 00019 | 1307/1425 (91.7%) | Falhas: 0
10:32:15 | INFO     | [10:32:15] ✅ DONE | 00066/2026 | item 00020 | 1308/1425 (91.8%) | Falhas: 0
10:32:17 | INFO     | [10:32:17] ✅ DONE | 00191/2025 | item 00001 | 1309/1425 (91.9%) | Falhas: 0
10:32:17 | INFO     | [10:32:17] ✅ DONE | 90204/2025 | item 00015 | 1310/1425 (91.9%) | Falhas: 0
10:32:17 | INFO     | [10:32:17] ✅ DONE | 90204/2025 | item 00016 | 1311/1425 (92.0%) | Falhas: 0
10:32:19 | INFO     | [10:32:19] ✅ DONE | 90204/2025 | item 00018 | 1312/1425 (92.1%) | Falhas: 0
10:32:19 | INFO     | [10:32:19] ✅ DONE | 90204/2025 | item 00017 | 1313/1425 (92.1%) | Falhas: 0
10:32:19 | INFO     | [10:32:19] ✅ DONE | 90204/2025 | item 00019 | 1314/1425 (92.2%) | Falhas: 0
10:32:20 | INFO     | [10:32:20] ✅ DONE | 90204/2025 | item 00020 | 1315/1425 (92.3%) | Falhas: 0
10:32:21 | INFO     | [10:32:21] ✅ DONE | 90204/2025 | item 00022 | 1316/1425 (92.4%) | Falhas: 0
10:32:21 | INFO     | [10:32:21] ✅ DONE | 90204/2025 | item 00021 | 1317/1425 (92.4%) | Falhas: 0
10:32:23 | INFO     | [10:32:23] ✅ DONE | 90280/2026 | item 00002 | 1318/1425 (92.5%) | Falhas: 0
10:32:23 | INFO     | [10:32:23] ✅ DONE | 90280/2026 | item 00006 | 1319/1425 (92.6%) | Falhas: 0
10:32:23 | INFO     | [10:32:23] ✅ DONE | 90280/2026 | item 00004 | 1320/1425 (92.6%) | Falhas: 0
10:32:25 | INFO     | [10:32:25] ✅ DONE | 90280/2026 | item 00010 | 1321/1425 (92.7%) | Falhas: 0
10:32:25 | INFO     | [10:32:25] ✅ DONE | 90280/2026 | item 00009 | 1322/1425 (92.8%) | Falhas: 0
10:32:25 | INFO     | [10:32:25] ✅ DONE | 90280/2026 | item 00008 | 1323/1425 (92.8%) | Falhas: 0
10:32:26 | INFO     | [10:32:26] ✅ DONE | 90280/2026 | item 00011 | 1324/1425 (92.9%) | Falhas: 0
10:32:27 | INFO     | [10:32:27] ✅ DONE | 90280/2026 | item 00012 | 1325/1425 (93.0%) | Falhas: 0
10:32:27 | INFO     | [10:32:27] ✅ DONE | 90280/2026 | item 00013 | 1326/1425 (93.1%) | Falhas: 0
10:32:28 | INFO     | [10:32:28] ✅ DONE | 90280/2026 | item 00016 | 1327/1425 (93.1%) | Falhas: 0
10:32:28 | INFO     | [10:32:28] ✅ DONE | 90280/2026 | item 00015 | 1328/1425 (93.2%) | Falhas: 0
10:32:28 | INFO     | [10:32:28] ✅ DONE | 90280/2026 | item 00017 | 1329/1425 (93.3%) | Falhas: 0
10:32:29 | INFO     | [10:32:29] ✅ DONE | 90280/2026 | item 00019 | 1330/1425 (93.3%) | Falhas: 0
10:32:29 | INFO     | [10:32:29] ✅ DONE | 90280/2026 | item 00022 | 1331/1425 (93.4%) | Falhas: 0
10:32:30 | INFO     | [10:32:30] ✅ DONE | 90280/2026 | item 00025 | 1332/1425 (93.5%) | Falhas: 0
10:32:30 | INFO     | [10:32:30] ✅ DONE | 90280/2026 | item 00021 | 1333/1425 (93.5%) | Falhas: 0
10:32:31 | INFO     | [10:32:31] ✅ DONE | 90280/2026 | item 00028 | 1334/1425 (93.6%) | Falhas: 0
10:32:32 | INFO     | [10:32:32] ✅ DONE | 90280/2026 | item 00032 | 1335/1425 (93.7%) | Falhas: 0
10:32:32 | INFO     | [10:32:32] ✅ DONE | 90280/2026 | item 00031 | 1336/1425 (93.8%) | Falhas: 0
10:32:32 | INFO     | [10:32:32] ✅ DONE | 90280/2026 | item 00030 | 1337/1425 (93.8%) | Falhas: 0
10:32:34 | INFO     | [10:32:34] ✅ DONE | 90280/2026 | item 00033 | 1338/1425 (93.9%) | Falhas: 0
10:32:34 | INFO     | [10:32:34] ✅ DONE | 90280/2026 | item 00035 | 1339/1425 (94.0%) | Falhas: 0
10:32:35 | INFO     | [10:32:35] ✅ DONE | 90280/2026 | item 00036 | 1340/1425 (94.0%) | Falhas: 0
10:32:35 | INFO     | [10:32:35] ✅ DONE | 90280/2026 | item 00038 | 1341/1425 (94.1%) | Falhas: 0
10:32:36 | INFO     | [10:32:36] ✅ DONE | 90280/2026 | item 00037 | 1342/1425 (94.2%) | Falhas: 0
10:32:36 | INFO     | [10:32:36] ✅ DONE | 90280/2026 | item 00039 | 1343/1425 (94.2%) | Falhas: 0
10:32:37 | INFO     | [10:32:37] ✅ DONE | 90280/2026 | item 00040 | 1344/1425 (94.3%) | Falhas: 0
10:32:37 | INFO     | [10:32:37] ✅ DONE | 90280/2026 | item 00043 | 1345/1425 (94.4%) | Falhas: 0
10:32:37 | INFO     | [10:32:37] ✅ DONE | 90280/2026 | item 00044 | 1346/1425 (94.5%) | Falhas: 0
10:32:38 | INFO     | [10:32:38] ✅ DONE | 90280/2026 | item 00046 | 1347/1425 (94.5%) | Falhas: 0
10:32:38 | INFO     | [10:32:38] ✅ DONE | 90280/2026 | item 00048 | 1348/1425 (94.6%) | Falhas: 0
10:32:39 | INFO     | [10:32:39] ✅ DONE | 90280/2026 | item 00047 | 1349/1425 (94.7%) | Falhas: 0
10:32:40 | INFO     | [10:32:40] ✅ DONE | 90280/2026 | item 00051 | 1350/1425 (94.7%) | Falhas: 0
10:32:40 | INFO     | [10:32:40] ✅ DONE | 90280/2026 | item 00052 | 1351/1425 (94.8%) | Falhas: 0
10:32:42 | INFO     | [10:32:42] ✅ DONE | 90280/2026 | item 00054 | 1352/1425 (94.9%) | Falhas: 0
10:32:42 | INFO     | [10:32:42] ✅ DONE | 90280/2026 | item 00055 | 1353/1425 (94.9%) | Falhas: 0
10:32:44 | INFO     | [10:32:44] ✅ DONE | 90280/2026 | item 00058 | 1354/1425 (95.0%) | Falhas: 0
10:32:44 | INFO     | [10:32:44] ✅ DONE | 90280/2026 | item 00060 | 1355/1425 (95.1%) | Falhas: 0
10:32:45 | INFO     | [10:32:45] ✅ DONE | 90280/2026 | item 00064 | 1356/1425 (95.2%) | Falhas: 0
10:32:45 | INFO     | [10:32:45] ✅ DONE | 90280/2026 | item 00063 | 1357/1425 (95.2%) | Falhas: 0
10:32:47 | INFO     | [10:32:47] ✅ DONE | 90280/2026 | item 00065 | 1358/1425 (95.3%) | Falhas: 0
10:32:47 | INFO     | [10:32:47] ✅ DONE | 90280/2026 | item 00066 | 1359/1425 (95.4%) | Falhas: 0
10:32:48 | INFO     | [10:32:48] ✅ DONE | 90280/2026 | item 00068 | 1360/1425 (95.4%) | Falhas: 0
10:32:48 | INFO     | [10:32:48] ✅ DONE | 90280/2026 | item 00069 | 1361/1425 (95.5%) | Falhas: 0
10:32:49 | INFO     | [10:32:49] ✅ DONE | 90280/2026 | item 00070 | 1362/1425 (95.6%) | Falhas: 0
10:32:50 | INFO     | [10:32:50] ✅ DONE | 90280/2026 | item 00073 | 1363/1425 (95.6%) | Falhas: 0
10:32:50 | INFO     | [10:32:50] ✅ DONE | 90280/2026 | item 00072 | 1364/1425 (95.7%) | Falhas: 0
10:32:51 | INFO     | [10:32:51] ✅ DONE | 90280/2026 | item 00074 | 1365/1425 (95.8%) | Falhas: 0
10:32:52 | INFO     | [10:32:52] ✅ DONE | 90280/2026 | item 00076 | 1366/1425 (95.9%) | Falhas: 0
10:32:52 | INFO     | [10:32:52] ✅ DONE | 90280/2026 | item 00075 | 1367/1425 (95.9%) | Falhas: 0
10:32:54 | INFO     | [10:32:54] ✅ DONE | 90280/2026 | item 00077 | 1368/1425 (96.0%) | Falhas: 0
10:32:54 | INFO     | [10:32:54] ✅ DONE | 90280/2026 | item 00050 | 1369/1425 (96.1%) | Falhas: 0
10:32:54 | INFO     | [10:32:54] ✅ DONE | 90280/2026 | item 00080 | 1370/1425 (96.1%) | Falhas: 0
10:32:55 | INFO     | [10:32:55] ✅ DONE | 90280/2026 | item 00081 | 1371/1425 (96.2%) | Falhas: 0
10:32:55 | INFO     | [10:32:55] ✅ DONE | 90280/2026 | item 00082 | 1372/1425 (96.3%) | Falhas: 0
10:32:55 | INFO     | [10:32:55] ✅ DONE | 90280/2026 | item 00083 | 1373/1425 (96.4%) | Falhas: 0
10:32:56 | INFO     | [10:32:56] ✅ DONE | 90280/2026 | item 00085 | 1374/1425 (96.4%) | Falhas: 0
10:32:57 | INFO     | [10:32:57] ✅ DONE | 90280/2026 | item 00089 | 1375/1425 (96.5%) | Falhas: 0
10:32:57 | INFO     | [10:32:57] ✅ DONE | 90280/2026 | item 00087 | 1376/1425 (96.6%) | Falhas: 0
10:32:57 | INFO     | [10:32:57] ✅ DONE | 90280/2026 | item 00090 | 1377/1425 (96.6%) | Falhas: 0
10:32:58 | INFO     | [10:32:58] ✅ DONE | 90280/2026 | item 00096 | 1378/1425 (96.7%) | Falhas: 0
10:32:58 | INFO     | [10:32:58] ✅ DONE | 90280/2026 | item 00099 | 1379/1425 (96.8%) | Falhas: 0
10:32:59 | INFO     | [10:32:59] ✅ DONE | 90280/2026 | item 00100 | 1380/1425 (96.8%) | Falhas: 0
10:32:59 | INFO     | [10:32:59] ✅ DONE | 90280/2026 | item 00095 | 1381/1425 (96.9%) | Falhas: 0
10:32:59 | INFO     | [10:32:59] ✅ DONE | 90280/2026 | item 00109 | 1382/1425 (97.0%) | Falhas: 0
10:33:00 | INFO     | [10:33:00] ✅ DONE | 90280/2026 | item 00117 | 1383/1425 (97.1%) | Falhas: 0
10:33:00 | INFO     | [10:33:00] ✅ DONE | 90280/2026 | item 00121 | 1384/1425 (97.1%) | Falhas: 0
10:33:01 | INFO     | [10:33:01] ✅ DONE | 90280/2026 | item 00116 | 1385/1425 (97.2%) | Falhas: 0
10:33:02 | INFO     | [10:33:02] ✅ DONE | 90280/2026 | item 00122 | 1386/1425 (97.3%) | Falhas: 0
10:33:02 | INFO     | [10:33:02] ✅ DONE | 90280/2026 | item 00124 | 1387/1425 (97.3%) | Falhas: 0
10:33:02 | INFO     | [10:33:02] ✅ DONE | 90280/2026 | item 00123 | 1388/1425 (97.4%) | Falhas: 0
10:33:03 | INFO     | [10:33:03] ✅ DONE | 90280/2026 | item 00127 | 1389/1425 (97.5%) | Falhas: 0
10:33:04 | INFO     | [10:33:04] ✅ DONE | 90280/2026 | item 00131 | 1390/1425 (97.5%) | Falhas: 0
10:33:04 | INFO     | [10:33:04] ✅ DONE | 90280/2026 | item 00133 | 1391/1425 (97.6%) | Falhas: 0
10:33:05 | INFO     | [10:33:05] ✅ DONE | 90280/2026 | item 00134 | 1392/1425 (97.7%) | Falhas: 0
10:33:06 | INFO     | [10:33:06] ✅ DONE | 90280/2026 | item 00138 | 1393/1425 (97.8%) | Falhas: 0
10:33:06 | INFO     | [10:33:06] ✅ DONE | 90280/2026 | item 00135 | 1394/1425 (97.8%) | Falhas: 0
10:33:06 | INFO     | [10:33:06] ✅ DONE | 90280/2026 | item 00136 | 1395/1425 (97.9%) | Falhas: 0
10:33:07 | INFO     | [10:33:07] ✅ DONE | 90280/2026 | item 00139 | 1396/1425 (98.0%) | Falhas: 0
10:33:08 | INFO     | [10:33:08] ✅ DONE | 90280/2026 | item 00145 | 1397/1425 (98.0%) | Falhas: 0
10:33:10 | INFO     | [10:33:10] ✅ DONE | 90280/2026 | item 00147 | 1398/1425 (98.1%) | Falhas: 0
10:33:11 | INFO     | [10:33:11] ✅ DONE | 90280/2026 | item 00148 | 1399/1425 (98.2%) | Falhas: 0
10:33:13 | INFO     | [10:33:13] ✅ DONE | 90281/2025 | item 00023 | 1400/1425 (98.2%) | Falhas: 0
10:33:15 | INFO     | [10:33:15] ✅ DONE | 90281/2025 | item 00024 | 1401/1425 (98.3%) | Falhas: 0
10:33:16 | INFO     | [10:33:16] ✅ DONE | 90281/2025 | item 00026 | 1402/1425 (98.4%) | Falhas: 0
10:33:18 | INFO     | [10:33:18] ✅ DONE | 90281/2025 | item 00029 | 1403/1425 (98.5%) | Falhas: 0
10:33:20 | INFO     | [10:33:20] ✅ DONE | 90281/2025 | item 00084 | 1404/1425 (98.5%) | Falhas: 0
10:33:22 | INFO     | [10:33:22] ✅ DONE | 90281/2025 | item 00092 | 1405/1425 (98.6%) | Falhas: 0
10:33:24 | INFO     | [10:33:24] ✅ DONE | 90281/2025 | item 00104 | 1406/1425 (98.7%) | Falhas: 0
10:33:25 | INFO     | [10:33:25] ✅ DONE | 90281/2025 | item 00105 | 1407/1425 (98.7%) | Falhas: 0
10:33:25 | INFO     | [10:33:25] ✅ DONE | 90280/2026 | item 00140 | 1408/1425 (98.8%) | Falhas: 0
10:33:25 | INFO     | [10:33:25] ✅ DONE | 90280/2026 | item 00141 | 1409/1425 (98.9%) | Falhas: 0
10:33:26 | INFO     | [10:33:26] ✅ DONE | 90281/2025 | item 00110 | 1410/1425 (98.9%) | Falhas: 0
10:33:27 | INFO     | [10:33:27] ✅ DONE | 90281/2025 | item 00111 | 1411/1425 (99.0%) | Falhas: 0
10:33:28 | INFO     | [10:33:28] ✅ DONE | 90281/2025 | item 00113 | 1412/1425 (99.1%) | Falhas: 0
10:33:28 | INFO     | [10:33:28] ✅ DONE | 90281/2025 | item 00114 | 1413/1425 (99.2%) | Falhas: 0
10:33:28 | INFO     | [10:33:28] ✅ DONE | 90281/2025 | item 00112 | 1414/1425 (99.2%) | Falhas: 0
10:33:29 | INFO     | [10:33:29] ✅ DONE | 90281/2025 | item 00119 | 1415/1425 (99.3%) | Falhas: 0
10:33:29 | INFO     | [10:33:29] ✅ DONE | 90281/2025 | item 00118 | 1416/1425 (99.4%) | Falhas: 0
10:33:30 | INFO     | [10:33:30] ✅ DONE | 90281/2025 | item 00120 | 1417/1425 (99.4%) | Falhas: 0
10:33:31 | INFO     | [10:33:31] ✅ DONE | 00066/2026 | item 00022 | 1418/1425 (99.5%) | Falhas: 0
10:33:31 | INFO     | [10:33:31] ✅ DONE | 00066/2026 | item 00029 | 1419/1425 (99.6%) | Falhas: 0
10:33:32 | INFO     | [10:33:32] ✅ DONE | 00066/2026 | item 00034 | 1420/1425 (99.6%) | Falhas: 0
10:33:32 | INFO     | [10:33:32] ✅ DONE | 90281/2025 | item 00126 | 1421/1425 (99.7%) | Falhas: 0
10:33:32 | INFO     | [10:33:32] ✅ DONE | 90281/2025 | item 00129 | 1422/1425 (99.8%) | Falhas: 0
10:33:33 | INFO     | [10:33:33] ✅ DONE | 90281/2025 | item 00142 | 1423/1425 (99.9%) | Falhas: 0
10:33:34 | INFO     | [10:33:34] ✅ DONE | 90281/2025 | item 00137 | 1424/1425 (99.9%) | Falhas: 0
10:33:35 | INFO     | [10:33:35] ✅ DONE | 90281/2025 | item 00146 | 1425/1425 (100.0%) | Falhas: 0
10:33:35 | INFO     | ✅ FIM | Falhas: 0 | SKIPs: 0
10:33:35 | INFO     | ============================================================
10:33:35 | INFO     | 📤 GERANDO atas_unidades.csv...
10:33:35 | INFO     | 📂 1425 arquivo(s) de unidades encontrado(s). Processando...
10:33:43 | INFO     | ✅ CSV gerado: data\atas_unidades.csv
10:33:43 | INFO     | Registros        : 5317
10:33:43 | INFO     | Participantes    : 3892
10:33:43 | INFO     | Não participantes: 1425
10:33:43 | INFO     | Aceita adesão    : 3543
10:33:43 | INFO     | Colunas          : 27
10:33:43 | INFO     | ============================================================
10:33:43 | INFO     | 📄 INICIANDO EXTRAÇÃO DE CONTRATOS
10:33:43 | INFO     | UASGs       : 11
10:33:43 | INFO     | Validade    : 1 dia(s)
10:33:43 | INFO     | 🚀 INICIANDO EXTRAÇÃO DE CONTRATOS | WORKERS: 5 | TOTAL: 11
10:33:43 | INFO     | ✅ FIM | Falhas: 0 | SKIPs: 11
10:33:43 | INFO     | ============================================================
10:33:43 | INFO     | 📤 GERANDO contratos.csv...
10:33:43 | INFO     | 📂 11 arquivo(s) de contratos encontrado(s). Processando...
10:33:43 | INFO     | ✅ CSV gerado: data\contratos.csv
10:33:43 | INFO     | Contratos    : 1738
10:33:43 | INFO     | Prorrogáveis : 438
10:33:43 | INFO     | Colunas      : 21
10:33:43 | INFO     | ============================================================
10:33:43 | INFO     | 👥 INICIANDO EXTRAÇÃO DE RESPONSÁVEIS DOS CONTRATOS
10:33:43 | INFO     | Contratos na fila : 1738
10:33:43 | INFO     | Validade cache    : 1 dia(s)
10:33:43 | INFO     | 🚀 INICIANDO EXTRAÇÃO DE RESPONSÁVEIS | WORKERS: 15 | TOTAL: 1738
10:33:43 | INFO     | [10:33:43] ⏭️  SKIPs: 50 | 50/1738 (2.9%) | Falhas: 0
10:33:43 | INFO     | [10:33:43] ⏭️  SKIPs: 100 | 100/1738 (5.8%) | Falhas: 0
10:33:43 | INFO     | [10:33:43] ⏭️  SKIPs: 150 | 150/1738 (8.6%) | Falhas: 0
10:33:43 | INFO     | [10:33:43] ⏭️  SKIPs: 200 | 200/1738 (11.5%) | Falhas: 0
10:33:43 | INFO     | [10:33:43] ⏭️  SKIPs: 250 | 250/1738 (14.4%) | Falhas: 0
10:33:43 | INFO     | [10:33:43] ⏭️  SKIPs: 300 | 300/1738 (17.3%) | Falhas: 0
10:33:43 | INFO     | [10:33:43] ⏭️  SKIPs: 350 | 350/1738 (20.1%) | Falhas: 0
10:33:43 | INFO     | [10:33:43] ⏭️  SKIPs: 400 | 400/1738 (23.0%) | Falhas: 0
10:33:43 | INFO     | [10:33:43] ⏭️  SKIPs: 450 | 450/1738 (25.9%) | Falhas: 0
10:33:43 | INFO     | [10:33:43] ⏭️  SKIPs: 500 | 500/1738 (28.8%) | Falhas: 0
10:33:43 | INFO     | [10:33:43] ⏭️  SKIPs: 550 | 550/1738 (31.6%) | Falhas: 0
10:33:43 | INFO     | [10:33:43] ⏭️  SKIPs: 600 | 600/1738 (34.5%) | Falhas: 0
10:33:43 | INFO     | [10:33:43] ⏭️  SKIPs: 650 | 650/1738 (37.4%) | Falhas: 0
10:33:43 | INFO     | [10:33:43] ⏭️  SKIPs: 700 | 700/1738 (40.3%) | Falhas: 0
10:33:43 | INFO     | [10:33:43] ⏭️  SKIPs: 750 | 750/1738 (43.2%) | Falhas: 0
10:33:43 | INFO     | [10:33:43] ⏭️  SKIPs: 800 | 800/1738 (46.0%) | Falhas: 0
10:33:43 | INFO     | [10:33:43] ⏭️  SKIPs: 850 | 850/1738 (48.9%) | Falhas: 0
10:33:43 | INFO     | [10:33:43] ⏭️  SKIPs: 900 | 900/1738 (51.8%) | Falhas: 0
10:33:43 | INFO     | [10:33:43] ⏭️  SKIPs: 950 | 950/1738 (54.7%) | Falhas: 0
10:33:43 | INFO     | [10:33:43] ⏭️  SKIPs: 1000 | 1000/1738 (57.5%) | Falhas: 0
10:33:43 | INFO     | [10:33:43] ⏭️  SKIPs: 1050 | 1050/1738 (60.4%) | Falhas: 0
10:33:43 | INFO     | [10:33:43] ⏭️  SKIPs: 1100 | 1100/1738 (63.3%) | Falhas: 0
10:33:43 | INFO     | [10:33:43] ⏭️  SKIPs: 1150 | 1150/1738 (66.2%) | Falhas: 0
10:33:43 | INFO     | [10:33:43] ⏭️  SKIPs: 1200 | 1200/1738 (69.0%) | Falhas: 0
10:33:43 | INFO     | [10:33:43] ⏭️  SKIPs: 1250 | 1250/1738 (71.9%) | Falhas: 0
10:33:43 | INFO     | [10:33:43] ⏭️  SKIPs: 1300 | 1300/1738 (74.8%) | Falhas: 0
10:33:43 | INFO     | [10:33:43] ⏭️  SKIPs: 1350 | 1350/1738 (77.7%) | Falhas: 0
10:33:43 | INFO     | [10:33:43] ⏭️  SKIPs: 1400 | 1400/1738 (80.6%) | Falhas: 0
10:33:43 | INFO     | [10:33:43] ⏭️  SKIPs: 1450 | 1450/1738 (83.4%) | Falhas: 0
10:33:43 | INFO     | [10:33:43] ⏭️  SKIPs: 1500 | 1500/1738 (86.3%) | Falhas: 0
10:33:43 | INFO     | [10:33:43] ⏭️  SKIPs: 1550 | 1550/1738 (89.2%) | Falhas: 0
10:33:43 | INFO     | [10:33:43] ⏭️  SKIPs: 1600 | 1600/1738 (92.1%) | Falhas: 0
10:33:43 | INFO     | [10:33:43] ⏭️  SKIPs: 1650 | 1650/1738 (94.9%) | Falhas: 0
10:33:43 | INFO     | [10:33:43] ⏭️  SKIPs: 1700 | 1700/1738 (97.8%) | Falhas: 0
10:33:43 | INFO     | ✅ FIM | Falhas: 0 | SKIPs: 1738
10:33:43 | INFO     | ============================================================
10:33:43 | INFO     | 📤 GERANDO contratos_responsaveis.csv...
10:33:43 | INFO     | 📂 1758 arquivo(s) de responsáveis encontrado(s). Processando...
10:33:43 | INFO     | ✅ CSV gerado: data\contratos_responsaveis.csv
10:33:43 | INFO     | Responsáveis : 1159
10:33:43 | INFO     | Ativos       : 942
10:33:43 | INFO     | Colunas      : 11
10:33:43 | INFO     | ============================================================
10:33:43 | INFO     | 📦 INICIANDO OBTENÇÃO DE ITENS EMPENHADOS DO GOOGLE DRIVE
10:33:43 | INFO     | 📦 OBTENDO ITENS EMPENHADOS DO GOOGLE DRIVE...
10:33:55 | INFO     | ✅ ITENS EMPENHADOS OBTIDOS E SALVOS
10:33:55 | INFO     | ============================================================
10:33:55 | INFO     | 📊 RESUMO FINAL
10:33:55 | INFO     |   Falhas compras        : 0
10:33:55 | INFO     |   Falhas itens          : 0
10:33:55 | INFO     |   Falhas atas           : 0
10:33:55 | INFO     |   Falhas atas_itens     : 0
10:33:55 | INFO     |   Falhas atas_saldos    : 0
10:33:55 | INFO     |   Falhas atas_unidades  : 0
10:33:55 | INFO     |   Falhas contratos      : 0
10:33:55 | INFO     |   Falhas contratos_resp : 0
10:33:55 | INFO     |   Falhas itens_empenhad : 0
10:33:55 | INFO     | 🎉 PIPELINE CONCLUÍDO COM SUCESSO!
