11:46:13 | INFO     | 🚀 INICIANDO PIPELINE DE EXTRAÇÃO DE COMPRAS PÚBLICAS
11:46:13 | INFO     | ============================================================
11:46:13 | INFO     | ℹ️  Módulo LEGADO está desativado em config.config['CONFIG_APIS']['LEGADO']['executar_legado']; pulando extração.
11:46:13 | INFO     | ▶ Módulo LEI 14.133 — 24 tarefas | 2 threads
11:46:14 | INFO     | ✅ DONE | RT | PNCP-PREGAO           | 2021 | 1/24 (4.2%) | Falhas: 0
11:46:14 | INFO     | ✅ DONE | RT | PNCP-CONCORRENCIA     | 2021 | 2/24 (8.3%) | Falhas: 0
11:46:15 | INFO     | ✅ DONE | RT | PNCP-INEXIGIBILIDADE  | 2021 | 3/24 (12.5%) | Falhas: 0
11:46:15 | INFO     | ✅ DONE | RT | PNCP-DISPENSA         | 2021 | 4/24 (16.7%) | Falhas: 0
11:46:15 | INFO     | ✅ DONE | RT | PNCP-CONCORRENCIA     | 2022 | 5/24 (20.8%) | Falhas: 0
11:46:15 | INFO     | ✅ DONE | RT | PNCP-PREGAO           | 2022 | 6/24 (25.0%) | Falhas: 0
11:46:16 | INFO     | ✅ DONE | RT | PNCP-DISPENSA         | 2022 | 7/24 (29.2%) | Falhas: 0
11:46:16 | INFO     | ✅ DONE | RT | PNCP-INEXIGIBILIDADE  | 2022 | 8/24 (33.3%) | Falhas: 0
11:46:16 | INFO     | ✅ DONE | RT | PNCP-CONCORRENCIA     | 2023 | 9/24 (37.5%) | Falhas: 0
11:46:17 | INFO     | ✅ DONE | RT | PNCP-PREGAO           | 2023 | 10/24 (41.7%) | Falhas: 0
11:46:17 | INFO     | ✅ DONE | RT | PNCP-DISPENSA         | 2023 | 11/24 (45.8%) | Falhas: 0
11:46:17 | INFO     | ✅ DONE | RT | PNCP-INEXIGIBILIDADE  | 2023 | 12/24 (50.0%) | Falhas: 0
11:46:18 | INFO     | ✅ DONE | RT | PNCP-PREGAO           | 2024 | 13/24 (54.2%) | Falhas: 0
11:46:18 | INFO     | ✅ DONE | RT | PNCP-CONCORRENCIA     | 2024 | 14/24 (58.3%) | Falhas: 0
11:46:18 | INFO     | ✅ DONE | RT | PNCP-INEXIGIBILIDADE  | 2024 | 15/24 (62.5%) | Falhas: 0
11:46:19 | INFO     | ✅ DONE | RT | PNCP-DISPENSA         | 2024 | 16/24 (66.7%) | Falhas: 0
11:46:19 | INFO     | ✅ DONE | RT | PNCP-CONCORRENCIA     | 2025 | 17/24 (70.8%) | Falhas: 0
11:46:19 | INFO     | ✅ DONE | RT | PNCP-PREGAO           | 2025 | 18/24 (75.0%) | Falhas: 0
11:46:19 | INFO     | ✅ DONE | RT | PNCP-DISPENSA         | 2025 | 19/24 (79.2%) | Falhas: 0
11:46:20 | INFO     | ✅ DONE | RT | PNCP-INEXIGIBILIDADE  | 2025 | 20/24 (83.3%) | Falhas: 0
11:46:20 | INFO     | ✅ DONE | RT | PNCP-CONCORRENCIA     | 2026 | 21/24 (87.5%) | Falhas: 0
11:46:20 | INFO     | ✅ DONE | RT | PNCP-PREGAO           | 2026 | 22/24 (91.7%) | Falhas: 0
11:46:20 | INFO     | ✅ DONE | RT | PNCP-DISPENSA         | 2026 | 23/24 (95.8%) | Falhas: 0
11:46:21 | INFO     | ✅ DONE | RT | PNCP-INEXIGIBILIDADE  | 2026 | 24/24 (100.0%) | Falhas: 0
11:46:21 | INFO     |    Concluído — DONE: 24 | SKIP: 0 | FAIL: 0
11:46:21 | INFO     | ============================================================
11:46:21 | INFO     | 📊 RESUMO DA EXTRAÇÃO DE COMPRAS
11:46:21 | INFO     |   Falhas Legado   : 0
11:46:21 | INFO     |   Falhas Lei14133 : 0
11:46:21 | INFO     |   SKIPs           : 0
11:46:21 | INFO     | ============================================================
11:46:21 | INFO     | 📤 GERANDO compras.csv...
11:46:21 | INFO     | 📂 341 arquivo(s) encontrado(s). Processando...
11:46:23 | INFO     | ✅ CSV gerado: data\compras.csv
11:46:23 | INFO     | IDs únicos     : 2404
11:46:23 | INFO     | Legado         : 1924
11:46:23 | INFO     | Lei 14.133     : 480
11:46:23 | INFO     | Com responsável: 2061
11:46:23 | INFO     | Sem objeto     : 0
11:46:23 | INFO     | Colunas        : 27
11:46:23 | INFO     | ============================================================
11:46:23 | INFO     | 🔩 INICIANDO EXTRAÇÃO DE ITENS
11:46:23 | INFO     | 🔍 Coletando ids de compras para montar a fila de itens...
11:46:50 | INFO     | IDs únicos     : 2404
11:46:50 | INFO     | Consultas prev.: 4716  (vs 9616 no modo bruto)
11:46:50 | INFO     | Já em cache    : 4711
11:46:50 | INFO     | A extrair      : 5
11:46:50 | INFO     | TOTAL fila     : 5
11:46:50 | INFO     | 🚀 INICIANDO EXTRAÇÃO DE ITENS | WORKERS: 3 | TOTAL: 5
11:46:50 | INFO     | [11:46:50] 🌐 Consultando | 15813205000482026 | pncp p1...
11:46:50 | INFO     | [11:46:50] 🌐 Consultando | 15813206001602026 | pncp p1...
11:46:50 | INFO     | [11:46:50] ✅ SUCESSO | 15813206001782026 | pncp | 1/5 (20.0%) | Falhas: 0
11:46:50 | INFO     | [11:46:50] ✅ SUCESSO | 15813206001602026 | pncp | 2/5 (40.0%) | Falhas: 0
11:46:50 | INFO     | [11:46:50] ✅ SUCESSO | 15813205000482026 | pncp | 3/5 (60.0%) | Falhas: 0
11:46:51 | INFO     | [11:46:51] ✅ SUCESSO | 15813206001792026 | pncp | 4/5 (80.0%) | Falhas: 0
11:46:51 | INFO     | [11:46:51] ✅ SUCESSO | 15813206001912026 | pncp | 5/5 (100.0%) | Falhas: 0
11:46:51 | INFO     | ✅ FIM | Falhas: 0 | SKIPs: 0
11:46:51 | INFO     | ============================================================
11:46:51 | INFO     | 📤 GERANDO compras_itens.csv...
11:46:51 | INFO     | 📂 4720 arquivo(s) de itens encontrado(s). Processando...
11:46:54 | INFO     | ✅ CSV gerado: data\compras_itens.csv
11:46:54 | INFO     | Itens únicos  : 28104
11:46:54 | INFO     | Legado        : 20870
11:46:54 | INFO     | Lei 14.133    : 7234
11:46:54 | INFO     | Colunas       : 33
11:46:54 | INFO     | ============================================================
11:46:54 | INFO     | 📋 INICIANDO EXTRAÇÃO DE ATAS
11:46:54 | INFO     | UASG      : RT (158132)
11:46:54 | INFO     | Anos      : 2023–2027
11:46:54 | INFO     | A extrair : 5
11:46:54 | INFO     | 🚀 INICIANDO EXTRAÇÃO DE ATAS | WORKERS: 3 | TOTAL: 5
11:46:54 | INFO     | [11:46:54] ✅ DONE | RT | 2023 | 1/5 (20.0%) | Falhas: 0
11:46:55 | INFO     | [11:46:55] ✅ DONE | RT | 2024 | 2/5 (40.0%) | Falhas: 0
11:46:55 | INFO     | [11:46:55] ✅ DONE | RT | 2025 | 3/5 (60.0%) | Falhas: 0
11:46:55 | INFO     | [11:46:55] ✅ DONE | RT | 2027 | 4/5 (80.0%) | Falhas: 0
11:46:55 | INFO     | [11:46:55] ✅ DONE | RT | 2026 | 5/5 (100.0%) | Falhas: 0
11:46:55 | INFO     | ✅ FIM | Falhas: 0
11:46:55 | INFO     | ============================================================
11:46:55 | INFO     | 📤 GERANDO atas.csv...
11:46:55 | INFO     | 📂 6 arquivo(s) de atas encontrado(s). Processando...
11:46:55 | INFO     | ✅ CSV gerado: data\atas.csv
11:46:55 | INFO     | Atas únicas   : 427
11:46:55 | INFO     | Atas excluídas: 0
11:46:55 | INFO     | Colunas       : 22
11:46:55 | INFO     | ============================================================
11:46:55 | INFO     | 📦 INICIANDO EXTRAÇÃO DE ITENS DAS ATAS
11:46:55 | INFO     | UASG        : RT (158132)
11:46:55 | INFO     | Anos        : 2023–2027
11:46:55 | INFO     | Já em cache : 5
11:46:55 | INFO     | A extrair   : 0
11:46:55 | INFO     | ⏭️  Tudo em cache. Nada a extrair.
11:46:55 | INFO     | ============================================================
11:46:55 | INFO     | 📤 GERANDO atas_itens.csv...
11:46:55 | INFO     | ✅ Mapa de atas carregado: 70 compras | 427 atas conhecidas
11:46:55 | INFO     | 📂 9 arquivo(s) de itens de atas encontrado(s). Processando...
11:46:55 | INFO     | ✅ Nenhuma ata ausente detectada.
11:46:56 | INFO     | ✅ CSV gerado: data\atas_itens.csv
11:46:56 | INFO     | Itens únicos     : 3158
11:46:56 | INFO     | Material         : 2554
11:46:56 | INFO     | Serviço          : 604
11:46:56 | INFO     | Excluídos        : 0
11:46:56 | INFO     | Sem id_compra    : 0
11:46:56 | INFO     | Sem numero_compra: 0
11:46:56 | INFO     | Colunas          : 35
11:46:56 | INFO     | ============================================================
11:46:56 | INFO     | 💰 INICIANDO EXTRAÇÃO DE SALDOS DAS ATAS
11:46:58 | INFO     | UASG             : RT (158132)
11:46:58 | INFO     | Validade cache   : 3 dias
11:46:58 | INFO     | A extrair/atualizar: 427
11:46:58 | INFO     | 🚀 INICIANDO EXTRAÇÃO DE SALDOS | WORKERS: 3 | TOTAL: 427
11:46:58 | INFO     | [11:46:58] ✅ DONE | RT | 00001/2024 | 1/427 (0.2%) | Falhas: 0
11:46:58 | INFO     | [11:46:58] ✅ DONE | RT | 00001/2023 | 2/427 (0.5%) | Falhas: 0
11:46:58 | INFO     | [11:46:58] ✅ DONE | RT | 00001/2025 | 3/427 (0.7%) | Falhas: 0
11:46:59 | INFO     | [11:46:59] ✅ DONE | RT | 00002/2024 | 4/427 (0.9%) | Falhas: 0
11:46:59 | INFO     | [11:46:59] ✅ DONE | RT | 00001/2026 | 5/427 (1.2%) | Falhas: 0
11:46:59 | INFO     | [11:46:59] ✅ DONE | RT | 00002/2023 | 6/427 (1.4%) | Falhas: 0
11:46:59 | INFO     | [11:46:59] ✅ DONE | RT | 00002/2025 | 7/427 (1.6%) | Falhas: 0
11:46:59 | INFO     | [11:46:59] ✅ DONE | RT | 00003/2023 | 8/427 (1.9%) | Falhas: 0
11:46:59 | INFO     | [11:46:59] ✅ DONE | RT | 00002/2026 | 9/427 (2.1%) | Falhas: 0
11:47:00 | INFO     | [11:47:00] ✅ DONE | RT | 00003/2024 | 10/427 (2.3%) | Falhas: 0
11:47:00 | INFO     | [11:47:00] ✅ DONE | RT | 00003/2025 | 11/427 (2.6%) | Falhas: 0
11:47:00 | INFO     | [11:47:00] ✅ DONE | RT | 00003/2026 | 12/427 (2.8%) | Falhas: 0
11:47:00 | INFO     | [11:47:00] ✅ DONE | RT | 00004/2023 | 13/427 (3.0%) | Falhas: 0
11:47:00 | INFO     | [11:47:00] ✅ DONE | RT | 00004/2024 | 14/427 (3.3%) | Falhas: 0
11:47:00 | INFO     | [11:47:00] ✅ DONE | RT | 00004/2025 | 15/427 (3.5%) | Falhas: 0
11:47:01 | INFO     | [11:47:01] ✅ DONE | RT | 00004/2026 | 16/427 (3.7%) | Falhas: 0
11:47:01 | INFO     | [11:47:01] ✅ DONE | RT | 00005/2023 | 17/427 (4.0%) | Falhas: 0
11:47:01 | INFO     | [11:47:01] ✅ DONE | RT | 00005/2024 | 18/427 (4.2%) | Falhas: 0
11:47:01 | INFO     | [11:47:01] ✅ DONE | RT | 00005/2025 | 19/427 (4.4%) | Falhas: 0
11:47:02 | INFO     | [11:47:02] ✅ DONE | RT | 00005/2026 | 20/427 (4.7%) | Falhas: 0
11:47:02 | INFO     | [11:47:02] ✅ DONE | RT | 00006/2023 | 21/427 (4.9%) | Falhas: 0
11:47:02 | INFO     | [11:47:02] ✅ DONE | RT | 00006/2024 | 22/427 (5.2%) | Falhas: 0
11:47:02 | INFO     | [11:47:02] ✅ DONE | RT | 00006/2025 | 23/427 (5.4%) | Falhas: 0
11:47:02 | INFO     | [11:47:02] ✅ DONE | RT | 00007/2023 | 24/427 (5.6%) | Falhas: 0
11:47:02 | INFO     | [11:47:02] ✅ DONE | RT | 00006/2026 | 25/427 (5.9%) | Falhas: 0
11:47:02 | INFO     | [11:47:02] ✅ DONE | RT | 00007/2024 | 26/427 (6.1%) | Falhas: 0
11:47:03 | INFO     | [11:47:03] ✅ DONE | RT | 00007/2025 | 27/427 (6.3%) | Falhas: 0
11:47:03 | INFO     | [11:47:03] ✅ DONE | RT | 00007/2026 | 28/427 (6.6%) | Falhas: 0
11:47:03 | INFO     | [11:47:03] ✅ DONE | RT | 00008/2023 | 29/427 (6.8%) | Falhas: 0
11:47:03 | INFO     | [11:47:03] ✅ DONE | RT | 00008/2024 | 30/427 (7.0%) | Falhas: 0
11:47:03 | INFO     | [11:47:03] ✅ DONE | RT | 00008/2025 | 31/427 (7.3%) | Falhas: 0
11:47:04 | INFO     | [11:47:04] ✅ DONE | RT | 00008/2026 | 32/427 (7.5%) | Falhas: 0
11:47:04 | INFO     | [11:47:04] ✅ DONE | RT | 00009/2023 | 33/427 (7.7%) | Falhas: 0
11:47:04 | INFO     | [11:47:04] ✅ DONE | RT | 00009/2024 | 34/427 (8.0%) | Falhas: 0
11:47:04 | INFO     | [11:47:04] ✅ DONE | RT | 00009/2025 | 35/427 (8.2%) | Falhas: 0
11:47:04 | INFO     | [11:47:04] ✅ DONE | RT | 00009/2026 | 36/427 (8.4%) | Falhas: 0
11:47:04 | INFO     | [11:47:04] ✅ DONE | RT | 00010/2023 | 37/427 (8.7%) | Falhas: 0
11:47:04 | INFO     | [11:47:04] ✅ DONE | RT | 00010/2024 | 38/427 (8.9%) | Falhas: 0
11:47:05 | INFO     | [11:47:05] ✅ DONE | RT | 00010/2025 | 39/427 (9.1%) | Falhas: 0
11:47:05 | INFO     | [11:47:05] ✅ DONE | RT | 00010/2026 | 40/427 (9.4%) | Falhas: 0
11:47:05 | INFO     | [11:47:05] ✅ DONE | RT | 00011/2023 | 41/427 (9.6%) | Falhas: 0
11:47:05 | INFO     | [11:47:05] ✅ DONE | RT | 00011/2024 | 42/427 (9.8%) | Falhas: 0
11:47:05 | INFO     | [11:47:05] ✅ DONE | RT | 00011/2026 | 43/427 (10.1%) | Falhas: 0
11:47:05 | INFO     | [11:47:05] ✅ DONE | RT | 00011/2025 | 44/427 (10.3%) | Falhas: 0
11:47:06 | INFO     | [11:47:06] ✅ DONE | RT | 00012/2023 | 45/427 (10.5%) | Falhas: 0
11:47:06 | INFO     | [11:47:06] ✅ DONE | RT | 00012/2024 | 46/427 (10.8%) | Falhas: 0
11:47:06 | INFO     | [11:47:06] ✅ DONE | RT | 00012/2026 | 47/427 (11.0%) | Falhas: 0
11:47:06 | INFO     | [11:47:06] ✅ DONE | RT | 00013/2023 | 48/427 (11.2%) | Falhas: 0
11:47:06 | INFO     | [11:47:06] ✅ DONE | RT | 00013/2024 | 49/427 (11.5%) | Falhas: 0
11:47:06 | INFO     | [11:47:06] ✅ DONE | RT | 00013/2026 | 50/427 (11.7%) | Falhas: 0
11:47:07 | INFO     | [11:47:07] ✅ DONE | RT | 00014/2023 | 51/427 (11.9%) | Falhas: 0
11:47:07 | INFO     | [11:47:07] ✅ DONE | RT | 00014/2024 | 52/427 (12.2%) | Falhas: 0
11:47:07 | INFO     | [11:47:07] ✅ DONE | RT | 00014/2026 | 53/427 (12.4%) | Falhas: 0
11:47:07 | INFO     | [11:47:07] ✅ DONE | RT | 00015/2023 | 54/427 (12.6%) | Falhas: 0
11:47:07 | INFO     | [11:47:07] ✅ DONE | RT | 00015/2024 | 55/427 (12.9%) | Falhas: 0
11:47:07 | INFO     | [11:47:07] ✅ DONE | RT | 00015/2025 | 56/427 (13.1%) | Falhas: 0
11:47:08 | INFO     | [11:47:08] ✅ DONE | RT | 00015/2026 | 57/427 (13.3%) | Falhas: 0
11:47:08 | INFO     | [11:47:08] ✅ DONE | RT | 00016/2023 | 58/427 (13.6%) | Falhas: 0
11:47:08 | INFO     | [11:47:08] ✅ DONE | RT | 00016/2024 | 59/427 (13.8%) | Falhas: 0
11:47:08 | INFO     | [11:47:08] ✅ DONE | RT | 00016/2025 | 60/427 (14.1%) | Falhas: 0
11:47:08 | INFO     | [11:47:08] ✅ DONE | RT | 00016/2026 | 61/427 (14.3%) | Falhas: 0
11:47:09 | INFO     | [11:47:09] ✅ DONE | RT | 00017/2023 | 62/427 (14.5%) | Falhas: 0
11:47:09 | INFO     | [11:47:09] ✅ DONE | RT | 00017/2024 | 63/427 (14.8%) | Falhas: 0
11:47:09 | INFO     | [11:47:09] ✅ DONE | RT | 00017/2025 | 64/427 (15.0%) | Falhas: 0
11:47:09 | INFO     | [11:47:09] ✅ DONE | RT | 00017/2026 | 65/427 (15.2%) | Falhas: 0
11:47:09 | INFO     | [11:47:09] ✅ DONE | RT | 00018/2023 | 66/427 (15.5%) | Falhas: 0
11:47:25 | INFO     | [11:47:25] ✅ DONE | RT | 00018/2024 | 67/427 (15.7%) | Falhas: 0
11:47:25 | INFO     | [11:47:25] ✅ DONE | RT | 00018/2025 | 68/427 (15.9%) | Falhas: 0
11:47:25 | INFO     | [11:47:25] ✅ DONE | RT | 00018/2026 | 69/427 (16.2%) | Falhas: 0
11:47:25 | INFO     | [11:47:25] ✅ DONE | RT | 00019/2023 | 70/427 (16.4%) | Falhas: 0
11:47:26 | INFO     | [11:47:26] ✅ DONE | RT | 00019/2024 | 71/427 (16.6%) | Falhas: 0
11:47:26 | INFO     | [11:47:26] ✅ DONE | RT | 00019/2025 | 72/427 (16.9%) | Falhas: 0
11:47:26 | INFO     | [11:47:26] ✅ DONE | RT | 00019/2026 | 73/427 (17.1%) | Falhas: 0
11:47:26 | INFO     | [11:47:26] ✅ DONE | RT | 00020/2023 | 74/427 (17.3%) | Falhas: 0
11:47:26 | INFO     | [11:47:26] ✅ DONE | RT | 00020/2024 | 75/427 (17.6%) | Falhas: 0
11:47:26 | INFO     | [11:47:26] ✅ DONE | RT | 00020/2025 | 76/427 (17.8%) | Falhas: 0
11:47:26 | INFO     | [11:47:26] ✅ DONE | RT | 00020/2026 | 77/427 (18.0%) | Falhas: 0
11:47:27 | INFO     | [11:47:27] ✅ DONE | RT | 00021/2023 | 78/427 (18.3%) | Falhas: 0
11:47:27 | INFO     | [11:47:27] ✅ DONE | RT | 00021/2024 | 79/427 (18.5%) | Falhas: 0
11:47:27 | INFO     | [11:47:27] ✅ DONE | RT | 00021/2025 | 80/427 (18.7%) | Falhas: 0
11:47:27 | INFO     | [11:47:27] ✅ DONE | RT | 00021/2026 | 81/427 (19.0%) | Falhas: 0
11:47:27 | INFO     | [11:47:27] ✅ DONE | RT | 00022/2023 | 82/427 (19.2%) | Falhas: 0
11:47:27 | INFO     | [11:47:27] ✅ DONE | RT | 00022/2024 | 83/427 (19.4%) | Falhas: 0
11:47:28 | INFO     | [11:47:28] ✅ DONE | RT | 00022/2025 | 84/427 (19.7%) | Falhas: 0
11:47:28 | INFO     | [11:47:28] ✅ DONE | RT | 00022/2026 | 85/427 (19.9%) | Falhas: 0
11:47:28 | INFO     | [11:47:28] ✅ DONE | RT | 00023/2023 | 86/427 (20.1%) | Falhas: 0
11:47:28 | INFO     | [11:47:28] ✅ DONE | RT | 00023/2024 | 87/427 (20.4%) | Falhas: 0
11:47:28 | INFO     | [11:47:28] ✅ DONE | RT | 00023/2025 | 88/427 (20.6%) | Falhas: 0
11:47:28 | INFO     | [11:47:28] ✅ DONE | RT | 00023/2026 | 89/427 (20.8%) | Falhas: 0
11:47:29 | INFO     | [11:47:29] ✅ DONE | RT | 00024/2023 | 90/427 (21.1%) | Falhas: 0
11:47:29 | INFO     | [11:47:29] ✅ DONE | RT | 00024/2024 | 91/427 (21.3%) | Falhas: 0
11:48:15 | INFO     | [11:48:15] ✅ DONE | RT | 00024/2025 | 92/427 (21.5%) | Falhas: 0
11:48:15 | INFO     | [11:48:15] ✅ DONE | RT | 00024/2026 | 93/427 (21.8%) | Falhas: 0
11:48:15 | INFO     | [11:48:15] ✅ DONE | RT | 00025/2023 | 94/427 (22.0%) | Falhas: 0
11:48:16 | INFO     | [11:48:16] ✅ DONE | RT | 00025/2025 | 95/427 (22.2%) | Falhas: 0
11:48:16 | INFO     | [11:48:16] ✅ DONE | RT | 00025/2024 | 96/427 (22.5%) | Falhas: 0
11:48:16 | INFO     | [11:48:16] ✅ DONE | RT | 00025/2026 | 97/427 (22.7%) | Falhas: 0
11:48:16 | INFO     | [11:48:16] ✅ DONE | RT | 00026/2023 | 98/427 (23.0%) | Falhas: 0
11:48:16 | INFO     | [11:48:16] ✅ DONE | RT | 00026/2024 | 99/427 (23.2%) | Falhas: 0
11:48:16 | INFO     | [11:48:16] ✅ DONE | RT | 00026/2025 | 100/427 (23.4%) | Falhas: 0
11:48:17 | INFO     | [11:48:17] ✅ DONE | RT | 00026/2026 | 101/427 (23.7%) | Falhas: 0
11:48:17 | INFO     | [11:48:17] ✅ DONE | RT | 00027/2023 | 102/427 (23.9%) | Falhas: 0
11:48:17 | INFO     | [11:48:17] ✅ DONE | RT | 00027/2024 | 103/427 (24.1%) | Falhas: 0
11:48:17 | INFO     | [11:48:17] ✅ DONE | RT | 00027/2025 | 104/427 (24.4%) | Falhas: 0
11:48:17 | INFO     | [11:48:17] ✅ DONE | RT | 00027/2026 | 105/427 (24.6%) | Falhas: 0
11:48:17 | INFO     | [11:48:17] ✅ DONE | RT | 00028/2023 | 106/427 (24.8%) | Falhas: 0
11:48:18 | INFO     | [11:48:18] ✅ DONE | RT | 00028/2024 | 107/427 (25.1%) | Falhas: 0
11:48:18 | INFO     | [11:48:18] ✅ DONE | RT | 00028/2025 | 108/427 (25.3%) | Falhas: 0
11:48:18 | INFO     | [11:48:18] ✅ DONE | RT | 00028/2026 | 109/427 (25.5%) | Falhas: 0
11:48:18 | INFO     | [11:48:18] ✅ DONE | RT | 00029/2023 | 110/427 (25.8%) | Falhas: 0
11:48:18 | INFO     | [11:48:18] ✅ DONE | RT | 00029/2024 | 111/427 (26.0%) | Falhas: 0
11:48:18 | INFO     | [11:48:18] ✅ DONE | RT | 00029/2025 | 112/427 (26.2%) | Falhas: 0
11:48:19 | INFO     | [11:48:19] ✅ DONE | RT | 00029/2026 | 113/427 (26.5%) | Falhas: 0
11:48:19 | INFO     | [11:48:19] ✅ DONE | RT | 00030/2023 | 114/427 (26.7%) | Falhas: 0
11:48:19 | INFO     | [11:48:19] ✅ DONE | RT | 00030/2024 | 115/427 (26.9%) | Falhas: 0
11:48:19 | INFO     | [11:48:19] ✅ DONE | RT | 00030/2025 | 116/427 (27.2%) | Falhas: 0
11:48:19 | INFO     | [11:48:19] ✅ DONE | RT | 00030/2026 | 117/427 (27.4%) | Falhas: 0
11:48:19 | INFO     | [11:48:19] ✅ DONE | RT | 00031/2023 | 118/427 (27.6%) | Falhas: 0
11:48:19 | INFO     | [11:48:19] ✅ DONE | RT | 00031/2024 | 119/427 (27.9%) | Falhas: 0
11:48:20 | INFO     | [11:48:20] ✅ DONE | RT | 00031/2025 | 120/427 (28.1%) | Falhas: 0
11:48:20 | INFO     | [11:48:20] ✅ DONE | RT | 00031/2026 | 121/427 (28.3%) | Falhas: 0
11:48:20 | INFO     | [11:48:20] ✅ DONE | RT | 00032/2023 | 122/427 (28.6%) | Falhas: 0
11:48:20 | INFO     | [11:48:20] ✅ DONE | RT | 00032/2024 | 123/427 (28.8%) | Falhas: 0
11:48:20 | INFO     | [11:48:20] ✅ DONE | RT | 00032/2025 | 124/427 (29.0%) | Falhas: 0
11:48:20 | INFO     | [11:48:20] ✅ DONE | RT | 00032/2026 | 125/427 (29.3%) | Falhas: 0
11:48:21 | INFO     | [11:48:21] ✅ DONE | RT | 00033/2023 | 126/427 (29.5%) | Falhas: 0
11:48:21 | INFO     | [11:48:21] ✅ DONE | RT | 00033/2024 | 127/427 (29.7%) | Falhas: 0
11:48:21 | INFO     | [11:48:21] ✅ DONE | RT | 00033/2025 | 128/427 (30.0%) | Falhas: 0
11:48:21 | INFO     | [11:48:21] ✅ DONE | RT | 00033/2026 | 129/427 (30.2%) | Falhas: 0
11:48:21 | INFO     | [11:48:21] ✅ DONE | RT | 00034/2023 | 130/427 (30.4%) | Falhas: 0
11:48:21 | INFO     | [11:48:21] ✅ DONE | RT | 00034/2024 | 131/427 (30.7%) | Falhas: 0
11:48:22 | INFO     | [11:48:22] ✅ DONE | RT | 00034/2025 | 132/427 (30.9%) | Falhas: 0
11:48:22 | INFO     | [11:48:22] ✅ DONE | RT | 00035/2023 | 133/427 (31.1%) | Falhas: 0
11:48:22 | INFO     | [11:48:22] ✅ DONE | RT | 00034/2026 | 134/427 (31.4%) | Falhas: 0
11:48:22 | INFO     | [11:48:22] ✅ DONE | RT | 00035/2024 | 135/427 (31.6%) | Falhas: 0
11:48:22 | INFO     | [11:48:22] ✅ DONE | RT | 00035/2025 | 136/427 (31.9%) | Falhas: 0
11:48:22 | INFO     | [11:48:22] ✅ DONE | RT | 00035/2026 | 137/427 (32.1%) | Falhas: 0
11:48:23 | INFO     | [11:48:23] ✅ DONE | RT | 00036/2023 | 138/427 (32.3%) | Falhas: 0
11:48:23 | INFO     | [11:48:23] ✅ DONE | RT | 00036/2024 | 139/427 (32.6%) | Falhas: 0
11:48:23 | INFO     | [11:48:23] ✅ DONE | RT | 00036/2025 | 140/427 (32.8%) | Falhas: 0
11:48:23 | INFO     | [11:48:23] ✅ DONE | RT | 00036/2026 | 141/427 (33.0%) | Falhas: 0
11:48:23 | INFO     | [11:48:23] ✅ DONE | RT | 00037/2023 | 142/427 (33.3%) | Falhas: 0
11:48:23 | INFO     | [11:48:23] ✅ DONE | RT | 00037/2024 | 143/427 (33.5%) | Falhas: 0
11:48:24 | INFO     | [11:48:24] ✅ DONE | RT | 00037/2025 | 144/427 (33.7%) | Falhas: 0
11:48:24 | INFO     | [11:48:24] ✅ DONE | RT | 00037/2026 | 145/427 (34.0%) | Falhas: 0
11:48:24 | INFO     | [11:48:24] ✅ DONE | RT | 00038/2023 | 146/427 (34.2%) | Falhas: 0
11:48:24 | INFO     | [11:48:24] ✅ DONE | RT | 00038/2024 | 147/427 (34.4%) | Falhas: 0
11:48:24 | INFO     | [11:48:24] ✅ DONE | RT | 00038/2026 | 148/427 (34.7%) | Falhas: 0
11:48:24 | INFO     | [11:48:24] ✅ DONE | RT | 00038/2025 | 149/427 (34.9%) | Falhas: 0
11:48:25 | INFO     | [11:48:25] ✅ DONE | RT | 00039/2023 | 150/427 (35.1%) | Falhas: 0
11:48:25 | INFO     | [11:48:25] ✅ DONE | RT | 00039/2025 | 151/427 (35.4%) | Falhas: 0
11:48:25 | INFO     | [11:48:25] ✅ DONE | RT | 00039/2024 | 152/427 (35.6%) | Falhas: 0
11:48:25 | INFO     | [11:48:25] ✅ DONE | RT | 00039/2026 | 153/427 (35.8%) | Falhas: 0
11:48:26 | INFO     | [11:48:26] ✅ DONE | RT | 00040/2026 | 154/427 (36.1%) | Falhas: 0
11:48:26 | INFO     | [11:48:26] ✅ DONE | RT | 00040/2025 | 155/427 (36.3%) | Falhas: 0
11:48:26 | INFO     | [11:48:26] ✅ DONE | RT | 00040/2023 | 156/427 (36.5%) | Falhas: 0
11:48:27 | INFO     | [11:48:27] ✅ DONE | RT | 00041/2025 | 157/427 (36.8%) | Falhas: 0
11:48:27 | INFO     | [11:48:27] ✅ DONE | RT | 00041/2026 | 158/427 (37.0%) | Falhas: 0
11:48:27 | INFO     | [11:48:27] ✅ DONE | RT | 00041/2024 | 159/427 (37.2%) | Falhas: 0
11:48:27 | INFO     | [11:48:27] ✅ DONE | RT | 00042/2025 | 160/427 (37.5%) | Falhas: 0
11:48:27 | INFO     | [11:48:27] ✅ DONE | RT | 00042/2024 | 161/427 (37.7%) | Falhas: 0
11:48:27 | INFO     | [11:48:27] ✅ DONE | RT | 00042/2026 | 162/427 (37.9%) | Falhas: 0
11:48:28 | INFO     | [11:48:28] ✅ DONE | RT | 00043/2024 | 163/427 (38.2%) | Falhas: 0
11:48:28 | INFO     | [11:48:28] ✅ DONE | RT | 00043/2025 | 164/427 (38.4%) | Falhas: 0
11:48:28 | INFO     | [11:48:28] ✅ DONE | RT | 00043/2026 | 165/427 (38.6%) | Falhas: 0
11:48:28 | INFO     | [11:48:28] ✅ DONE | RT | 00044/2024 | 166/427 (38.9%) | Falhas: 0
11:48:28 | INFO     | [11:48:28] ✅ DONE | RT | 00044/2025 | 167/427 (39.1%) | Falhas: 0
11:48:28 | INFO     | [11:48:28] ✅ DONE | RT | 00044/2026 | 168/427 (39.3%) | Falhas: 0
11:48:29 | INFO     | [11:48:29] ✅ DONE | RT | 00045/2024 | 169/427 (39.6%) | Falhas: 0
11:48:29 | INFO     | [11:48:29] ✅ DONE | RT | 00045/2026 | 170/427 (39.8%) | Falhas: 0
11:48:29 | INFO     | [11:48:29] ✅ DONE | RT | 00045/2025 | 171/427 (40.0%) | Falhas: 0
11:48:29 | INFO     | [11:48:29] ✅ DONE | RT | 00046/2024 | 172/427 (40.3%) | Falhas: 0
11:48:30 | INFO     | [11:48:30] ✅ DONE | RT | 00046/2026 | 173/427 (40.5%) | Falhas: 0
11:48:30 | INFO     | [11:48:30] ✅ DONE | RT | 00046/2025 | 174/427 (40.7%) | Falhas: 0
11:48:30 | INFO     | [11:48:30] ✅ DONE | RT | 00047/2024 | 175/427 (41.0%) | Falhas: 0
11:48:30 | INFO     | [11:48:30] ✅ DONE | RT | 00047/2026 | 176/427 (41.2%) | Falhas: 0
11:48:30 | INFO     | [11:48:30] ✅ DONE | RT | 00047/2025 | 177/427 (41.5%) | Falhas: 0
11:48:30 | INFO     | [11:48:30] ✅ DONE | RT | 00048/2024 | 178/427 (41.7%) | Falhas: 0
11:48:31 | INFO     | [11:48:31] ✅ DONE | RT | 00048/2026 | 179/427 (41.9%) | Falhas: 0
11:48:31 | INFO     | [11:48:31] ✅ DONE | RT | 00049/2024 | 180/427 (42.2%) | Falhas: 0
11:48:31 | INFO     | [11:48:31] ✅ DONE | RT | 00048/2025 | 181/427 (42.4%) | Falhas: 0
11:48:31 | INFO     | [11:48:31] ✅ DONE | RT | 00049/2026 | 182/427 (42.6%) | Falhas: 0
11:48:31 | INFO     | [11:48:31] ✅ DONE | RT | 00049/2025 | 183/427 (42.9%) | Falhas: 0
11:48:31 | INFO     | [11:48:31] ✅ DONE | RT | 00050/2024 | 184/427 (43.1%) | Falhas: 0
11:48:32 | INFO     | [11:48:32] ✅ DONE | RT | 00050/2025 | 185/427 (43.3%) | Falhas: 0
11:48:32 | INFO     | [11:48:32] ✅ DONE | RT | 00051/2024 | 186/427 (43.6%) | Falhas: 0
11:48:32 | INFO     | [11:48:32] ✅ DONE | RT | 00050/2026 | 187/427 (43.8%) | Falhas: 0
11:48:32 | INFO     | [11:48:32] ✅ DONE | RT | 00051/2025 | 188/427 (44.0%) | Falhas: 0
11:48:32 | INFO     | [11:48:32] ✅ DONE | RT | 00051/2026 | 189/427 (44.3%) | Falhas: 0
11:48:32 | INFO     | [11:48:32] ✅ DONE | RT | 00052/2024 | 190/427 (44.5%) | Falhas: 0
11:48:33 | INFO     | [11:48:33] ✅ DONE | RT | 00052/2025 | 191/427 (44.7%) | Falhas: 0
11:48:33 | INFO     | [11:48:33] ✅ DONE | RT | 00053/2025 | 192/427 (45.0%) | Falhas: 0
11:49:18 | INFO     | [11:49:18] ✅ DONE | RT | 00053/2024 | 193/427 (45.2%) | Falhas: 0
11:49:19 | INFO     | [11:49:19] ✅ DONE | RT | 00053/2026 | 194/427 (45.4%) | Falhas: 0
11:49:19 | INFO     | [11:49:19] ✅ DONE | RT | 00054/2025 | 195/427 (45.7%) | Falhas: 0
11:49:19 | INFO     | [11:49:19] ✅ DONE | RT | 00054/2024 | 196/427 (45.9%) | Falhas: 0
11:49:20 | INFO     | [11:49:20] ✅ DONE | RT | 00055/2024 | 197/427 (46.1%) | Falhas: 0
11:49:20 | INFO     | [11:49:20] ✅ DONE | RT | 00054/2026 | 198/427 (46.4%) | Falhas: 0
11:49:20 | INFO     | [11:49:20] ✅ DONE | RT | 00055/2025 | 199/427 (46.6%) | Falhas: 0
11:49:20 | INFO     | [11:49:20] ✅ DONE | RT | 00055/2026 | 200/427 (46.8%) | Falhas: 0
11:49:20 | INFO     | [11:49:20] ✅ DONE | RT | 00056/2024 | 201/427 (47.1%) | Falhas: 0
11:49:20 | INFO     | [11:49:20] ✅ DONE | RT | 00056/2025 | 202/427 (47.3%) | Falhas: 0
11:49:21 | INFO     | [11:49:21] ✅ DONE | RT | 00056/2026 | 203/427 (47.5%) | Falhas: 0
11:49:21 | INFO     | [11:49:21] ✅ DONE | RT | 00057/2024 | 204/427 (47.8%) | Falhas: 0
11:49:21 | INFO     | [11:49:21] ✅ DONE | RT | 00057/2025 | 205/427 (48.0%) | Falhas: 0
11:49:21 | INFO     | [11:49:21] ✅ DONE | RT | 00057/2026 | 206/427 (48.2%) | Falhas: 0
11:49:21 | INFO     | [11:49:21] ✅ DONE | RT | 00058/2024 | 207/427 (48.5%) | Falhas: 0
11:49:21 | INFO     | [11:49:21] ✅ DONE | RT | 00058/2025 | 208/427 (48.7%) | Falhas: 0
11:49:22 | INFO     | [11:49:22] ✅ DONE | RT | 00058/2026 | 209/427 (48.9%) | Falhas: 0
11:49:22 | INFO     | [11:49:22] ✅ DONE | RT | 00059/2024 | 210/427 (49.2%) | Falhas: 0
11:49:22 | INFO     | [11:49:22] ✅ DONE | RT | 00059/2025 | 211/427 (49.4%) | Falhas: 0
11:49:22 | INFO     | [11:49:22] ✅ DONE | RT | 00059/2026 | 212/427 (49.6%) | Falhas: 0
11:49:22 | INFO     | [11:49:22] ✅ DONE | RT | 00060/2024 | 213/427 (49.9%) | Falhas: 0
11:49:22 | INFO     | [11:49:22] ✅ DONE | RT | 00060/2025 | 214/427 (50.1%) | Falhas: 0
11:49:23 | INFO     | [11:49:23] ✅ DONE | RT | 00060/2026 | 215/427 (50.4%) | Falhas: 0
11:49:23 | INFO     | [11:49:23] ✅ DONE | RT | 00061/2024 | 216/427 (50.6%) | Falhas: 0
11:49:23 | INFO     | [11:49:23] ✅ DONE | RT | 00061/2025 | 217/427 (50.8%) | Falhas: 0
11:49:23 | INFO     | [11:49:23] ✅ DONE | RT | 00061/2026 | 218/427 (51.1%) | Falhas: 0
11:49:23 | INFO     | [11:49:23] ✅ DONE | RT | 00062/2024 | 219/427 (51.3%) | Falhas: 0
11:49:23 | INFO     | [11:49:23] ✅ DONE | RT | 00062/2025 | 220/427 (51.5%) | Falhas: 0
11:49:23 | INFO     | [11:49:23] ✅ DONE | RT | 00062/2026 | 221/427 (51.8%) | Falhas: 0
11:49:24 | INFO     | [11:49:24] ✅ DONE | RT | 00063/2024 | 222/427 (52.0%) | Falhas: 0
11:49:24 | INFO     | [11:49:24] ✅ DONE | RT | 00063/2025 | 223/427 (52.2%) | Falhas: 0
11:49:24 | INFO     | [11:49:24] ✅ DONE | RT | 00063/2026 | 224/427 (52.5%) | Falhas: 0
11:49:24 | INFO     | [11:49:24] ✅ DONE | RT | 00064/2024 | 225/427 (52.7%) | Falhas: 0
11:49:24 | INFO     | [11:49:24] ✅ DONE | RT | 00064/2025 | 226/427 (52.9%) | Falhas: 0
11:49:24 | INFO     | [11:49:24] ✅ DONE | RT | 00064/2026 | 227/427 (53.2%) | Falhas: 0
11:49:25 | INFO     | [11:49:25] ✅ DONE | RT | 00065/2024 | 228/427 (53.4%) | Falhas: 0
11:49:25 | INFO     | [11:49:25] ✅ DONE | RT | 00065/2025 | 229/427 (53.6%) | Falhas: 0
11:49:25 | INFO     | [11:49:25] ✅ DONE | RT | 00065/2026 | 230/427 (53.9%) | Falhas: 0
11:49:25 | INFO     | [11:49:25] ✅ DONE | RT | 00066/2024 | 231/427 (54.1%) | Falhas: 0
11:49:25 | INFO     | [11:49:25] ✅ DONE | RT | 00066/2025 | 232/427 (54.3%) | Falhas: 0
11:49:25 | INFO     | [11:49:25] ✅ DONE | RT | 00066/2026 | 233/427 (54.6%) | Falhas: 0
11:49:25 | INFO     | [11:49:25] ✅ DONE | RT | 00067/2024 | 234/427 (54.8%) | Falhas: 0
11:49:26 | INFO     | [11:49:26] ✅ DONE | RT | 00067/2025 | 235/427 (55.0%) | Falhas: 0
11:49:26 | INFO     | [11:49:26] ✅ DONE | RT | 00067/2026 | 236/427 (55.3%) | Falhas: 0
11:49:26 | INFO     | [11:49:26] ✅ DONE | RT | 00068/2024 | 237/427 (55.5%) | Falhas: 0
11:49:26 | INFO     | [11:49:26] ✅ DONE | RT | 00068/2025 | 238/427 (55.7%) | Falhas: 0
11:49:26 | INFO     | [11:49:26] ✅ DONE | RT | 00068/2026 | 239/427 (56.0%) | Falhas: 0
11:49:26 | INFO     | [11:49:26] ✅ DONE | RT | 00069/2024 | 240/427 (56.2%) | Falhas: 0
11:49:27 | INFO     | [11:49:27] ✅ DONE | RT | 00069/2025 | 241/427 (56.4%) | Falhas: 0
11:49:27 | INFO     | [11:49:27] ✅ DONE | RT | 00070/2024 | 242/427 (56.7%) | Falhas: 0
11:49:27 | INFO     | [11:49:27] ✅ DONE | RT | 00070/2025 | 243/427 (56.9%) | Falhas: 0
11:49:27 | INFO     | [11:49:27] ✅ DONE | RT | 00071/2024 | 244/427 (57.1%) | Falhas: 0
11:49:27 | INFO     | [11:49:27] ✅ DONE | RT | 00071/2025 | 245/427 (57.4%) | Falhas: 0
11:49:27 | INFO     | [11:49:27] ✅ DONE | RT | 00072/2024 | 246/427 (57.6%) | Falhas: 0
11:49:28 | INFO     | [11:49:28] ✅ DONE | RT | 00072/2025 | 247/427 (57.8%) | Falhas: 0
11:49:28 | INFO     | [11:49:28] ✅ DONE | RT | 00073/2024 | 248/427 (58.1%) | Falhas: 0
11:49:28 | INFO     | [11:49:28] ✅ DONE | RT | 00074/2024 | 249/427 (58.3%) | Falhas: 0
11:49:28 | INFO     | [11:49:28] ✅ DONE | RT | 00074/2025 | 250/427 (58.5%) | Falhas: 0
11:49:28 | INFO     | [11:49:28] ✅ DONE | RT | 00075/2024 | 251/427 (58.8%) | Falhas: 0
11:49:29 | INFO     | [11:49:29] ✅ DONE | RT | 00075/2025 | 252/427 (59.0%) | Falhas: 0
11:49:29 | INFO     | [11:49:29] ✅ DONE | RT | 00073/2025 | 253/427 (59.3%) | Falhas: 0
11:49:29 | INFO     | [11:49:29] ✅ DONE | RT | 00077/2024 | 254/427 (59.5%) | Falhas: 0
11:49:29 | INFO     | [11:49:29] ✅ DONE | RT | 00076/2024 | 255/427 (59.7%) | Falhas: 0
11:49:29 | INFO     | [11:49:29] ✅ DONE | RT | 00076/2025 | 256/427 (60.0%) | Falhas: 0
11:49:30 | INFO     | [11:49:30] ✅ DONE | RT | 00077/2025 | 257/427 (60.2%) | Falhas: 0
11:49:30 | INFO     | [11:49:30] ✅ DONE | RT | 00078/2024 | 258/427 (60.4%) | Falhas: 0
11:49:30 | INFO     | [11:49:30] ✅ DONE | RT | 00079/2025 | 259/427 (60.7%) | Falhas: 0
11:49:31 | INFO     | [11:49:31] ✅ DONE | RT | 00079/2024 | 260/427 (60.9%) | Falhas: 0
11:49:31 | INFO     | [11:49:31] ✅ DONE | RT | 00078/2025 | 261/427 (61.1%) | Falhas: 0
11:49:31 | INFO     | [11:49:31] ✅ DONE | RT | 00080/2024 | 262/427 (61.4%) | Falhas: 0
11:49:31 | INFO     | [11:49:31] ✅ DONE | RT | 00080/2025 | 263/427 (61.6%) | Falhas: 0
11:49:31 | INFO     | [11:49:31] ✅ DONE | RT | 00081/2024 | 264/427 (61.8%) | Falhas: 0
11:49:31 | INFO     | [11:49:31] ✅ DONE | RT | 00082/2024 | 265/427 (62.1%) | Falhas: 0
11:49:31 | INFO     | [11:49:31] ✅ DONE | RT | 00082/2025 | 266/427 (62.3%) | Falhas: 0
11:49:32 | INFO     | [11:49:32] ✅ DONE | RT | 00081/2025 | 267/427 (62.5%) | Falhas: 0
11:49:32 | INFO     | [11:49:32] ✅ DONE | RT | 00083/2024 | 268/427 (62.8%) | Falhas: 0
11:49:32 | INFO     | [11:49:32] ✅ DONE | RT | 00083/2025 | 269/427 (63.0%) | Falhas: 0
11:49:32 | INFO     | [11:49:32] ✅ DONE | RT | 00084/2024 | 270/427 (63.2%) | Falhas: 0
11:49:32 | INFO     | [11:49:32] ✅ DONE | RT | 00084/2025 | 271/427 (63.5%) | Falhas: 0
11:49:33 | INFO     | [11:49:33] ✅ DONE | RT | 00085/2025 | 272/427 (63.7%) | Falhas: 0
11:49:33 | INFO     | [11:49:33] ✅ DONE | RT | 00085/2024 | 273/427 (63.9%) | Falhas: 0
11:49:33 | INFO     | [11:49:33] ✅ DONE | RT | 00086/2024 | 274/427 (64.2%) | Falhas: 0
11:49:33 | INFO     | [11:49:33] ✅ DONE | RT | 00086/2025 | 275/427 (64.4%) | Falhas: 0
11:49:33 | INFO     | [11:49:33] ✅ DONE | RT | 00087/2024 | 276/427 (64.6%) | Falhas: 0
11:49:33 | INFO     | [11:49:33] ✅ DONE | RT | 00087/2025 | 277/427 (64.9%) | Falhas: 0
11:49:33 | INFO     | [11:49:33] ✅ DONE | RT | 00088/2025 | 278/427 (65.1%) | Falhas: 0
11:49:34 | INFO     | [11:49:34] ✅ DONE | RT | 00088/2024 | 279/427 (65.3%) | Falhas: 0
11:49:34 | INFO     | [11:49:34] ✅ DONE | RT | 00089/2024 | 280/427 (65.6%) | Falhas: 0
11:49:34 | INFO     | [11:49:34] ✅ DONE | RT | 00089/2025 | 281/427 (65.8%) | Falhas: 0
11:49:34 | INFO     | [11:49:34] ✅ DONE | RT | 00090/2024 | 282/427 (66.0%) | Falhas: 0
11:49:34 | INFO     | [11:49:34] ✅ DONE | RT | 00090/2025 | 283/427 (66.3%) | Falhas: 0
11:49:34 | INFO     | [11:49:34] ✅ DONE | RT | 00091/2024 | 284/427 (66.5%) | Falhas: 0
11:49:35 | INFO     | [11:49:35] ✅ DONE | RT | 00091/2025 | 285/427 (66.7%) | Falhas: 0
11:49:35 | INFO     | [11:49:35] ✅ DONE | RT | 00092/2024 | 286/427 (67.0%) | Falhas: 0
11:49:35 | INFO     | [11:49:35] ✅ DONE | RT | 00092/2025 | 287/427 (67.2%) | Falhas: 0
11:49:35 | INFO     | [11:49:35] ✅ DONE | RT | 00093/2024 | 288/427 (67.4%) | Falhas: 0
11:49:35 | INFO     | [11:49:35] ✅ DONE | RT | 00093/2025 | 289/427 (67.7%) | Falhas: 0
11:49:35 | INFO     | [11:49:35] ✅ DONE | RT | 00094/2024 | 290/427 (67.9%) | Falhas: 0
11:49:36 | INFO     | [11:49:36] ✅ DONE | RT | 00094/2025 | 291/427 (68.1%) | Falhas: 0
11:49:36 | INFO     | [11:49:36] ✅ DONE | RT | 00095/2024 | 292/427 (68.4%) | Falhas: 0
11:50:22 | INFO     | [11:50:22] ✅ DONE | RT | 00095/2025 | 293/427 (68.6%) | Falhas: 0
11:50:22 | INFO     | [11:50:22] ✅ DONE | RT | 00096/2024 | 294/427 (68.9%) | Falhas: 0
11:50:22 | INFO     | [11:50:22] ✅ DONE | RT | 00096/2025 | 295/427 (69.1%) | Falhas: 0
11:50:23 | INFO     | [11:50:23] ✅ DONE | RT | 00097/2025 | 296/427 (69.3%) | Falhas: 0
11:50:23 | INFO     | [11:50:23] ✅ DONE | RT | 00097/2024 | 297/427 (69.6%) | Falhas: 0
11:50:23 | INFO     | [11:50:23] ✅ DONE | RT | 00098/2024 | 298/427 (69.8%) | Falhas: 0
11:50:23 | INFO     | [11:50:23] ✅ DONE | RT | 00098/2025 | 299/427 (70.0%) | Falhas: 0
11:50:23 | INFO     | [11:50:23] ✅ DONE | RT | 00099/2024 | 300/427 (70.3%) | Falhas: 0
11:50:23 | INFO     | [11:50:23] ✅ DONE | RT | 00099/2025 | 301/427 (70.5%) | Falhas: 0
11:50:24 | INFO     | [11:50:24] ✅ DONE | RT | 00100/2024 | 302/427 (70.7%) | Falhas: 0
11:50:24 | INFO     | [11:50:24] ✅ DONE | RT | 00100/2025 | 303/427 (71.0%) | Falhas: 0
11:50:24 | INFO     | [11:50:24] ✅ DONE | RT | 00101/2024 | 304/427 (71.2%) | Falhas: 0
11:50:24 | INFO     | [11:50:24] ✅ DONE | RT | 00102/2024 | 305/427 (71.4%) | Falhas: 0
11:50:24 | INFO     | [11:50:24] ✅ DONE | RT | 00101/2025 | 306/427 (71.7%) | Falhas: 0
11:50:24 | INFO     | [11:50:24] ✅ DONE | RT | 00102/2025 | 307/427 (71.9%) | Falhas: 0
11:50:25 | INFO     | [11:50:25] ✅ DONE | RT | 00104/2025 | 308/427 (72.1%) | Falhas: 0
11:50:25 | INFO     | [11:50:25] ✅ DONE | RT | 00103/2025 | 309/427 (72.4%) | Falhas: 0
11:50:25 | INFO     | [11:50:25] ✅ DONE | RT | 00105/2025 | 310/427 (72.6%) | Falhas: 0
11:50:25 | INFO     | [11:50:25] ✅ DONE | RT | 00106/2025 | 311/427 (72.8%) | Falhas: 0
11:50:25 | INFO     | [11:50:25] ✅ DONE | RT | 00107/2025 | 312/427 (73.1%) | Falhas: 0
11:50:25 | INFO     | [11:50:25] ✅ DONE | RT | 00108/2025 | 313/427 (73.3%) | Falhas: 0
11:50:26 | INFO     | [11:50:26] ✅ DONE | RT | 00109/2025 | 314/427 (73.5%) | Falhas: 0
11:50:26 | INFO     | [11:50:26] ✅ DONE | RT | 00110/2025 | 315/427 (73.8%) | Falhas: 0
11:50:26 | INFO     | [11:50:26] ✅ DONE | RT | 00111/2025 | 316/427 (74.0%) | Falhas: 0
11:50:26 | INFO     | [11:50:26] ✅ DONE | RT | 00112/2025 | 317/427 (74.2%) | Falhas: 0
11:50:26 | INFO     | [11:50:26] ✅ DONE | RT | 00113/2025 | 318/427 (74.5%) | Falhas: 0
11:50:26 | INFO     | [11:50:26] ✅ DONE | RT | 00114/2025 | 319/427 (74.7%) | Falhas: 0
11:50:27 | INFO     | [11:50:27] ✅ DONE | RT | 00115/2025 | 320/427 (74.9%) | Falhas: 0
11:50:27 | INFO     | [11:50:27] ✅ DONE | RT | 00117/2025 | 321/427 (75.2%) | Falhas: 0
11:50:27 | INFO     | [11:50:27] ✅ DONE | RT | 00116/2025 | 322/427 (75.4%) | Falhas: 0
11:50:27 | INFO     | [11:50:27] ✅ DONE | RT | 00118/2025 | 323/427 (75.6%) | Falhas: 0
11:50:28 | INFO     | [11:50:28] ✅ DONE | RT | 00119/2025 | 324/427 (75.9%) | Falhas: 0
11:50:28 | INFO     | [11:50:28] ✅ DONE | RT | 00120/2025 | 325/427 (76.1%) | Falhas: 0
11:50:28 | INFO     | [11:50:28] ✅ DONE | RT | 00121/2025 | 326/427 (76.3%) | Falhas: 0
11:50:28 | INFO     | [11:50:28] ✅ DONE | RT | 00122/2025 | 327/427 (76.6%) | Falhas: 0
11:50:28 | INFO     | [11:50:28] ✅ DONE | RT | 00123/2025 | 328/427 (76.8%) | Falhas: 0
11:50:28 | INFO     | [11:50:28] ✅ DONE | RT | 00124/2025 | 329/427 (77.0%) | Falhas: 0
11:50:29 | INFO     | [11:50:29] ✅ DONE | RT | 00125/2025 | 330/427 (77.3%) | Falhas: 0
11:50:29 | INFO     | [11:50:29] ✅ DONE | RT | 00126/2025 | 331/427 (77.5%) | Falhas: 0
11:50:29 | INFO     | [11:50:29] ✅ DONE | RT | 00127/2025 | 332/427 (77.8%) | Falhas: 0
11:50:29 | INFO     | [11:50:29] ✅ DONE | RT | 00128/2025 | 333/427 (78.0%) | Falhas: 0
11:50:29 | INFO     | [11:50:29] ✅ DONE | RT | 00129/2025 | 334/427 (78.2%) | Falhas: 0
11:50:29 | INFO     | [11:50:29] ✅ DONE | RT | 00130/2025 | 335/427 (78.5%) | Falhas: 0
11:50:30 | INFO     | [11:50:30] ✅ DONE | RT | 00131/2023 | 336/427 (78.7%) | Falhas: 0
11:50:30 | INFO     | [11:50:30] ✅ DONE | RT | 00131/2025 | 337/427 (78.9%) | Falhas: 0
11:50:30 | INFO     | [11:50:30] ✅ DONE | RT | 00132/2025 | 338/427 (79.2%) | Falhas: 0
11:50:30 | INFO     | [11:50:30] ✅ DONE | RT | 00133/2025 | 339/427 (79.4%) | Falhas: 0
11:50:30 | INFO     | [11:50:30] ✅ DONE | RT | 00134/2025 | 340/427 (79.6%) | Falhas: 0
11:50:30 | INFO     | [11:50:30] ✅ DONE | RT | 00135/2025 | 341/427 (79.9%) | Falhas: 0
11:50:31 | INFO     | [11:50:31] ✅ DONE | RT | 00136/2025 | 342/427 (80.1%) | Falhas: 0
11:50:31 | INFO     | [11:50:31] ✅ DONE | RT | 00137/2025 | 343/427 (80.3%) | Falhas: 0
11:50:31 | INFO     | [11:50:31] ✅ DONE | RT | 00138/2025 | 344/427 (80.6%) | Falhas: 0
11:50:31 | INFO     | [11:50:31] ✅ DONE | RT | 00139/2025 | 345/427 (80.8%) | Falhas: 0
11:50:31 | INFO     | [11:50:31] ✅ DONE | RT | 00140/2025 | 346/427 (81.0%) | Falhas: 0
11:50:32 | INFO     | [11:50:32] ✅ DONE | RT | 00141/2025 | 347/427 (81.3%) | Falhas: 0
11:50:32 | INFO     | [11:50:32] ✅ DONE | RT | 00142/2025 | 348/427 (81.5%) | Falhas: 0
11:50:32 | INFO     | [11:50:32] ✅ DONE | RT | 00143/2025 | 349/427 (81.7%) | Falhas: 0
11:50:32 | INFO     | [11:50:32] ✅ DONE | RT | 00144/2025 | 350/427 (82.0%) | Falhas: 0
11:50:32 | INFO     | [11:50:32] ✅ DONE | RT | 00145/2025 | 351/427 (82.2%) | Falhas: 0
11:50:32 | INFO     | [11:50:32] ✅ DONE | RT | 00146/2025 | 352/427 (82.4%) | Falhas: 0
11:50:33 | INFO     | [11:50:33] ✅ DONE | RT | 00147/2025 | 353/427 (82.7%) | Falhas: 0
11:50:33 | INFO     | [11:50:33] ✅ DONE | RT | 00148/2025 | 354/427 (82.9%) | Falhas: 0
11:50:33 | INFO     | [11:50:33] ✅ DONE | RT | 00149/2025 | 355/427 (83.1%) | Falhas: 0
11:50:33 | INFO     | [11:50:33] ✅ DONE | RT | 00150/2025 | 356/427 (83.4%) | Falhas: 0
11:50:33 | INFO     | [11:50:33] ✅ DONE | RT | 00151/2025 | 357/427 (83.6%) | Falhas: 0
11:50:33 | INFO     | [11:50:33] ✅ DONE | RT | 00152/2025 | 358/427 (83.8%) | Falhas: 0
11:50:34 | INFO     | [11:50:34] ✅ DONE | RT | 00153/2025 | 359/427 (84.1%) | Falhas: 0
11:50:34 | INFO     | [11:50:34] ✅ DONE | RT | 00154/2025 | 360/427 (84.3%) | Falhas: 0
11:50:34 | INFO     | [11:50:34] ✅ DONE | RT | 00155/2025 | 361/427 (84.5%) | Falhas: 0
11:50:34 | INFO     | [11:50:34] ✅ DONE | RT | 00156/2025 | 362/427 (84.8%) | Falhas: 0
11:50:34 | INFO     | [11:50:34] ✅ DONE | RT | 00157/2025 | 363/427 (85.0%) | Falhas: 0
11:50:34 | INFO     | [11:50:34] ✅ DONE | RT | 00158/2025 | 364/427 (85.2%) | Falhas: 0
11:50:35 | INFO     | [11:50:35] ✅ DONE | RT | 00159/2025 | 365/427 (85.5%) | Falhas: 0
11:50:35 | INFO     | [11:50:35] ✅ DONE | RT | 00160/2025 | 366/427 (85.7%) | Falhas: 0
11:50:35 | INFO     | [11:50:35] ✅ DONE | RT | 00161/2025 | 367/427 (85.9%) | Falhas: 0
11:50:35 | INFO     | [11:50:35] ✅ DONE | RT | 00162/2025 | 368/427 (86.2%) | Falhas: 0
11:50:35 | INFO     | [11:50:35] ✅ DONE | RT | 00163/2025 | 369/427 (86.4%) | Falhas: 0
11:50:35 | INFO     | [11:50:35] ✅ DONE | RT | 00164/2025 | 370/427 (86.7%) | Falhas: 0
11:50:36 | INFO     | [11:50:36] ✅ DONE | RT | 00165/2025 | 371/427 (86.9%) | Falhas: 0
11:50:36 | INFO     | [11:50:36] ✅ DONE | RT | 00166/2025 | 372/427 (87.1%) | Falhas: 0
11:50:36 | INFO     | [11:50:36] ✅ DONE | RT | 00168/2025 | 373/427 (87.4%) | Falhas: 0
11:50:36 | INFO     | [11:50:36] ✅ DONE | RT | 00167/2025 | 374/427 (87.6%) | Falhas: 0
11:50:36 | INFO     | [11:50:36] ✅ DONE | RT | 00169/2025 | 375/427 (87.8%) | Falhas: 0
11:50:37 | INFO     | [11:50:37] ✅ DONE | RT | 00170/2025 | 376/427 (88.1%) | Falhas: 0
11:50:37 | INFO     | [11:50:37] ✅ DONE | RT | 00171/2025 | 377/427 (88.3%) | Falhas: 0
11:50:37 | INFO     | [11:50:37] ✅ DONE | RT | 00172/2025 | 378/427 (88.5%) | Falhas: 0
11:50:37 | INFO     | [11:50:37] ✅ DONE | RT | 00173/2025 | 379/427 (88.8%) | Falhas: 0
11:50:37 | INFO     | [11:50:37] ✅ DONE | RT | 00174/2025 | 380/427 (89.0%) | Falhas: 0
11:50:37 | INFO     | [11:50:37] ✅ DONE | RT | 00175/2025 | 381/427 (89.2%) | Falhas: 0
11:50:38 | INFO     | [11:50:38] ✅ DONE | RT | 00176/2025 | 382/427 (89.5%) | Falhas: 0
11:50:38 | INFO     | [11:50:38] ✅ DONE | RT | 00178/2025 | 383/427 (89.7%) | Falhas: 0
11:50:38 | INFO     | [11:50:38] ✅ DONE | RT | 00177/2025 | 384/427 (89.9%) | Falhas: 0
11:50:38 | INFO     | [11:50:38] ✅ DONE | RT | 00179/2025 | 385/427 (90.2%) | Falhas: 0
11:50:38 | INFO     | [11:50:38] ✅ DONE | RT | 00180/2025 | 386/427 (90.4%) | Falhas: 0
11:50:38 | INFO     | [11:50:38] ✅ DONE | RT | 00181/2025 | 387/427 (90.6%) | Falhas: 0
11:50:39 | INFO     | [11:50:39] ✅ DONE | RT | 00182/2025 | 388/427 (90.9%) | Falhas: 0
11:50:39 | INFO     | [11:50:39] ✅ DONE | RT | 00184/2025 | 389/427 (91.1%) | Falhas: 0
11:50:39 | INFO     | [11:50:39] ✅ DONE | RT | 00183/2025 | 390/427 (91.3%) | Falhas: 0
11:50:39 | INFO     | [11:50:39] ✅ DONE | RT | 00186/2025 | 391/427 (91.6%) | Falhas: 0
11:50:39 | INFO     | [11:50:39] ✅ DONE | RT | 00187/2025 | 392/427 (91.8%) | Falhas: 0
11:51:26 | INFO     | [11:51:26] ✅ DONE | RT | 00188/2025 | 393/427 (92.0%) | Falhas: 0
11:51:26 | INFO     | [11:51:26] ✅ DONE | RT | 00189/2025 | 394/427 (92.3%) | Falhas: 0
11:51:26 | INFO     | [11:51:26] ✅ DONE | RT | 00190/2025 | 395/427 (92.5%) | Falhas: 0
11:51:26 | INFO     | [11:51:26] ✅ DONE | RT | 00191/2025 | 396/427 (92.7%) | Falhas: 0
11:51:26 | INFO     | [11:51:26] ✅ DONE | RT | 00192/2025 | 397/427 (93.0%) | Falhas: 0
11:51:26 | INFO     | [11:51:26] ✅ DONE | RT | 00193/2025 | 398/427 (93.2%) | Falhas: 0
11:51:27 | INFO     | [11:51:27] ✅ DONE | RT | 00194/2025 | 399/427 (93.4%) | Falhas: 0
11:51:27 | INFO     | [11:51:27] ✅ DONE | RT | 00195/2025 | 400/427 (93.7%) | Falhas: 0
11:51:27 | INFO     | [11:51:27] ✅ DONE | RT | 00196/2025 | 401/427 (93.9%) | Falhas: 0
11:51:27 | INFO     | [11:51:27] ✅ DONE | RT | 00197/2025 | 402/427 (94.1%) | Falhas: 0
11:51:27 | INFO     | [11:51:27] ✅ DONE | RT | 00199/2025 | 403/427 (94.4%) | Falhas: 0
11:51:27 | INFO     | [11:51:27] ✅ DONE | RT | 00200/2025 | 404/427 (94.6%) | Falhas: 0
11:51:28 | INFO     | [11:51:28] ✅ DONE | RT | 00201/2025 | 405/427 (94.8%) | Falhas: 0
11:51:28 | INFO     | [11:51:28] ✅ DONE | RT | 00203/2025 | 406/427 (95.1%) | Falhas: 0
11:51:28 | INFO     | [11:51:28] ✅ DONE | RT | 00202/2025 | 407/427 (95.3%) | Falhas: 0
11:51:28 | INFO     | [11:51:28] ✅ DONE | RT | 00204/2025 | 408/427 (95.6%) | Falhas: 0
11:51:28 | INFO     | [11:51:28] ✅ DONE | RT | 00205/2025 | 409/427 (95.8%) | Falhas: 0
11:51:28 | INFO     | [11:51:28] ✅ DONE | RT | 00206/2025 | 410/427 (96.0%) | Falhas: 0
11:51:29 | INFO     | [11:51:29] ✅ DONE | RT | 00208/2025 | 411/427 (96.3%) | Falhas: 0
11:51:29 | INFO     | [11:51:29] ✅ DONE | RT | 00209/2025 | 412/427 (96.5%) | Falhas: 0
11:51:29 | INFO     | [11:51:29] ✅ DONE | RT | 00207/2025 | 413/427 (96.7%) | Falhas: 0
11:51:30 | INFO     | [11:51:30] ✅ DONE | RT | 00211/2025 | 414/427 (97.0%) | Falhas: 0
11:51:30 | INFO     | [11:51:30] ✅ DONE | RT | 00210/2025 | 415/427 (97.2%) | Falhas: 0
11:51:30 | INFO     | [11:51:30] ✅ DONE | RT | 00212/2025 | 416/427 (97.4%) | Falhas: 0
11:51:30 | INFO     | [11:51:30] ✅ DONE | RT | 00213/2025 | 417/427 (97.7%) | Falhas: 0
11:51:30 | INFO     | [11:51:30] ✅ DONE | RT | 00214/2025 | 418/427 (97.9%) | Falhas: 0
11:51:30 | INFO     | [11:51:30] ✅ DONE | RT | 00215/2025 | 419/427 (98.1%) | Falhas: 0
11:51:31 | INFO     | [11:51:31] ✅ DONE | RT | 90014/2024 | 420/427 (98.4%) | Falhas: 0
11:51:31 | INFO     | [11:51:31] ✅ DONE | RT | 00263/2025 | 421/427 (98.6%) | Falhas: 0
11:51:31 | INFO     | [11:51:31] ✅ DONE | RT | 00821/2024 | 422/427 (98.8%) | Falhas: 0
11:51:31 | INFO     | [11:51:31] ✅ DONE | RT | 90204/2025 | 423/427 (99.1%) | Falhas: 0
11:51:31 | INFO     | [11:51:31] ✅ DONE | RT | 90280/2026 | 424/427 (99.3%) | Falhas: 0
11:51:31 | INFO     | [11:51:31] ✅ DONE | RT | 90281/2025 | 425/427 (99.5%) | Falhas: 0
11:51:32 | INFO     | [11:51:32] ✅ DONE | RT | 91400/2024 | 426/427 (99.8%) | Falhas: 0
11:51:32 | INFO     | [11:51:32] ✅ DONE | RT | 99263/2025 | 427/427 (100.0%) | Falhas: 0
11:51:32 | INFO     | ✅ FIM | Falhas: 0 | SKIPs: 0
11:51:32 | INFO     | ============================================================
11:51:32 | INFO     | 📤 GERANDO atas_saldos.csv...
11:51:32 | INFO     | 📂 427 arquivo(s) de saldos encontrado(s). Processando...
11:51:34 | INFO     | ⚠️  Nenhum saldo válido encontrado.
11:51:34 | INFO     | ============================================================
11:51:34 | INFO     | 🏢 INICIANDO EXTRAÇÃO DE UNIDADES PARTICIPANTES
11:51:50 | INFO     | UASG        : RT (158132)
11:51:50 | INFO     | A extrair   : 0
11:51:50 | INFO     | ⏭️  Tudo em cache. Nada a extrair.
11:51:50 | INFO     | ============================================================
11:51:50 | INFO     | 📤 GERANDO atas_unidades.csv...
11:51:50 | INFO     | 📂 3158 arquivo(s) de unidades encontrado(s). Processando...
11:51:51 | INFO     | ✅ CSV gerado: data\atas_unidades.csv
11:51:51 | INFO     | Registros        : 11006
11:51:51 | INFO     | Participantes    : 7863
11:51:51 | INFO     | Não participantes: 3143
11:51:51 | INFO     | Aceita adesão    : 5215
11:51:51 | INFO     | Colunas          : 27
11:51:51 | INFO     | ============================================================
11:51:51 | INFO     | 📄 INICIANDO EXTRAÇÃO DE CONTRATOS
11:51:51 | INFO     | UASGs       : 11
11:51:51 | INFO     | Validade    : 1 dia(s)
11:51:51 | INFO     | 🚀 INICIANDO EXTRAÇÃO DE CONTRATOS | WORKERS: 5 | TOTAL: 11
11:51:52 | INFO     | [11:51:52] ✅ DONE | AQ | 63 contratos | 1/11 (9.1%) | Falhas: 0
11:51:53 | INFO     | [11:51:53] ✅ DONE | CX | 135 contratos | 2/11 (18.2%) | Falhas: 0
11:51:54 | INFO     | [11:51:54] ✅ DONE | CG | 151 contratos | 3/11 (27.3%) | Falhas: 0
11:51:54 | INFO     | [11:51:54] ✅ DONE | DR | 82 contratos | 4/11 (36.4%) | Falhas: 0
11:51:54 | INFO     | [11:51:54] ✅ DONE | CB | 147 contratos | 5/11 (45.5%) | Falhas: 0
11:51:55 | INFO     | [11:51:55] ✅ DONE | JD | 102 contratos | 6/11 (54.5%) | Falhas: 0
11:51:56 | INFO     | [11:51:56] ✅ DONE | NA | 122 contratos | 7/11 (63.6%) | Falhas: 0
11:51:56 | INFO     | [11:51:56] ✅ DONE | NV | 101 contratos | 8/11 (72.7%) | Falhas: 0
11:51:57 | INFO     | [11:51:57] ✅ DONE | PP | 104 contratos | 9/11 (81.8%) | Falhas: 0
11:51:58 | INFO     | [11:51:58] ✅ DONE | TL | 173 contratos | 10/11 (90.9%) | Falhas: 0
11:52:06 | INFO     | [11:52:06] ✅ DONE | RT | 580 contratos | 11/11 (100.0%) | Falhas: 0
11:52:06 | INFO     | ✅ FIM | Falhas: 0 | SKIPs: 0
11:52:06 | INFO     | ============================================================
11:52:06 | INFO     | 📤 GERANDO contratos.csv...
11:52:06 | INFO     | 📂 11 arquivo(s) de contratos encontrado(s). Processando...
11:52:07 | INFO     | ✅ CSV gerado: data\contratos.csv
11:52:07 | INFO     | Contratos    : 1760
11:52:07 | INFO     | Prorrogáveis : 443
11:52:07 | INFO     | Colunas      : 21
11:52:07 | INFO     | ============================================================
11:52:07 | INFO     | 👥 INICIANDO EXTRAÇÃO DE RESPONSÁVEIS DOS CONTRATOS
11:52:07 | INFO     | Contratos na fila : 1760
11:52:07 | INFO     | Validade cache    : 1 dia(s)
11:52:07 | INFO     | 🚀 INICIANDO EXTRAÇÃO DE RESPONSÁVEIS | WORKERS: 15 | TOTAL: 1760
11:52:08 | INFO     | [11:52:08] ✅ DONE | 127108 | 0 responsáveis | 1/1760 (0.1%) | Falhas: 0
11:52:08 | INFO     | [11:52:08] ✅ DONE | 127095 | 0 responsáveis | 2/1760 (0.1%) | Falhas: 0
11:52:08 | INFO     | [11:52:08] ✅ DONE | 127408 | 0 responsáveis | 3/1760 (0.2%) | Falhas: 0
11:52:08 | INFO     | [11:52:08] ✅ DONE | 156982 | 0 responsáveis | 4/1760 (0.2%) | Falhas: 0
11:52:08 | INFO     | [11:52:08] ✅ DONE | 152269 | 0 responsáveis | 5/1760 (0.3%) | Falhas: 0
11:52:08 | INFO     | [11:52:08] ✅ DONE | 156980 | 0 responsáveis | 6/1760 (0.3%) | Falhas: 0
11:52:08 | INFO     | [11:52:08] ✅ DONE | 14606 | 0 responsáveis | 7/1760 (0.4%) | Falhas: 0
11:52:08 | INFO     | [11:52:08] ✅ DONE | 29922 | 0 responsáveis | 8/1760 (0.5%) | Falhas: 0
11:52:08 | INFO     | [11:52:08] ✅ DONE | 20509 | 0 responsáveis | 9/1760 (0.5%) | Falhas: 0
11:52:08 | INFO     | [11:52:08] ✅ DONE | 43651 | 0 responsáveis | 10/1760 (0.6%) | Falhas: 0
11:52:08 | INFO     | [11:52:08] ✅ DONE | 127116 | 0 responsáveis | 11/1760 (0.6%) | Falhas: 0
11:52:08 | INFO     | [11:52:08] ✅ DONE | 58629 | 0 responsáveis | 12/1760 (0.7%) | Falhas: 0
11:52:08 | INFO     | [11:52:08] ✅ DONE | 77092 | 0 responsáveis | 13/1760 (0.7%) | Falhas: 0
11:52:08 | INFO     | [11:52:08] ✅ DONE | 71643 | 0 responsáveis | 14/1760 (0.8%) | Falhas: 0
11:52:08 | INFO     | [11:52:08] ✅ DONE | 126729 | 0 responsáveis | 15/1760 (0.9%) | Falhas: 0
11:52:09 | INFO     | [11:52:09] ✅ DONE | 164836 | 0 responsáveis | 16/1760 (0.9%) | Falhas: 0
11:52:09 | INFO     | [11:52:09] ✅ DONE | 253880 | 0 responsáveis | 17/1760 (1.0%) | Falhas: 0
11:52:09 | INFO     | [11:52:09] ✅ DONE | 258517 | 2 responsáveis | 18/1760 (1.0%) | Falhas: 0
11:52:09 | INFO     | [11:52:09] ✅ DONE | 191044 | 4 responsáveis | 19/1760 (1.1%) | Falhas: 0
11:52:09 | INFO     | [11:52:09] ✅ DONE | 169790 | 0 responsáveis | 20/1760 (1.1%) | Falhas: 0
11:52:09 | INFO     | [11:52:09] ✅ DONE | 290337 | 4 responsáveis | 21/1760 (1.2%) | Falhas: 0
11:52:09 | INFO     | [11:52:09] ✅ DONE | 291371 | 4 responsáveis | 22/1760 (1.2%) | Falhas: 0
11:52:09 | INFO     | [11:52:09] ✅ DONE | 313459 | 0 responsáveis | 23/1760 (1.3%) | Falhas: 0
11:52:09 | INFO     | [11:52:09] ✅ DONE | 311869 | 0 responsáveis | 24/1760 (1.4%) | Falhas: 0
11:52:09 | INFO     | [11:52:09] ✅ DONE | 206596 | 2 responsáveis | 25/1760 (1.4%) | Falhas: 0
11:52:09 | INFO     | [11:52:09] ✅ DONE | 253917 | 4 responsáveis | 26/1760 (1.5%) | Falhas: 0
11:52:09 | INFO     | [11:52:09] ✅ DONE | 253616 | 4 responsáveis | 27/1760 (1.5%) | Falhas: 0
11:52:09 | INFO     | [11:52:09] ✅ DONE | 323053 | 3 responsáveis | 28/1760 (1.6%) | Falhas: 0
11:52:09 | INFO     | [11:52:09] ✅ DONE | 289070 | 4 responsáveis | 29/1760 (1.6%) | Falhas: 0
11:52:09 | INFO     | [11:52:09] ✅ DONE | 327666 | 4 responsáveis | 30/1760 (1.7%) | Falhas: 0
11:52:10 | INFO     | [11:52:10] ✅ DONE | 329160 | 4 responsáveis | 31/1760 (1.8%) | Falhas: 0
11:52:10 | INFO     | [11:52:10] ✅ DONE | 421834 | 0 responsáveis | 32/1760 (1.8%) | Falhas: 0
11:52:10 | INFO     | [11:52:10] ✅ DONE | 417621 | 0 responsáveis | 33/1760 (1.9%) | Falhas: 0
11:52:10 | INFO     | [11:52:10] ✅ DONE | 419213 | 4 responsáveis | 34/1760 (1.9%) | Falhas: 0
11:52:10 | INFO     | [11:52:10] ✅ DONE | 442481 | 0 responsáveis | 35/1760 (2.0%) | Falhas: 0
11:52:10 | INFO     | [11:52:10] ✅ DONE | 454044 | 0 responsáveis | 36/1760 (2.0%) | Falhas: 0
11:52:10 | INFO     | [11:52:10] ✅ DONE | 454253 | 0 responsáveis | 37/1760 (2.1%) | Falhas: 0
11:52:10 | INFO     | [11:52:10] ✅ DONE | 431495 | 0 responsáveis | 38/1760 (2.2%) | Falhas: 0
11:52:10 | INFO     | [11:52:10] ✅ DONE | 454046 | 0 responsáveis | 39/1760 (2.2%) | Falhas: 0
11:52:10 | INFO     | [11:52:10] ✅ DONE | 464554 | 0 responsáveis | 40/1760 (2.3%) | Falhas: 0
11:52:10 | INFO     | [11:52:10] ✅ DONE | 508197 | 0 responsáveis | 41/1760 (2.3%) | Falhas: 0
11:52:10 | INFO     | [11:52:10] ✅ DONE | 453929 | 0 responsáveis | 42/1760 (2.4%) | Falhas: 0
11:52:10 | INFO     | [11:52:10] ✅ DONE | 466311 | 0 responsáveis | 43/1760 (2.4%) | Falhas: 0
11:52:10 | INFO     | [11:52:10] ✅ DONE | 445036 | 0 responsáveis | 44/1760 (2.5%) | Falhas: 0
11:52:10 | INFO     | [11:52:10] ✅ DONE | 509688 | 5 responsáveis | 45/1760 (2.6%) | Falhas: 0
11:52:11 | INFO     | [11:52:11] ✅ DONE | 510167 | 0 responsáveis | 46/1760 (2.6%) | Falhas: 0
11:52:11 | INFO     | [11:52:11] ✅ DONE | 520280 | 0 responsáveis | 47/1760 (2.7%) | Falhas: 0
11:52:11 | INFO     | [11:52:11] ✅ DONE | 520135 | 0 responsáveis | 48/1760 (2.7%) | Falhas: 0
11:52:11 | INFO     | [11:52:11] ✅ DONE | 537343 | 4 responsáveis | 49/1760 (2.8%) | Falhas: 0
11:52:11 | INFO     | [11:52:11] ✅ DONE | 526360 | 0 responsáveis | 50/1760 (2.8%) | Falhas: 0
11:52:11 | INFO     | [11:52:11] ✅ DONE | 567900 | 0 responsáveis | 51/1760 (2.9%) | Falhas: 0
11:52:11 | INFO     | [11:52:11] ✅ DONE | 580560 | 0 responsáveis | 52/1760 (3.0%) | Falhas: 0
11:52:11 | INFO     | [11:52:11] ✅ DONE | 588057 | 0 responsáveis | 53/1760 (3.0%) | Falhas: 0
11:52:11 | INFO     | [11:52:11] ✅ DONE | 628974 | 1 responsáveis | 54/1760 (3.1%) | Falhas: 0
11:52:11 | INFO     | [11:52:11] ✅ DONE | 706194 | 1 responsáveis | 55/1760 (3.1%) | Falhas: 0
11:52:11 | INFO     | [11:52:11] ✅ DONE | 761292 | 0 responsáveis | 56/1760 (3.2%) | Falhas: 0
11:52:11 | INFO     | [11:52:11] ✅ DONE | 747906 | 0 responsáveis | 57/1760 (3.2%) | Falhas: 0
11:52:11 | INFO     | [11:52:11] ✅ DONE | 541845 | 3 responsáveis | 58/1760 (3.3%) | Falhas: 0
11:52:11 | INFO     | [11:52:11] ✅ DONE | 769728 | 0 responsáveis | 59/1760 (3.4%) | Falhas: 0
11:52:11 | INFO     | [11:52:11] ✅ DONE | 649772 | 5 responsáveis | 60/1760 (3.4%) | Falhas: 0
11:52:11 | INFO     | [11:52:11] ✅ DONE | 872300 | 0 responsáveis | 61/1760 (3.5%) | Falhas: 0
11:52:12 | INFO     | [11:52:12] ✅ DONE | 1022596 | 0 responsáveis | 62/1760 (3.5%) | Falhas: 0
11:52:12 | INFO     | [11:52:12] ✅ DONE | 948646 | 0 responsáveis | 63/1760 (3.6%) | Falhas: 0
11:52:12 | INFO     | [11:52:12] ✅ DONE | 21146 | 0 responsáveis | 64/1760 (3.6%) | Falhas: 0
11:52:12 | INFO     | [11:52:12] ✅ DONE | 10344 | 0 responsáveis | 65/1760 (3.7%) | Falhas: 0
11:52:12 | INFO     | [11:52:12] ✅ DONE | 21256 | 0 responsáveis | 66/1760 (3.8%) | Falhas: 0
11:52:12 | INFO     | [11:52:12] ✅ DONE | 42742 | 0 responsáveis | 67/1760 (3.8%) | Falhas: 0
11:52:12 | INFO     | [11:52:12] ✅ DONE | 29920 | 0 responsáveis | 68/1760 (3.9%) | Falhas: 0
11:52:12 | INFO     | [11:52:12] ✅ DONE | 91170 | 0 responsáveis | 69/1760 (3.9%) | Falhas: 0
11:52:12 | INFO     | [11:52:12] ✅ DONE | 91810 | 0 responsáveis | 70/1760 (4.0%) | Falhas: 0
11:52:12 | INFO     | [11:52:12] ✅ DONE | 43650 | 0 responsáveis | 71/1760 (4.0%) | Falhas: 0
11:52:12 | INFO     | [11:52:12] ✅ DONE | 42806 | 0 responsáveis | 72/1760 (4.1%) | Falhas: 0
11:52:12 | INFO     | [11:52:12] ✅ DONE | 133253 | 0 responsáveis | 73/1760 (4.1%) | Falhas: 0
11:52:12 | INFO     | [11:52:12] ✅ DONE | 140347 | 3 responsáveis | 74/1760 (4.2%) | Falhas: 0
11:52:12 | INFO     | [11:52:12] ✅ DONE | 134936 | 4 responsáveis | 75/1760 (4.3%) | Falhas: 0
11:52:12 | INFO     | [11:52:12] ✅ DONE | 148652 | 0 responsáveis | 76/1760 (4.3%) | Falhas: 0
11:52:12 | INFO     | [11:52:12] ✅ DONE | 164479 | 0 responsáveis | 77/1760 (4.4%) | Falhas: 0
11:52:12 | INFO     | [11:52:12] ✅ DONE | 160015 | 0 responsáveis | 78/1760 (4.4%) | Falhas: 0
11:52:13 | INFO     | [11:52:13] ✅ DONE | 164491 | 0 responsáveis | 79/1760 (4.5%) | Falhas: 0
11:52:13 | INFO     | [11:52:13] ✅ DONE | 164482 | 0 responsáveis | 80/1760 (4.5%) | Falhas: 0
11:52:13 | INFO     | [11:52:13] ✅ DONE | 164503 | 0 responsáveis | 81/1760 (4.6%) | Falhas: 0
11:52:13 | INFO     | [11:52:13] ✅ DONE | 164493 | 0 responsáveis | 82/1760 (4.7%) | Falhas: 0
11:52:13 | INFO     | [11:52:13] ✅ DONE | 164506 | 0 responsáveis | 83/1760 (4.7%) | Falhas: 0
11:52:13 | INFO     | [11:52:13] ✅ DONE | 164510 | 0 responsáveis | 84/1760 (4.8%) | Falhas: 0
11:52:13 | INFO     | [11:52:13] ✅ DONE | 179106 | 0 responsáveis | 85/1760 (4.8%) | Falhas: 0
11:52:13 | INFO     | [11:52:13] ✅ DONE | 173783 | 0 responsáveis | 86/1760 (4.9%) | Falhas: 0
11:52:13 | INFO     | [11:52:13] ✅ DONE | 179107 | 0 responsáveis | 87/1760 (4.9%) | Falhas: 0
11:52:13 | INFO     | [11:52:13] ✅ DONE | 223018 | 4 responsáveis | 88/1760 (5.0%) | Falhas: 0
11:52:13 | INFO     | [11:52:13] ✅ DONE | 179112 | 0 responsáveis | 89/1760 (5.1%) | Falhas: 0
11:52:13 | INFO     | [11:52:13] ✅ DONE | 297126 | 4 responsáveis | 90/1760 (5.1%) | Falhas: 0
11:52:13 | INFO     | [11:52:13] ✅ DONE | 301195 | 4 responsáveis | 91/1760 (5.2%) | Falhas: 0
11:52:13 | INFO     | [11:52:13] ✅ DONE | 337421 | 0 responsáveis | 92/1760 (5.2%) | Falhas: 0
11:52:13 | INFO     | [11:52:13] ✅ DONE | 337387 | 3 responsáveis | 93/1760 (5.3%) | Falhas: 0
11:52:13 | INFO     | [11:52:13] ✅ DONE | 341560 | 3 responsáveis | 94/1760 (5.3%) | Falhas: 0
11:52:13 | INFO     | [11:52:13] ✅ DONE | 357420 | 6 responsáveis | 95/1760 (5.4%) | Falhas: 0
11:52:13 | INFO     | [11:52:13] ✅ DONE | 364294 | 2 responsáveis | 96/1760 (5.5%) | Falhas: 0
11:52:13 | INFO     | [11:52:13] ✅ DONE | 359090 | 3 responsáveis | 97/1760 (5.5%) | Falhas: 0
11:52:14 | INFO     | [11:52:14] ✅ DONE | 394751 | 2 responsáveis | 98/1760 (5.6%) | Falhas: 0
11:52:14 | INFO     | [11:52:14] ✅ DONE | 402414 | 0 responsáveis | 99/1760 (5.6%) | Falhas: 0
11:52:14 | INFO     | [11:52:14] ✅ DONE | 408219 | 0 responsáveis | 100/1760 (5.7%) | Falhas: 0
11:52:14 | INFO     | [11:52:14] ✅ DONE | 408399 | 0 responsáveis | 101/1760 (5.7%) | Falhas: 0
11:52:14 | INFO     | [11:52:14] ✅ DONE | 408398 | 0 responsáveis | 102/1760 (5.8%) | Falhas: 0
11:52:14 | INFO     | [11:52:14] ✅ DONE | 408400 | 0 responsáveis | 103/1760 (5.9%) | Falhas: 0
11:52:14 | INFO     | [11:52:14] ✅ DONE | 408401 | 0 responsáveis | 104/1760 (5.9%) | Falhas: 0
11:52:14 | INFO     | [11:52:14] ✅ DONE | 408402 | 0 responsáveis | 105/1760 (6.0%) | Falhas: 0
11:52:14 | INFO     | [11:52:14] ✅ DONE | 412212 | 2 responsáveis | 106/1760 (6.0%) | Falhas: 0
11:52:14 | INFO     | [11:52:14] ✅ DONE | 412297 | 0 responsáveis | 107/1760 (6.1%) | Falhas: 0
11:52:14 | INFO     | [11:52:14] ✅ DONE | 414342 | 0 responsáveis | 108/1760 (6.1%) | Falhas: 0
11:52:14 | INFO     | [11:52:14] ✅ DONE | 414343 | 0 responsáveis | 109/1760 (6.2%) | Falhas: 0
11:52:14 | INFO     | [11:52:14] ✅ DONE | 414344 | 0 responsáveis | 110/1760 (6.2%) | Falhas: 0
11:52:14 | INFO     | [11:52:14] ✅ DONE | 414349 | 0 responsáveis | 111/1760 (6.3%) | Falhas: 0
11:52:14 | INFO     | [11:52:14] ✅ DONE | 414345 | 0 responsáveis | 112/1760 (6.4%) | Falhas: 0
11:52:14 | INFO     | [11:52:14] ✅ DONE | 414350 | 0 responsáveis | 113/1760 (6.4%) | Falhas: 0
11:52:15 | INFO     | [11:52:15] ✅ DONE | 414351 | 0 responsáveis | 114/1760 (6.5%) | Falhas: 0
11:52:15 | INFO     | [11:52:15] ✅ DONE | 414352 | 0 responsáveis | 115/1760 (6.5%) | Falhas: 0
11:52:15 | INFO     | [11:52:15] ✅ DONE | 414353 | 0 responsáveis | 116/1760 (6.6%) | Falhas: 0
11:52:15 | INFO     | [11:52:15] ✅ DONE | 414354 | 0 responsáveis | 117/1760 (6.6%) | Falhas: 0
11:52:15 | INFO     | [11:52:15] ✅ DONE | 414355 | 0 responsáveis | 118/1760 (6.7%) | Falhas: 0
11:52:15 | INFO     | [11:52:15] ✅ DONE | 414356 | 0 responsáveis | 119/1760 (6.8%) | Falhas: 0
11:52:15 | INFO     | [11:52:15] ✅ DONE | 414357 | 0 responsáveis | 120/1760 (6.8%) | Falhas: 0
11:52:15 | INFO     | [11:52:15] ✅ DONE | 414362 | 0 responsáveis | 121/1760 (6.9%) | Falhas: 0
11:52:15 | INFO     | [11:52:15] ✅ DONE | 414363 | 0 responsáveis | 122/1760 (6.9%) | Falhas: 0
11:52:15 | INFO     | [11:52:15] ✅ DONE | 414364 | 0 responsáveis | 123/1760 (7.0%) | Falhas: 0
11:52:15 | INFO     | [11:52:15] ✅ DONE | 414365 | 0 responsáveis | 124/1760 (7.0%) | Falhas: 0
11:52:15 | INFO     | [11:52:15] ✅ DONE | 414366 | 0 responsáveis | 125/1760 (7.1%) | Falhas: 0
11:52:15 | INFO     | [11:52:15] ✅ DONE | 414367 | 0 responsáveis | 126/1760 (7.2%) | Falhas: 0
11:52:15 | INFO     | [11:52:15] ✅ DONE | 414368 | 0 responsáveis | 127/1760 (7.2%) | Falhas: 0
11:52:15 | INFO     | [11:52:15] ✅ DONE | 414369 | 0 responsáveis | 128/1760 (7.3%) | Falhas: 0
11:52:15 | INFO     | [11:52:15] ✅ DONE | 414370 | 0 responsáveis | 129/1760 (7.3%) | Falhas: 0
11:52:15 | INFO     | [11:52:15] ✅ DONE | 414371 | 0 responsáveis | 130/1760 (7.4%) | Falhas: 0
11:52:15 | INFO     | [11:52:15] ✅ DONE | 414377 | 0 responsáveis | 131/1760 (7.4%) | Falhas: 0
11:52:15 | INFO     | [11:52:15] ✅ DONE | 414379 | 0 responsáveis | 132/1760 (7.5%) | Falhas: 0
11:52:15 | INFO     | [11:52:15] ✅ DONE | 414378 | 0 responsáveis | 133/1760 (7.6%) | Falhas: 0
11:52:16 | INFO     | [11:52:16] ✅ DONE | 414380 | 0 responsáveis | 134/1760 (7.6%) | Falhas: 0
11:52:16 | INFO     | [11:52:16] ✅ DONE | 414381 | 0 responsáveis | 135/1760 (7.7%) | Falhas: 0
11:52:16 | INFO     | [11:52:16] ✅ DONE | 414383 | 0 responsáveis | 136/1760 (7.7%) | Falhas: 0
11:52:16 | INFO     | [11:52:16] ✅ DONE | 414382 | 0 responsáveis | 137/1760 (7.8%) | Falhas: 0
11:52:16 | INFO     | [11:52:16] ✅ DONE | 414384 | 0 responsáveis | 138/1760 (7.8%) | Falhas: 0
11:52:16 | INFO     | [11:52:16] ✅ DONE | 414385 | 0 responsáveis | 139/1760 (7.9%) | Falhas: 0
11:52:16 | INFO     | [11:52:16] ✅ DONE | 414386 | 0 responsáveis | 140/1760 (8.0%) | Falhas: 0
11:52:16 | INFO     | [11:52:16] ✅ DONE | 414387 | 0 responsáveis | 141/1760 (8.0%) | Falhas: 0
11:52:16 | INFO     | [11:52:16] ✅ DONE | 414388 | 0 responsáveis | 142/1760 (8.1%) | Falhas: 0
11:52:16 | INFO     | [11:52:16] ✅ DONE | 414389 | 0 responsáveis | 143/1760 (8.1%) | Falhas: 0
11:52:16 | INFO     | [11:52:16] ✅ DONE | 414390 | 0 responsáveis | 144/1760 (8.2%) | Falhas: 0
11:52:16 | INFO     | [11:52:16] ✅ DONE | 414391 | 0 responsáveis | 145/1760 (8.2%) | Falhas: 0
11:52:16 | INFO     | [11:52:16] ✅ DONE | 414392 | 0 responsáveis | 146/1760 (8.3%) | Falhas: 0
11:52:16 | INFO     | [11:52:16] ✅ DONE | 414393 | 0 responsáveis | 147/1760 (8.4%) | Falhas: 0
11:52:16 | INFO     | [11:52:16] ✅ DONE | 414394 | 0 responsáveis | 148/1760 (8.4%) | Falhas: 0
11:52:16 | INFO     | [11:52:16] ✅ DONE | 414395 | 0 responsáveis | 149/1760 (8.5%) | Falhas: 0
11:52:16 | INFO     | [11:52:16] ✅ DONE | 414397 | 0 responsáveis | 150/1760 (8.5%) | Falhas: 0
11:52:16 | INFO     | [11:52:16] ✅ DONE | 414396 | 0 responsáveis | 151/1760 (8.6%) | Falhas: 0
11:52:17 | INFO     | [11:52:17] ✅ DONE | 414398 | 0 responsáveis | 152/1760 (8.6%) | Falhas: 0
11:52:17 | INFO     | [11:52:17] ✅ DONE | 414399 | 0 responsáveis | 153/1760 (8.7%) | Falhas: 0
11:52:17 | INFO     | [11:52:17] ✅ DONE | 414400 | 0 responsáveis | 154/1760 (8.8%) | Falhas: 0
11:52:17 | INFO     | [11:52:17] ✅ DONE | 414401 | 0 responsáveis | 155/1760 (8.8%) | Falhas: 0
11:52:17 | INFO     | [11:52:17] ✅ DONE | 414402 | 0 responsáveis | 156/1760 (8.9%) | Falhas: 0
11:52:17 | INFO     | [11:52:17] ✅ DONE | 420318 | 0 responsáveis | 157/1760 (8.9%) | Falhas: 0
11:52:17 | INFO     | [11:52:17] ✅ DONE | 439873 | 0 responsáveis | 158/1760 (9.0%) | Falhas: 0
11:52:17 | INFO     | [11:52:17] ✅ DONE | 443239 | 0 responsáveis | 159/1760 (9.0%) | Falhas: 0
11:52:17 | INFO     | [11:52:17] ✅ DONE | 443904 | 0 responsáveis | 160/1760 (9.1%) | Falhas: 0
11:52:17 | INFO     | [11:52:17] ✅ DONE | 443905 | 0 responsáveis | 161/1760 (9.1%) | Falhas: 0
11:52:17 | INFO     | [11:52:17] ✅ DONE | 497651 | 2 responsáveis | 162/1760 (9.2%) | Falhas: 0
11:52:17 | INFO     | [11:52:17] ✅ DONE | 529777 | 0 responsáveis | 163/1760 (9.3%) | Falhas: 0
11:52:17 | INFO     | [11:52:17] ✅ DONE | 541044 | 0 responsáveis | 164/1760 (9.3%) | Falhas: 0
11:52:17 | INFO     | [11:52:17] ✅ DONE | 541049 | 0 responsáveis | 165/1760 (9.4%) | Falhas: 0
11:52:17 | INFO     | [11:52:17] ✅ DONE | 578780 | 0 responsáveis | 166/1760 (9.4%) | Falhas: 0
11:52:17 | INFO     | [11:52:17] ✅ DONE | 541118 | 0 responsáveis | 167/1760 (9.5%) | Falhas: 0
11:52:17 | INFO     | [11:52:17] ✅ DONE | 578781 | 0 responsáveis | 168/1760 (9.5%) | Falhas: 0
11:52:18 | INFO     | [11:52:18] ✅ DONE | 578782 | 0 responsáveis | 169/1760 (9.6%) | Falhas: 0
11:52:18 | INFO     | [11:52:18] ✅ DONE | 586172 | 0 responsáveis | 170/1760 (9.7%) | Falhas: 0
11:52:18 | INFO     | [11:52:18] ✅ DONE | 603603 | 4 responsáveis | 171/1760 (9.7%) | Falhas: 0
11:52:18 | INFO     | [11:52:18] ✅ DONE | 603609 | 6 responsáveis | 172/1760 (9.8%) | Falhas: 0
11:52:18 | INFO     | [11:52:18] ✅ DONE | 603611 | 6 responsáveis | 173/1760 (9.8%) | Falhas: 0
11:52:18 | INFO     | [11:52:18] ✅ DONE | 603614 | 6 responsáveis | 174/1760 (9.9%) | Falhas: 0
11:52:18 | INFO     | [11:52:18] ✅ DONE | 603615 | 6 responsáveis | 175/1760 (9.9%) | Falhas: 0
11:52:18 | INFO     | [11:52:18] ✅ DONE | 603618 | 7 responsáveis | 176/1760 (10.0%) | Falhas: 0
11:52:18 | INFO     | [11:52:18] ✅ DONE | 603620 | 6 responsáveis | 177/1760 (10.1%) | Falhas: 0
11:52:18 | INFO     | [11:52:18] ✅ DONE | 604271 | 6 responsáveis | 178/1760 (10.1%) | Falhas: 0
11:52:18 | INFO     | [11:52:18] ✅ DONE | 607879 | 6 responsáveis | 179/1760 (10.2%) | Falhas: 0
11:52:18 | INFO     | [11:52:18] ✅ DONE | 608337 | 4 responsáveis | 180/1760 (10.2%) | Falhas: 0
11:52:18 | INFO     | [11:52:18] ✅ DONE | 609947 | 6 responsáveis | 181/1760 (10.3%) | Falhas: 0
11:52:18 | INFO     | [11:52:18] ✅ DONE | 638940 | 0 responsáveis | 182/1760 (10.3%) | Falhas: 0
11:52:18 | INFO     | [11:52:18] ✅ DONE | 643724 | 4 responsáveis | 183/1760 (10.4%) | Falhas: 0
11:52:18 | INFO     | [11:52:18] ✅ DONE | 682791 | 4 responsáveis | 184/1760 (10.5%) | Falhas: 0
11:52:18 | INFO     | [11:52:18] ✅ DONE | 695743 | 0 responsáveis | 185/1760 (10.5%) | Falhas: 0
11:52:18 | INFO     | [11:52:18] ✅ DONE | 695744 | 0 responsáveis | 186/1760 (10.6%) | Falhas: 0
11:52:18 | INFO     | [11:52:18] ✅ DONE | 708541 | 0 responsáveis | 187/1760 (10.6%) | Falhas: 0
11:52:19 | INFO     | [11:52:19] ✅ DONE | 720345 | 7 responsáveis | 188/1760 (10.7%) | Falhas: 0
11:52:19 | INFO     | [11:52:19] ✅ DONE | 724887 | 0 responsáveis | 189/1760 (10.7%) | Falhas: 0
11:52:19 | INFO     | [11:52:19] ✅ DONE | 724888 | 0 responsáveis | 190/1760 (10.8%) | Falhas: 0
11:52:19 | INFO     | [11:52:19] ✅ DONE | 724889 | 0 responsáveis | 191/1760 (10.9%) | Falhas: 0
11:52:19 | INFO     | [11:52:19] ✅ DONE | 724890 | 0 responsáveis | 192/1760 (10.9%) | Falhas: 0
11:52:19 | INFO     | [11:52:19] ✅ DONE | 724891 | 0 responsáveis | 193/1760 (11.0%) | Falhas: 0
11:52:19 | INFO     | [11:52:19] ✅ DONE | 724893 | 0 responsáveis | 194/1760 (11.0%) | Falhas: 0
11:52:19 | INFO     | [11:52:19] ✅ DONE | 787881 | 3 responsáveis | 195/1760 (11.1%) | Falhas: 0
11:52:19 | INFO     | [11:52:19] ✅ DONE | 804441 | 0 responsáveis | 196/1760 (11.1%) | Falhas: 0
11:52:19 | INFO     | [11:52:19] ✅ DONE | 804523 | 0 responsáveis | 197/1760 (11.2%) | Falhas: 0
11:52:19 | INFO     | [11:52:19] ✅ DONE | 804524 | 0 responsáveis | 198/1760 (11.2%) | Falhas: 0
11:52:19 | INFO     | [11:52:19] ✅ DONE | 804528 | 0 responsáveis | 199/1760 (11.3%) | Falhas: 0
11:52:19 | INFO     | [11:52:19] ✅ DONE | 804525 | 0 responsáveis | 200/1760 (11.4%) | Falhas: 0
11:52:19 | INFO     | [11:52:19] ✅ DONE | 804529 | 0 responsáveis | 201/1760 (11.4%) | Falhas: 0
11:52:19 | INFO     | [11:52:19] ✅ DONE | 804530 | 0 responsáveis | 202/1760 (11.5%) | Falhas: 0
11:52:19 | INFO     | [11:52:19] ✅ DONE | 804532 | 0 responsáveis | 203/1760 (11.5%) | Falhas: 0
11:52:19 | INFO     | [11:52:19] ✅ DONE | 804533 | 0 responsáveis | 204/1760 (11.6%) | Falhas: 0
11:52:20 | INFO     | [11:52:20] ✅ DONE | 804534 | 0 responsáveis | 205/1760 (11.6%) | Falhas: 0
11:52:20 | INFO     | [11:52:20] ✅ DONE | 804535 | 0 responsáveis | 206/1760 (11.7%) | Falhas: 0
11:52:20 | INFO     | [11:52:20] ✅ DONE | 811966 | 4 responsáveis | 207/1760 (11.8%) | Falhas: 0
11:52:20 | INFO     | [11:52:20] ✅ DONE | 867000 | 0 responsáveis | 208/1760 (11.8%) | Falhas: 0
11:52:20 | INFO     | [11:52:20] ✅ DONE | 870019 | 3 responsáveis | 209/1760 (11.9%) | Falhas: 0
11:52:20 | INFO     | [11:52:20] ✅ DONE | 947703 | 0 responsáveis | 210/1760 (11.9%) | Falhas: 0
11:52:20 | INFO     | [11:52:20] ✅ DONE | 10345 | 0 responsáveis | 211/1760 (12.0%) | Falhas: 0
11:52:20 | INFO     | [11:52:20] ✅ DONE | 10436 | 0 responsáveis | 212/1760 (12.0%) | Falhas: 0
11:52:20 | INFO     | [11:52:20] ✅ DONE | 14878 | 0 responsáveis | 213/1760 (12.1%) | Falhas: 0
11:52:20 | INFO     | [11:52:20] ✅ DONE | 21144 | 0 responsáveis | 214/1760 (12.2%) | Falhas: 0
11:52:20 | INFO     | [11:52:20] ✅ DONE | 21811 | 0 responsáveis | 215/1760 (12.2%) | Falhas: 0
11:52:20 | INFO     | [11:52:20] ✅ DONE | 29637 | 0 responsáveis | 216/1760 (12.3%) | Falhas: 0
11:52:20 | INFO     | [11:52:20] ✅ DONE | 29448 | 0 responsáveis | 217/1760 (12.3%) | Falhas: 0
11:52:20 | INFO     | [11:52:20] ✅ DONE | 21261 | 0 responsáveis | 218/1760 (12.4%) | Falhas: 0
11:52:20 | INFO     | [11:52:20] ✅ DONE | 29921 | 0 responsáveis | 219/1760 (12.4%) | Falhas: 0
11:52:20 | INFO     | [11:52:20] ✅ DONE | 36476 | 0 responsáveis | 220/1760 (12.5%) | Falhas: 0
11:52:20 | INFO     | [11:52:20] ✅ DONE | 42956 | 0 responsáveis | 221/1760 (12.6%) | Falhas: 0
11:52:21 | INFO     | [11:52:21] ✅ DONE | 43708 | 0 responsáveis | 222/1760 (12.6%) | Falhas: 0
11:52:21 | INFO     | [11:52:21] ✅ DONE | 43763 | 0 responsáveis | 223/1760 (12.7%) | Falhas: 0
11:52:21 | INFO     | [11:52:21] ✅ DONE | 57424 | 0 responsáveis | 224/1760 (12.7%) | Falhas: 0
11:52:21 | INFO     | [11:52:21] ✅ DONE | 57478 | 0 responsáveis | 225/1760 (12.8%) | Falhas: 0
11:52:21 | INFO     | [11:52:21] ✅ DONE | 71855 | 0 responsáveis | 226/1760 (12.8%) | Falhas: 0
11:52:21 | INFO     | [11:52:21] ✅ DONE | 71895 | 0 responsáveis | 227/1760 (12.9%) | Falhas: 0
11:52:21 | INFO     | [11:52:21] ✅ DONE | 71894 | 0 responsáveis | 228/1760 (13.0%) | Falhas: 0
11:52:21 | INFO     | [11:52:21] ✅ DONE | 71957 | 0 responsáveis | 229/1760 (13.0%) | Falhas: 0
11:52:21 | INFO     | [11:52:21] ✅ DONE | 72002 | 0 responsáveis | 230/1760 (13.1%) | Falhas: 0
11:52:21 | INFO     | [11:52:21] ✅ DONE | 107889 | 0 responsáveis | 231/1760 (13.1%) | Falhas: 0
11:52:21 | INFO     | [11:52:21] ✅ DONE | 102613 | 0 responsáveis | 232/1760 (13.2%) | Falhas: 0
11:52:21 | INFO     | [11:52:21] ✅ DONE | 91332 | 0 responsáveis | 233/1760 (13.2%) | Falhas: 0
11:52:21 | INFO     | [11:52:21] ✅ DONE | 115316 | 0 responsáveis | 234/1760 (13.3%) | Falhas: 0
11:52:21 | INFO     | [11:52:21] ✅ DONE | 119883 | 0 responsáveis | 235/1760 (13.4%) | Falhas: 0
11:52:21 | INFO     | [11:52:21] ✅ DONE | 128221 | 0 responsáveis | 236/1760 (13.4%) | Falhas: 0
11:52:21 | INFO     | [11:52:21] ✅ DONE | 135617 | 0 responsáveis | 237/1760 (13.5%) | Falhas: 0
11:52:21 | INFO     | [11:52:21] ✅ DONE | 150107 | 0 responsáveis | 238/1760 (13.5%) | Falhas: 0
11:52:21 | INFO     | [11:52:21] ✅ DONE | 155962 | 0 responsáveis | 239/1760 (13.6%) | Falhas: 0
11:52:22 | INFO     | [11:52:22] ✅ DONE | 160016 | 0 responsáveis | 240/1760 (13.6%) | Falhas: 0
11:52:22 | INFO     | [11:52:22] ✅ DONE | 178154 | 0 responsáveis | 241/1760 (13.7%) | Falhas: 0
11:52:22 | INFO     | [11:52:22] ✅ DONE | 189936 | 1 responsáveis | 242/1760 (13.8%) | Falhas: 0
11:52:22 | INFO     | [11:52:22] ✅ DONE | 202011 | 8 responsáveis | 243/1760 (13.8%) | Falhas: 0
11:52:22 | INFO     | [11:52:22] ✅ DONE | 226989 | 0 responsáveis | 244/1760 (13.9%) | Falhas: 0
11:52:22 | INFO     | [11:52:22] ✅ DONE | 243966 | 0 responsáveis | 245/1760 (13.9%) | Falhas: 0
11:52:22 | INFO     | [11:52:22] ✅ DONE | 261726 | 0 responsáveis | 246/1760 (14.0%) | Falhas: 0
11:52:22 | INFO     | [11:52:22] ✅ DONE | 337103 | 4 responsáveis | 247/1760 (14.0%) | Falhas: 0
11:52:22 | INFO     | [11:52:22] ✅ DONE | 264135 | 0 responsáveis | 248/1760 (14.1%) | Falhas: 0
11:52:22 | INFO     | [11:52:22] ✅ DONE | 394596 | 0 responsáveis | 249/1760 (14.1%) | Falhas: 0
11:52:22 | INFO     | [11:52:22] ✅ DONE | 412725 | 0 responsáveis | 250/1760 (14.2%) | Falhas: 0
11:52:22 | INFO     | [11:52:22] ✅ DONE | 413767 | 0 responsáveis | 251/1760 (14.3%) | Falhas: 0
11:52:22 | INFO     | [11:52:22] ✅ DONE | 430728 | 0 responsáveis | 252/1760 (14.3%) | Falhas: 0
11:52:22 | INFO     | [11:52:22] ✅ DONE | 438873 | 2 responsáveis | 253/1760 (14.4%) | Falhas: 0
11:52:22 | INFO     | [11:52:22] ✅ DONE | 439074 | 0 responsáveis | 254/1760 (14.4%) | Falhas: 0
11:52:22 | INFO     | [11:52:22] ✅ DONE | 439447 | 0 responsáveis | 255/1760 (14.5%) | Falhas: 0
11:52:22 | INFO     | [11:52:22] ✅ DONE | 439513 | 0 responsáveis | 256/1760 (14.5%) | Falhas: 0
11:52:23 | INFO     | [11:52:23] ✅ DONE | 439757 | 0 responsáveis | 257/1760 (14.6%) | Falhas: 0
11:52:23 | INFO     | [11:52:23] ✅ DONE | 439960 | 0 responsáveis | 258/1760 (14.7%) | Falhas: 0
11:52:23 | INFO     | [11:52:23] ✅ DONE | 443915 | 0 responsáveis | 259/1760 (14.7%) | Falhas: 0
11:52:23 | INFO     | [11:52:23] ✅ DONE | 443955 | 0 responsáveis | 260/1760 (14.8%) | Falhas: 0
11:52:23 | INFO     | [11:52:23] ✅ DONE | 464052 | 0 responsáveis | 261/1760 (14.8%) | Falhas: 0
11:52:23 | INFO     | [11:52:23] ✅ DONE | 473280 | 3 responsáveis | 262/1760 (14.9%) | Falhas: 0
11:52:23 | INFO     | [11:52:23] ✅ DONE | 476603 | 0 responsáveis | 263/1760 (14.9%) | Falhas: 0
11:52:23 | INFO     | [11:52:23] ✅ DONE | 477319 | 0 responsáveis | 264/1760 (15.0%) | Falhas: 0
11:52:23 | INFO     | [11:52:23] ✅ DONE | 479202 | 0 responsáveis | 265/1760 (15.1%) | Falhas: 0
11:52:23 | INFO     | [11:52:23] ✅ DONE | 482217 | 0 responsáveis | 266/1760 (15.1%) | Falhas: 0
11:52:23 | INFO     | [11:52:23] ✅ DONE | 482218 | 0 responsáveis | 267/1760 (15.2%) | Falhas: 0
11:52:23 | INFO     | [11:52:23] ✅ DONE | 482219 | 0 responsáveis | 268/1760 (15.2%) | Falhas: 0
11:52:23 | INFO     | [11:52:23] ✅ DONE | 482220 | 0 responsáveis | 269/1760 (15.3%) | Falhas: 0
11:52:23 | INFO     | [11:52:23] ✅ DONE | 484154 | 0 responsáveis | 270/1760 (15.3%) | Falhas: 0
11:52:23 | INFO     | [11:52:23] ✅ DONE | 482585 | 0 responsáveis | 271/1760 (15.4%) | Falhas: 0
11:52:23 | INFO     | [11:52:23] ✅ DONE | 493729 | 0 responsáveis | 272/1760 (15.5%) | Falhas: 0
11:52:23 | INFO     | [11:52:23] ✅ DONE | 496526 | 0 responsáveis | 273/1760 (15.5%) | Falhas: 0
11:52:24 | INFO     | [11:52:24] ✅ DONE | 498198 | 0 responsáveis | 274/1760 (15.6%) | Falhas: 0
11:52:24 | INFO     | [11:52:24] ✅ DONE | 500603 | 2 responsáveis | 275/1760 (15.6%) | Falhas: 0
11:52:24 | INFO     | [11:52:24] ✅ DONE | 500687 | 0 responsáveis | 276/1760 (15.7%) | Falhas: 0
11:52:24 | INFO     | [11:52:24] ✅ DONE | 500719 | 0 responsáveis | 277/1760 (15.7%) | Falhas: 0
11:52:24 | INFO     | [11:52:24] ✅ DONE | 501823 | 0 responsáveis | 278/1760 (15.8%) | Falhas: 0
11:52:24 | INFO     | [11:52:24] ✅ DONE | 506254 | 0 responsáveis | 279/1760 (15.9%) | Falhas: 0
11:52:24 | INFO     | [11:52:24] ✅ DONE | 508396 | 0 responsáveis | 280/1760 (15.9%) | Falhas: 0
11:52:24 | INFO     | [11:52:24] ✅ DONE | 520342 | 2 responsáveis | 281/1760 (16.0%) | Falhas: 0
11:52:24 | INFO     | [11:52:24] ✅ DONE | 522603 | 0 responsáveis | 282/1760 (16.0%) | Falhas: 0
11:52:24 | INFO     | [11:52:24] ✅ DONE | 534550 | 0 responsáveis | 283/1760 (16.1%) | Falhas: 0
11:52:24 | INFO     | [11:52:24] ✅ DONE | 532704 | 0 responsáveis | 284/1760 (16.1%) | Falhas: 0
11:52:24 | INFO     | [11:52:24] ✅ DONE | 536897 | 0 responsáveis | 285/1760 (16.2%) | Falhas: 0
11:52:24 | INFO     | [11:52:24] ✅ DONE | 559731 | 0 responsáveis | 286/1760 (16.2%) | Falhas: 0
11:52:24 | INFO     | [11:52:24] ✅ DONE | 559772 | 0 responsáveis | 287/1760 (16.3%) | Falhas: 0
11:52:24 | INFO     | [11:52:24] ✅ DONE | 561554 | 0 responsáveis | 288/1760 (16.4%) | Falhas: 0
11:52:24 | INFO     | [11:52:24] ✅ DONE | 561582 | 0 responsáveis | 289/1760 (16.4%) | Falhas: 0
11:52:24 | INFO     | [11:52:24] ✅ DONE | 580361 | 0 responsáveis | 290/1760 (16.5%) | Falhas: 0
11:52:25 | INFO     | [11:52:25] ✅ DONE | 582820 | 0 responsáveis | 291/1760 (16.5%) | Falhas: 0
11:52:25 | INFO     | [11:52:25] ✅ DONE | 582850 | 0 responsáveis | 292/1760 (16.6%) | Falhas: 0
11:52:25 | INFO     | [11:52:25] ✅ DONE | 582872 | 0 responsáveis | 293/1760 (16.6%) | Falhas: 0
11:52:25 | INFO     | [11:52:25] ✅ DONE | 582889 | 0 responsáveis | 294/1760 (16.7%) | Falhas: 0
11:52:25 | INFO     | [11:52:25] ✅ DONE | 591352 | 0 responsáveis | 295/1760 (16.8%) | Falhas: 0
11:52:25 | INFO     | [11:52:25] ✅ DONE | 600008 | 0 responsáveis | 296/1760 (16.8%) | Falhas: 0
11:52:25 | INFO     | [11:52:25] ✅ DONE | 609600 | 0 responsáveis | 297/1760 (16.9%) | Falhas: 0
11:52:25 | INFO     | [11:52:25] ✅ DONE | 609607 | 0 responsáveis | 298/1760 (16.9%) | Falhas: 0
11:52:25 | INFO     | [11:52:25] ✅ DONE | 635357 | 0 responsáveis | 299/1760 (17.0%) | Falhas: 0
11:52:25 | INFO     | [11:52:25] ✅ DONE | 638445 | 0 responsáveis | 300/1760 (17.0%) | Falhas: 0
11:52:25 | INFO     | [11:52:25] ✅ DONE | 651546 | 0 responsáveis | 301/1760 (17.1%) | Falhas: 0
11:52:25 | INFO     | [11:52:25] ✅ DONE | 635716 | 0 responsáveis | 302/1760 (17.2%) | Falhas: 0
11:52:25 | INFO     | [11:52:25] ✅ DONE | 678031 | 0 responsáveis | 303/1760 (17.2%) | Falhas: 0
11:52:25 | INFO     | [11:52:25] ✅ DONE | 687119 | 0 responsáveis | 304/1760 (17.3%) | Falhas: 0
11:52:25 | INFO     | [11:52:25] ✅ DONE | 690056 | 0 responsáveis | 305/1760 (17.3%) | Falhas: 0
11:52:25 | INFO     | [11:52:25] ✅ DONE | 708477 | 0 responsáveis | 306/1760 (17.4%) | Falhas: 0
11:52:26 | INFO     | [11:52:26] ✅ DONE | 750024 | 0 responsáveis | 307/1760 (17.4%) | Falhas: 0
11:52:26 | INFO     | [11:52:26] ✅ DONE | 775071 | 4 responsáveis | 308/1760 (17.5%) | Falhas: 0
11:52:26 | INFO     | [11:52:26] ✅ DONE | 775503 | 0 responsáveis | 309/1760 (17.6%) | Falhas: 0
11:52:26 | INFO     | [11:52:26] ✅ DONE | 784356 | 0 responsáveis | 310/1760 (17.6%) | Falhas: 0
11:52:26 | INFO     | [11:52:26] ✅ DONE | 787841 | 0 responsáveis | 311/1760 (17.7%) | Falhas: 0
11:52:26 | INFO     | [11:52:26] ✅ DONE | 800300 | 0 responsáveis | 312/1760 (17.7%) | Falhas: 0
11:52:26 | INFO     | [11:52:26] ✅ DONE | 803509 | 0 responsáveis | 313/1760 (17.8%) | Falhas: 0
11:52:26 | INFO     | [11:52:26] ✅ DONE | 813766 | 0 responsáveis | 314/1760 (17.8%) | Falhas: 0
11:52:26 | INFO     | [11:52:26] ✅ DONE | 828694 | 0 responsáveis | 315/1760 (17.9%) | Falhas: 0
11:52:26 | INFO     | [11:52:26] ✅ DONE | 833659 | 0 responsáveis | 316/1760 (18.0%) | Falhas: 0
11:52:26 | INFO     | [11:52:26] ✅ DONE | 831360 | 0 responsáveis | 317/1760 (18.0%) | Falhas: 0
11:52:26 | INFO     | [11:52:26] ✅ DONE | 854815 | 0 responsáveis | 318/1760 (18.1%) | Falhas: 0
11:52:26 | INFO     | [11:52:26] ✅ DONE | 854871 | 0 responsáveis | 319/1760 (18.1%) | Falhas: 0
11:52:26 | INFO     | [11:52:26] ✅ DONE | 856720 | 0 responsáveis | 320/1760 (18.2%) | Falhas: 0
11:52:26 | INFO     | [11:52:26] ✅ DONE | 861945 | 0 responsáveis | 321/1760 (18.2%) | Falhas: 0
11:52:26 | INFO     | [11:52:26] ✅ DONE | 865495 | 0 responsáveis | 322/1760 (18.3%) | Falhas: 0
11:52:26 | INFO     | [11:52:26] ✅ DONE | 865536 | 0 responsáveis | 323/1760 (18.4%) | Falhas: 0
11:52:26 | INFO     | [11:52:26] ✅ DONE | 865554 | 0 responsáveis | 324/1760 (18.4%) | Falhas: 0
11:52:27 | INFO     | [11:52:27] ✅ DONE | 865980 | 0 responsáveis | 325/1760 (18.5%) | Falhas: 0
11:52:27 | INFO     | [11:52:27] ✅ DONE | 867060 | 2 responsáveis | 326/1760 (18.5%) | Falhas: 0
11:52:27 | INFO     | [11:52:27] ✅ DONE | 868671 | 0 responsáveis | 327/1760 (18.6%) | Falhas: 0
11:52:27 | INFO     | [11:52:27] ✅ DONE | 869093 | 0 responsáveis | 328/1760 (18.6%) | Falhas: 0
11:52:27 | INFO     | [11:52:27] ✅ DONE | 869114 | 0 responsáveis | 329/1760 (18.7%) | Falhas: 0
11:52:27 | INFO     | [11:52:27] ✅ DONE | 869131 | 0 responsáveis | 330/1760 (18.8%) | Falhas: 0
11:52:27 | INFO     | [11:52:27] ✅ DONE | 871095 | 0 responsáveis | 331/1760 (18.8%) | Falhas: 0
11:52:27 | INFO     | [11:52:27] ✅ DONE | 873570 | 0 responsáveis | 332/1760 (18.9%) | Falhas: 0
11:52:27 | INFO     | [11:52:27] ✅ DONE | 882687 | 0 responsáveis | 333/1760 (18.9%) | Falhas: 0
11:52:27 | INFO     | [11:52:27] ✅ DONE | 897575 | 0 responsáveis | 334/1760 (19.0%) | Falhas: 0
11:52:27 | INFO     | [11:52:27] ✅ DONE | 904642 | 0 responsáveis | 335/1760 (19.0%) | Falhas: 0
11:52:27 | INFO     | [11:52:27] ✅ DONE | 914631 | 0 responsáveis | 336/1760 (19.1%) | Falhas: 0
11:52:27 | INFO     | [11:52:27] ✅ DONE | 933364 | 0 responsáveis | 337/1760 (19.1%) | Falhas: 0
11:52:27 | INFO     | [11:52:27] ✅ DONE | 933959 | 0 responsáveis | 338/1760 (19.2%) | Falhas: 0
11:52:27 | INFO     | [11:52:27] ✅ DONE | 934522 | 0 responsáveis | 339/1760 (19.3%) | Falhas: 0
11:52:27 | INFO     | [11:52:27] ✅ DONE | 935272 | 0 responsáveis | 340/1760 (19.3%) | Falhas: 0
11:52:27 | INFO     | [11:52:27] ✅ DONE | 942149 | 0 responsáveis | 341/1760 (19.4%) | Falhas: 0
11:52:27 | INFO     | [11:52:27] ✅ DONE | 944979 | 0 responsáveis | 342/1760 (19.4%) | Falhas: 0
11:52:27 | INFO     | [11:52:27] ✅ DONE | 947397 | 0 responsáveis | 343/1760 (19.5%) | Falhas: 0
11:52:28 | INFO     | [11:52:28] ✅ DONE | 947398 | 0 responsáveis | 344/1760 (19.5%) | Falhas: 0
11:52:28 | INFO     | [11:52:28] ✅ DONE | 947980 | 0 responsáveis | 345/1760 (19.6%) | Falhas: 0
11:52:28 | INFO     | [11:52:28] ✅ DONE | 948472 | 0 responsáveis | 346/1760 (19.7%) | Falhas: 0
11:52:28 | INFO     | [11:52:28] ✅ DONE | 961451 | 0 responsáveis | 347/1760 (19.7%) | Falhas: 0
11:52:28 | INFO     | [11:52:28] ✅ DONE | 961453 | 0 responsáveis | 348/1760 (19.8%) | Falhas: 0
11:52:28 | INFO     | [11:52:28] ✅ DONE | 961452 | 0 responsáveis | 349/1760 (19.8%) | Falhas: 0
11:52:28 | INFO     | [11:52:28] ✅ DONE | 974987 | 0 responsáveis | 350/1760 (19.9%) | Falhas: 0
11:52:28 | INFO     | [11:52:28] ✅ DONE | 978466 | 0 responsáveis | 351/1760 (19.9%) | Falhas: 0
11:52:28 | INFO     | [11:52:28] ✅ DONE | 997496 | 0 responsáveis | 352/1760 (20.0%) | Falhas: 0
11:52:28 | INFO     | [11:52:28] ✅ DONE | 999096 | 0 responsáveis | 353/1760 (20.1%) | Falhas: 0
11:52:28 | INFO     | [11:52:28] ✅ DONE | 1019036 | 0 responsáveis | 354/1760 (20.1%) | Falhas: 0
11:52:28 | INFO     | [11:52:28] ✅ DONE | 1021962 | 0 responsáveis | 355/1760 (20.2%) | Falhas: 0
11:52:28 | INFO     | [11:52:28] ✅ DONE | 1022729 | 0 responsáveis | 356/1760 (20.2%) | Falhas: 0
11:52:28 | INFO     | [11:52:28] ✅ DONE | 1024330 | 0 responsáveis | 357/1760 (20.3%) | Falhas: 0
11:52:28 | INFO     | [11:52:28] ✅ DONE | 1024534 | 0 responsáveis | 358/1760 (20.3%) | Falhas: 0
11:52:28 | INFO     | [11:52:28] ✅ DONE | 1025723 | 0 responsáveis | 359/1760 (20.4%) | Falhas: 0
11:52:29 | INFO     | [11:52:29] ✅ DONE | 1028010 | 0 responsáveis | 360/1760 (20.5%) | Falhas: 0
11:52:29 | INFO     | [11:52:29] ✅ DONE | 1028114 | 0 responsáveis | 361/1760 (20.5%) | Falhas: 0
11:52:29 | INFO     | [11:52:29] ✅ DONE | 42823 | 3 responsáveis | 362/1760 (20.6%) | Falhas: 0
11:52:29 | INFO     | [11:52:29] ✅ DONE | 43360 | 0 responsáveis | 363/1760 (20.6%) | Falhas: 0
11:52:29 | INFO     | [11:52:29] ✅ DONE | 44357 | 4 responsáveis | 364/1760 (20.7%) | Falhas: 0
11:52:29 | INFO     | [11:52:29] ✅ DONE | 71644 | 4 responsáveis | 365/1760 (20.7%) | Falhas: 0
11:52:29 | INFO     | [11:52:29] ✅ DONE | 71812 | 2 responsáveis | 366/1760 (20.8%) | Falhas: 0
11:52:29 | INFO     | [11:52:29] ✅ DONE | 71836 | 7 responsáveis | 367/1760 (20.9%) | Falhas: 0
11:52:29 | INFO     | [11:52:29] ✅ DONE | 71854 | 7 responsáveis | 368/1760 (20.9%) | Falhas: 0
11:52:29 | INFO     | [11:52:29] ✅ DONE | 71866 | 5 responsáveis | 369/1760 (21.0%) | Falhas: 0
11:52:29 | INFO     | [11:52:29] ✅ DONE | 71940 | 5 responsáveis | 370/1760 (21.0%) | Falhas: 0
11:52:29 | INFO     | [11:52:29] ✅ DONE | 90822 | 6 responsáveis | 371/1760 (21.1%) | Falhas: 0
11:52:29 | INFO     | [11:52:29] ✅ DONE | 71986 | 4 responsáveis | 372/1760 (21.1%) | Falhas: 0
11:52:29 | INFO     | [11:52:29] ✅ DONE | 127956 | 3 responsáveis | 373/1760 (21.2%) | Falhas: 0
11:52:29 | INFO     | [11:52:29] ✅ DONE | 317345 | 7 responsáveis | 374/1760 (21.2%) | Falhas: 0
11:52:29 | INFO     | [11:52:29] ✅ DONE | 326097 | 5 responsáveis | 375/1760 (21.3%) | Falhas: 0
11:52:29 | INFO     | [11:52:29] ✅ DONE | 326116 | 5 responsáveis | 376/1760 (21.4%) | Falhas: 0
11:52:29 | INFO     | [11:52:29] ✅ DONE | 326127 | 5 responsáveis | 377/1760 (21.4%) | Falhas: 0
11:52:30 | INFO     | [11:52:30] ✅ DONE | 326138 | 5 responsáveis | 378/1760 (21.5%) | Falhas: 0
11:52:30 | INFO     | [11:52:30] ✅ DONE | 327832 | 4 responsáveis | 379/1760 (21.5%) | Falhas: 0
11:52:30 | INFO     | [11:52:30] ✅ DONE | 343275 | 4 responsáveis | 380/1760 (21.6%) | Falhas: 0
11:52:30 | INFO     | [11:52:30] ✅ DONE | 407097 | 0 responsáveis | 381/1760 (21.6%) | Falhas: 0
11:52:30 | INFO     | [11:52:30] ✅ DONE | 401686 | 5 responsáveis | 382/1760 (21.7%) | Falhas: 0
11:52:30 | INFO     | [11:52:30] ✅ DONE | 414358 | 0 responsáveis | 383/1760 (21.8%) | Falhas: 0
11:52:30 | INFO     | [11:52:30] ✅ DONE | 414324 | 0 responsáveis | 384/1760 (21.8%) | Falhas: 0
11:52:30 | INFO     | [11:52:30] ✅ DONE | 415606 | 0 responsáveis | 385/1760 (21.9%) | Falhas: 0
11:52:30 | INFO     | [11:52:30] ✅ DONE | 417715 | 6 responsáveis | 386/1760 (21.9%) | Falhas: 0
11:52:30 | INFO     | [11:52:30] ✅ DONE | 417757 | 0 responsáveis | 387/1760 (22.0%) | Falhas: 0
11:52:30 | INFO     | [11:52:30] ✅ DONE | 417925 | 0 responsáveis | 388/1760 (22.0%) | Falhas: 0
11:52:30 | INFO     | [11:52:30] ✅ DONE | 419618 | 0 responsáveis | 389/1760 (22.1%) | Falhas: 0
11:52:30 | INFO     | [11:52:30] ✅ DONE | 420254 | 0 responsáveis | 390/1760 (22.2%) | Falhas: 0
11:52:30 | INFO     | [11:52:30] ✅ DONE | 421190 | 0 responsáveis | 391/1760 (22.2%) | Falhas: 0
11:52:30 | INFO     | [11:52:30] ✅ DONE | 421902 | 0 responsáveis | 392/1760 (22.3%) | Falhas: 0
11:52:30 | INFO     | [11:52:30] ✅ DONE | 423393 | 0 responsáveis | 393/1760 (22.3%) | Falhas: 0
11:52:30 | INFO     | [11:52:30] ✅ DONE | 425431 | 0 responsáveis | 394/1760 (22.4%) | Falhas: 0
11:52:30 | INFO     | [11:52:30] ✅ DONE | 428194 | 0 responsáveis | 395/1760 (22.4%) | Falhas: 0
11:52:31 | INFO     | [11:52:31] ✅ DONE | 428350 | 0 responsáveis | 396/1760 (22.5%) | Falhas: 0
11:52:31 | INFO     | [11:52:31] ✅ DONE | 430235 | 0 responsáveis | 397/1760 (22.6%) | Falhas: 0
11:52:31 | INFO     | [11:52:31] ✅ DONE | 431204 | 0 responsáveis | 398/1760 (22.6%) | Falhas: 0
11:52:31 | INFO     | [11:52:31] ✅ DONE | 430891 | 0 responsáveis | 399/1760 (22.7%) | Falhas: 0
11:52:31 | INFO     | [11:52:31] ✅ DONE | 432844 | 0 responsáveis | 400/1760 (22.7%) | Falhas: 0
11:52:31 | INFO     | [11:52:31] ✅ DONE | 439455 | 0 responsáveis | 401/1760 (22.8%) | Falhas: 0
11:52:31 | INFO     | [11:52:31] ✅ DONE | 440152 | 0 responsáveis | 402/1760 (22.8%) | Falhas: 0
11:52:31 | INFO     | [11:52:31] ✅ DONE | 440085 | 0 responsáveis | 403/1760 (22.9%) | Falhas: 0
11:52:31 | INFO     | [11:52:31] ✅ DONE | 440796 | 0 responsáveis | 404/1760 (23.0%) | Falhas: 0
11:52:31 | INFO     | [11:52:31] ✅ DONE | 443995 | 0 responsáveis | 405/1760 (23.0%) | Falhas: 0
11:52:31 | INFO     | [11:52:31] ✅ DONE | 440828 | 0 responsáveis | 406/1760 (23.1%) | Falhas: 0
11:52:31 | INFO     | [11:52:31] ✅ DONE | 445452 | 0 responsáveis | 407/1760 (23.1%) | Falhas: 0
11:52:31 | INFO     | [11:52:31] ✅ DONE | 445482 | 0 responsáveis | 408/1760 (23.2%) | Falhas: 0
11:52:31 | INFO     | [11:52:31] ✅ DONE | 447476 | 0 responsáveis | 409/1760 (23.2%) | Falhas: 0
11:52:31 | INFO     | [11:52:31] ✅ DONE | 447573 | 0 responsáveis | 410/1760 (23.3%) | Falhas: 0
11:52:31 | INFO     | [11:52:31] ✅ DONE | 449073 | 0 responsáveis | 411/1760 (23.4%) | Falhas: 0
11:52:31 | INFO     | [11:52:31] ✅ DONE | 448049 | 0 responsáveis | 412/1760 (23.4%) | Falhas: 0
11:52:32 | INFO     | [11:52:32] ✅ DONE | 455926 | 0 responsáveis | 413/1760 (23.5%) | Falhas: 0
11:52:32 | INFO     | [11:52:32] ✅ DONE | 449988 | 0 responsáveis | 414/1760 (23.5%) | Falhas: 0
11:52:32 | INFO     | [11:52:32] ✅ DONE | 456805 | 0 responsáveis | 415/1760 (23.6%) | Falhas: 0
11:52:32 | INFO     | [11:52:32] ✅ DONE | 461851 | 0 responsáveis | 416/1760 (23.6%) | Falhas: 0
11:52:32 | INFO     | [11:52:32] ✅ DONE | 464201 | 0 responsáveis | 417/1760 (23.7%) | Falhas: 0
11:52:32 | INFO     | [11:52:32] ✅ DONE | 457591 | 0 responsáveis | 418/1760 (23.8%) | Falhas: 0
11:52:32 | INFO     | [11:52:32] ✅ DONE | 465210 | 0 responsáveis | 419/1760 (23.8%) | Falhas: 0
11:52:32 | INFO     | [11:52:32] ✅ DONE | 469772 | 0 responsáveis | 420/1760 (23.9%) | Falhas: 0
11:52:32 | INFO     | [11:52:32] ✅ DONE | 465222 | 0 responsáveis | 421/1760 (23.9%) | Falhas: 0
11:52:32 | INFO     | [11:52:32] ✅ DONE | 470967 | 0 responsáveis | 422/1760 (24.0%) | Falhas: 0
11:52:32 | INFO     | [11:52:32] ✅ DONE | 470981 | 0 responsáveis | 423/1760 (24.0%) | Falhas: 0
11:52:32 | INFO     | [11:52:32] ✅ DONE | 471358 | 0 responsáveis | 424/1760 (24.1%) | Falhas: 0
11:52:32 | INFO     | [11:52:32] ✅ DONE | 471351 | 0 responsáveis | 425/1760 (24.1%) | Falhas: 0
11:52:32 | INFO     | [11:52:32] ✅ DONE | 473236 | 0 responsáveis | 426/1760 (24.2%) | Falhas: 0
11:52:32 | INFO     | [11:52:32] ✅ DONE | 473005 | 0 responsáveis | 427/1760 (24.3%) | Falhas: 0
11:52:32 | INFO     | [11:52:32] ✅ DONE | 474003 | 0 responsáveis | 428/1760 (24.3%) | Falhas: 0
11:52:32 | INFO     | [11:52:32] ✅ DONE | 474020 | 0 responsáveis | 429/1760 (24.4%) | Falhas: 0
11:52:33 | INFO     | [11:52:33] ✅ DONE | 474903 | 0 responsáveis | 430/1760 (24.4%) | Falhas: 0
11:52:33 | INFO     | [11:52:33] ✅ DONE | 479049 | 0 responsáveis | 431/1760 (24.5%) | Falhas: 0
11:52:33 | INFO     | [11:52:33] ✅ DONE | 477259 | 0 responsáveis | 432/1760 (24.5%) | Falhas: 0
11:52:33 | INFO     | [11:52:33] ✅ DONE | 477710 | 0 responsáveis | 433/1760 (24.6%) | Falhas: 0
11:52:33 | INFO     | [11:52:33] ✅ DONE | 479070 | 0 responsáveis | 434/1760 (24.7%) | Falhas: 0
11:52:33 | INFO     | [11:52:33] ✅ DONE | 483897 | 0 responsáveis | 435/1760 (24.7%) | Falhas: 0
11:52:33 | INFO     | [11:52:33] ✅ DONE | 485595 | 0 responsáveis | 436/1760 (24.8%) | Falhas: 0
11:52:33 | INFO     | [11:52:33] ✅ DONE | 487118 | 4 responsáveis | 437/1760 (24.8%) | Falhas: 0
11:52:33 | INFO     | [11:52:33] ✅ DONE | 488859 | 0 responsáveis | 438/1760 (24.9%) | Falhas: 0
11:52:33 | INFO     | [11:52:33] ✅ DONE | 489191 | 0 responsáveis | 439/1760 (24.9%) | Falhas: 0
11:52:33 | INFO     | [11:52:33] ✅ DONE | 488860 | 0 responsáveis | 440/1760 (25.0%) | Falhas: 0
11:52:33 | INFO     | [11:52:33] ✅ DONE | 504580 | 0 responsáveis | 441/1760 (25.1%) | Falhas: 0
11:52:33 | INFO     | [11:52:33] ✅ DONE | 504749 | 0 responsáveis | 442/1760 (25.1%) | Falhas: 0
11:52:33 | INFO     | [11:52:33] ✅ DONE | 508033 | 0 responsáveis | 443/1760 (25.2%) | Falhas: 0
11:52:33 | INFO     | [11:52:33] ✅ DONE | 519999 | 0 responsáveis | 444/1760 (25.2%) | Falhas: 0
11:52:33 | INFO     | [11:52:33] ✅ DONE | 522201 | 6 responsáveis | 445/1760 (25.3%) | Falhas: 0
11:52:34 | INFO     | [11:52:34] ✅ DONE | 531017 | 0 responsáveis | 446/1760 (25.3%) | Falhas: 0
11:52:34 | INFO     | [11:52:34] ✅ DONE | 531917 | 0 responsáveis | 447/1760 (25.4%) | Falhas: 0
11:52:34 | INFO     | [11:52:34] ✅ DONE | 531021 | 0 responsáveis | 448/1760 (25.5%) | Falhas: 0
11:52:34 | INFO     | [11:52:34] ✅ DONE | 560141 | 0 responsáveis | 449/1760 (25.5%) | Falhas: 0
11:52:34 | INFO     | [11:52:34] ✅ DONE | 560676 | 0 responsáveis | 450/1760 (25.6%) | Falhas: 0
11:52:34 | INFO     | [11:52:34] ✅ DONE | 579634 | 0 responsáveis | 451/1760 (25.6%) | Falhas: 0
11:52:34 | INFO     | [11:52:34] ✅ DONE | 591523 | 0 responsáveis | 452/1760 (25.7%) | Falhas: 0
11:52:34 | INFO     | [11:52:34] ✅ DONE | 596659 | 0 responsáveis | 453/1760 (25.7%) | Falhas: 0
11:52:34 | INFO     | [11:52:34] ✅ DONE | 600240 | 0 responsáveis | 454/1760 (25.8%) | Falhas: 0
11:52:34 | INFO     | [11:52:34] ✅ DONE | 595492 | 4 responsáveis | 455/1760 (25.9%) | Falhas: 0
11:52:34 | INFO     | [11:52:34] ✅ DONE | 602133 | 0 responsáveis | 456/1760 (25.9%) | Falhas: 0
11:52:34 | INFO     | [11:52:34] ✅ DONE | 608477 | 4 responsáveis | 457/1760 (26.0%) | Falhas: 0
11:52:34 | INFO     | [11:52:34] ✅ DONE | 612961 | 0 responsáveis | 458/1760 (26.0%) | Falhas: 0
11:52:34 | INFO     | [11:52:34] ✅ DONE | 609344 | 0 responsáveis | 459/1760 (26.1%) | Falhas: 0
11:52:34 | INFO     | [11:52:34] ✅ DONE | 614184 | 0 responsáveis | 460/1760 (26.1%) | Falhas: 0
11:52:34 | INFO     | [11:52:34] ✅ DONE | 629452 | 0 responsáveis | 461/1760 (26.2%) | Falhas: 0
11:52:34 | INFO     | [11:52:34] ✅ DONE | 646974 | 0 responsáveis | 462/1760 (26.2%) | Falhas: 0
11:52:34 | INFO     | [11:52:34] ✅ DONE | 675397 | 0 responsáveis | 463/1760 (26.3%) | Falhas: 0
11:52:34 | INFO     | [11:52:34] ✅ DONE | 660346 | 4 responsáveis | 464/1760 (26.4%) | Falhas: 0
11:52:35 | INFO     | [11:52:35] ✅ DONE | 730365 | 4 responsáveis | 465/1760 (26.4%) | Falhas: 0
11:52:35 | INFO     | [11:52:35] ✅ DONE | 694687 | 0 responsáveis | 466/1760 (26.5%) | Falhas: 0
11:52:35 | INFO     | [11:52:35] ✅ DONE | 748083 | 6 responsáveis | 467/1760 (26.5%) | Falhas: 0
11:52:35 | INFO     | [11:52:35] ✅ DONE | 749015 | 7 responsáveis | 468/1760 (26.6%) | Falhas: 0
11:52:35 | INFO     | [11:52:35] ✅ DONE | 767798 | 6 responsáveis | 469/1760 (26.6%) | Falhas: 0
11:52:35 | INFO     | [11:52:35] ✅ DONE | 870200 | 6 responsáveis | 470/1760 (26.7%) | Falhas: 0
11:52:35 | INFO     | [11:52:35] ✅ DONE | 902727 | 4 responsáveis | 471/1760 (26.8%) | Falhas: 0
11:52:35 | INFO     | [11:52:35] ✅ DONE | 902769 | 4 responsáveis | 472/1760 (26.8%) | Falhas: 0
11:52:35 | INFO     | [11:52:35] ✅ DONE | 902774 | 4 responsáveis | 473/1760 (26.9%) | Falhas: 0
11:52:35 | INFO     | [11:52:35] ✅ DONE | 902838 | 4 responsáveis | 474/1760 (26.9%) | Falhas: 0
11:52:35 | INFO     | [11:52:35] ✅ DONE | 902842 | 4 responsáveis | 475/1760 (27.0%) | Falhas: 0
11:52:35 | INFO     | [11:52:35] ✅ DONE | 935587 | 0 responsáveis | 476/1760 (27.0%) | Falhas: 0
11:52:35 | INFO     | [11:52:35] ✅ DONE | 969353 | 0 responsáveis | 477/1760 (27.1%) | Falhas: 0
11:52:35 | INFO     | [11:52:35] ✅ DONE | 974642 | 0 responsáveis | 478/1760 (27.2%) | Falhas: 0
11:52:35 | INFO     | [11:52:35] ✅ DONE | 974918 | 0 responsáveis | 479/1760 (27.2%) | Falhas: 0
11:52:35 | INFO     | [11:52:35] ✅ DONE | 976308 | 0 responsáveis | 480/1760 (27.3%) | Falhas: 0
11:52:35 | INFO     | [11:52:35] ✅ DONE | 976309 | 0 responsáveis | 481/1760 (27.3%) | Falhas: 0
11:52:35 | INFO     | [11:52:35] ✅ DONE | 978642 | 0 responsáveis | 482/1760 (27.4%) | Falhas: 0
11:52:36 | INFO     | [11:52:36] ✅ DONE | 979776 | 0 responsáveis | 483/1760 (27.4%) | Falhas: 0
11:52:36 | INFO     | [11:52:36] ✅ DONE | 979764 | 0 responsáveis | 484/1760 (27.5%) | Falhas: 0
11:52:36 | INFO     | [11:52:36] ✅ DONE | 981262 | 0 responsáveis | 485/1760 (27.6%) | Falhas: 0
11:52:36 | INFO     | [11:52:36] ✅ DONE | 986301 | 0 responsáveis | 486/1760 (27.6%) | Falhas: 0
11:52:36 | INFO     | [11:52:36] ✅ DONE | 989038 | 0 responsáveis | 487/1760 (27.7%) | Falhas: 0
11:52:36 | INFO     | [11:52:36] ✅ DONE | 989153 | 0 responsáveis | 488/1760 (27.7%) | Falhas: 0
11:52:36 | INFO     | [11:52:36] ✅ DONE | 991907 | 0 responsáveis | 489/1760 (27.8%) | Falhas: 0
11:52:36 | INFO     | [11:52:36] ✅ DONE | 992393 | 0 responsáveis | 490/1760 (27.8%) | Falhas: 0
11:52:36 | INFO     | [11:52:36] ✅ DONE | 993177 | 0 responsáveis | 491/1760 (27.9%) | Falhas: 0
11:52:36 | INFO     | [11:52:36] ✅ DONE | 996280 | 0 responsáveis | 492/1760 (28.0%) | Falhas: 0
11:52:36 | INFO     | [11:52:36] ✅ DONE | 1000295 | 0 responsáveis | 493/1760 (28.0%) | Falhas: 0
11:52:36 | INFO     | [11:52:36] ✅ DONE | 1007667 | 0 responsáveis | 494/1760 (28.1%) | Falhas: 0
11:52:36 | INFO     | [11:52:36] ✅ DONE | 1007715 | 0 responsáveis | 495/1760 (28.1%) | Falhas: 0
11:52:36 | INFO     | [11:52:36] ✅ DONE | 1018120 | 0 responsáveis | 496/1760 (28.2%) | Falhas: 0
11:52:36 | INFO     | [11:52:36] ✅ DONE | 29636 | 0 responsáveis | 497/1760 (28.2%) | Falhas: 0
11:52:36 | INFO     | [11:52:36] ✅ DONE | 29918 | 0 responsáveis | 498/1760 (28.3%) | Falhas: 0
11:52:36 | INFO     | [11:52:36] ✅ DONE | 57426 | 0 responsáveis | 499/1760 (28.4%) | Falhas: 0
11:52:37 | INFO     | [11:52:37] ✅ DONE | 44224 | 0 responsáveis | 500/1760 (28.4%) | Falhas: 0
11:52:37 | INFO     | [11:52:37] ✅ DONE | 57551 | 0 responsáveis | 501/1760 (28.5%) | Falhas: 0
11:52:37 | INFO     | [11:52:37] ✅ DONE | 57612 | 0 responsáveis | 502/1760 (28.5%) | Falhas: 0
11:52:37 | INFO     | [11:52:37] ✅ DONE | 57961 | 0 responsáveis | 503/1760 (28.6%) | Falhas: 0
11:52:37 | INFO     | [11:52:37] ✅ DONE | 57890 | 0 responsáveis | 504/1760 (28.6%) | Falhas: 0
11:52:37 | INFO     | [11:52:37] ✅ DONE | 58021 | 0 responsáveis | 505/1760 (28.7%) | Falhas: 0
11:52:37 | INFO     | [11:52:37] ✅ DONE | 58362 | 0 responsáveis | 506/1760 (28.7%) | Falhas: 0
11:52:37 | INFO     | [11:52:37] ✅ DONE | 58627 | 0 responsáveis | 507/1760 (28.8%) | Falhas: 0
11:52:37 | INFO     | [11:52:37] ✅ DONE | 58688 | 0 responsáveis | 508/1760 (28.9%) | Falhas: 0
11:52:37 | INFO     | [11:52:37] ✅ DONE | 66167 | 0 responsáveis | 509/1760 (28.9%) | Falhas: 0
11:52:37 | INFO     | [11:52:37] ✅ DONE | 65548 | 0 responsáveis | 510/1760 (29.0%) | Falhas: 0
11:52:37 | INFO     | [11:52:37] ✅ DONE | 70315 | 0 responsáveis | 511/1760 (29.0%) | Falhas: 0
11:52:37 | INFO     | [11:52:37] ✅ DONE | 96439 | 0 responsáveis | 512/1760 (29.1%) | Falhas: 0
11:52:37 | INFO     | [11:52:37] ✅ DONE | 109518 | 0 responsáveis | 513/1760 (29.1%) | Falhas: 0
11:52:37 | INFO     | [11:52:37] ✅ DONE | 132086 | 0 responsáveis | 514/1760 (29.2%) | Falhas: 0
11:52:37 | INFO     | [11:52:37] ✅ DONE | 149719 | 0 responsáveis | 515/1760 (29.3%) | Falhas: 0
11:52:37 | INFO     | [11:52:37] ✅ DONE | 150365 | 0 responsáveis | 516/1760 (29.3%) | Falhas: 0
11:52:37 | INFO     | [11:52:37] ✅ DONE | 218384 | 0 responsáveis | 517/1760 (29.4%) | Falhas: 0
11:52:38 | INFO     | [11:52:38] ✅ DONE | 257710 | 0 responsáveis | 518/1760 (29.4%) | Falhas: 0
11:52:38 | INFO     | [11:52:38] ✅ DONE | 259817 | 0 responsáveis | 519/1760 (29.5%) | Falhas: 0
11:52:38 | INFO     | [11:52:38] ✅ DONE | 340799 | 0 responsáveis | 520/1760 (29.5%) | Falhas: 0
11:52:38 | INFO     | [11:52:38] ✅ DONE | 401769 | 0 responsáveis | 521/1760 (29.6%) | Falhas: 0
11:52:38 | INFO     | [11:52:38] ✅ DONE | 414374 | 0 responsáveis | 522/1760 (29.7%) | Falhas: 0
11:52:38 | INFO     | [11:52:38] ✅ DONE | 486346 | 0 responsáveis | 523/1760 (29.7%) | Falhas: 0
11:52:38 | INFO     | [11:52:38] ✅ DONE | 486558 | 0 responsáveis | 524/1760 (29.8%) | Falhas: 0
11:52:38 | INFO     | [11:52:38] ✅ DONE | 486964 | 0 responsáveis | 525/1760 (29.8%) | Falhas: 0
11:52:38 | INFO     | [11:52:38] ✅ DONE | 494471 | 0 responsáveis | 526/1760 (29.9%) | Falhas: 0
11:52:38 | INFO     | [11:52:38] ✅ DONE | 487688 | 0 responsáveis | 527/1760 (29.9%) | Falhas: 0
11:52:38 | INFO     | [11:52:38] ✅ DONE | 509673 | 0 responsáveis | 528/1760 (30.0%) | Falhas: 0
11:52:38 | INFO     | [11:52:38] ✅ DONE | 520392 | 0 responsáveis | 529/1760 (30.1%) | Falhas: 0
11:52:38 | INFO     | [11:52:38] ✅ DONE | 510300 | 0 responsáveis | 530/1760 (30.1%) | Falhas: 0
11:52:38 | INFO     | [11:52:38] ✅ DONE | 521786 | 0 responsáveis | 531/1760 (30.2%) | Falhas: 0
11:52:38 | INFO     | [11:52:38] ✅ DONE | 521859 | 0 responsáveis | 532/1760 (30.2%) | Falhas: 0
11:52:38 | INFO     | [11:52:38] ✅ DONE | 522058 | 0 responsáveis | 533/1760 (30.3%) | Falhas: 0
11:52:38 | INFO     | [11:52:38] ✅ DONE | 521948 | 0 responsáveis | 534/1760 (30.3%) | Falhas: 0
11:52:38 | INFO     | [11:52:38] ✅ DONE | 526948 | 0 responsáveis | 535/1760 (30.4%) | Falhas: 0
11:52:39 | INFO     | [11:52:39] ✅ DONE | 530328 | 0 responsáveis | 536/1760 (30.5%) | Falhas: 0
11:52:39 | INFO     | [11:52:39] ✅ DONE | 531780 | 0 responsáveis | 537/1760 (30.5%) | Falhas: 0
11:52:39 | INFO     | [11:52:39] ✅ DONE | 531781 | 0 responsáveis | 538/1760 (30.6%) | Falhas: 0
11:52:39 | INFO     | [11:52:39] ✅ DONE | 535654 | 0 responsáveis | 539/1760 (30.6%) | Falhas: 0
11:52:39 | INFO     | [11:52:39] ✅ DONE | 541027 | 0 responsáveis | 540/1760 (30.7%) | Falhas: 0
11:52:39 | INFO     | [11:52:39] ✅ DONE | 541037 | 0 responsáveis | 541/1760 (30.7%) | Falhas: 0
11:52:39 | INFO     | [11:52:39] ✅ DONE | 541047 | 0 responsáveis | 542/1760 (30.8%) | Falhas: 0
11:52:39 | INFO     | [11:52:39] ✅ DONE | 549428 | 0 responsáveis | 543/1760 (30.9%) | Falhas: 0
11:52:39 | INFO     | [11:52:39] ✅ DONE | 559642 | 0 responsáveis | 544/1760 (30.9%) | Falhas: 0
11:52:39 | INFO     | [11:52:39] ✅ DONE | 569657 | 0 responsáveis | 545/1760 (31.0%) | Falhas: 0
11:52:39 | INFO     | [11:52:39] ✅ DONE | 572389 | 0 responsáveis | 546/1760 (31.0%) | Falhas: 0
11:52:39 | INFO     | [11:52:39] ✅ DONE | 581522 | 0 responsáveis | 547/1760 (31.1%) | Falhas: 0
11:52:39 | INFO     | [11:52:39] ✅ DONE | 581834 | 0 responsáveis | 548/1760 (31.1%) | Falhas: 0
11:52:39 | INFO     | [11:52:39] ✅ DONE | 593298 | 0 responsáveis | 549/1760 (31.2%) | Falhas: 0
11:52:39 | INFO     | [11:52:39] ✅ DONE | 596711 | 0 responsáveis | 550/1760 (31.2%) | Falhas: 0
11:52:39 | INFO     | [11:52:39] ✅ DONE | 614690 | 0 responsáveis | 551/1760 (31.3%) | Falhas: 0
11:52:39 | INFO     | [11:52:39] ✅ DONE | 682339 | 0 responsáveis | 552/1760 (31.4%) | Falhas: 0
11:52:39 | INFO     | [11:52:39] ✅ DONE | 682623 | 0 responsáveis | 553/1760 (31.4%) | Falhas: 0
11:52:40 | INFO     | [11:52:40] ✅ DONE | 698181 | 0 responsáveis | 554/1760 (31.5%) | Falhas: 0
11:52:40 | INFO     | [11:52:40] ✅ DONE | 696315 | 0 responsáveis | 555/1760 (31.5%) | Falhas: 0
11:52:40 | INFO     | [11:52:40] ✅ DONE | 799911 | 0 responsáveis | 556/1760 (31.6%) | Falhas: 0
11:52:40 | INFO     | [11:52:40] ✅ DONE | 798909 | 0 responsáveis | 557/1760 (31.6%) | Falhas: 0
11:52:40 | INFO     | [11:52:40] ✅ DONE | 799923 | 0 responsáveis | 558/1760 (31.7%) | Falhas: 0
11:52:40 | INFO     | [11:52:40] ✅ DONE | 805052 | 0 responsáveis | 559/1760 (31.8%) | Falhas: 0
11:52:40 | INFO     | [11:52:40] ✅ DONE | 805730 | 0 responsáveis | 560/1760 (31.8%) | Falhas: 0
11:52:40 | INFO     | [11:52:40] ✅ DONE | 809916 | 0 responsáveis | 561/1760 (31.9%) | Falhas: 0
11:52:40 | INFO     | [11:52:40] ✅ DONE | 810297 | 0 responsáveis | 562/1760 (31.9%) | Falhas: 0
11:52:40 | INFO     | [11:52:40] ✅ DONE | 830813 | 0 responsáveis | 563/1760 (32.0%) | Falhas: 0
11:52:40 | INFO     | [11:52:40] ✅ DONE | 832969 | 0 responsáveis | 564/1760 (32.0%) | Falhas: 0
11:52:40 | INFO     | [11:52:40] ✅ DONE | 833095 | 0 responsáveis | 565/1760 (32.1%) | Falhas: 0
11:52:40 | INFO     | [11:52:40] ✅ DONE | 860757 | 0 responsáveis | 566/1760 (32.2%) | Falhas: 0
11:52:40 | INFO     | [11:52:40] ✅ DONE | 860785 | 0 responsáveis | 567/1760 (32.2%) | Falhas: 0
11:52:40 | INFO     | [11:52:40] ✅ DONE | 870652 | 0 responsáveis | 568/1760 (32.3%) | Falhas: 0
11:52:41 | INFO     | [11:52:41] ✅ DONE | 870757 | 0 responsáveis | 569/1760 (32.3%) | Falhas: 0
11:52:41 | INFO     | [11:52:41] ✅ DONE | 871399 | 0 responsáveis | 570/1760 (32.4%) | Falhas: 0
11:52:41 | INFO     | [11:52:41] ✅ DONE | 950347 | 0 responsáveis | 571/1760 (32.4%) | Falhas: 0
11:52:41 | INFO     | [11:52:41] ✅ DONE | 960532 | 0 responsáveis | 572/1760 (32.5%) | Falhas: 0
11:52:41 | INFO     | [11:52:41] ✅ DONE | 965585 | 0 responsáveis | 573/1760 (32.6%) | Falhas: 0
11:52:41 | INFO     | [11:52:41] ✅ DONE | 971231 | 0 responsáveis | 574/1760 (32.6%) | Falhas: 0
11:52:41 | INFO     | [11:52:41] ✅ DONE | 981418 | 0 responsáveis | 575/1760 (32.7%) | Falhas: 0
11:52:41 | INFO     | [11:52:41] ✅ DONE | 982890 | 0 responsáveis | 576/1760 (32.7%) | Falhas: 0
11:52:41 | INFO     | [11:52:41] ✅ DONE | 991126 | 0 responsáveis | 577/1760 (32.8%) | Falhas: 0
11:52:41 | INFO     | [11:52:41] ✅ DONE | 1012278 | 0 responsáveis | 578/1760 (32.8%) | Falhas: 0
11:52:41 | INFO     | [11:52:41] ✅ DONE | 19735 | 0 responsáveis | 579/1760 (32.9%) | Falhas: 0
11:52:41 | INFO     | [11:52:41] ✅ DONE | 44226 | 0 responsáveis | 580/1760 (33.0%) | Falhas: 0
11:52:41 | INFO     | [11:52:41] ✅ DONE | 57891 | 0 responsáveis | 581/1760 (33.0%) | Falhas: 0
11:52:41 | INFO     | [11:52:41] ✅ DONE | 67440 | 0 responsáveis | 582/1760 (33.1%) | Falhas: 0
11:52:41 | INFO     | [11:52:41] ✅ DONE | 85096 | 0 responsáveis | 583/1760 (33.1%) | Falhas: 0
11:52:41 | INFO     | [11:52:41] ✅ DONE | 85612 | 1 responsáveis | 584/1760 (33.2%) | Falhas: 0
11:52:41 | INFO     | [11:52:41] ✅ DONE | 93401 | 0 responsáveis | 585/1760 (33.2%) | Falhas: 0
11:52:41 | INFO     | [11:52:41] ✅ DONE | 127864 | 0 responsáveis | 586/1760 (33.3%) | Falhas: 0
11:52:41 | INFO     | [11:52:41] ✅ DONE | 182540 | 0 responsáveis | 587/1760 (33.4%) | Falhas: 0
11:52:42 | INFO     | [11:52:42] ✅ DONE | 185451 | 0 responsáveis | 588/1760 (33.4%) | Falhas: 0
11:52:42 | INFO     | [11:52:42] ✅ DONE | 260522 | 0 responsáveis | 589/1760 (33.5%) | Falhas: 0
11:52:42 | INFO     | [11:52:42] ✅ DONE | 258331 | 0 responsáveis | 590/1760 (33.5%) | Falhas: 0
11:52:42 | INFO     | [11:52:42] ✅ DONE | 412311 | 0 responsáveis | 591/1760 (33.6%) | Falhas: 0
11:52:42 | INFO     | [11:52:42] ✅ DONE | 412300 | 0 responsáveis | 592/1760 (33.6%) | Falhas: 0
11:52:42 | INFO     | [11:52:42] ✅ DONE | 445050 | 0 responsáveis | 593/1760 (33.7%) | Falhas: 0
11:52:42 | INFO     | [11:52:42] ✅ DONE | 418708 | 9 responsáveis | 594/1760 (33.8%) | Falhas: 0
11:52:42 | INFO     | [11:52:42] ✅ DONE | 475800 | 0 responsáveis | 595/1760 (33.8%) | Falhas: 0
11:52:42 | INFO     | [11:52:42] ✅ DONE | 482449 | 0 responsáveis | 596/1760 (33.9%) | Falhas: 0
11:52:42 | INFO     | [11:52:42] ✅ DONE | 482435 | 0 responsáveis | 597/1760 (33.9%) | Falhas: 0
11:52:42 | INFO     | [11:52:42] ✅ DONE | 482471 | 0 responsáveis | 598/1760 (34.0%) | Falhas: 0
11:52:42 | INFO     | [11:52:42] ✅ DONE | 482487 | 0 responsáveis | 599/1760 (34.0%) | Falhas: 0
11:52:42 | INFO     | [11:52:42] ✅ DONE | 482474 | 0 responsáveis | 600/1760 (34.1%) | Falhas: 0
11:52:42 | INFO     | [11:52:42] ✅ DONE | 482509 | 0 responsáveis | 601/1760 (34.1%) | Falhas: 0
11:52:42 | INFO     | [11:52:42] ✅ DONE | 482497 | 0 responsáveis | 602/1760 (34.2%) | Falhas: 0
11:52:42 | INFO     | [11:52:42] ✅ DONE | 488119 | 0 responsáveis | 603/1760 (34.3%) | Falhas: 0
11:52:42 | INFO     | [11:52:42] ✅ DONE | 498605 | 0 responsáveis | 604/1760 (34.3%) | Falhas: 0
11:52:42 | INFO     | [11:52:42] ✅ DONE | 488128 | 0 responsáveis | 605/1760 (34.4%) | Falhas: 0
11:52:43 | INFO     | [11:52:43] ✅ DONE | 507281 | 0 responsáveis | 606/1760 (34.4%) | Falhas: 0
11:52:43 | INFO     | [11:52:43] ✅ DONE | 510253 | 0 responsáveis | 607/1760 (34.5%) | Falhas: 0
11:52:43 | INFO     | [11:52:43] ✅ DONE | 510303 | 0 responsáveis | 608/1760 (34.5%) | Falhas: 0
11:52:43 | INFO     | [11:52:43] ✅ DONE | 511783 | 1 responsáveis | 609/1760 (34.6%) | Falhas: 0
11:52:43 | INFO     | [11:52:43] ✅ DONE | 522689 | 0 responsáveis | 610/1760 (34.7%) | Falhas: 0
11:52:43 | INFO     | [11:52:43] ✅ DONE | 533740 | 0 responsáveis | 611/1760 (34.7%) | Falhas: 0
11:52:43 | INFO     | [11:52:43] ✅ DONE | 525747 | 0 responsáveis | 612/1760 (34.8%) | Falhas: 0
11:52:43 | INFO     | [11:52:43] ✅ DONE | 534659 | 0 responsáveis | 613/1760 (34.8%) | Falhas: 0
11:52:43 | INFO     | [11:52:43] ✅ DONE | 534662 | 0 responsáveis | 614/1760 (34.9%) | Falhas: 0
11:52:43 | INFO     | [11:52:43] ✅ DONE | 534673 | 0 responsáveis | 615/1760 (34.9%) | Falhas: 0
11:52:43 | INFO     | [11:52:43] ✅ DONE | 534681 | 0 responsáveis | 616/1760 (35.0%) | Falhas: 0
11:52:43 | INFO     | [11:52:43] ✅ DONE | 534685 | 0 responsáveis | 617/1760 (35.1%) | Falhas: 0
11:52:43 | INFO     | [11:52:43] ✅ DONE | 535033 | 0 responsáveis | 618/1760 (35.1%) | Falhas: 0
11:52:43 | INFO     | [11:52:43] ✅ DONE | 538916 | 1 responsáveis | 619/1760 (35.2%) | Falhas: 0
11:52:43 | INFO     | [11:52:43] ✅ DONE | 535878 | 8 responsáveis | 620/1760 (35.2%) | Falhas: 0
11:52:43 | INFO     | [11:52:43] ✅ DONE | 569256 | 0 responsáveis | 621/1760 (35.3%) | Falhas: 0
11:52:43 | INFO     | [11:52:43] ✅ DONE | 569393 | 0 responsáveis | 622/1760 (35.3%) | Falhas: 0
11:52:44 | INFO     | [11:52:44] ✅ DONE | 580924 | 0 responsáveis | 623/1760 (35.4%) | Falhas: 0
11:52:44 | INFO     | [11:52:44] ✅ DONE | 580985 | 0 responsáveis | 624/1760 (35.5%) | Falhas: 0
11:52:44 | INFO     | [11:52:44] ✅ DONE | 586533 | 0 responsáveis | 625/1760 (35.5%) | Falhas: 0
11:52:44 | INFO     | [11:52:44] ✅ DONE | 587802 | 3 responsáveis | 626/1760 (35.6%) | Falhas: 0
11:52:44 | INFO     | [11:52:44] ✅ DONE | 586564 | 0 responsáveis | 627/1760 (35.6%) | Falhas: 0
11:52:44 | INFO     | [11:52:44] ✅ DONE | 596331 | 0 responsáveis | 628/1760 (35.7%) | Falhas: 0
11:52:44 | INFO     | [11:52:44] ✅ DONE | 621695 | 0 responsáveis | 629/1760 (35.7%) | Falhas: 0
11:52:44 | INFO     | [11:52:44] ✅ DONE | 596862 | 7 responsáveis | 630/1760 (35.8%) | Falhas: 0
11:52:44 | INFO     | [11:52:44] ✅ DONE | 622910 | 0 responsáveis | 631/1760 (35.9%) | Falhas: 0
11:52:44 | INFO     | [11:52:44] ✅ DONE | 621698 | 0 responsáveis | 632/1760 (35.9%) | Falhas: 0
11:52:44 | INFO     | [11:52:44] ✅ DONE | 622911 | 0 responsáveis | 633/1760 (36.0%) | Falhas: 0
11:52:44 | INFO     | [11:52:44] ✅ DONE | 622912 | 0 responsáveis | 634/1760 (36.0%) | Falhas: 0
11:52:44 | INFO     | [11:52:44] ✅ DONE | 622913 | 0 responsáveis | 635/1760 (36.1%) | Falhas: 0
11:52:44 | INFO     | [11:52:44] ✅ DONE | 622914 | 0 responsáveis | 636/1760 (36.1%) | Falhas: 0
11:52:44 | INFO     | [11:52:44] ✅ DONE | 622915 | 0 responsáveis | 637/1760 (36.2%) | Falhas: 0
11:52:44 | INFO     | [11:52:44] ✅ DONE | 622916 | 0 responsáveis | 638/1760 (36.2%) | Falhas: 0
11:52:45 | INFO     | [11:52:45] ✅ DONE | 622917 | 0 responsáveis | 639/1760 (36.3%) | Falhas: 0
11:52:45 | INFO     | [11:52:45] ✅ DONE | 622918 | 0 responsáveis | 640/1760 (36.4%) | Falhas: 0
11:52:45 | INFO     | [11:52:45] ✅ DONE | 622919 | 0 responsáveis | 641/1760 (36.4%) | Falhas: 0
11:52:45 | INFO     | [11:52:45] ✅ DONE | 622920 | 0 responsáveis | 642/1760 (36.5%) | Falhas: 0
11:52:45 | INFO     | [11:52:45] ✅ DONE | 622921 | 0 responsáveis | 643/1760 (36.5%) | Falhas: 0
11:52:45 | INFO     | [11:52:45] ✅ DONE | 631832 | 0 responsáveis | 644/1760 (36.6%) | Falhas: 0
11:52:45 | INFO     | [11:52:45] ✅ DONE | 631852 | 0 responsáveis | 645/1760 (36.6%) | Falhas: 0
11:52:45 | INFO     | [11:52:45] ✅ DONE | 631879 | 0 responsáveis | 646/1760 (36.7%) | Falhas: 0
11:52:45 | INFO     | [11:52:45] ✅ DONE | 631861 | 0 responsáveis | 647/1760 (36.8%) | Falhas: 0
11:52:45 | INFO     | [11:52:45] ✅ DONE | 631913 | 0 responsáveis | 648/1760 (36.8%) | Falhas: 0
11:52:45 | INFO     | [11:52:45] ✅ DONE | 632069 | 0 responsáveis | 649/1760 (36.9%) | Falhas: 0
11:52:45 | INFO     | [11:52:45] ✅ DONE | 631923 | 0 responsáveis | 650/1760 (36.9%) | Falhas: 0
11:52:45 | INFO     | [11:52:45] ✅ DONE | 632071 | 0 responsáveis | 651/1760 (37.0%) | Falhas: 0
11:52:45 | INFO     | [11:52:45] ✅ DONE | 632076 | 0 responsáveis | 652/1760 (37.0%) | Falhas: 0
11:52:45 | INFO     | [11:52:45] ✅ DONE | 632299 | 0 responsáveis | 653/1760 (37.1%) | Falhas: 0
11:52:45 | INFO     | [11:52:45] ✅ DONE | 632316 | 0 responsáveis | 654/1760 (37.2%) | Falhas: 0
11:52:45 | INFO     | [11:52:45] ✅ DONE | 632352 | 0 responsáveis | 655/1760 (37.2%) | Falhas: 0
11:52:45 | INFO     | [11:52:45] ✅ DONE | 632359 | 0 responsáveis | 656/1760 (37.3%) | Falhas: 0
11:52:45 | INFO     | [11:52:45] ✅ DONE | 632364 | 0 responsáveis | 657/1760 (37.3%) | Falhas: 0
11:52:46 | INFO     | [11:52:46] ✅ DONE | 632385 | 0 responsáveis | 658/1760 (37.4%) | Falhas: 0
11:52:46 | INFO     | [11:52:46] ✅ DONE | 632418 | 0 responsáveis | 659/1760 (37.4%) | Falhas: 0
11:52:46 | INFO     | [11:52:46] ✅ DONE | 632428 | 0 responsáveis | 660/1760 (37.5%) | Falhas: 0
11:52:46 | INFO     | [11:52:46] ✅ DONE | 684007 | 0 responsáveis | 661/1760 (37.6%) | Falhas: 0
11:52:46 | INFO     | [11:52:46] ✅ DONE | 647263 | 6 responsáveis | 662/1760 (37.6%) | Falhas: 0
11:52:46 | INFO     | [11:52:46] ✅ DONE | 697077 | 0 responsáveis | 663/1760 (37.7%) | Falhas: 0
11:52:46 | INFO     | [11:52:46] ✅ DONE | 760489 | 0 responsáveis | 664/1760 (37.7%) | Falhas: 0
11:52:46 | INFO     | [11:52:46] ✅ DONE | 715784 | 0 responsáveis | 665/1760 (37.8%) | Falhas: 0
11:52:46 | INFO     | [11:52:46] ✅ DONE | 782430 | 0 responsáveis | 666/1760 (37.8%) | Falhas: 0
11:52:46 | INFO     | [11:52:46] ✅ DONE | 782466 | 0 responsáveis | 667/1760 (37.9%) | Falhas: 0
11:52:46 | INFO     | [11:52:46] ✅ DONE | 782522 | 0 responsáveis | 668/1760 (38.0%) | Falhas: 0
11:52:46 | INFO     | [11:52:46] ✅ DONE | 782526 | 0 responsáveis | 669/1760 (38.0%) | Falhas: 0
11:52:46 | INFO     | [11:52:46] ✅ DONE | 782538 | 0 responsáveis | 670/1760 (38.1%) | Falhas: 0
11:52:46 | INFO     | [11:52:46] ✅ DONE | 782564 | 0 responsáveis | 671/1760 (38.1%) | Falhas: 0
11:52:46 | INFO     | [11:52:46] ✅ DONE | 782568 | 0 responsáveis | 672/1760 (38.2%) | Falhas: 0
11:52:46 | INFO     | [11:52:46] ✅ DONE | 782571 | 0 responsáveis | 673/1760 (38.2%) | Falhas: 0
11:52:47 | INFO     | [11:52:47] ✅ DONE | 782578 | 0 responsáveis | 674/1760 (38.3%) | Falhas: 0
11:52:47 | INFO     | [11:52:47] ✅ DONE | 782615 | 0 responsáveis | 675/1760 (38.4%) | Falhas: 0
11:52:47 | INFO     | [11:52:47] ✅ DONE | 782600 | 0 responsáveis | 676/1760 (38.4%) | Falhas: 0
11:52:47 | INFO     | [11:52:47] ✅ DONE | 787725 | 0 responsáveis | 677/1760 (38.5%) | Falhas: 0
11:52:47 | INFO     | [11:52:47] ✅ DONE | 855625 | 6 responsáveis | 678/1760 (38.5%) | Falhas: 0
11:52:47 | INFO     | [11:52:47] ✅ DONE | 950216 | 0 responsáveis | 679/1760 (38.6%) | Falhas: 0
11:52:47 | INFO     | [11:52:47] ✅ DONE | 870188 | 4 responsáveis | 680/1760 (38.6%) | Falhas: 0
11:52:47 | INFO     | [11:52:47] ✅ DONE | 10341 | 0 responsáveis | 681/1760 (38.7%) | Falhas: 0
11:52:47 | INFO     | [11:52:47] ✅ DONE | 20780 | 0 responsáveis | 682/1760 (38.8%) | Falhas: 0
11:52:47 | INFO     | [11:52:47] ✅ DONE | 29912 | 0 responsáveis | 683/1760 (38.8%) | Falhas: 0
11:52:47 | INFO     | [11:52:47] ✅ DONE | 43166 | 0 responsáveis | 684/1760 (38.9%) | Falhas: 0
11:52:47 | INFO     | [11:52:47] ✅ DONE | 43652 | 0 responsáveis | 685/1760 (38.9%) | Falhas: 0
11:52:47 | INFO     | [11:52:47] ✅ DONE | 43981 | 0 responsáveis | 686/1760 (39.0%) | Falhas: 0
11:52:47 | INFO     | [11:52:47] ✅ DONE | 44098 | 0 responsáveis | 687/1760 (39.0%) | Falhas: 0
11:52:47 | INFO     | [11:52:47] ✅ DONE | 44225 | 0 responsáveis | 688/1760 (39.1%) | Falhas: 0
11:52:47 | INFO     | [11:52:47] ✅ DONE | 58093 | 0 responsáveis | 689/1760 (39.1%) | Falhas: 0
11:52:47 | INFO     | [11:52:47] ✅ DONE | 57613 | 0 responsáveis | 690/1760 (39.2%) | Falhas: 0
11:52:47 | INFO     | [11:52:47] ✅ DONE | 71773 | 0 responsáveis | 691/1760 (39.3%) | Falhas: 0
11:52:47 | INFO     | [11:52:47] ✅ DONE | 66168 | 1 responsáveis | 692/1760 (39.3%) | Falhas: 0
11:52:48 | INFO     | [11:52:48] ✅ DONE | 71928 | 0 responsáveis | 693/1760 (39.4%) | Falhas: 0
11:52:48 | INFO     | [11:52:48] ✅ DONE | 112143 | 2 responsáveis | 694/1760 (39.4%) | Falhas: 0
11:52:48 | INFO     | [11:52:48] ✅ DONE | 113680 | 0 responsáveis | 695/1760 (39.5%) | Falhas: 0
11:52:48 | INFO     | [11:52:48] ✅ DONE | 112178 | 1 responsáveis | 696/1760 (39.5%) | Falhas: 0
11:52:48 | INFO     | [11:52:48] ✅ DONE | 119920 | 1 responsáveis | 697/1760 (39.6%) | Falhas: 0
11:52:48 | INFO     | [11:52:48] ✅ DONE | 119923 | 0 responsáveis | 698/1760 (39.7%) | Falhas: 0
11:52:48 | INFO     | [11:52:48] ✅ DONE | 125761 | 0 responsáveis | 699/1760 (39.7%) | Falhas: 0
11:52:48 | INFO     | [11:52:48] ✅ DONE | 129632 | 0 responsáveis | 700/1760 (39.8%) | Falhas: 0
11:52:48 | INFO     | [11:52:48] ✅ DONE | 132961 | 0 responsáveis | 701/1760 (39.8%) | Falhas: 0
11:52:48 | INFO     | [11:52:48] ✅ DONE | 148393 | 2 responsáveis | 702/1760 (39.9%) | Falhas: 0
11:52:48 | INFO     | [11:52:48] ✅ DONE | 156820 | 2 responsáveis | 703/1760 (39.9%) | Falhas: 0
11:52:48 | INFO     | [11:52:48] ✅ DONE | 172217 | 1 responsáveis | 704/1760 (40.0%) | Falhas: 0
11:52:48 | INFO     | [11:52:48] ✅ DONE | 158780 | 1 responsáveis | 705/1760 (40.1%) | Falhas: 0
11:52:48 | INFO     | [11:52:48] ✅ DONE | 174935 | 0 responsáveis | 706/1760 (40.1%) | Falhas: 0
11:52:48 | INFO     | [11:52:48] ✅ DONE | 179009 | 0 responsáveis | 707/1760 (40.2%) | Falhas: 0
11:52:48 | INFO     | [11:52:48] ✅ DONE | 198178 | 0 responsáveis | 708/1760 (40.2%) | Falhas: 0
11:52:48 | INFO     | [11:52:48] ✅ DONE | 202015 | 0 responsáveis | 709/1760 (40.3%) | Falhas: 0
11:52:49 | INFO     | [11:52:49] ✅ DONE | 219219 | 0 responsáveis | 710/1760 (40.3%) | Falhas: 0
11:52:49 | INFO     | [11:52:49] ✅ DONE | 222460 | 0 responsáveis | 711/1760 (40.4%) | Falhas: 0
11:52:49 | INFO     | [11:52:49] ✅ DONE | 205876 | 0 responsáveis | 712/1760 (40.5%) | Falhas: 0
11:52:49 | INFO     | [11:52:49] ✅ DONE | 243448 | 1 responsáveis | 713/1760 (40.5%) | Falhas: 0
11:52:49 | INFO     | [11:52:49] ✅ DONE | 243664 | 0 responsáveis | 714/1760 (40.6%) | Falhas: 0
11:52:49 | INFO     | [11:52:49] ✅ DONE | 245500 | 0 responsáveis | 715/1760 (40.6%) | Falhas: 0
11:52:49 | INFO     | [11:52:49] ✅ DONE | 258558 | 1 responsáveis | 716/1760 (40.7%) | Falhas: 0
11:52:49 | INFO     | [11:52:49] ✅ DONE | 369035 | 0 responsáveis | 717/1760 (40.7%) | Falhas: 0
11:52:49 | INFO     | [11:52:49] ✅ DONE | 314143 | 2 responsáveis | 718/1760 (40.8%) | Falhas: 0
11:52:49 | INFO     | [11:52:49] ✅ DONE | 425036 | 1 responsáveis | 719/1760 (40.9%) | Falhas: 0
11:52:49 | INFO     | [11:52:49] ✅ DONE | 425039 | 1 responsáveis | 720/1760 (40.9%) | Falhas: 0
11:52:49 | INFO     | [11:52:49] ✅ DONE | 425040 | 1 responsáveis | 721/1760 (41.0%) | Falhas: 0
11:52:49 | INFO     | [11:52:49] ✅ DONE | 430044 | 1 responsáveis | 722/1760 (41.0%) | Falhas: 0
11:52:49 | INFO     | [11:52:49] ✅ DONE | 438903 | 1 responsáveis | 723/1760 (41.1%) | Falhas: 0
11:52:49 | INFO     | [11:52:49] ✅ DONE | 439247 | 0 responsáveis | 724/1760 (41.1%) | Falhas: 0
11:52:49 | INFO     | [11:52:49] ✅ DONE | 444856 | 0 responsáveis | 725/1760 (41.2%) | Falhas: 0
11:52:49 | INFO     | [11:52:49] ✅ DONE | 442930 | 0 responsáveis | 726/1760 (41.2%) | Falhas: 0
11:52:49 | INFO     | [11:52:49] ✅ DONE | 446240 | 1 responsáveis | 727/1760 (41.3%) | Falhas: 0
11:52:49 | INFO     | [11:52:49] ✅ DONE | 446241 | 1 responsáveis | 728/1760 (41.4%) | Falhas: 0
11:52:50 | INFO     | [11:52:50] ✅ DONE | 446242 | 1 responsáveis | 729/1760 (41.4%) | Falhas: 0
11:52:50 | INFO     | [11:52:50] ✅ DONE | 449901 | 0 responsáveis | 730/1760 (41.5%) | Falhas: 0
11:52:50 | INFO     | [11:52:50] ✅ DONE | 451084 | 0 responsáveis | 731/1760 (41.5%) | Falhas: 0
11:52:50 | INFO     | [11:52:50] ✅ DONE | 465880 | 1 responsáveis | 732/1760 (41.6%) | Falhas: 0
11:52:50 | INFO     | [11:52:50] ✅ DONE | 476289 | 1 responsáveis | 733/1760 (41.6%) | Falhas: 0
11:52:50 | INFO     | [11:52:50] ✅ DONE | 482496 | 0 responsáveis | 734/1760 (41.7%) | Falhas: 0
11:52:50 | INFO     | [11:52:50] ✅ DONE | 482816 | 0 responsáveis | 735/1760 (41.8%) | Falhas: 0
11:52:50 | INFO     | [11:52:50] ✅ DONE | 482228 | 0 responsáveis | 736/1760 (41.8%) | Falhas: 0
11:52:50 | INFO     | [11:52:50] ✅ DONE | 487966 | 0 responsáveis | 737/1760 (41.9%) | Falhas: 0
11:52:50 | INFO     | [11:52:50] ✅ DONE | 488496 | 0 responsáveis | 738/1760 (41.9%) | Falhas: 0
11:52:50 | INFO     | [11:52:50] ✅ DONE | 491260 | 0 responsáveis | 739/1760 (42.0%) | Falhas: 0
11:52:50 | INFO     | [11:52:50] ✅ DONE | 494259 | 0 responsáveis | 740/1760 (42.0%) | Falhas: 0
11:52:50 | INFO     | [11:52:50] ✅ DONE | 494283 | 0 responsáveis | 741/1760 (42.1%) | Falhas: 0
11:52:50 | INFO     | [11:52:50] ✅ DONE | 495321 | 0 responsáveis | 742/1760 (42.2%) | Falhas: 0
11:52:50 | INFO     | [11:52:50] ✅ DONE | 504447 | 0 responsáveis | 743/1760 (42.2%) | Falhas: 0
11:52:50 | INFO     | [11:52:50] ✅ DONE | 509833 | 0 responsáveis | 744/1760 (42.3%) | Falhas: 0
11:52:50 | INFO     | [11:52:50] ✅ DONE | 522210 | 3 responsáveis | 745/1760 (42.3%) | Falhas: 0
11:52:51 | INFO     | [11:52:51] ✅ DONE | 532707 | 0 responsáveis | 746/1760 (42.4%) | Falhas: 0
11:52:51 | INFO     | [11:52:51] ✅ DONE | 547109 | 0 responsáveis | 747/1760 (42.4%) | Falhas: 0
11:52:51 | INFO     | [11:52:51] ✅ DONE | 564674 | 0 responsáveis | 748/1760 (42.5%) | Falhas: 0
11:52:51 | INFO     | [11:52:51] ✅ DONE | 591049 | 0 responsáveis | 749/1760 (42.6%) | Falhas: 0
11:52:51 | INFO     | [11:52:51] ✅ DONE | 596518 | 0 responsáveis | 750/1760 (42.6%) | Falhas: 0
11:52:51 | INFO     | [11:52:51] ✅ DONE | 591373 | 0 responsáveis | 751/1760 (42.7%) | Falhas: 0
11:52:51 | INFO     | [11:52:51] ✅ DONE | 597488 | 0 responsáveis | 752/1760 (42.7%) | Falhas: 0
11:52:51 | INFO     | [11:52:51] ✅ DONE | 605556 | 0 responsáveis | 753/1760 (42.8%) | Falhas: 0
11:52:51 | INFO     | [11:52:51] ✅ DONE | 636955 | 0 responsáveis | 754/1760 (42.8%) | Falhas: 0
11:52:51 | INFO     | [11:52:51] ✅ DONE | 665281 | 0 responsáveis | 755/1760 (42.9%) | Falhas: 0
11:52:51 | INFO     | [11:52:51] ✅ DONE | 665391 | 0 responsáveis | 756/1760 (43.0%) | Falhas: 0
11:52:51 | INFO     | [11:52:51] ✅ DONE | 690248 | 0 responsáveis | 757/1760 (43.0%) | Falhas: 0
11:52:51 | INFO     | [11:52:51] ✅ DONE | 698023 | 0 responsáveis | 758/1760 (43.1%) | Falhas: 0
11:52:51 | INFO     | [11:52:51] ✅ DONE | 700662 | 0 responsáveis | 759/1760 (43.1%) | Falhas: 0
11:52:51 | INFO     | [11:52:51] ✅ DONE | 704639 | 0 responsáveis | 760/1760 (43.2%) | Falhas: 0
11:52:51 | INFO     | [11:52:51] ✅ DONE | 743110 | 0 responsáveis | 761/1760 (43.2%) | Falhas: 0
11:52:51 | INFO     | [11:52:51] ✅ DONE | 757511 | 0 responsáveis | 762/1760 (43.3%) | Falhas: 0
11:52:51 | INFO     | [11:52:51] ✅ DONE | 764393 | 0 responsáveis | 763/1760 (43.4%) | Falhas: 0
11:52:52 | INFO     | [11:52:52] ✅ DONE | 785536 | 0 responsáveis | 764/1760 (43.4%) | Falhas: 0
11:52:52 | INFO     | [11:52:52] ✅ DONE | 791398 | 0 responsáveis | 765/1760 (43.5%) | Falhas: 0
11:52:52 | INFO     | [11:52:52] ✅ DONE | 791399 | 0 responsáveis | 766/1760 (43.5%) | Falhas: 0
11:52:52 | INFO     | [11:52:52] ✅ DONE | 791400 | 0 responsáveis | 767/1760 (43.6%) | Falhas: 0
11:52:52 | INFO     | [11:52:52] ✅ DONE | 793927 | 0 responsáveis | 768/1760 (43.6%) | Falhas: 0
11:52:52 | INFO     | [11:52:52] ✅ DONE | 793928 | 0 responsáveis | 769/1760 (43.7%) | Falhas: 0
11:52:52 | INFO     | [11:52:52] ✅ DONE | 795761 | 0 responsáveis | 770/1760 (43.8%) | Falhas: 0
11:52:52 | INFO     | [11:52:52] ✅ DONE | 802994 | 0 responsáveis | 771/1760 (43.8%) | Falhas: 0
11:52:52 | INFO     | [11:52:52] ✅ DONE | 806376 | 0 responsáveis | 772/1760 (43.9%) | Falhas: 0
11:52:52 | INFO     | [11:52:52] ✅ DONE | 806377 | 0 responsáveis | 773/1760 (43.9%) | Falhas: 0
11:52:52 | INFO     | [11:52:52] ✅ DONE | 806378 | 0 responsáveis | 774/1760 (44.0%) | Falhas: 0
11:52:52 | INFO     | [11:52:52] ✅ DONE | 806379 | 0 responsáveis | 775/1760 (44.0%) | Falhas: 0
11:52:52 | INFO     | [11:52:52] ✅ DONE | 815514 | 0 responsáveis | 776/1760 (44.1%) | Falhas: 0
11:52:52 | INFO     | [11:52:52] ✅ DONE | 823229 | 0 responsáveis | 777/1760 (44.1%) | Falhas: 0
11:52:52 | INFO     | [11:52:52] ✅ DONE | 815513 | 0 responsáveis | 778/1760 (44.2%) | Falhas: 0
11:52:52 | INFO     | [11:52:52] ✅ DONE | 823230 | 0 responsáveis | 779/1760 (44.3%) | Falhas: 0
11:52:52 | INFO     | [11:52:52] ✅ DONE | 823231 | 0 responsáveis | 780/1760 (44.3%) | Falhas: 0
11:52:52 | INFO     | [11:52:52] ✅ DONE | 823232 | 0 responsáveis | 781/1760 (44.4%) | Falhas: 0
11:52:53 | INFO     | [11:52:53] ✅ DONE | 836281 | 0 responsáveis | 782/1760 (44.4%) | Falhas: 0
11:52:53 | INFO     | [11:52:53] ✅ DONE | 836282 | 0 responsáveis | 783/1760 (44.5%) | Falhas: 0
11:52:53 | INFO     | [11:52:53] ✅ DONE | 836283 | 0 responsáveis | 784/1760 (44.5%) | Falhas: 0
11:52:53 | INFO     | [11:52:53] ✅ DONE | 857287 | 0 responsáveis | 785/1760 (44.6%) | Falhas: 0
11:52:53 | INFO     | [11:52:53] ✅ DONE | 838415 | 0 responsáveis | 786/1760 (44.7%) | Falhas: 0
11:52:53 | INFO     | [11:52:53] ✅ DONE | 857288 | 0 responsáveis | 787/1760 (44.7%) | Falhas: 0
11:52:53 | INFO     | [11:52:53] ✅ DONE | 857289 | 0 responsáveis | 788/1760 (44.8%) | Falhas: 0
11:52:53 | INFO     | [11:52:53] ✅ DONE | 895832 | 0 responsáveis | 789/1760 (44.8%) | Falhas: 0
11:52:53 | INFO     | [11:52:53] ✅ DONE | 867078 | 1 responsáveis | 790/1760 (44.9%) | Falhas: 0
11:52:53 | INFO     | [11:52:53] ✅ DONE | 902894 | 0 responsáveis | 791/1760 (44.9%) | Falhas: 0
11:52:53 | INFO     | [11:52:53] ✅ DONE | 902904 | 0 responsáveis | 792/1760 (45.0%) | Falhas: 0
11:52:53 | INFO     | [11:52:53] ✅ DONE | 902859 | 0 responsáveis | 793/1760 (45.1%) | Falhas: 0
11:52:53 | INFO     | [11:52:53] ✅ DONE | 907788 | 0 responsáveis | 794/1760 (45.1%) | Falhas: 0
11:52:53 | INFO     | [11:52:53] ✅ DONE | 920294 | 0 responsáveis | 795/1760 (45.2%) | Falhas: 0
11:52:53 | INFO     | [11:52:53] ✅ DONE | 922010 | 0 responsáveis | 796/1760 (45.2%) | Falhas: 0
11:52:53 | INFO     | [11:52:53] ✅ DONE | 926556 | 0 responsáveis | 797/1760 (45.3%) | Falhas: 0
11:52:54 | INFO     | [11:52:54] ✅ DONE | 932457 | 0 responsáveis | 798/1760 (45.3%) | Falhas: 0
11:52:54 | INFO     | [11:52:54] ✅ DONE | 942592 | 0 responsáveis | 799/1760 (45.4%) | Falhas: 0
11:52:54 | INFO     | [11:52:54] ✅ DONE | 951563 | 1 responsáveis | 800/1760 (45.5%) | Falhas: 0
11:52:54 | INFO     | [11:52:54] ✅ DONE | 975172 | 0 responsáveis | 801/1760 (45.5%) | Falhas: 0
11:52:54 | INFO     | [11:52:54] ✅ DONE | 998841 | 0 responsáveis | 802/1760 (45.6%) | Falhas: 0
11:52:54 | INFO     | [11:52:54] ✅ DONE | 29365 | 0 responsáveis | 803/1760 (45.6%) | Falhas: 0
11:52:54 | INFO     | [11:52:54] ✅ DONE | 88680 | 0 responsáveis | 804/1760 (45.7%) | Falhas: 0
11:52:54 | INFO     | [11:52:54] ✅ DONE | 113995 | 6 responsáveis | 805/1760 (45.7%) | Falhas: 0
11:52:54 | INFO     | [11:52:54] ✅ DONE | 168940 | 0 responsáveis | 806/1760 (45.8%) | Falhas: 0
11:52:54 | INFO     | [11:52:54] ✅ DONE | 189314 | 7 responsáveis | 807/1760 (45.9%) | Falhas: 0
11:52:54 | INFO     | [11:52:54] ✅ DONE | 164359 | 25 responsáveis | 808/1760 (45.9%) | Falhas: 0
11:52:54 | INFO     | [11:52:54] ✅ DONE | 208144 | 6 responsáveis | 809/1760 (46.0%) | Falhas: 0
11:52:54 | INFO     | [11:52:54] ✅ DONE | 233894 | 14 responsáveis | 810/1760 (46.0%) | Falhas: 0
11:52:54 | INFO     | [11:52:54] ✅ DONE | 259545 | 16 responsáveis | 811/1760 (46.1%) | Falhas: 0
11:52:54 | INFO     | [11:52:54] ✅ DONE | 258935 | 24 responsáveis | 812/1760 (46.1%) | Falhas: 0
11:52:55 | INFO     | [11:52:55] ✅ DONE | 309915 | 5 responsáveis | 813/1760 (46.2%) | Falhas: 0
11:52:55 | INFO     | [11:52:55] ✅ DONE | 317330 | 19 responsáveis | 814/1760 (46.2%) | Falhas: 0
11:52:55 | INFO     | [11:52:55] ✅ DONE | 399523 | 0 responsáveis | 815/1760 (46.3%) | Falhas: 0
11:52:55 | INFO     | [11:52:55] ✅ DONE | 430157 | 15 responsáveis | 816/1760 (46.4%) | Falhas: 0
11:52:55 | INFO     | [11:52:55] ✅ DONE | 446442 | 0 responsáveis | 817/1760 (46.4%) | Falhas: 0
11:52:55 | INFO     | [11:52:55] ✅ DONE | 446616 | 0 responsáveis | 818/1760 (46.5%) | Falhas: 0
11:52:55 | INFO     | [11:52:55] ✅ DONE | 447567 | 0 responsáveis | 819/1760 (46.5%) | Falhas: 0
11:52:55 | INFO     | [11:52:55] ✅ DONE | 447576 | 0 responsáveis | 820/1760 (46.6%) | Falhas: 0
11:52:55 | INFO     | [11:52:55] ✅ DONE | 447575 | 0 responsáveis | 821/1760 (46.6%) | Falhas: 0
11:52:55 | INFO     | [11:52:55] ✅ DONE | 447578 | 0 responsáveis | 822/1760 (46.7%) | Falhas: 0
11:52:55 | INFO     | [11:52:55] ✅ DONE | 447577 | 0 responsáveis | 823/1760 (46.8%) | Falhas: 0
11:52:55 | INFO     | [11:52:55] ✅ DONE | 447579 | 0 responsáveis | 824/1760 (46.8%) | Falhas: 0
11:52:55 | INFO     | [11:52:55] ✅ DONE | 447580 | 0 responsáveis | 825/1760 (46.9%) | Falhas: 0
11:52:55 | INFO     | [11:52:55] ✅ DONE | 447582 | 0 responsáveis | 826/1760 (46.9%) | Falhas: 0
11:52:55 | INFO     | [11:52:55] ✅ DONE | 447581 | 0 responsáveis | 827/1760 (47.0%) | Falhas: 0
11:52:55 | INFO     | [11:52:55] ✅ DONE | 447583 | 0 responsáveis | 828/1760 (47.0%) | Falhas: 0
11:52:55 | INFO     | [11:52:55] ✅ DONE | 447584 | 0 responsáveis | 829/1760 (47.1%) | Falhas: 0
11:52:56 | INFO     | [11:52:56] ✅ DONE | 447585 | 0 responsáveis | 830/1760 (47.2%) | Falhas: 0
11:52:56 | INFO     | [11:52:56] ✅ DONE | 447586 | 0 responsáveis | 831/1760 (47.2%) | Falhas: 0
11:52:56 | INFO     | [11:52:56] ✅ DONE | 447587 | 0 responsáveis | 832/1760 (47.3%) | Falhas: 0
11:52:56 | INFO     | [11:52:56] ✅ DONE | 456003 | 0 responsáveis | 833/1760 (47.3%) | Falhas: 0
11:52:56 | INFO     | [11:52:56] ✅ DONE | 457721 | 0 responsáveis | 834/1760 (47.4%) | Falhas: 0
11:52:56 | INFO     | [11:52:56] ✅ DONE | 461486 | 0 responsáveis | 835/1760 (47.4%) | Falhas: 0
11:52:56 | INFO     | [11:52:56] ✅ DONE | 475903 | 0 responsáveis | 836/1760 (47.5%) | Falhas: 0
11:52:56 | INFO     | [11:52:56] ✅ DONE | 484998 | 0 responsáveis | 837/1760 (47.6%) | Falhas: 0
11:52:56 | INFO     | [11:52:56] ✅ DONE | 480080 | 25 responsáveis | 838/1760 (47.6%) | Falhas: 0
11:52:56 | INFO     | [11:52:56] ✅ DONE | 485091 | 0 responsáveis | 839/1760 (47.7%) | Falhas: 0
11:52:56 | INFO     | [11:52:56] ✅ DONE | 485403 | 0 responsáveis | 840/1760 (47.7%) | Falhas: 0
11:52:56 | INFO     | [11:52:56] ✅ DONE | 488264 | 0 responsáveis | 841/1760 (47.8%) | Falhas: 0
11:52:56 | INFO     | [11:52:56] ✅ DONE | 485557 | 0 responsáveis | 842/1760 (47.8%) | Falhas: 0
11:52:56 | INFO     | [11:52:56] ✅ DONE | 491846 | 0 responsáveis | 843/1760 (47.9%) | Falhas: 0
11:52:56 | INFO     | [11:52:56] ✅ DONE | 500090 | 0 responsáveis | 844/1760 (48.0%) | Falhas: 0
11:52:56 | INFO     | [11:52:56] ✅ DONE | 501416 | 0 responsáveis | 845/1760 (48.0%) | Falhas: 0
11:52:57 | INFO     | [11:52:57] ✅ DONE | 506115 | 0 responsáveis | 846/1760 (48.1%) | Falhas: 0
11:52:57 | INFO     | [11:52:57] ✅ DONE | 523118 | 0 responsáveis | 847/1760 (48.1%) | Falhas: 0
11:52:57 | INFO     | [11:52:57] ✅ DONE | 513653 | 6 responsáveis | 848/1760 (48.2%) | Falhas: 0
11:52:57 | INFO     | [11:52:57] ✅ DONE | 532473 | 0 responsáveis | 849/1760 (48.2%) | Falhas: 0
11:52:57 | INFO     | [11:52:57] ✅ DONE | 532566 | 0 responsáveis | 850/1760 (48.3%) | Falhas: 0
11:52:57 | INFO     | [11:52:57] ✅ DONE | 540287 | 0 responsáveis | 851/1760 (48.4%) | Falhas: 0
11:52:57 | INFO     | [11:52:57] ✅ DONE | 541291 | 0 responsáveis | 852/1760 (48.4%) | Falhas: 0
11:52:57 | INFO     | [11:52:57] ✅ DONE | 548082 | 0 responsáveis | 853/1760 (48.5%) | Falhas: 0
11:52:57 | INFO     | [11:52:57] ✅ DONE | 559042 | 0 responsáveis | 854/1760 (48.5%) | Falhas: 0
11:52:57 | INFO     | [11:52:57] ✅ DONE | 561633 | 0 responsáveis | 855/1760 (48.6%) | Falhas: 0
11:52:57 | INFO     | [11:52:57] ✅ DONE | 568904 | 4 responsáveis | 856/1760 (48.6%) | Falhas: 0
11:52:57 | INFO     | [11:52:57] ✅ DONE | 568906 | 4 responsáveis | 857/1760 (48.7%) | Falhas: 0
11:52:57 | INFO     | [11:52:57] ✅ DONE | 568908 | 4 responsáveis | 858/1760 (48.8%) | Falhas: 0
11:52:57 | INFO     | [11:52:57] ✅ DONE | 573272 | 0 responsáveis | 859/1760 (48.8%) | Falhas: 0
11:52:57 | INFO     | [11:52:57] ✅ DONE | 575301 | 0 responsáveis | 860/1760 (48.9%) | Falhas: 0
11:52:57 | INFO     | [11:52:57] ✅ DONE | 575316 | 0 responsáveis | 861/1760 (48.9%) | Falhas: 0
11:52:57 | INFO     | [11:52:57] ✅ DONE | 580338 | 0 responsáveis | 862/1760 (49.0%) | Falhas: 0
11:52:57 | INFO     | [11:52:57] ✅ DONE | 584182 | 0 responsáveis | 863/1760 (49.0%) | Falhas: 0
11:52:58 | INFO     | [11:52:58] ✅ DONE | 591501 | 0 responsáveis | 864/1760 (49.1%) | Falhas: 0
11:52:58 | INFO     | [11:52:58] ✅ DONE | 594201 | 0 responsáveis | 865/1760 (49.1%) | Falhas: 0
11:52:58 | INFO     | [11:52:58] ✅ DONE | 706202 | 0 responsáveis | 866/1760 (49.2%) | Falhas: 0
11:52:58 | INFO     | [11:52:58] ✅ DONE | 616289 | 4 responsáveis | 867/1760 (49.3%) | Falhas: 0
11:52:58 | INFO     | [11:52:58] ✅ DONE | 712318 | 0 responsáveis | 868/1760 (49.3%) | Falhas: 0
11:52:58 | INFO     | [11:52:58] ✅ DONE | 725107 | 0 responsáveis | 869/1760 (49.4%) | Falhas: 0
11:52:58 | INFO     | [11:52:58] ✅ DONE | 734369 | 0 responsáveis | 870/1760 (49.4%) | Falhas: 0
11:52:58 | INFO     | [11:52:58] ✅ DONE | 724134 | 8 responsáveis | 871/1760 (49.5%) | Falhas: 0
11:52:58 | INFO     | [11:52:58] ✅ DONE | 729792 | 0 responsáveis | 872/1760 (49.5%) | Falhas: 0
11:52:58 | INFO     | [11:52:58] ✅ DONE | 736665 | 0 responsáveis | 873/1760 (49.6%) | Falhas: 0
11:52:58 | INFO     | [11:52:58] ✅ DONE | 751128 | 0 responsáveis | 874/1760 (49.7%) | Falhas: 0
11:52:58 | INFO     | [11:52:58] ✅ DONE | 752615 | 0 responsáveis | 875/1760 (49.7%) | Falhas: 0
11:52:58 | INFO     | [11:52:58] ✅ DONE | 773226 | 0 responsáveis | 876/1760 (49.8%) | Falhas: 0
11:52:58 | INFO     | [11:52:58] ✅ DONE | 773305 | 0 responsáveis | 877/1760 (49.8%) | Falhas: 0
11:52:58 | INFO     | [11:52:58] ✅ DONE | 776797 | 0 responsáveis | 878/1760 (49.9%) | Falhas: 0
11:52:58 | INFO     | [11:52:58] ✅ DONE | 778433 | 0 responsáveis | 879/1760 (49.9%) | Falhas: 0
11:52:58 | INFO     | [11:52:58] ✅ DONE | 809741 | 4 responsáveis | 880/1760 (50.0%) | Falhas: 0
11:52:59 | INFO     | [11:52:59] ✅ DONE | 822185 | 0 responsáveis | 881/1760 (50.1%) | Falhas: 0
11:52:59 | INFO     | [11:52:59] ✅ DONE | 826022 | 0 responsáveis | 882/1760 (50.1%) | Falhas: 0
11:52:59 | INFO     | [11:52:59] ✅ DONE | 833219 | 4 responsáveis | 883/1760 (50.2%) | Falhas: 0
11:52:59 | INFO     | [11:52:59] ✅ DONE | 837285 | 4 responsáveis | 884/1760 (50.2%) | Falhas: 0
11:52:59 | INFO     | [11:52:59] ✅ DONE | 833230 | 4 responsáveis | 885/1760 (50.3%) | Falhas: 0
11:52:59 | INFO     | [11:52:59] ✅ DONE | 842989 | 4 responsáveis | 886/1760 (50.3%) | Falhas: 0
11:52:59 | INFO     | [11:52:59] ✅ DONE | 848634 | 4 responsáveis | 887/1760 (50.4%) | Falhas: 0
11:52:59 | INFO     | [11:52:59] ✅ DONE | 850260 | 4 responsáveis | 888/1760 (50.5%) | Falhas: 0
11:52:59 | INFO     | [11:52:59] ✅ DONE | 860456 | 4 responsáveis | 889/1760 (50.5%) | Falhas: 0
11:52:59 | INFO     | [11:52:59] ✅ DONE | 871620 | 6 responsáveis | 890/1760 (50.6%) | Falhas: 0
11:52:59 | INFO     | [11:52:59] ✅ DONE | 894610 | 0 responsáveis | 891/1760 (50.6%) | Falhas: 0
11:52:59 | INFO     | [11:52:59] ✅ DONE | 929537 | 0 responsáveis | 892/1760 (50.7%) | Falhas: 0
11:52:59 | INFO     | [11:52:59] ✅ DONE | 929226 | 0 responsáveis | 893/1760 (50.7%) | Falhas: 0
11:52:59 | INFO     | [11:52:59] ✅ DONE | 934137 | 0 responsáveis | 894/1760 (50.8%) | Falhas: 0
11:52:59 | INFO     | [11:52:59] ✅ DONE | 943831 | 0 responsáveis | 895/1760 (50.9%) | Falhas: 0
11:52:59 | INFO     | [11:52:59] ✅ DONE | 952575 | 0 responsáveis | 896/1760 (50.9%) | Falhas: 0
11:52:59 | INFO     | [11:52:59] ✅ DONE | 948323 | 0 responsáveis | 897/1760 (51.0%) | Falhas: 0
11:53:00 | INFO     | [11:53:00] ✅ DONE | 984437 | 0 responsáveis | 898/1760 (51.0%) | Falhas: 0
11:53:00 | INFO     | [11:53:00] ✅ DONE | 984836 | 0 responsáveis | 899/1760 (51.1%) | Falhas: 0
11:53:00 | INFO     | [11:53:00] ✅ DONE | 985103 | 0 responsáveis | 900/1760 (51.1%) | Falhas: 0
11:53:00 | INFO     | [11:53:00] ✅ DONE | 984920 | 0 responsáveis | 901/1760 (51.2%) | Falhas: 0
11:53:00 | INFO     | [11:53:00] ✅ DONE | 1009167 | 0 responsáveis | 902/1760 (51.2%) | Falhas: 0
11:53:00 | INFO     | [11:53:00] ✅ DONE | 991823 | 0 responsáveis | 903/1760 (51.3%) | Falhas: 0
11:53:00 | INFO     | [11:53:00] ✅ DONE | 10342 | 2 responsáveis | 904/1760 (51.4%) | Falhas: 0
11:53:00 | INFO     | [11:53:00] ✅ DONE | 14953 | 0 responsáveis | 905/1760 (51.4%) | Falhas: 0
11:53:00 | INFO     | [11:53:00] ✅ DONE | 20559 | 0 responsáveis | 906/1760 (51.5%) | Falhas: 0
11:53:00 | INFO     | [11:53:00] ✅ DONE | 21812 | 4 responsáveis | 907/1760 (51.5%) | Falhas: 0
11:53:00 | INFO     | [11:53:00] ✅ DONE | 29851 | 0 responsáveis | 908/1760 (51.6%) | Falhas: 0
11:53:00 | INFO     | [11:53:00] ✅ DONE | 26827 | 0 responsáveis | 909/1760 (51.6%) | Falhas: 0
11:53:00 | INFO     | [11:53:00] ✅ DONE | 29852 | 0 responsáveis | 910/1760 (51.7%) | Falhas: 0
11:53:00 | INFO     | [11:53:00] ✅ DONE | 72020 | 0 responsáveis | 911/1760 (51.8%) | Falhas: 0
11:53:00 | INFO     | [11:53:00] ✅ DONE | 29915 | 0 responsáveis | 912/1760 (51.8%) | Falhas: 0
11:53:00 | INFO     | [11:53:00] ✅ DONE | 82432 | 2 responsáveis | 913/1760 (51.9%) | Falhas: 0
11:53:01 | INFO     | [11:53:01] ✅ DONE | 119715 | 5 responsáveis | 914/1760 (51.9%) | Falhas: 0
11:53:01 | INFO     | [11:53:01] ✅ DONE | 120576 | 0 responsáveis | 915/1760 (52.0%) | Falhas: 0
11:53:01 | INFO     | [11:53:01] ✅ DONE | 144476 | 0 responsáveis | 916/1760 (52.0%) | Falhas: 0
11:53:01 | INFO     | [11:53:01] ✅ DONE | 145634 | 0 responsáveis | 917/1760 (52.1%) | Falhas: 0
11:53:01 | INFO     | [11:53:01] ✅ DONE | 147490 | 0 responsáveis | 918/1760 (52.2%) | Falhas: 0
11:53:01 | INFO     | [11:53:01] ✅ DONE | 157052 | 2 responsáveis | 919/1760 (52.2%) | Falhas: 0
11:53:01 | INFO     | [11:53:01] ✅ DONE | 173787 | 0 responsáveis | 920/1760 (52.3%) | Falhas: 0
11:53:01 | INFO     | [11:53:01] ✅ DONE | 174778 | 4 responsáveis | 921/1760 (52.3%) | Falhas: 0
11:53:01 | INFO     | [11:53:01] ✅ DONE | 206208 | 4 responsáveis | 922/1760 (52.4%) | Falhas: 0
11:53:01 | INFO     | [11:53:01] ✅ DONE | 254798 | 1 responsáveis | 923/1760 (52.4%) | Falhas: 0
11:53:01 | INFO     | [11:53:01] ✅ DONE | 446209 | 1 responsáveis | 924/1760 (52.5%) | Falhas: 0
11:53:01 | INFO     | [11:53:01] ✅ DONE | 446589 | 2 responsáveis | 925/1760 (52.6%) | Falhas: 0
11:53:01 | INFO     | [11:53:01] ✅ DONE | 451530 | 0 responsáveis | 926/1760 (52.6%) | Falhas: 0
11:53:01 | INFO     | [11:53:01] ✅ DONE | 450466 | 0 responsáveis | 927/1760 (52.7%) | Falhas: 0
11:53:01 | INFO     | [11:53:01] ✅ DONE | 451662 | 0 responsáveis | 928/1760 (52.7%) | Falhas: 0
11:53:01 | INFO     | [11:53:01] ✅ DONE | 451742 | 0 responsáveis | 929/1760 (52.8%) | Falhas: 0
11:53:01 | INFO     | [11:53:01] ✅ DONE | 451874 | 0 responsáveis | 930/1760 (52.8%) | Falhas: 0
11:53:01 | INFO     | [11:53:01] ✅ DONE | 451963 | 0 responsáveis | 931/1760 (52.9%) | Falhas: 0
11:53:02 | INFO     | [11:53:02] ✅ DONE | 452131 | 0 responsáveis | 932/1760 (53.0%) | Falhas: 0
11:53:02 | INFO     | [11:53:02] ✅ DONE | 452708 | 0 responsáveis | 933/1760 (53.0%) | Falhas: 0
11:53:02 | INFO     | [11:53:02] ✅ DONE | 471390 | 0 responsáveis | 934/1760 (53.1%) | Falhas: 0
11:53:02 | INFO     | [11:53:02] ✅ DONE | 452712 | 0 responsáveis | 935/1760 (53.1%) | Falhas: 0
11:53:02 | INFO     | [11:53:02] ✅ DONE | 471443 | 0 responsáveis | 936/1760 (53.2%) | Falhas: 0
11:53:02 | INFO     | [11:53:02] ✅ DONE | 479340 | 0 responsáveis | 937/1760 (53.2%) | Falhas: 0
11:53:02 | INFO     | [11:53:02] ✅ DONE | 483875 | 1 responsáveis | 938/1760 (53.3%) | Falhas: 0
11:53:02 | INFO     | [11:53:02] ✅ DONE | 479725 | 0 responsáveis | 939/1760 (53.4%) | Falhas: 0
11:53:02 | INFO     | [11:53:02] ✅ DONE | 483888 | 0 responsáveis | 940/1760 (53.4%) | Falhas: 0
11:53:02 | INFO     | [11:53:02] ✅ DONE | 486149 | 1 responsáveis | 941/1760 (53.5%) | Falhas: 0
11:53:02 | INFO     | [11:53:02] ✅ DONE | 484344 | 0 responsáveis | 942/1760 (53.5%) | Falhas: 0
11:53:02 | INFO     | [11:53:02] ✅ DONE | 495093 | 0 responsáveis | 943/1760 (53.6%) | Falhas: 0
11:53:02 | INFO     | [11:53:02] ✅ DONE | 499114 | 0 responsáveis | 944/1760 (53.6%) | Falhas: 0
11:53:02 | INFO     | [11:53:02] ✅ DONE | 500050 | 0 responsáveis | 945/1760 (53.7%) | Falhas: 0
11:53:02 | INFO     | [11:53:02] ✅ DONE | 500213 | 0 responsáveis | 946/1760 (53.8%) | Falhas: 0
11:53:02 | INFO     | [11:53:02] ✅ DONE | 531486 | 0 responsáveis | 947/1760 (53.8%) | Falhas: 0
11:53:02 | INFO     | [11:53:02] ✅ DONE | 520408 | 2 responsáveis | 948/1760 (53.9%) | Falhas: 0
11:53:03 | INFO     | [11:53:03] ✅ DONE | 559219 | 0 responsáveis | 949/1760 (53.9%) | Falhas: 0
11:53:03 | INFO     | [11:53:03] ✅ DONE | 565567 | 0 responsáveis | 950/1760 (54.0%) | Falhas: 0
11:53:03 | INFO     | [11:53:03] ✅ DONE | 566432 | 0 responsáveis | 951/1760 (54.0%) | Falhas: 0
11:53:03 | INFO     | [11:53:03] ✅ DONE | 577169 | 0 responsáveis | 952/1760 (54.1%) | Falhas: 0
11:53:03 | INFO     | [11:53:03] ✅ DONE | 577280 | 0 responsáveis | 953/1760 (54.1%) | Falhas: 0
11:53:03 | INFO     | [11:53:03] ✅ DONE | 585317 | 2 responsáveis | 954/1760 (54.2%) | Falhas: 0
11:53:03 | INFO     | [11:53:03] ✅ DONE | 609937 | 0 responsáveis | 955/1760 (54.3%) | Falhas: 0
11:53:03 | INFO     | [11:53:03] ✅ DONE | 615323 | 0 responsáveis | 956/1760 (54.3%) | Falhas: 0
11:53:03 | INFO     | [11:53:03] ✅ DONE | 639389 | 0 responsáveis | 957/1760 (54.4%) | Falhas: 0
11:53:03 | INFO     | [11:53:03] ✅ DONE | 656499 | 0 responsáveis | 958/1760 (54.4%) | Falhas: 0
11:53:03 | INFO     | [11:53:03] ✅ DONE | 669647 | 0 responsáveis | 959/1760 (54.5%) | Falhas: 0
11:53:03 | INFO     | [11:53:03] ✅ DONE | 694791 | 0 responsáveis | 960/1760 (54.5%) | Falhas: 0
11:53:03 | INFO     | [11:53:03] ✅ DONE | 694909 | 0 responsáveis | 961/1760 (54.6%) | Falhas: 0
11:53:03 | INFO     | [11:53:03] ✅ DONE | 702157 | 0 responsáveis | 962/1760 (54.7%) | Falhas: 0
11:53:03 | INFO     | [11:53:03] ✅ DONE | 702189 | 0 responsáveis | 963/1760 (54.7%) | Falhas: 0
11:53:03 | INFO     | [11:53:03] ✅ DONE | 702602 | 0 responsáveis | 964/1760 (54.8%) | Falhas: 0
11:53:03 | INFO     | [11:53:03] ✅ DONE | 702552 | 0 responsáveis | 965/1760 (54.8%) | Falhas: 0
11:53:04 | INFO     | [11:53:04] ✅ DONE | 702645 | 0 responsáveis | 966/1760 (54.9%) | Falhas: 0
11:53:04 | INFO     | [11:53:04] ✅ DONE | 702752 | 0 responsáveis | 967/1760 (54.9%) | Falhas: 0
11:53:04 | INFO     | [11:53:04] ✅ DONE | 702682 | 0 responsáveis | 968/1760 (55.0%) | Falhas: 0
11:53:04 | INFO     | [11:53:04] ✅ DONE | 702819 | 0 responsáveis | 969/1760 (55.1%) | Falhas: 0
11:53:04 | INFO     | [11:53:04] ✅ DONE | 732884 | 0 responsáveis | 970/1760 (55.1%) | Falhas: 0
11:53:04 | INFO     | [11:53:04] ✅ DONE | 745029 | 0 responsáveis | 971/1760 (55.2%) | Falhas: 0
11:53:04 | INFO     | [11:53:04] ✅ DONE | 745005 | 0 responsáveis | 972/1760 (55.2%) | Falhas: 0
11:53:04 | INFO     | [11:53:04] ✅ DONE | 748263 | 0 responsáveis | 973/1760 (55.3%) | Falhas: 0
11:53:04 | INFO     | [11:53:04] ✅ DONE | 751322 | 0 responsáveis | 974/1760 (55.3%) | Falhas: 0
11:53:04 | INFO     | [11:53:04] ✅ DONE | 758104 | 0 responsáveis | 975/1760 (55.4%) | Falhas: 0
11:53:04 | INFO     | [11:53:04] ✅ DONE | 758619 | 2 responsáveis | 976/1760 (55.5%) | Falhas: 0
11:53:04 | INFO     | [11:53:04] ✅ DONE | 761771 | 0 responsáveis | 977/1760 (55.5%) | Falhas: 0
11:53:04 | INFO     | [11:53:04] ✅ DONE | 761773 | 0 responsáveis | 978/1760 (55.6%) | Falhas: 0
11:53:04 | INFO     | [11:53:04] ✅ DONE | 806617 | 0 responsáveis | 979/1760 (55.6%) | Falhas: 0
11:53:04 | INFO     | [11:53:04] ✅ DONE | 806579 | 0 responsáveis | 980/1760 (55.7%) | Falhas: 0
11:53:04 | INFO     | [11:53:04] ✅ DONE | 806665 | 0 responsáveis | 981/1760 (55.7%) | Falhas: 0
11:53:04 | INFO     | [11:53:04] ✅ DONE | 807839 | 0 responsáveis | 982/1760 (55.8%) | Falhas: 0
11:53:04 | INFO     | [11:53:04] ✅ DONE | 807730 | 0 responsáveis | 983/1760 (55.9%) | Falhas: 0
11:53:04 | INFO     | [11:53:04] ✅ DONE | 807721 | 0 responsáveis | 984/1760 (55.9%) | Falhas: 0
11:53:04 | INFO     | [11:53:04] ✅ DONE | 809514 | 0 responsáveis | 985/1760 (56.0%) | Falhas: 0
11:53:05 | INFO     | [11:53:05] ✅ DONE | 811947 | 0 responsáveis | 986/1760 (56.0%) | Falhas: 0
11:53:05 | INFO     | [11:53:05] ✅ DONE | 811963 | 0 responsáveis | 987/1760 (56.1%) | Falhas: 0
11:53:05 | INFO     | [11:53:05] ✅ DONE | 811977 | 0 responsáveis | 988/1760 (56.1%) | Falhas: 0
11:53:05 | INFO     | [11:53:05] ✅ DONE | 811981 | 0 responsáveis | 989/1760 (56.2%) | Falhas: 0
11:53:05 | INFO     | [11:53:05] ✅ DONE | 827376 | 0 responsáveis | 990/1760 (56.2%) | Falhas: 0
11:53:05 | INFO     | [11:53:05] ✅ DONE | 823043 | 0 responsáveis | 991/1760 (56.3%) | Falhas: 0
11:53:05 | INFO     | [11:53:05] ✅ DONE | 829788 | 2 responsáveis | 992/1760 (56.4%) | Falhas: 0
11:53:05 | INFO     | [11:53:05] ✅ DONE | 828387 | 0 responsáveis | 993/1760 (56.4%) | Falhas: 0
11:53:05 | INFO     | [11:53:05] ✅ DONE | 833172 | 0 responsáveis | 994/1760 (56.5%) | Falhas: 0
11:53:05 | INFO     | [11:53:05] ✅ DONE | 835534 | 0 responsáveis | 995/1760 (56.5%) | Falhas: 0
11:53:05 | INFO     | [11:53:05] ✅ DONE | 849547 | 0 responsáveis | 996/1760 (56.6%) | Falhas: 0
11:53:05 | INFO     | [11:53:05] ✅ DONE | 849721 | 0 responsáveis | 997/1760 (56.6%) | Falhas: 0
11:53:05 | INFO     | [11:53:05] ✅ DONE | 863851 | 0 responsáveis | 998/1760 (56.7%) | Falhas: 0
11:53:05 | INFO     | [11:53:05] ✅ DONE | 867070 | 0 responsáveis | 999/1760 (56.8%) | Falhas: 0
11:53:05 | INFO     | [11:53:05] ✅ DONE | 868399 | 0 responsáveis | 1000/1760 (56.8%) | Falhas: 0
11:53:05 | INFO     | [11:53:05] ✅ DONE | 870783 | 0 responsáveis | 1001/1760 (56.9%) | Falhas: 0
11:53:05 | INFO     | [11:53:05] ✅ DONE | 918482 | 0 responsáveis | 1002/1760 (56.9%) | Falhas: 0
11:53:05 | INFO     | [11:53:05] ✅ DONE | 922375 | 0 responsáveis | 1003/1760 (57.0%) | Falhas: 0
11:53:06 | INFO     | [11:53:06] ✅ DONE | 940753 | 0 responsáveis | 1004/1760 (57.0%) | Falhas: 0
11:53:06 | INFO     | [11:53:06] ✅ DONE | 952563 | 0 responsáveis | 1005/1760 (57.1%) | Falhas: 0
11:53:06 | INFO     | [11:53:06] ✅ DONE | 978484 | 0 responsáveis | 1006/1760 (57.2%) | Falhas: 0
11:53:06 | INFO     | [11:53:06] ✅ DONE | 29919 | 0 responsáveis | 1007/1760 (57.2%) | Falhas: 0
11:53:06 | INFO     | [11:53:06] ✅ DONE | 978644 | 0 responsáveis | 1008/1760 (57.3%) | Falhas: 0
11:53:06 | INFO     | [11:53:06] ✅ DONE | 43163 | 0 responsáveis | 1009/1760 (57.3%) | Falhas: 0
11:53:06 | INFO     | [11:53:06] ✅ DONE | 44097 | 0 responsáveis | 1010/1760 (57.4%) | Falhas: 0
11:53:06 | INFO     | [11:53:06] ✅ DONE | 58494 | 0 responsáveis | 1011/1760 (57.4%) | Falhas: 0
11:53:06 | INFO     | [11:53:06] ✅ DONE | 66166 | 0 responsáveis | 1012/1760 (57.5%) | Falhas: 0
11:53:06 | INFO     | [11:53:06] ✅ DONE | 70569 | 0 responsáveis | 1013/1760 (57.6%) | Falhas: 0
11:53:06 | INFO     | [11:53:06] ✅ DONE | 58223 | 6 responsáveis | 1014/1760 (57.6%) | Falhas: 0
11:53:06 | INFO     | [11:53:06] ✅ DONE | 70590 | 0 responsáveis | 1015/1760 (57.7%) | Falhas: 0
11:53:06 | INFO     | [11:53:06] ✅ DONE | 70599 | 0 responsáveis | 1016/1760 (57.7%) | Falhas: 0
11:53:06 | INFO     | [11:53:06] ✅ DONE | 89041 | 0 responsáveis | 1017/1760 (57.8%) | Falhas: 0
11:53:06 | INFO     | [11:53:06] ✅ DONE | 87430 | 0 responsáveis | 1018/1760 (57.8%) | Falhas: 0
11:53:06 | INFO     | [11:53:06] ✅ DONE | 126839 | 0 responsáveis | 1019/1760 (57.9%) | Falhas: 0
11:53:06 | INFO     | [11:53:06] ✅ DONE | 124020 | 0 responsáveis | 1020/1760 (58.0%) | Falhas: 0
11:53:07 | INFO     | [11:53:07] ✅ DONE | 131999 | 0 responsáveis | 1021/1760 (58.0%) | Falhas: 0
11:53:07 | INFO     | [11:53:07] ✅ DONE | 129005 | 1 responsáveis | 1022/1760 (58.1%) | Falhas: 0
11:53:07 | INFO     | [11:53:07] ✅ DONE | 110076 | 47 responsáveis | 1023/1760 (58.1%) | Falhas: 0
11:53:07 | INFO     | [11:53:07] ✅ DONE | 132571 | 8 responsáveis | 1024/1760 (58.2%) | Falhas: 0
11:53:07 | INFO     | [11:53:07] ✅ DONE | 133054 | 1 responsáveis | 1025/1760 (58.2%) | Falhas: 0
11:53:07 | INFO     | [11:53:07] ✅ DONE | 134993 | 0 responsáveis | 1026/1760 (58.3%) | Falhas: 0
11:53:07 | INFO     | [11:53:07] ✅ DONE | 135664 | 0 responsáveis | 1027/1760 (58.4%) | Falhas: 0
11:53:07 | INFO     | [11:53:07] ✅ DONE | 133252 | 27 responsáveis | 1028/1760 (58.4%) | Falhas: 0
11:53:07 | INFO     | [11:53:07] ✅ DONE | 136610 | 0 responsáveis | 1029/1760 (58.5%) | Falhas: 0
11:53:07 | INFO     | [11:53:07] ✅ DONE | 136741 | 0 responsáveis | 1030/1760 (58.5%) | Falhas: 0
11:53:07 | INFO     | [11:53:07] ✅ DONE | 137395 | 0 responsáveis | 1031/1760 (58.6%) | Falhas: 0
11:53:07 | INFO     | [11:53:07] ✅ DONE | 136750 | 0 responsáveis | 1032/1760 (58.6%) | Falhas: 0
11:53:07 | INFO     | [11:53:07] ✅ DONE | 139144 | 0 responsáveis | 1033/1760 (58.7%) | Falhas: 0
11:53:07 | INFO     | [11:53:07] ✅ DONE | 139666 | 0 responsáveis | 1034/1760 (58.8%) | Falhas: 0
11:53:07 | INFO     | [11:53:07] ✅ DONE | 144649 | 2 responsáveis | 1035/1760 (58.8%) | Falhas: 0
11:53:07 | INFO     | [11:53:07] ✅ DONE | 145506 | 0 responsáveis | 1036/1760 (58.9%) | Falhas: 0
11:53:07 | INFO     | [11:53:07] ✅ DONE | 145522 | 2 responsáveis | 1037/1760 (58.9%) | Falhas: 0
11:53:07 | INFO     | [11:53:07] ✅ DONE | 151777 | 2 responsáveis | 1038/1760 (59.0%) | Falhas: 0
11:53:08 | INFO     | [11:53:08] ✅ DONE | 156065 | 0 responsáveis | 1039/1760 (59.0%) | Falhas: 0
11:53:08 | INFO     | [11:53:08] ✅ DONE | 156214 | 0 responsáveis | 1040/1760 (59.1%) | Falhas: 0
11:53:08 | INFO     | [11:53:08] ✅ DONE | 158521 | 4 responsáveis | 1041/1760 (59.1%) | Falhas: 0
11:53:08 | INFO     | [11:53:08] ✅ DONE | 163107 | 0 responsáveis | 1042/1760 (59.2%) | Falhas: 0
11:53:08 | INFO     | [11:53:08] ✅ DONE | 162891 | 0 responsáveis | 1043/1760 (59.3%) | Falhas: 0
11:53:08 | INFO     | [11:53:08] ✅ DONE | 161186 | 0 responsáveis | 1044/1760 (59.3%) | Falhas: 0
11:53:08 | INFO     | [11:53:08] ✅ DONE | 160257 | 27 responsáveis | 1045/1760 (59.4%) | Falhas: 0
11:53:08 | INFO     | [11:53:08] ✅ DONE | 163343 | 0 responsáveis | 1046/1760 (59.4%) | Falhas: 0
11:53:08 | INFO     | [11:53:08] ✅ DONE | 163844 | 2 responsáveis | 1047/1760 (59.5%) | Falhas: 0
11:53:08 | INFO     | [11:53:08] ✅ DONE | 163856 | 6 responsáveis | 1048/1760 (59.5%) | Falhas: 0
11:53:08 | INFO     | [11:53:08] ✅ DONE | 166962 | 0 responsáveis | 1049/1760 (59.6%) | Falhas: 0
11:53:08 | INFO     | [11:53:08] ✅ DONE | 171989 | 0 responsáveis | 1050/1760 (59.7%) | Falhas: 0
11:53:08 | INFO     | [11:53:08] ✅ DONE | 173910 | 0 responsáveis | 1051/1760 (59.7%) | Falhas: 0
11:53:08 | INFO     | [11:53:08] ✅ DONE | 172446 | 0 responsáveis | 1052/1760 (59.8%) | Falhas: 0
11:53:08 | INFO     | [11:53:08] ✅ DONE | 178950 | 0 responsáveis | 1053/1760 (59.8%) | Falhas: 0
11:53:08 | INFO     | [11:53:08] ✅ DONE | 179490 | 2 responsáveis | 1054/1760 (59.9%) | Falhas: 0
11:53:08 | INFO     | [11:53:08] ✅ DONE | 181350 | 0 responsáveis | 1055/1760 (59.9%) | Falhas: 0
11:53:09 | INFO     | [11:53:09] ✅ DONE | 181506 | 0 responsáveis | 1056/1760 (60.0%) | Falhas: 0
11:53:09 | INFO     | [11:53:09] ✅ DONE | 181658 | 0 responsáveis | 1057/1760 (60.1%) | Falhas: 0
11:53:09 | INFO     | [11:53:09] ✅ DONE | 182139 | 0 responsáveis | 1058/1760 (60.1%) | Falhas: 0
11:53:09 | INFO     | [11:53:09] ✅ DONE | 182154 | 0 responsáveis | 1059/1760 (60.2%) | Falhas: 0
11:53:09 | INFO     | [11:53:09] ✅ DONE | 181745 | 0 responsáveis | 1060/1760 (60.2%) | Falhas: 0
11:53:09 | INFO     | [11:53:09] ✅ DONE | 183939 | 0 responsáveis | 1061/1760 (60.3%) | Falhas: 0
11:53:09 | INFO     | [11:53:09] ✅ DONE | 183990 | 0 responsáveis | 1062/1760 (60.3%) | Falhas: 0
11:53:09 | INFO     | [11:53:09] ✅ DONE | 184010 | 0 responsáveis | 1063/1760 (60.4%) | Falhas: 0
11:53:09 | INFO     | [11:53:09] ✅ DONE | 184019 | 0 responsáveis | 1064/1760 (60.5%) | Falhas: 0
11:53:09 | INFO     | [11:53:09] ✅ DONE | 185707 | 2 responsáveis | 1065/1760 (60.5%) | Falhas: 0
11:53:09 | INFO     | [11:53:09] ✅ DONE | 186876 | 2 responsáveis | 1066/1760 (60.6%) | Falhas: 0
11:53:09 | INFO     | [11:53:09] ✅ DONE | 186461 | 0 responsáveis | 1067/1760 (60.6%) | Falhas: 0
11:53:09 | INFO     | [11:53:09] ✅ DONE | 188966 | 0 responsáveis | 1068/1760 (60.7%) | Falhas: 0
11:53:09 | INFO     | [11:53:09] ✅ DONE | 189079 | 0 responsáveis | 1069/1760 (60.7%) | Falhas: 0
11:53:09 | INFO     | [11:53:09] ✅ DONE | 189095 | 5 responsáveis | 1070/1760 (60.8%) | Falhas: 0
11:53:10 | INFO     | [11:53:10] ✅ DONE | 189260 | 0 responsáveis | 1071/1760 (60.9%) | Falhas: 0
11:53:10 | INFO     | [11:53:10] ✅ DONE | 189318 | 0 responsáveis | 1072/1760 (60.9%) | Falhas: 0
11:53:10 | INFO     | [11:53:10] ✅ DONE | 189331 | 2 responsáveis | 1073/1760 (61.0%) | Falhas: 0
11:53:10 | INFO     | [11:53:10] ✅ DONE | 191318 | 4 responsáveis | 1074/1760 (61.0%) | Falhas: 0
11:53:10 | INFO     | [11:53:10] ✅ DONE | 192460 | 0 responsáveis | 1075/1760 (61.1%) | Falhas: 0
11:53:10 | INFO     | [11:53:10] ✅ DONE | 192467 | 6 responsáveis | 1076/1760 (61.1%) | Falhas: 0
11:53:10 | INFO     | [11:53:10] ✅ DONE | 193505 | 4 responsáveis | 1077/1760 (61.2%) | Falhas: 0
11:53:10 | INFO     | [11:53:10] ✅ DONE | 199358 | 0 responsáveis | 1078/1760 (61.3%) | Falhas: 0
11:53:10 | INFO     | [11:53:10] ✅ DONE | 202019 | 5 responsáveis | 1079/1760 (61.3%) | Falhas: 0
11:53:10 | INFO     | [11:53:10] ✅ DONE | 204632 | 8 responsáveis | 1080/1760 (61.4%) | Falhas: 0
11:53:10 | INFO     | [11:53:10] ✅ DONE | 218161 | 0 responsáveis | 1081/1760 (61.4%) | Falhas: 0
11:53:10 | INFO     | [11:53:10] ✅ DONE | 207044 | 0 responsáveis | 1082/1760 (61.5%) | Falhas: 0
11:53:10 | INFO     | [11:53:10] ✅ DONE | 220756 | 0 responsáveis | 1083/1760 (61.5%) | Falhas: 0
11:53:10 | INFO     | [11:53:10] ✅ DONE | 225977 | 0 responsáveis | 1084/1760 (61.6%) | Falhas: 0
11:53:10 | INFO     | [11:53:10] ✅ DONE | 227860 | 0 responsáveis | 1085/1760 (61.6%) | Falhas: 0
11:53:10 | INFO     | [11:53:10] ✅ DONE | 229546 | 5 responsáveis | 1086/1760 (61.7%) | Falhas: 0
11:53:10 | INFO     | [11:53:10] ✅ DONE | 235728 | 4 responsáveis | 1087/1760 (61.8%) | Falhas: 0
11:53:10 | INFO     | [11:53:10] ✅ DONE | 242123 | 2 responsáveis | 1088/1760 (61.8%) | Falhas: 0
11:53:11 | INFO     | [11:53:11] ✅ DONE | 245845 | 0 responsáveis | 1089/1760 (61.9%) | Falhas: 0
11:53:11 | INFO     | [11:53:11] ✅ DONE | 243125 | 22 responsáveis | 1090/1760 (61.9%) | Falhas: 0
11:53:11 | INFO     | [11:53:11] ✅ DONE | 247338 | 0 responsáveis | 1091/1760 (62.0%) | Falhas: 0
11:53:11 | INFO     | [11:53:11] ✅ DONE | 247412 | 0 responsáveis | 1092/1760 (62.0%) | Falhas: 0
11:53:11 | INFO     | [11:53:11] ✅ DONE | 250820 | 0 responsáveis | 1093/1760 (62.1%) | Falhas: 0
11:53:11 | INFO     | [11:53:11] ✅ DONE | 255911 | 3 responsáveis | 1094/1760 (62.2%) | Falhas: 0
11:53:11 | INFO     | [11:53:11] ✅ DONE | 258095 | 6 responsáveis | 1095/1760 (62.2%) | Falhas: 0
11:53:11 | INFO     | [11:53:11] ✅ DONE | 265149 | 0 responsáveis | 1096/1760 (62.3%) | Falhas: 0
11:53:11 | INFO     | [11:53:11] ✅ DONE | 260775 | 0 responsáveis | 1097/1760 (62.3%) | Falhas: 0
11:53:11 | INFO     | [11:53:11] ✅ DONE | 258829 | 6 responsáveis | 1098/1760 (62.4%) | Falhas: 0
11:53:11 | INFO     | [11:53:11] ✅ DONE | 286018 | 11 responsáveis | 1099/1760 (62.4%) | Falhas: 0
11:53:11 | INFO     | [11:53:11] ✅ DONE | 265150 | 0 responsáveis | 1100/1760 (62.5%) | Falhas: 0
11:53:11 | INFO     | [11:53:11] ✅ DONE | 299993 | 0 responsáveis | 1101/1760 (62.6%) | Falhas: 0
11:53:11 | INFO     | [11:53:11] ✅ DONE | 300103 | 0 responsáveis | 1102/1760 (62.6%) | Falhas: 0
11:53:11 | INFO     | [11:53:11] ✅ DONE | 300116 | 0 responsáveis | 1103/1760 (62.7%) | Falhas: 0
11:53:11 | INFO     | [11:53:11] ✅ DONE | 322665 | 0 responsáveis | 1104/1760 (62.7%) | Falhas: 0
11:53:11 | INFO     | [11:53:11] ✅ DONE | 322760 | 0 responsáveis | 1105/1760 (62.8%) | Falhas: 0
11:53:12 | INFO     | [11:53:12] ✅ DONE | 322761 | 0 responsáveis | 1106/1760 (62.8%) | Falhas: 0
11:53:12 | INFO     | [11:53:12] ✅ DONE | 333750 | 0 responsáveis | 1107/1760 (62.9%) | Falhas: 0
11:53:12 | INFO     | [11:53:12] ✅ DONE | 333791 | 0 responsáveis | 1108/1760 (63.0%) | Falhas: 0
11:53:12 | INFO     | [11:53:12] ✅ DONE | 346024 | 0 responsáveis | 1109/1760 (63.0%) | Falhas: 0
11:53:12 | INFO     | [11:53:12] ✅ DONE | 359814 | 0 responsáveis | 1110/1760 (63.1%) | Falhas: 0
11:53:12 | INFO     | [11:53:12] ✅ DONE | 357259 | 0 responsáveis | 1111/1760 (63.1%) | Falhas: 0
11:53:12 | INFO     | [11:53:12] ✅ DONE | 357227 | 0 responsáveis | 1112/1760 (63.2%) | Falhas: 0
11:53:12 | INFO     | [11:53:12] ✅ DONE | 351153 | 2 responsáveis | 1113/1760 (63.2%) | Falhas: 0
11:53:12 | INFO     | [11:53:12] ✅ DONE | 362397 | 2 responsáveis | 1114/1760 (63.3%) | Falhas: 0
11:53:12 | INFO     | [11:53:12] ✅ DONE | 362408 | 2 responsáveis | 1115/1760 (63.4%) | Falhas: 0
11:53:12 | INFO     | [11:53:12] ✅ DONE | 362431 | 0 responsáveis | 1116/1760 (63.4%) | Falhas: 0
11:53:12 | INFO     | [11:53:12] ✅ DONE | 362445 | 0 responsáveis | 1117/1760 (63.5%) | Falhas: 0
11:53:12 | INFO     | [11:53:12] ✅ DONE | 366177 | 0 responsáveis | 1118/1760 (63.5%) | Falhas: 0
11:53:12 | INFO     | [11:53:12] ✅ DONE | 394239 | 0 responsáveis | 1119/1760 (63.6%) | Falhas: 0
11:53:12 | INFO     | [11:53:12] ✅ DONE | 401047 | 0 responsáveis | 1120/1760 (63.6%) | Falhas: 0
11:53:12 | INFO     | [11:53:12] ✅ DONE | 401293 | 7 responsáveis | 1121/1760 (63.7%) | Falhas: 0
11:53:13 | INFO     | [11:53:13] ✅ DONE | 403522 | 0 responsáveis | 1122/1760 (63.7%) | Falhas: 0
11:53:13 | INFO     | [11:53:13] ✅ DONE | 404330 | 0 responsáveis | 1123/1760 (63.8%) | Falhas: 0
11:53:13 | INFO     | [11:53:13] ✅ DONE | 405437 | 0 responsáveis | 1124/1760 (63.9%) | Falhas: 0
11:53:13 | INFO     | [11:53:13] ✅ DONE | 418721 | 0 responsáveis | 1125/1760 (63.9%) | Falhas: 0
11:53:13 | INFO     | [11:53:13] ✅ DONE | 407357 | 0 responsáveis | 1126/1760 (64.0%) | Falhas: 0
11:53:13 | INFO     | [11:53:13] ✅ DONE | 413928 | 0 responsáveis | 1127/1760 (64.0%) | Falhas: 0
11:53:13 | INFO     | [11:53:13] ✅ DONE | 419151 | 0 responsáveis | 1128/1760 (64.1%) | Falhas: 0
11:53:13 | INFO     | [11:53:13] ✅ DONE | 421971 | 0 responsáveis | 1129/1760 (64.1%) | Falhas: 0
11:53:13 | INFO     | [11:53:13] ✅ DONE | 423401 | 0 responsáveis | 1130/1760 (64.2%) | Falhas: 0
11:53:13 | INFO     | [11:53:13] ✅ DONE | 430007 | 0 responsáveis | 1131/1760 (64.3%) | Falhas: 0
11:53:13 | INFO     | [11:53:13] ✅ DONE | 439866 | 0 responsáveis | 1132/1760 (64.3%) | Falhas: 0
11:53:13 | INFO     | [11:53:13] ✅ DONE | 447521 | 0 responsáveis | 1133/1760 (64.4%) | Falhas: 0
11:53:13 | INFO     | [11:53:13] ✅ DONE | 447546 | 0 responsáveis | 1134/1760 (64.4%) | Falhas: 0
11:53:13 | INFO     | [11:53:13] ✅ DONE | 430739 | 1 responsáveis | 1135/1760 (64.5%) | Falhas: 0
11:53:13 | INFO     | [11:53:13] ✅ DONE | 451017 | 0 responsáveis | 1136/1760 (64.5%) | Falhas: 0
11:53:13 | INFO     | [11:53:13] ✅ DONE | 455314 | 0 responsáveis | 1137/1760 (64.6%) | Falhas: 0
11:53:14 | INFO     | [11:53:14] ✅ DONE | 457621 | 2 responsáveis | 1138/1760 (64.7%) | Falhas: 0
11:53:14 | INFO     | [11:53:14] ✅ DONE | 471007 | 0 responsáveis | 1139/1760 (64.7%) | Falhas: 0
11:53:14 | INFO     | [11:53:14] ✅ DONE | 471308 | 0 responsáveis | 1140/1760 (64.8%) | Falhas: 0
11:53:14 | INFO     | [11:53:14] ✅ DONE | 471366 | 0 responsáveis | 1141/1760 (64.8%) | Falhas: 0
11:53:14 | INFO     | [11:53:14] ✅ DONE | 471604 | 1 responsáveis | 1142/1760 (64.9%) | Falhas: 0
11:53:14 | INFO     | [11:53:14] ✅ DONE | 484388 | 0 responsáveis | 1143/1760 (64.9%) | Falhas: 0
11:53:14 | INFO     | [11:53:14] ✅ DONE | 477887 | 0 responsáveis | 1144/1760 (65.0%) | Falhas: 0
11:53:14 | INFO     | [11:53:14] ✅ DONE | 484671 | 0 responsáveis | 1145/1760 (65.1%) | Falhas: 0
11:53:14 | INFO     | [11:53:14] ✅ DONE | 485292 | 0 responsáveis | 1146/1760 (65.1%) | Falhas: 0
11:53:14 | INFO     | [11:53:14] ✅ DONE | 485855 | 0 responsáveis | 1147/1760 (65.2%) | Falhas: 0
11:53:14 | INFO     | [11:53:14] ✅ DONE | 500958 | 0 responsáveis | 1148/1760 (65.2%) | Falhas: 0
11:53:14 | INFO     | [11:53:14] ✅ DONE | 491081 | 7 responsáveis | 1149/1760 (65.3%) | Falhas: 0
11:53:14 | INFO     | [11:53:14] ✅ DONE | 496972 | 0 responsáveis | 1150/1760 (65.3%) | Falhas: 0
11:53:14 | INFO     | [11:53:14] ✅ DONE | 502738 | 0 responsáveis | 1151/1760 (65.4%) | Falhas: 0
11:53:14 | INFO     | [11:53:14] ✅ DONE | 502749 | 0 responsáveis | 1152/1760 (65.5%) | Falhas: 0
11:53:14 | INFO     | [11:53:14] ✅ DONE | 504034 | 0 responsáveis | 1153/1760 (65.5%) | Falhas: 0
11:53:14 | INFO     | [11:53:14] ✅ DONE | 505238 | 0 responsáveis | 1154/1760 (65.6%) | Falhas: 0
11:53:15 | INFO     | [11:53:15] ✅ DONE | 507290 | 0 responsáveis | 1155/1760 (65.6%) | Falhas: 0
11:53:15 | INFO     | [11:53:15] ✅ DONE | 506731 | 0 responsáveis | 1156/1760 (65.7%) | Falhas: 0
11:53:15 | INFO     | [11:53:15] ✅ DONE | 521494 | 0 responsáveis | 1157/1760 (65.7%) | Falhas: 0
11:53:15 | INFO     | [11:53:15] ✅ DONE | 521565 | 0 responsáveis | 1158/1760 (65.8%) | Falhas: 0
11:53:15 | INFO     | [11:53:15] ✅ DONE | 521527 | 0 responsáveis | 1159/1760 (65.9%) | Falhas: 0
11:53:15 | INFO     | [11:53:15] ✅ DONE | 524606 | 0 responsáveis | 1160/1760 (65.9%) | Falhas: 0
11:53:15 | INFO     | [11:53:15] ✅ DONE | 524621 | 0 responsáveis | 1161/1760 (66.0%) | Falhas: 0
11:53:15 | INFO     | [11:53:15] ✅ DONE | 538915 | 1 responsáveis | 1162/1760 (66.0%) | Falhas: 0
11:53:15 | INFO     | [11:53:15] ✅ DONE | 564411 | 0 responsáveis | 1163/1760 (66.1%) | Falhas: 0
11:53:15 | INFO     | [11:53:15] ✅ DONE | 545273 | 8 responsáveis | 1164/1760 (66.1%) | Falhas: 0
11:53:15 | INFO     | [11:53:15] ✅ DONE | 563557 | 4 responsáveis | 1165/1760 (66.2%) | Falhas: 0
11:53:15 | INFO     | [11:53:15] ✅ DONE | 565001 | 0 responsáveis | 1166/1760 (66.2%) | Falhas: 0
11:53:15 | INFO     | [11:53:15] ✅ DONE | 565318 | 0 responsáveis | 1167/1760 (66.3%) | Falhas: 0
11:53:15 | INFO     | [11:53:15] ✅ DONE | 565359 | 0 responsáveis | 1168/1760 (66.4%) | Falhas: 0
11:53:15 | INFO     | [11:53:15] ✅ DONE | 566212 | 0 responsáveis | 1169/1760 (66.4%) | Falhas: 0
11:53:15 | INFO     | [11:53:15] ✅ DONE | 568228 | 2 responsáveis | 1170/1760 (66.5%) | Falhas: 0
11:53:16 | INFO     | [11:53:16] ✅ DONE | 578420 | 0 responsáveis | 1171/1760 (66.5%) | Falhas: 0
11:53:16 | INFO     | [11:53:16] ✅ DONE | 579676 | 0 responsáveis | 1172/1760 (66.6%) | Falhas: 0
11:53:16 | INFO     | [11:53:16] ✅ DONE | 582478 | 0 responsáveis | 1173/1760 (66.6%) | Falhas: 0
11:53:16 | INFO     | [11:53:16] ✅ DONE | 582998 | 0 responsáveis | 1174/1760 (66.7%) | Falhas: 0
11:53:16 | INFO     | [11:53:16] ✅ DONE | 585050 | 0 responsáveis | 1175/1760 (66.8%) | Falhas: 0
11:53:16 | INFO     | [11:53:16] ✅ DONE | 585488 | 0 responsáveis | 1176/1760 (66.8%) | Falhas: 0
11:53:16 | INFO     | [11:53:16] ✅ DONE | 585585 | 0 responsáveis | 1177/1760 (66.9%) | Falhas: 0
11:53:16 | INFO     | [11:53:16] ✅ DONE | 585657 | 0 responsáveis | 1178/1760 (66.9%) | Falhas: 0
11:53:16 | INFO     | [11:53:16] ✅ DONE | 589617 | 0 responsáveis | 1179/1760 (67.0%) | Falhas: 0
11:53:16 | INFO     | [11:53:16] ✅ DONE | 590178 | 0 responsáveis | 1180/1760 (67.0%) | Falhas: 0
11:53:16 | INFO     | [11:53:16] ✅ DONE | 589639 | 0 responsáveis | 1181/1760 (67.1%) | Falhas: 0
11:53:16 | INFO     | [11:53:16] ✅ DONE | 597556 | 0 responsáveis | 1182/1760 (67.2%) | Falhas: 0
11:53:16 | INFO     | [11:53:16] ✅ DONE | 600539 | 0 responsáveis | 1183/1760 (67.2%) | Falhas: 0
11:53:16 | INFO     | [11:53:16] ✅ DONE | 600568 | 7 responsáveis | 1184/1760 (67.3%) | Falhas: 0
11:53:16 | INFO     | [11:53:16] ✅ DONE | 600586 | 8 responsáveis | 1185/1760 (67.3%) | Falhas: 0
11:53:16 | INFO     | [11:53:16] ✅ DONE | 600700 | 0 responsáveis | 1186/1760 (67.4%) | Falhas: 0
11:53:17 | INFO     | [11:53:17] ✅ DONE | 603917 | 0 responsáveis | 1187/1760 (67.4%) | Falhas: 0
11:53:17 | INFO     | [11:53:17] ✅ DONE | 609350 | 0 responsáveis | 1188/1760 (67.5%) | Falhas: 0
11:53:17 | INFO     | [11:53:17] ✅ DONE | 609469 | 0 responsáveis | 1189/1760 (67.6%) | Falhas: 0
11:53:17 | INFO     | [11:53:17] ✅ DONE | 605832 | 12 responsáveis | 1190/1760 (67.6%) | Falhas: 0
11:53:17 | INFO     | [11:53:17] ✅ DONE | 609575 | 0 responsáveis | 1191/1760 (67.7%) | Falhas: 0
11:53:17 | INFO     | [11:53:17] ✅ DONE | 619253 | 0 responsáveis | 1192/1760 (67.7%) | Falhas: 0
11:53:17 | INFO     | [11:53:17] ✅ DONE | 633270 | 0 responsáveis | 1193/1760 (67.8%) | Falhas: 0
11:53:17 | INFO     | [11:53:17] ✅ DONE | 628977 | 0 responsáveis | 1194/1760 (67.8%) | Falhas: 0
11:53:17 | INFO     | [11:53:17] ✅ DONE | 627279 | 0 responsáveis | 1195/1760 (67.9%) | Falhas: 0
11:53:17 | INFO     | [11:53:17] ✅ DONE | 632635 | 0 responsáveis | 1196/1760 (68.0%) | Falhas: 0
11:53:17 | INFO     | [11:53:17] ✅ DONE | 635910 | 0 responsáveis | 1197/1760 (68.0%) | Falhas: 0
11:53:17 | INFO     | [11:53:17] ✅ DONE | 652096 | 0 responsáveis | 1198/1760 (68.1%) | Falhas: 0
11:53:17 | INFO     | [11:53:17] ✅ DONE | 649368 | 0 responsáveis | 1199/1760 (68.1%) | Falhas: 0
11:53:17 | INFO     | [11:53:17] ✅ DONE | 657774 | 0 responsáveis | 1200/1760 (68.2%) | Falhas: 0
11:53:17 | INFO     | [11:53:17] ✅ DONE | 661307 | 0 responsáveis | 1201/1760 (68.2%) | Falhas: 0
11:53:17 | INFO     | [11:53:17] ✅ DONE | 664989 | 0 responsáveis | 1202/1760 (68.3%) | Falhas: 0
11:53:18 | INFO     | [11:53:18] ✅ DONE | 669064 | 0 responsáveis | 1203/1760 (68.4%) | Falhas: 0
11:53:18 | INFO     | [11:53:18] ✅ DONE | 673180 | 0 responsáveis | 1204/1760 (68.4%) | Falhas: 0
11:53:18 | INFO     | [11:53:18] ✅ DONE | 671581 | 0 responsáveis | 1205/1760 (68.5%) | Falhas: 0
11:53:18 | INFO     | [11:53:18] ✅ DONE | 674361 | 0 responsáveis | 1206/1760 (68.5%) | Falhas: 0
11:53:18 | INFO     | [11:53:18] ✅ DONE | 678713 | 0 responsáveis | 1207/1760 (68.6%) | Falhas: 0
11:53:18 | INFO     | [11:53:18] ✅ DONE | 688900 | 0 responsáveis | 1208/1760 (68.6%) | Falhas: 0
11:53:18 | INFO     | [11:53:18] ✅ DONE | 679134 | 0 responsáveis | 1209/1760 (68.7%) | Falhas: 0
11:53:18 | INFO     | [11:53:18] ✅ DONE | 693264 | 0 responsáveis | 1210/1760 (68.8%) | Falhas: 0
11:53:18 | INFO     | [11:53:18] ✅ DONE | 689995 | 0 responsáveis | 1211/1760 (68.8%) | Falhas: 0
11:53:18 | INFO     | [11:53:18] ✅ DONE | 696457 | 0 responsáveis | 1212/1760 (68.9%) | Falhas: 0
11:53:18 | INFO     | [11:53:18] ✅ DONE | 701717 | 0 responsáveis | 1213/1760 (68.9%) | Falhas: 0
11:53:18 | INFO     | [11:53:18] ✅ DONE | 705528 | 0 responsáveis | 1214/1760 (69.0%) | Falhas: 0
11:53:18 | INFO     | [11:53:18] ✅ DONE | 707316 | 0 responsáveis | 1215/1760 (69.0%) | Falhas: 0
11:53:18 | INFO     | [11:53:18] ✅ DONE | 707317 | 0 responsáveis | 1216/1760 (69.1%) | Falhas: 0
11:53:18 | INFO     | [11:53:18] ✅ DONE | 707318 | 0 responsáveis | 1217/1760 (69.1%) | Falhas: 0
11:53:18 | INFO     | [11:53:18] ✅ DONE | 707319 | 0 responsáveis | 1218/1760 (69.2%) | Falhas: 0
11:53:18 | INFO     | [11:53:18] ✅ DONE | 707321 | 0 responsáveis | 1219/1760 (69.3%) | Falhas: 0
11:53:18 | INFO     | [11:53:18] ✅ DONE | 707320 | 0 responsáveis | 1220/1760 (69.3%) | Falhas: 0
11:53:19 | INFO     | [11:53:19] ✅ DONE | 707322 | 0 responsáveis | 1221/1760 (69.4%) | Falhas: 0
11:53:19 | INFO     | [11:53:19] ✅ DONE | 707323 | 0 responsáveis | 1222/1760 (69.4%) | Falhas: 0
11:53:19 | INFO     | [11:53:19] ✅ DONE | 707326 | 0 responsáveis | 1223/1760 (69.5%) | Falhas: 0
11:53:19 | INFO     | [11:53:19] ✅ DONE | 707324 | 0 responsáveis | 1224/1760 (69.5%) | Falhas: 0
11:53:19 | INFO     | [11:53:19] ✅ DONE | 707328 | 0 responsáveis | 1225/1760 (69.6%) | Falhas: 0
11:53:19 | INFO     | [11:53:19] ✅ DONE | 707325 | 0 responsáveis | 1226/1760 (69.7%) | Falhas: 0
11:53:19 | INFO     | [11:53:19] ✅ DONE | 707330 | 0 responsáveis | 1227/1760 (69.7%) | Falhas: 0
11:53:19 | INFO     | [11:53:19] ✅ DONE | 707329 | 0 responsáveis | 1228/1760 (69.8%) | Falhas: 0
11:53:19 | INFO     | [11:53:19] ✅ DONE | 707327 | 0 responsáveis | 1229/1760 (69.8%) | Falhas: 0
11:53:19 | INFO     | [11:53:19] ✅ DONE | 707331 | 0 responsáveis | 1230/1760 (69.9%) | Falhas: 0
11:53:19 | INFO     | [11:53:19] ✅ DONE | 707332 | 0 responsáveis | 1231/1760 (69.9%) | Falhas: 0
11:53:19 | INFO     | [11:53:19] ✅ DONE | 707333 | 0 responsáveis | 1232/1760 (70.0%) | Falhas: 0
11:53:19 | INFO     | [11:53:19] ✅ DONE | 707334 | 0 responsáveis | 1233/1760 (70.1%) | Falhas: 0
11:53:19 | INFO     | [11:53:19] ✅ DONE | 707335 | 0 responsáveis | 1234/1760 (70.1%) | Falhas: 0
11:53:19 | INFO     | [11:53:19] ✅ DONE | 707336 | 0 responsáveis | 1235/1760 (70.2%) | Falhas: 0
11:53:19 | INFO     | [11:53:19] ✅ DONE | 707337 | 0 responsáveis | 1236/1760 (70.2%) | Falhas: 0
11:53:20 | INFO     | [11:53:20] ✅ DONE | 707338 | 0 responsáveis | 1237/1760 (70.3%) | Falhas: 0
11:53:20 | INFO     | [11:53:20] ✅ DONE | 707344 | 0 responsáveis | 1238/1760 (70.3%) | Falhas: 0
11:53:20 | INFO     | [11:53:20] ✅ DONE | 707342 | 0 responsáveis | 1239/1760 (70.4%) | Falhas: 0
11:53:20 | INFO     | [11:53:20] ✅ DONE | 707340 | 0 responsáveis | 1240/1760 (70.5%) | Falhas: 0
11:53:20 | INFO     | [11:53:20] ✅ DONE | 707343 | 0 responsáveis | 1241/1760 (70.5%) | Falhas: 0
11:53:20 | INFO     | [11:53:20] ✅ DONE | 707345 | 0 responsáveis | 1242/1760 (70.6%) | Falhas: 0
11:53:20 | INFO     | [11:53:20] ✅ DONE | 707341 | 0 responsáveis | 1243/1760 (70.6%) | Falhas: 0
11:53:20 | INFO     | [11:53:20] ✅ DONE | 707339 | 0 responsáveis | 1244/1760 (70.7%) | Falhas: 0
11:53:20 | INFO     | [11:53:20] ✅ DONE | 707347 | 0 responsáveis | 1245/1760 (70.7%) | Falhas: 0
11:53:20 | INFO     | [11:53:20] ✅ DONE | 707346 | 0 responsáveis | 1246/1760 (70.8%) | Falhas: 0
11:53:20 | INFO     | [11:53:20] ✅ DONE | 707348 | 0 responsáveis | 1247/1760 (70.9%) | Falhas: 0
11:53:20 | INFO     | [11:53:20] ✅ DONE | 707349 | 0 responsáveis | 1248/1760 (70.9%) | Falhas: 0
11:53:20 | INFO     | [11:53:20] ✅ DONE | 707351 | 0 responsáveis | 1249/1760 (71.0%) | Falhas: 0
11:53:20 | INFO     | [11:53:20] ✅ DONE | 707350 | 0 responsáveis | 1250/1760 (71.0%) | Falhas: 0
11:53:20 | INFO     | [11:53:20] ✅ DONE | 707352 | 0 responsáveis | 1251/1760 (71.1%) | Falhas: 0
11:53:21 | INFO     | [11:53:21] ✅ DONE | 707353 | 0 responsáveis | 1252/1760 (71.1%) | Falhas: 0
11:53:21 | INFO     | [11:53:21] ✅ DONE | 707356 | 0 responsáveis | 1253/1760 (71.2%) | Falhas: 0
11:53:21 | INFO     | [11:53:21] ✅ DONE | 707355 | 0 responsáveis | 1254/1760 (71.2%) | Falhas: 0
11:53:21 | INFO     | [11:53:21] ✅ DONE | 707357 | 0 responsáveis | 1255/1760 (71.3%) | Falhas: 0
11:53:21 | INFO     | [11:53:21] ✅ DONE | 707354 | 0 responsáveis | 1256/1760 (71.4%) | Falhas: 0
11:53:21 | INFO     | [11:53:21] ✅ DONE | 707359 | 0 responsáveis | 1257/1760 (71.4%) | Falhas: 0
11:53:21 | INFO     | [11:53:21] ✅ DONE | 707360 | 0 responsáveis | 1258/1760 (71.5%) | Falhas: 0
11:53:21 | INFO     | [11:53:21] ✅ DONE | 707358 | 0 responsáveis | 1259/1760 (71.5%) | Falhas: 0
11:53:21 | INFO     | [11:53:21] ✅ DONE | 707362 | 0 responsáveis | 1260/1760 (71.6%) | Falhas: 0
11:53:21 | INFO     | [11:53:21] ✅ DONE | 707361 | 0 responsáveis | 1261/1760 (71.6%) | Falhas: 0
11:53:21 | INFO     | [11:53:21] ✅ DONE | 707363 | 0 responsáveis | 1262/1760 (71.7%) | Falhas: 0
11:53:21 | INFO     | [11:53:21] ✅ DONE | 707364 | 0 responsáveis | 1263/1760 (71.8%) | Falhas: 0
11:53:21 | INFO     | [11:53:21] ✅ DONE | 707365 | 0 responsáveis | 1264/1760 (71.8%) | Falhas: 0
11:53:21 | INFO     | [11:53:21] ✅ DONE | 707366 | 0 responsáveis | 1265/1760 (71.9%) | Falhas: 0
11:53:21 | INFO     | [11:53:21] ✅ DONE | 707367 | 0 responsáveis | 1266/1760 (71.9%) | Falhas: 0
11:53:21 | INFO     | [11:53:21] ✅ DONE | 707368 | 0 responsáveis | 1267/1760 (72.0%) | Falhas: 0
11:53:21 | INFO     | [11:53:21] ✅ DONE | 707369 | 0 responsáveis | 1268/1760 (72.0%) | Falhas: 0
11:53:21 | INFO     | [11:53:21] ✅ DONE | 707370 | 0 responsáveis | 1269/1760 (72.1%) | Falhas: 0
11:53:22 | INFO     | [11:53:22] ✅ DONE | 707371 | 0 responsáveis | 1270/1760 (72.2%) | Falhas: 0
11:53:22 | INFO     | [11:53:22] ✅ DONE | 707375 | 0 responsáveis | 1271/1760 (72.2%) | Falhas: 0
11:53:22 | INFO     | [11:53:22] ✅ DONE | 707374 | 0 responsáveis | 1272/1760 (72.3%) | Falhas: 0
11:53:22 | INFO     | [11:53:22] ✅ DONE | 707373 | 0 responsáveis | 1273/1760 (72.3%) | Falhas: 0
11:53:22 | INFO     | [11:53:22] ✅ DONE | 707376 | 0 responsáveis | 1274/1760 (72.4%) | Falhas: 0
11:53:22 | INFO     | [11:53:22] ✅ DONE | 707377 | 0 responsáveis | 1275/1760 (72.4%) | Falhas: 0
11:53:22 | INFO     | [11:53:22] ✅ DONE | 707372 | 0 responsáveis | 1276/1760 (72.5%) | Falhas: 0
11:53:22 | INFO     | [11:53:22] ✅ DONE | 707378 | 0 responsáveis | 1277/1760 (72.6%) | Falhas: 0
11:53:22 | INFO     | [11:53:22] ✅ DONE | 707379 | 0 responsáveis | 1278/1760 (72.6%) | Falhas: 0
11:53:22 | INFO     | [11:53:22] ✅ DONE | 707380 | 0 responsáveis | 1279/1760 (72.7%) | Falhas: 0
11:53:22 | INFO     | [11:53:22] ✅ DONE | 707381 | 0 responsáveis | 1280/1760 (72.7%) | Falhas: 0
11:53:22 | INFO     | [11:53:22] ✅ DONE | 707382 | 0 responsáveis | 1281/1760 (72.8%) | Falhas: 0
11:53:22 | INFO     | [11:53:22] ✅ DONE | 707383 | 0 responsáveis | 1282/1760 (72.8%) | Falhas: 0
11:53:22 | INFO     | [11:53:22] ✅ DONE | 707385 | 0 responsáveis | 1283/1760 (72.9%) | Falhas: 0
11:53:22 | INFO     | [11:53:22] ✅ DONE | 707384 | 0 responsáveis | 1284/1760 (73.0%) | Falhas: 0
11:53:22 | INFO     | [11:53:22] ✅ DONE | 707386 | 0 responsáveis | 1285/1760 (73.0%) | Falhas: 0
11:53:22 | INFO     | [11:53:22] ✅ DONE | 707387 | 0 responsáveis | 1286/1760 (73.1%) | Falhas: 0
11:53:23 | INFO     | [11:53:23] ✅ DONE | 707388 | 0 responsáveis | 1287/1760 (73.1%) | Falhas: 0
11:53:23 | INFO     | [11:53:23] ✅ DONE | 707390 | 0 responsáveis | 1288/1760 (73.2%) | Falhas: 0
11:53:23 | INFO     | [11:53:23] ✅ DONE | 707391 | 0 responsáveis | 1289/1760 (73.2%) | Falhas: 0
11:53:23 | INFO     | [11:53:23] ✅ DONE | 707389 | 0 responsáveis | 1290/1760 (73.3%) | Falhas: 0
11:53:23 | INFO     | [11:53:23] ✅ DONE | 707392 | 0 responsáveis | 1291/1760 (73.4%) | Falhas: 0
11:53:23 | INFO     | [11:53:23] ✅ DONE | 707393 | 0 responsáveis | 1292/1760 (73.4%) | Falhas: 0
11:53:23 | INFO     | [11:53:23] ✅ DONE | 707394 | 0 responsáveis | 1293/1760 (73.5%) | Falhas: 0
11:53:23 | INFO     | [11:53:23] ✅ DONE | 707396 | 0 responsáveis | 1294/1760 (73.5%) | Falhas: 0
11:53:23 | INFO     | [11:53:23] ✅ DONE | 707395 | 0 responsáveis | 1295/1760 (73.6%) | Falhas: 0
11:53:23 | INFO     | [11:53:23] ✅ DONE | 707397 | 0 responsáveis | 1296/1760 (73.6%) | Falhas: 0
11:53:23 | INFO     | [11:53:23] ✅ DONE | 707398 | 0 responsáveis | 1297/1760 (73.7%) | Falhas: 0
11:53:23 | INFO     | [11:53:23] ✅ DONE | 707399 | 0 responsáveis | 1298/1760 (73.8%) | Falhas: 0
11:53:23 | INFO     | [11:53:23] ✅ DONE | 707400 | 0 responsáveis | 1299/1760 (73.8%) | Falhas: 0
11:53:23 | INFO     | [11:53:23] ✅ DONE | 707402 | 0 responsáveis | 1300/1760 (73.9%) | Falhas: 0
11:53:23 | INFO     | [11:53:23] ✅ DONE | 707401 | 0 responsáveis | 1301/1760 (73.9%) | Falhas: 0
11:53:23 | INFO     | [11:53:23] ✅ DONE | 707403 | 0 responsáveis | 1302/1760 (74.0%) | Falhas: 0
11:53:23 | INFO     | [11:53:23] ✅ DONE | 707404 | 0 responsáveis | 1303/1760 (74.0%) | Falhas: 0
11:53:23 | INFO     | [11:53:23] ✅ DONE | 707405 | 0 responsáveis | 1304/1760 (74.1%) | Falhas: 0
11:53:23 | INFO     | [11:53:23] ✅ DONE | 707407 | 0 responsáveis | 1305/1760 (74.1%) | Falhas: 0
11:53:23 | INFO     | [11:53:23] ✅ DONE | 707406 | 0 responsáveis | 1306/1760 (74.2%) | Falhas: 0
11:53:23 | INFO     | [11:53:23] ✅ DONE | 707408 | 0 responsáveis | 1307/1760 (74.3%) | Falhas: 0
11:53:24 | INFO     | [11:53:24] ✅ DONE | 707409 | 0 responsáveis | 1308/1760 (74.3%) | Falhas: 0
11:53:24 | INFO     | [11:53:24] ✅ DONE | 707410 | 0 responsáveis | 1309/1760 (74.4%) | Falhas: 0
11:53:24 | INFO     | [11:53:24] ✅ DONE | 707411 | 0 responsáveis | 1310/1760 (74.4%) | Falhas: 0
11:53:24 | INFO     | [11:53:24] ✅ DONE | 707412 | 0 responsáveis | 1311/1760 (74.5%) | Falhas: 0
11:53:24 | INFO     | [11:53:24] ✅ DONE | 707413 | 0 responsáveis | 1312/1760 (74.5%) | Falhas: 0
11:53:24 | INFO     | [11:53:24] ✅ DONE | 707416 | 0 responsáveis | 1313/1760 (74.6%) | Falhas: 0
11:53:24 | INFO     | [11:53:24] ✅ DONE | 707417 | 0 responsáveis | 1314/1760 (74.7%) | Falhas: 0
11:53:24 | INFO     | [11:53:24] ✅ DONE | 707422 | 0 responsáveis | 1315/1760 (74.7%) | Falhas: 0
11:53:24 | INFO     | [11:53:24] ✅ DONE | 707415 | 0 responsáveis | 1316/1760 (74.8%) | Falhas: 0
11:53:24 | INFO     | [11:53:24] ✅ DONE | 707421 | 0 responsáveis | 1317/1760 (74.8%) | Falhas: 0
11:53:24 | INFO     | [11:53:24] ✅ DONE | 707418 | 0 responsáveis | 1318/1760 (74.9%) | Falhas: 0
11:53:24 | INFO     | [11:53:24] ✅ DONE | 707423 | 0 responsáveis | 1319/1760 (74.9%) | Falhas: 0
11:53:24 | INFO     | [11:53:24] ✅ DONE | 707419 | 0 responsáveis | 1320/1760 (75.0%) | Falhas: 0
11:53:24 | INFO     | [11:53:24] ✅ DONE | 707420 | 0 responsáveis | 1321/1760 (75.1%) | Falhas: 0
11:53:24 | INFO     | [11:53:24] ✅ DONE | 707425 | 0 responsáveis | 1322/1760 (75.1%) | Falhas: 0
11:53:24 | INFO     | [11:53:24] ✅ DONE | 707414 | 0 responsáveis | 1323/1760 (75.2%) | Falhas: 0
11:53:24 | INFO     | [11:53:24] ✅ DONE | 707427 | 0 responsáveis | 1324/1760 (75.2%) | Falhas: 0
11:53:24 | INFO     | [11:53:24] ✅ DONE | 707424 | 0 responsáveis | 1325/1760 (75.3%) | Falhas: 0
11:53:24 | INFO     | [11:53:24] ✅ DONE | 707426 | 0 responsáveis | 1326/1760 (75.3%) | Falhas: 0
11:53:25 | INFO     | [11:53:25] ✅ DONE | 707428 | 0 responsáveis | 1327/1760 (75.4%) | Falhas: 0
11:53:25 | INFO     | [11:53:25] ✅ DONE | 707429 | 0 responsáveis | 1328/1760 (75.5%) | Falhas: 0
11:53:25 | INFO     | [11:53:25] ✅ DONE | 707431 | 0 responsáveis | 1329/1760 (75.5%) | Falhas: 0
11:53:25 | INFO     | [11:53:25] ✅ DONE | 707436 | 0 responsáveis | 1330/1760 (75.6%) | Falhas: 0
11:53:25 | INFO     | [11:53:25] ✅ DONE | 707433 | 0 responsáveis | 1331/1760 (75.6%) | Falhas: 0
11:53:25 | INFO     | [11:53:25] ✅ DONE | 707437 | 0 responsáveis | 1332/1760 (75.7%) | Falhas: 0
11:53:25 | INFO     | [11:53:25] ✅ DONE | 707434 | 0 responsáveis | 1333/1760 (75.7%) | Falhas: 0
11:53:25 | INFO     | [11:53:25] ✅ DONE | 707432 | 0 responsáveis | 1334/1760 (75.8%) | Falhas: 0
11:53:25 | INFO     | [11:53:25] ✅ DONE | 707439 | 0 responsáveis | 1335/1760 (75.9%) | Falhas: 0
11:53:26 | INFO     | [11:53:26] ✅ DONE | 707438 | 0 responsáveis | 1336/1760 (75.9%) | Falhas: 0
11:53:26 | INFO     | [11:53:26] ✅ DONE | 707440 | 0 responsáveis | 1337/1760 (76.0%) | Falhas: 0
11:53:26 | INFO     | [11:53:26] ✅ DONE | 707435 | 0 responsáveis | 1338/1760 (76.0%) | Falhas: 0
11:53:26 | INFO     | [11:53:26] ✅ DONE | 707442 | 0 responsáveis | 1339/1760 (76.1%) | Falhas: 0
11:53:26 | INFO     | [11:53:26] ✅ DONE | 707441 | 0 responsáveis | 1340/1760 (76.1%) | Falhas: 0
11:53:26 | INFO     | [11:53:26] ✅ DONE | 707430 | 0 responsáveis | 1341/1760 (76.2%) | Falhas: 0
11:53:26 | INFO     | [11:53:26] ✅ DONE | 707443 | 0 responsáveis | 1342/1760 (76.2%) | Falhas: 0
11:53:26 | INFO     | [11:53:26] ✅ DONE | 707444 | 0 responsáveis | 1343/1760 (76.3%) | Falhas: 0
11:53:26 | INFO     | [11:53:26] ✅ DONE | 707445 | 0 responsáveis | 1344/1760 (76.4%) | Falhas: 0
11:53:26 | INFO     | [11:53:26] ✅ DONE | 707446 | 0 responsáveis | 1345/1760 (76.4%) | Falhas: 0
11:53:26 | INFO     | [11:53:26] ✅ DONE | 707449 | 0 responsáveis | 1346/1760 (76.5%) | Falhas: 0
11:53:26 | INFO     | [11:53:26] ✅ DONE | 707447 | 0 responsáveis | 1347/1760 (76.5%) | Falhas: 0
11:53:26 | INFO     | [11:53:26] ✅ DONE | 707450 | 0 responsáveis | 1348/1760 (76.6%) | Falhas: 0
11:53:26 | INFO     | [11:53:26] ✅ DONE | 707452 | 0 responsáveis | 1349/1760 (76.6%) | Falhas: 0
11:53:26 | INFO     | [11:53:26] ✅ DONE | 707448 | 0 responsáveis | 1350/1760 (76.7%) | Falhas: 0
11:53:26 | INFO     | [11:53:26] ✅ DONE | 707455 | 0 responsáveis | 1351/1760 (76.8%) | Falhas: 0
11:53:26 | INFO     | [11:53:26] ✅ DONE | 707453 | 0 responsáveis | 1352/1760 (76.8%) | Falhas: 0
11:53:27 | INFO     | [11:53:27] ✅ DONE | 707458 | 0 responsáveis | 1353/1760 (76.9%) | Falhas: 0
11:53:27 | INFO     | [11:53:27] ✅ DONE | 707456 | 0 responsáveis | 1354/1760 (76.9%) | Falhas: 0
11:53:27 | INFO     | [11:53:27] ✅ DONE | 707459 | 0 responsáveis | 1355/1760 (77.0%) | Falhas: 0
11:53:27 | INFO     | [11:53:27] ✅ DONE | 707454 | 0 responsáveis | 1356/1760 (77.0%) | Falhas: 0
11:53:27 | INFO     | [11:53:27] ✅ DONE | 707457 | 0 responsáveis | 1357/1760 (77.1%) | Falhas: 0
11:53:27 | INFO     | [11:53:27] ✅ DONE | 707460 | 0 responsáveis | 1358/1760 (77.2%) | Falhas: 0
11:53:27 | INFO     | [11:53:27] ✅ DONE | 707463 | 0 responsáveis | 1359/1760 (77.2%) | Falhas: 0
11:53:27 | INFO     | [11:53:27] ✅ DONE | 707462 | 0 responsáveis | 1360/1760 (77.3%) | Falhas: 0
11:53:27 | INFO     | [11:53:27] ✅ DONE | 707465 | 0 responsáveis | 1361/1760 (77.3%) | Falhas: 0
11:53:27 | INFO     | [11:53:27] ✅ DONE | 707464 | 0 responsáveis | 1362/1760 (77.4%) | Falhas: 0
11:53:27 | INFO     | [11:53:27] ✅ DONE | 707467 | 0 responsáveis | 1363/1760 (77.4%) | Falhas: 0
11:53:27 | INFO     | [11:53:27] ✅ DONE | 707466 | 0 responsáveis | 1364/1760 (77.5%) | Falhas: 0
11:53:27 | INFO     | [11:53:27] ✅ DONE | 707470 | 0 responsáveis | 1365/1760 (77.6%) | Falhas: 0
11:53:27 | INFO     | [11:53:27] ✅ DONE | 707469 | 0 responsáveis | 1366/1760 (77.6%) | Falhas: 0
11:53:27 | INFO     | [11:53:27] ✅ DONE | 707461 | 0 responsáveis | 1367/1760 (77.7%) | Falhas: 0
11:53:27 | INFO     | [11:53:27] ✅ DONE | 707471 | 0 responsáveis | 1368/1760 (77.7%) | Falhas: 0
11:53:27 | INFO     | [11:53:27] ✅ DONE | 707468 | 0 responsáveis | 1369/1760 (77.8%) | Falhas: 0
11:53:27 | INFO     | [11:53:27] ✅ DONE | 707472 | 0 responsáveis | 1370/1760 (77.8%) | Falhas: 0
11:53:28 | INFO     | [11:53:28] ✅ DONE | 707473 | 0 responsáveis | 1371/1760 (77.9%) | Falhas: 0
11:53:28 | INFO     | [11:53:28] ✅ DONE | 707474 | 0 responsáveis | 1372/1760 (78.0%) | Falhas: 0
11:53:28 | INFO     | [11:53:28] ✅ DONE | 707475 | 0 responsáveis | 1373/1760 (78.0%) | Falhas: 0
11:53:28 | INFO     | [11:53:28] ✅ DONE | 707476 | 0 responsáveis | 1374/1760 (78.1%) | Falhas: 0
11:53:28 | INFO     | [11:53:28] ✅ DONE | 707477 | 0 responsáveis | 1375/1760 (78.1%) | Falhas: 0
11:53:28 | INFO     | [11:53:28] ✅ DONE | 707478 | 0 responsáveis | 1376/1760 (78.2%) | Falhas: 0
11:53:28 | INFO     | [11:53:28] ✅ DONE | 707479 | 0 responsáveis | 1377/1760 (78.2%) | Falhas: 0
11:53:28 | INFO     | [11:53:28] ✅ DONE | 707482 | 0 responsáveis | 1378/1760 (78.3%) | Falhas: 0
11:53:28 | INFO     | [11:53:28] ✅ DONE | 707483 | 0 responsáveis | 1379/1760 (78.4%) | Falhas: 0
11:53:28 | INFO     | [11:53:28] ✅ DONE | 707486 | 0 responsáveis | 1380/1760 (78.4%) | Falhas: 0
11:53:28 | INFO     | [11:53:28] ✅ DONE | 707485 | 0 responsáveis | 1381/1760 (78.5%) | Falhas: 0
11:53:28 | INFO     | [11:53:28] ✅ DONE | 707484 | 0 responsáveis | 1382/1760 (78.5%) | Falhas: 0
11:53:28 | INFO     | [11:53:28] ✅ DONE | 707487 | 0 responsáveis | 1383/1760 (78.6%) | Falhas: 0
11:53:28 | INFO     | [11:53:28] ✅ DONE | 707480 | 0 responsáveis | 1384/1760 (78.6%) | Falhas: 0
11:53:28 | INFO     | [11:53:28] ✅ DONE | 707481 | 0 responsáveis | 1385/1760 (78.7%) | Falhas: 0
11:53:28 | INFO     | [11:53:28] ✅ DONE | 707489 | 0 responsáveis | 1386/1760 (78.8%) | Falhas: 0
11:53:28 | INFO     | [11:53:28] ✅ DONE | 707488 | 0 responsáveis | 1387/1760 (78.8%) | Falhas: 0
11:53:28 | INFO     | [11:53:28] ✅ DONE | 707490 | 0 responsáveis | 1388/1760 (78.9%) | Falhas: 0
11:53:29 | INFO     | [11:53:29] ✅ DONE | 707491 | 0 responsáveis | 1389/1760 (78.9%) | Falhas: 0
11:53:29 | INFO     | [11:53:29] ✅ DONE | 707492 | 0 responsáveis | 1390/1760 (79.0%) | Falhas: 0
11:53:29 | INFO     | [11:53:29] ✅ DONE | 707494 | 0 responsáveis | 1391/1760 (79.0%) | Falhas: 0
11:53:29 | INFO     | [11:53:29] ✅ DONE | 707493 | 0 responsáveis | 1392/1760 (79.1%) | Falhas: 0
11:53:29 | INFO     | [11:53:29] ✅ DONE | 707495 | 0 responsáveis | 1393/1760 (79.1%) | Falhas: 0
11:53:29 | INFO     | [11:53:29] ✅ DONE | 707497 | 0 responsáveis | 1394/1760 (79.2%) | Falhas: 0
11:53:29 | INFO     | [11:53:29] ✅ DONE | 707498 | 0 responsáveis | 1395/1760 (79.3%) | Falhas: 0
11:53:29 | INFO     | [11:53:29] ✅ DONE | 707500 | 0 responsáveis | 1396/1760 (79.3%) | Falhas: 0
11:53:29 | INFO     | [11:53:29] ✅ DONE | 707496 | 0 responsáveis | 1397/1760 (79.4%) | Falhas: 0
11:53:29 | INFO     | [11:53:29] ✅ DONE | 707501 | 0 responsáveis | 1398/1760 (79.4%) | Falhas: 0
11:53:29 | INFO     | [11:53:29] ✅ DONE | 707499 | 0 responsáveis | 1399/1760 (79.5%) | Falhas: 0
11:53:29 | INFO     | [11:53:29] ✅ DONE | 707504 | 0 responsáveis | 1400/1760 (79.5%) | Falhas: 0
11:53:29 | INFO     | [11:53:29] ✅ DONE | 707505 | 0 responsáveis | 1401/1760 (79.6%) | Falhas: 0
11:53:29 | INFO     | [11:53:29] ✅ DONE | 707502 | 0 responsáveis | 1402/1760 (79.7%) | Falhas: 0
11:53:29 | INFO     | [11:53:29] ✅ DONE | 707503 | 0 responsáveis | 1403/1760 (79.7%) | Falhas: 0
11:53:30 | INFO     | [11:53:30] ✅ DONE | 707506 | 0 responsáveis | 1404/1760 (79.8%) | Falhas: 0
11:53:30 | INFO     | [11:53:30] ✅ DONE | 707507 | 0 responsáveis | 1405/1760 (79.8%) | Falhas: 0
11:53:30 | INFO     | [11:53:30] ✅ DONE | 707509 | 0 responsáveis | 1406/1760 (79.9%) | Falhas: 0
11:53:30 | INFO     | [11:53:30] ✅ DONE | 707508 | 0 responsáveis | 1407/1760 (79.9%) | Falhas: 0
11:53:30 | INFO     | [11:53:30] ✅ DONE | 707514 | 0 responsáveis | 1408/1760 (80.0%) | Falhas: 0
11:53:30 | INFO     | [11:53:30] ✅ DONE | 707517 | 0 responsáveis | 1409/1760 (80.1%) | Falhas: 0
11:53:30 | INFO     | [11:53:30] ✅ DONE | 707512 | 0 responsáveis | 1410/1760 (80.1%) | Falhas: 0
11:53:30 | INFO     | [11:53:30] ✅ DONE | 707513 | 0 responsáveis | 1411/1760 (80.2%) | Falhas: 0
11:53:30 | INFO     | [11:53:30] ✅ DONE | 707510 | 0 responsáveis | 1412/1760 (80.2%) | Falhas: 0
11:53:30 | INFO     | [11:53:30] ✅ DONE | 707518 | 0 responsáveis | 1413/1760 (80.3%) | Falhas: 0
11:53:30 | INFO     | [11:53:30] ✅ DONE | 707516 | 0 responsáveis | 1414/1760 (80.3%) | Falhas: 0
11:53:30 | INFO     | [11:53:30] ✅ DONE | 707511 | 0 responsáveis | 1415/1760 (80.4%) | Falhas: 0
11:53:30 | INFO     | [11:53:30] ✅ DONE | 707515 | 0 responsáveis | 1416/1760 (80.5%) | Falhas: 0
11:53:30 | INFO     | [11:53:30] ✅ DONE | 707519 | 0 responsáveis | 1417/1760 (80.5%) | Falhas: 0
11:53:30 | INFO     | [11:53:30] ✅ DONE | 707520 | 0 responsáveis | 1418/1760 (80.6%) | Falhas: 0
11:53:31 | INFO     | [11:53:31] ✅ DONE | 707521 | 0 responsáveis | 1419/1760 (80.6%) | Falhas: 0
11:53:31 | INFO     | [11:53:31] ✅ DONE | 707522 | 0 responsáveis | 1420/1760 (80.7%) | Falhas: 0
11:53:31 | INFO     | [11:53:31] ✅ DONE | 707524 | 0 responsáveis | 1421/1760 (80.7%) | Falhas: 0
11:53:31 | INFO     | [11:53:31] ✅ DONE | 707523 | 0 responsáveis | 1422/1760 (80.8%) | Falhas: 0
11:53:31 | INFO     | [11:53:31] ✅ DONE | 707525 | 0 responsáveis | 1423/1760 (80.9%) | Falhas: 0
11:53:31 | INFO     | [11:53:31] ✅ DONE | 707528 | 0 responsáveis | 1424/1760 (80.9%) | Falhas: 0
11:53:31 | INFO     | [11:53:31] ✅ DONE | 707529 | 0 responsáveis | 1425/1760 (81.0%) | Falhas: 0
11:53:31 | INFO     | [11:53:31] ✅ DONE | 707532 | 0 responsáveis | 1426/1760 (81.0%) | Falhas: 0
11:53:31 | INFO     | [11:53:31] ✅ DONE | 707534 | 0 responsáveis | 1427/1760 (81.1%) | Falhas: 0
11:53:31 | INFO     | [11:53:31] ✅ DONE | 707530 | 0 responsáveis | 1428/1760 (81.1%) | Falhas: 0
11:53:31 | INFO     | [11:53:31] ✅ DONE | 707533 | 0 responsáveis | 1429/1760 (81.2%) | Falhas: 0
11:53:31 | INFO     | [11:53:31] ✅ DONE | 707535 | 0 responsáveis | 1430/1760 (81.2%) | Falhas: 0
11:53:31 | INFO     | [11:53:31] ✅ DONE | 707526 | 0 responsáveis | 1431/1760 (81.3%) | Falhas: 0
11:53:31 | INFO     | [11:53:31] ✅ DONE | 707531 | 0 responsáveis | 1432/1760 (81.4%) | Falhas: 0
11:53:31 | INFO     | [11:53:31] ✅ DONE | 707527 | 0 responsáveis | 1433/1760 (81.4%) | Falhas: 0
11:53:32 | INFO     | [11:53:32] ✅ DONE | 707536 | 0 responsáveis | 1434/1760 (81.5%) | Falhas: 0
11:53:32 | INFO     | [11:53:32] ✅ DONE | 707537 | 0 responsáveis | 1435/1760 (81.5%) | Falhas: 0
11:53:32 | INFO     | [11:53:32] ✅ DONE | 707538 | 0 responsáveis | 1436/1760 (81.6%) | Falhas: 0
11:53:32 | INFO     | [11:53:32] ✅ DONE | 707539 | 0 responsáveis | 1437/1760 (81.6%) | Falhas: 0
11:53:32 | INFO     | [11:53:32] ✅ DONE | 707545 | 0 responsáveis | 1438/1760 (81.7%) | Falhas: 0
11:53:32 | INFO     | [11:53:32] ✅ DONE | 707542 | 0 responsáveis | 1439/1760 (81.8%) | Falhas: 0
11:53:32 | INFO     | [11:53:32] ✅ DONE | 707544 | 0 responsáveis | 1440/1760 (81.8%) | Falhas: 0
11:53:32 | INFO     | [11:53:32] ✅ DONE | 707548 | 0 responsáveis | 1441/1760 (81.9%) | Falhas: 0
11:53:32 | INFO     | [11:53:32] ✅ DONE | 707550 | 0 responsáveis | 1442/1760 (81.9%) | Falhas: 0
11:53:32 | INFO     | [11:53:32] ✅ DONE | 707549 | 0 responsáveis | 1443/1760 (82.0%) | Falhas: 0
11:53:32 | INFO     | [11:53:32] ✅ DONE | 707541 | 0 responsáveis | 1444/1760 (82.0%) | Falhas: 0
11:53:32 | INFO     | [11:53:32] ✅ DONE | 707543 | 0 responsáveis | 1445/1760 (82.1%) | Falhas: 0
11:53:32 | INFO     | [11:53:32] ✅ DONE | 707552 | 0 responsáveis | 1446/1760 (82.2%) | Falhas: 0
11:53:32 | INFO     | [11:53:32] ✅ DONE | 707551 | 0 responsáveis | 1447/1760 (82.2%) | Falhas: 0
11:53:32 | INFO     | [11:53:32] ✅ DONE | 707547 | 0 responsáveis | 1448/1760 (82.3%) | Falhas: 0
11:53:32 | INFO     | [11:53:32] ✅ DONE | 707553 | 0 responsáveis | 1449/1760 (82.3%) | Falhas: 0
11:53:33 | INFO     | [11:53:33] ✅ DONE | 707554 | 0 responsáveis | 1450/1760 (82.4%) | Falhas: 0
11:53:33 | INFO     | [11:53:33] ✅ DONE | 707555 | 0 responsáveis | 1451/1760 (82.4%) | Falhas: 0
11:53:33 | INFO     | [11:53:33] ✅ DONE | 707556 | 0 responsáveis | 1452/1760 (82.5%) | Falhas: 0
11:53:33 | INFO     | [11:53:33] ✅ DONE | 707558 | 0 responsáveis | 1453/1760 (82.6%) | Falhas: 0
11:53:33 | INFO     | [11:53:33] ✅ DONE | 707565 | 0 responsáveis | 1454/1760 (82.6%) | Falhas: 0
11:53:33 | INFO     | [11:53:33] ✅ DONE | 707563 | 0 responsáveis | 1455/1760 (82.7%) | Falhas: 0
11:53:33 | INFO     | [11:53:33] ✅ DONE | 707560 | 0 responsáveis | 1456/1760 (82.7%) | Falhas: 0
11:53:33 | INFO     | [11:53:33] ✅ DONE | 707566 | 0 responsáveis | 1457/1760 (82.8%) | Falhas: 0
11:53:33 | INFO     | [11:53:33] ✅ DONE | 707562 | 0 responsáveis | 1458/1760 (82.8%) | Falhas: 0
11:53:33 | INFO     | [11:53:33] ✅ DONE | 707567 | 0 responsáveis | 1459/1760 (82.9%) | Falhas: 0
11:53:33 | INFO     | [11:53:33] ✅ DONE | 707557 | 0 responsáveis | 1460/1760 (83.0%) | Falhas: 0
11:53:33 | INFO     | [11:53:33] ✅ DONE | 707559 | 0 responsáveis | 1461/1760 (83.0%) | Falhas: 0
11:53:33 | INFO     | [11:53:33] ✅ DONE | 707561 | 0 responsáveis | 1462/1760 (83.1%) | Falhas: 0
11:53:33 | INFO     | [11:53:33] ✅ DONE | 707568 | 0 responsáveis | 1463/1760 (83.1%) | Falhas: 0
11:53:33 | INFO     | [11:53:33] ✅ DONE | 707564 | 0 responsáveis | 1464/1760 (83.2%) | Falhas: 0
11:53:33 | INFO     | [11:53:33] ✅ DONE | 707569 | 0 responsáveis | 1465/1760 (83.2%) | Falhas: 0
11:53:34 | INFO     | [11:53:34] ✅ DONE | 707570 | 0 responsáveis | 1466/1760 (83.3%) | Falhas: 0
11:53:34 | INFO     | [11:53:34] ✅ DONE | 707571 | 0 responsáveis | 1467/1760 (83.4%) | Falhas: 0
11:53:34 | INFO     | [11:53:34] ✅ DONE | 707572 | 0 responsáveis | 1468/1760 (83.4%) | Falhas: 0
11:53:34 | INFO     | [11:53:34] ✅ DONE | 707577 | 0 responsáveis | 1469/1760 (83.5%) | Falhas: 0
11:53:34 | INFO     | [11:53:34] ✅ DONE | 707575 | 0 responsáveis | 1470/1760 (83.5%) | Falhas: 0
11:53:34 | INFO     | [11:53:34] ✅ DONE | 707573 | 0 responsáveis | 1471/1760 (83.6%) | Falhas: 0
11:53:34 | INFO     | [11:53:34] ✅ DONE | 707578 | 0 responsáveis | 1472/1760 (83.6%) | Falhas: 0
11:53:34 | INFO     | [11:53:34] ✅ DONE | 707574 | 0 responsáveis | 1473/1760 (83.7%) | Falhas: 0
11:53:34 | INFO     | [11:53:34] ✅ DONE | 707579 | 0 responsáveis | 1474/1760 (83.8%) | Falhas: 0
11:53:34 | INFO     | [11:53:34] ✅ DONE | 707576 | 0 responsáveis | 1475/1760 (83.8%) | Falhas: 0
11:53:34 | INFO     | [11:53:34] ✅ DONE | 707584 | 0 responsáveis | 1476/1760 (83.9%) | Falhas: 0
11:53:34 | INFO     | [11:53:34] ✅ DONE | 707581 | 0 responsáveis | 1477/1760 (83.9%) | Falhas: 0
11:53:34 | INFO     | [11:53:34] ✅ DONE | 707580 | 0 responsáveis | 1478/1760 (84.0%) | Falhas: 0
11:53:34 | INFO     | [11:53:34] ✅ DONE | 707585 | 0 responsáveis | 1479/1760 (84.0%) | Falhas: 0
11:53:34 | INFO     | [11:53:34] ✅ DONE | 707582 | 0 responsáveis | 1480/1760 (84.1%) | Falhas: 0
11:53:34 | INFO     | [11:53:34] ✅ DONE | 707587 | 0 responsáveis | 1481/1760 (84.1%) | Falhas: 0
11:53:34 | INFO     | [11:53:34] ✅ DONE | 707586 | 0 responsáveis | 1482/1760 (84.2%) | Falhas: 0
11:53:35 | INFO     | [11:53:35] ✅ DONE | 707588 | 0 responsáveis | 1483/1760 (84.3%) | Falhas: 0
11:53:35 | INFO     | [11:53:35] ✅ DONE | 707590 | 0 responsáveis | 1484/1760 (84.3%) | Falhas: 0
11:53:35 | INFO     | [11:53:35] ✅ DONE | 707591 | 0 responsáveis | 1485/1760 (84.4%) | Falhas: 0
11:53:35 | INFO     | [11:53:35] ✅ DONE | 707589 | 0 responsáveis | 1486/1760 (84.4%) | Falhas: 0
11:53:35 | INFO     | [11:53:35] ✅ DONE | 707608 | 0 responsáveis | 1487/1760 (84.5%) | Falhas: 0
11:53:35 | INFO     | [11:53:35] ✅ DONE | 719078 | 0 responsáveis | 1488/1760 (84.5%) | Falhas: 0
11:53:35 | INFO     | [11:53:35] ✅ DONE | 707692 | 0 responsáveis | 1489/1760 (84.6%) | Falhas: 0
11:53:35 | INFO     | [11:53:35] ✅ DONE | 731393 | 0 responsáveis | 1490/1760 (84.7%) | Falhas: 0
11:53:35 | INFO     | [11:53:35] ✅ DONE | 749491 | 0 responsáveis | 1491/1760 (84.7%) | Falhas: 0
11:53:35 | INFO     | [11:53:35] ✅ DONE | 748214 | 0 responsáveis | 1492/1760 (84.8%) | Falhas: 0
11:53:35 | INFO     | [11:53:35] ✅ DONE | 747813 | 0 responsáveis | 1493/1760 (84.8%) | Falhas: 0
11:53:35 | INFO     | [11:53:35] ✅ DONE | 750714 | 0 responsáveis | 1494/1760 (84.9%) | Falhas: 0
11:53:35 | INFO     | [11:53:35] ✅ DONE | 756884 | 0 responsáveis | 1495/1760 (84.9%) | Falhas: 0
11:53:35 | INFO     | [11:53:35] ✅ DONE | 766705 | 0 responsáveis | 1496/1760 (85.0%) | Falhas: 0
11:53:35 | INFO     | [11:53:35] ✅ DONE | 766422 | 4 responsáveis | 1497/1760 (85.1%) | Falhas: 0
11:53:36 | INFO     | [11:53:36] ✅ DONE | 767579 | 0 responsáveis | 1498/1760 (85.1%) | Falhas: 0
11:53:36 | INFO     | [11:53:36] ✅ DONE | 793393 | 0 responsáveis | 1499/1760 (85.2%) | Falhas: 0
11:53:36 | INFO     | [11:53:36] ✅ DONE | 797505 | 0 responsáveis | 1500/1760 (85.2%) | Falhas: 0
11:53:36 | INFO     | [11:53:36] ✅ DONE | 817696 | 0 responsáveis | 1501/1760 (85.3%) | Falhas: 0
11:53:36 | INFO     | [11:53:36] ✅ DONE | 804184 | 0 responsáveis | 1502/1760 (85.3%) | Falhas: 0
11:53:36 | INFO     | [11:53:36] ✅ DONE | 831435 | 0 responsáveis | 1503/1760 (85.4%) | Falhas: 0
11:53:36 | INFO     | [11:53:36] ✅ DONE | 831465 | 0 responsáveis | 1504/1760 (85.5%) | Falhas: 0
11:53:36 | INFO     | [11:53:36] ✅ DONE | 831506 | 0 responsáveis | 1505/1760 (85.5%) | Falhas: 0
11:53:36 | INFO     | [11:53:36] ✅ DONE | 825511 | 0 responsáveis | 1506/1760 (85.6%) | Falhas: 0
11:53:36 | INFO     | [11:53:36] ✅ DONE | 832720 | 0 responsáveis | 1507/1760 (85.6%) | Falhas: 0
11:53:36 | INFO     | [11:53:36] ✅ DONE | 834388 | 0 responsáveis | 1508/1760 (85.7%) | Falhas: 0
11:53:36 | INFO     | [11:53:36] ✅ DONE | 801558 | 0 responsáveis | 1509/1760 (85.7%) | Falhas: 0
11:53:36 | INFO     | [11:53:36] ✅ DONE | 829439 | 0 responsáveis | 1510/1760 (85.8%) | Falhas: 0
11:53:36 | INFO     | [11:53:36] ✅ DONE | 832634 | 0 responsáveis | 1511/1760 (85.9%) | Falhas: 0
11:53:36 | INFO     | [11:53:36] ✅ DONE | 834397 | 0 responsáveis | 1512/1760 (85.9%) | Falhas: 0
11:53:37 | INFO     | [11:53:37] ✅ DONE | 840008 | 0 responsáveis | 1513/1760 (86.0%) | Falhas: 0
11:53:37 | INFO     | [11:53:37] ✅ DONE | 840870 | 0 responsáveis | 1514/1760 (86.0%) | Falhas: 0
11:53:37 | INFO     | [11:53:37] ✅ DONE | 847884 | 0 responsáveis | 1515/1760 (86.1%) | Falhas: 0
11:53:37 | INFO     | [11:53:37] ✅ DONE | 845228 | 0 responsáveis | 1516/1760 (86.1%) | Falhas: 0
11:53:37 | INFO     | [11:53:37] ✅ DONE | 850889 | 0 responsáveis | 1517/1760 (86.2%) | Falhas: 0
11:53:37 | INFO     | [11:53:37] ✅ DONE | 852718 | 0 responsáveis | 1518/1760 (86.2%) | Falhas: 0
11:53:37 | INFO     | [11:53:37] ✅ DONE | 844712 | 0 responsáveis | 1519/1760 (86.3%) | Falhas: 0
11:53:37 | INFO     | [11:53:37] ✅ DONE | 856724 | 0 responsáveis | 1520/1760 (86.4%) | Falhas: 0
11:53:37 | INFO     | [11:53:37] ✅ DONE | 856734 | 0 responsáveis | 1521/1760 (86.4%) | Falhas: 0
11:53:37 | INFO     | [11:53:37] ✅ DONE | 870405 | 0 responsáveis | 1522/1760 (86.5%) | Falhas: 0
11:53:37 | INFO     | [11:53:37] ✅ DONE | 862554 | 0 responsáveis | 1523/1760 (86.5%) | Falhas: 0
11:53:37 | INFO     | [11:53:37] ✅ DONE | 865873 | 0 responsáveis | 1524/1760 (86.6%) | Falhas: 0
11:53:37 | INFO     | [11:53:37] ✅ DONE | 856694 | 0 responsáveis | 1525/1760 (86.6%) | Falhas: 0
11:53:37 | INFO     | [11:53:37] ✅ DONE | 860842 | 0 responsáveis | 1526/1760 (86.7%) | Falhas: 0
11:53:37 | INFO     | [11:53:37] ✅ DONE | 872090 | 0 responsáveis | 1527/1760 (86.8%) | Falhas: 0
11:53:37 | INFO     | [11:53:37] ✅ DONE | 885631 | 0 responsáveis | 1528/1760 (86.8%) | Falhas: 0
11:53:38 | INFO     | [11:53:38] ✅ DONE | 885968 | 0 responsáveis | 1529/1760 (86.9%) | Falhas: 0
11:53:38 | INFO     | [11:53:38] ✅ DONE | 888049 | 0 responsáveis | 1530/1760 (86.9%) | Falhas: 0
11:53:38 | INFO     | [11:53:38] ✅ DONE | 899352 | 0 responsáveis | 1531/1760 (87.0%) | Falhas: 0
11:53:38 | INFO     | [11:53:38] ✅ DONE | 889943 | 4 responsáveis | 1532/1760 (87.0%) | Falhas: 0
11:53:38 | INFO     | [11:53:38] ✅ DONE | 909486 | 0 responsáveis | 1533/1760 (87.1%) | Falhas: 0
11:53:38 | INFO     | [11:53:38] ✅ DONE | 933967 | 0 responsáveis | 1534/1760 (87.2%) | Falhas: 0
11:53:38 | INFO     | [11:53:38] ✅ DONE | 934686 | 0 responsáveis | 1535/1760 (87.2%) | Falhas: 0
11:53:38 | INFO     | [11:53:38] ✅ DONE | 912251 | 0 responsáveis | 1536/1760 (87.3%) | Falhas: 0
11:53:38 | INFO     | [11:53:38] ✅ DONE | 930456 | 0 responsáveis | 1537/1760 (87.3%) | Falhas: 0
11:53:38 | INFO     | [11:53:38] ✅ DONE | 930292 | 0 responsáveis | 1538/1760 (87.4%) | Falhas: 0
11:53:38 | INFO     | [11:53:38] ✅ DONE | 907150 | 0 responsáveis | 1539/1760 (87.4%) | Falhas: 0
11:53:38 | INFO     | [11:53:38] ✅ DONE | 934715 | 0 responsáveis | 1540/1760 (87.5%) | Falhas: 0
11:53:38 | INFO     | [11:53:38] ✅ DONE | 935660 | 0 responsáveis | 1541/1760 (87.6%) | Falhas: 0
11:53:38 | INFO     | [11:53:38] ✅ DONE | 927057 | 0 responsáveis | 1542/1760 (87.6%) | Falhas: 0
11:53:38 | INFO     | [11:53:38] ✅ DONE | 935800 | 0 responsáveis | 1543/1760 (87.7%) | Falhas: 0
11:53:39 | INFO     | [11:53:39] ✅ DONE | 935871 | 0 responsáveis | 1544/1760 (87.7%) | Falhas: 0
11:53:39 | INFO     | [11:53:39] ✅ DONE | 936580 | 0 responsáveis | 1545/1760 (87.8%) | Falhas: 0
11:53:39 | INFO     | [11:53:39] ✅ DONE | 940303 | 0 responsáveis | 1546/1760 (87.8%) | Falhas: 0
11:53:39 | INFO     | [11:53:39] ✅ DONE | 940418 | 0 responsáveis | 1547/1760 (87.9%) | Falhas: 0
11:53:39 | INFO     | [11:53:39] ✅ DONE | 942278 | 0 responsáveis | 1548/1760 (88.0%) | Falhas: 0
11:53:39 | INFO     | [11:53:39] ✅ DONE | 942296 | 0 responsáveis | 1549/1760 (88.0%) | Falhas: 0
11:53:39 | INFO     | [11:53:39] ✅ DONE | 944975 | 0 responsáveis | 1550/1760 (88.1%) | Falhas: 0
11:53:39 | INFO     | [11:53:39] ✅ DONE | 950817 | 0 responsáveis | 1551/1760 (88.1%) | Falhas: 0
11:53:39 | INFO     | [11:53:39] ✅ DONE | 944916 | 0 responsáveis | 1552/1760 (88.2%) | Falhas: 0
11:53:39 | INFO     | [11:53:39] ✅ DONE | 949017 | 0 responsáveis | 1553/1760 (88.2%) | Falhas: 0
11:53:39 | INFO     | [11:53:39] ✅ DONE | 946422 | 0 responsáveis | 1554/1760 (88.3%) | Falhas: 0
11:53:39 | INFO     | [11:53:39] ✅ DONE | 952285 | 0 responsáveis | 1555/1760 (88.4%) | Falhas: 0
11:53:39 | INFO     | [11:53:39] ✅ DONE | 949054 | 0 responsáveis | 1556/1760 (88.4%) | Falhas: 0
11:53:39 | INFO     | [11:53:39] ✅ DONE | 942309 | 0 responsáveis | 1557/1760 (88.5%) | Falhas: 0
11:53:39 | INFO     | [11:53:39] ✅ DONE | 953192 | 0 responsáveis | 1558/1760 (88.5%) | Falhas: 0
11:53:40 | INFO     | [11:53:40] ✅ DONE | 953518 | 0 responsáveis | 1559/1760 (88.6%) | Falhas: 0
11:53:40 | INFO     | [11:53:40] ✅ DONE | 955573 | 0 responsáveis | 1560/1760 (88.6%) | Falhas: 0
11:53:40 | INFO     | [11:53:40] ✅ DONE | 959853 | 0 responsáveis | 1561/1760 (88.7%) | Falhas: 0
11:53:40 | INFO     | [11:53:40] ✅ DONE | 960404 | 0 responsáveis | 1562/1760 (88.8%) | Falhas: 0
11:53:40 | INFO     | [11:53:40] ✅ DONE | 974528 | 0 responsáveis | 1563/1760 (88.8%) | Falhas: 0
11:53:40 | INFO     | [11:53:40] ✅ DONE | 974827 | 0 responsáveis | 1564/1760 (88.9%) | Falhas: 0
11:53:40 | INFO     | [11:53:40] ✅ DONE | 991545 | 0 responsáveis | 1565/1760 (88.9%) | Falhas: 0
11:53:40 | INFO     | [11:53:40] ✅ DONE | 991334 | 0 responsáveis | 1566/1760 (89.0%) | Falhas: 0
11:53:40 | INFO     | [11:53:40] ✅ DONE | 995354 | 0 responsáveis | 1567/1760 (89.0%) | Falhas: 0
11:53:40 | INFO     | [11:53:40] ✅ DONE | 984766 | 0 responsáveis | 1568/1760 (89.1%) | Falhas: 0
11:53:40 | INFO     | [11:53:40] ✅ DONE | 1000355 | 0 responsáveis | 1569/1760 (89.1%) | Falhas: 0
11:53:40 | INFO     | [11:53:40] ✅ DONE | 1001294 | 0 responsáveis | 1570/1760 (89.2%) | Falhas: 0
11:53:40 | INFO     | [11:53:40] ✅ DONE | 999267 | 0 responsáveis | 1571/1760 (89.3%) | Falhas: 0
11:53:40 | INFO     | [11:53:40] ✅ DONE | 983386 | 0 responsáveis | 1572/1760 (89.3%) | Falhas: 0
11:53:40 | INFO     | [11:53:40] ✅ DONE | 981719 | 0 responsáveis | 1573/1760 (89.4%) | Falhas: 0
11:53:41 | INFO     | [11:53:41] ✅ DONE | 1001662 | 0 responsáveis | 1574/1760 (89.4%) | Falhas: 0
11:53:41 | INFO     | [11:53:41] ✅ DONE | 1002017 | 0 responsáveis | 1575/1760 (89.5%) | Falhas: 0
11:53:41 | INFO     | [11:53:41] ✅ DONE | 1002405 | 0 responsáveis | 1576/1760 (89.5%) | Falhas: 0
11:53:41 | INFO     | [11:53:41] ✅ DONE | 1007735 | 0 responsáveis | 1577/1760 (89.6%) | Falhas: 0
11:53:41 | INFO     | [11:53:41] ✅ DONE | 1009124 | 0 responsáveis | 1578/1760 (89.7%) | Falhas: 0
11:53:41 | INFO     | [11:53:41] ✅ DONE | 1024151 | 0 responsáveis | 1579/1760 (89.7%) | Falhas: 0
11:53:41 | INFO     | [11:53:41] ✅ DONE | 1009539 | 0 responsáveis | 1580/1760 (89.8%) | Falhas: 0
11:53:41 | INFO     | [11:53:41] ✅ DONE | 1013201 | 0 responsáveis | 1581/1760 (89.8%) | Falhas: 0
11:53:41 | INFO     | [11:53:41] ✅ DONE | 1013215 | 0 responsáveis | 1582/1760 (89.9%) | Falhas: 0
11:53:41 | INFO     | [11:53:41] ✅ DONE | 1023278 | 0 responsáveis | 1583/1760 (89.9%) | Falhas: 0
11:53:41 | INFO     | [11:53:41] ✅ DONE | 1025746 | 0 responsáveis | 1584/1760 (90.0%) | Falhas: 0
11:53:41 | INFO     | [11:53:41] ✅ DONE | 1028843 | 0 responsáveis | 1585/1760 (90.1%) | Falhas: 0
11:53:41 | INFO     | [11:53:41] ✅ DONE | 1026796 | 0 responsáveis | 1586/1760 (90.1%) | Falhas: 0
11:53:41 | INFO     | [11:53:41] ✅ DONE | 10343 | 0 responsáveis | 1587/1760 (90.2%) | Falhas: 0
11:53:41 | INFO     | [11:53:41] ✅ DONE | 1026794 | 0 responsáveis | 1588/1760 (90.2%) | Falhas: 0
11:53:41 | INFO     | [11:53:41] ✅ DONE | 20510 | 0 responsáveis | 1589/1760 (90.3%) | Falhas: 0
11:53:42 | INFO     | [11:53:42] ✅ DONE | 21691 | 0 responsáveis | 1590/1760 (90.3%) | Falhas: 0
11:53:42 | INFO     | [11:53:42] ✅ DONE | 21817 | 0 responsáveis | 1591/1760 (90.4%) | Falhas: 0
11:53:42 | INFO     | [11:53:42] ✅ DONE | 28639 | 0 responsáveis | 1592/1760 (90.5%) | Falhas: 0
11:53:42 | INFO     | [11:53:42] ✅ DONE | 29916 | 0 responsáveis | 1593/1760 (90.5%) | Falhas: 0
11:53:42 | INFO     | [11:53:42] ✅ DONE | 43232 | 0 responsáveis | 1594/1760 (90.6%) | Falhas: 0
11:53:42 | INFO     | [11:53:42] ✅ DONE | 44291 | 4 responsáveis | 1595/1760 (90.6%) | Falhas: 0
11:53:42 | INFO     | [11:53:42] ✅ DONE | 71838 | 2 responsáveis | 1596/1760 (90.7%) | Falhas: 0
11:53:42 | INFO     | [11:53:42] ✅ DONE | 72001 | 2 responsáveis | 1597/1760 (90.7%) | Falhas: 0
11:53:42 | INFO     | [11:53:42] ✅ DONE | 72486 | 0 responsáveis | 1598/1760 (90.8%) | Falhas: 0
11:53:42 | INFO     | [11:53:42] ✅ DONE | 43921 | 0 responsáveis | 1599/1760 (90.9%) | Falhas: 0
11:53:42 | INFO     | [11:53:42] ✅ DONE | 144989 | 0 responsáveis | 1600/1760 (90.9%) | Falhas: 0
11:53:42 | INFO     | [11:53:42] ✅ DONE | 94895 | 2 responsáveis | 1601/1760 (91.0%) | Falhas: 0
11:53:42 | INFO     | [11:53:42] ✅ DONE | 162879 | 0 responsáveis | 1602/1760 (91.0%) | Falhas: 0
11:53:42 | INFO     | [11:53:42] ✅ DONE | 124926 | 0 responsáveis | 1603/1760 (91.1%) | Falhas: 0
11:53:42 | INFO     | [11:53:42] ✅ DONE | 199366 | 0 responsáveis | 1604/1760 (91.1%) | Falhas: 0
11:53:42 | INFO     | [11:53:42] ✅ DONE | 208150 | 0 responsáveis | 1605/1760 (91.2%) | Falhas: 0
11:53:42 | INFO     | [11:53:42] ✅ DONE | 304434 | 3 responsáveis | 1606/1760 (91.2%) | Falhas: 0
11:53:43 | INFO     | [11:53:43] ✅ DONE | 304606 | 6 responsáveis | 1607/1760 (91.3%) | Falhas: 0
11:53:43 | INFO     | [11:53:43] ✅ DONE | 323103 | 9 responsáveis | 1608/1760 (91.4%) | Falhas: 0
11:53:43 | INFO     | [11:53:43] ✅ DONE | 324128 | 3 responsáveis | 1609/1760 (91.4%) | Falhas: 0
11:53:43 | INFO     | [11:53:43] ✅ DONE | 324466 | 4 responsáveis | 1610/1760 (91.5%) | Falhas: 0
11:53:43 | INFO     | [11:53:43] ✅ DONE | 412228 | 0 responsáveis | 1611/1760 (91.5%) | Falhas: 0
11:53:43 | INFO     | [11:53:43] ✅ DONE | 404124 | 0 responsáveis | 1612/1760 (91.6%) | Falhas: 0
11:53:43 | INFO     | [11:53:43] ✅ DONE | 414341 | 0 responsáveis | 1613/1760 (91.6%) | Falhas: 0
11:53:43 | INFO     | [11:53:43] ✅ DONE | 355734 | 4 responsáveis | 1614/1760 (91.7%) | Falhas: 0
11:53:43 | INFO     | [11:53:43] ✅ DONE | 417829 | 2 responsáveis | 1615/1760 (91.8%) | Falhas: 0
11:53:43 | INFO     | [11:53:43] ✅ DONE | 325219 | 2 responsáveis | 1616/1760 (91.8%) | Falhas: 0
11:53:43 | INFO     | [11:53:43] ✅ DONE | 415281 | 3 responsáveis | 1617/1760 (91.9%) | Falhas: 0
11:53:43 | INFO     | [11:53:43] ✅ DONE | 407550 | 2 responsáveis | 1618/1760 (91.9%) | Falhas: 0
11:53:43 | INFO     | [11:53:43] ✅ DONE | 418599 | 6 responsáveis | 1619/1760 (92.0%) | Falhas: 0
11:53:43 | INFO     | [11:53:43] ✅ DONE | 420042 | 2 responsáveis | 1620/1760 (92.0%) | Falhas: 0
11:53:43 | INFO     | [11:53:43] ✅ DONE | 433586 | 0 responsáveis | 1621/1760 (92.1%) | Falhas: 0
11:53:43 | INFO     | [11:53:43] ✅ DONE | 433598 | 0 responsáveis | 1622/1760 (92.2%) | Falhas: 0
11:53:44 | INFO     | [11:53:44] ✅ DONE | 438583 | 0 responsáveis | 1623/1760 (92.2%) | Falhas: 0
11:53:44 | INFO     | [11:53:44] ✅ DONE | 440168 | 0 responsáveis | 1624/1760 (92.3%) | Falhas: 0
11:53:44 | INFO     | [11:53:44] ✅ DONE | 440786 | 0 responsáveis | 1625/1760 (92.3%) | Falhas: 0
11:53:44 | INFO     | [11:53:44] ✅ DONE | 443786 | 0 responsáveis | 1626/1760 (92.4%) | Falhas: 0
11:53:44 | INFO     | [11:53:44] ✅ DONE | 445535 | 0 responsáveis | 1627/1760 (92.4%) | Falhas: 0
11:53:44 | INFO     | [11:53:44] ✅ DONE | 442436 | 0 responsáveis | 1628/1760 (92.5%) | Falhas: 0
11:53:44 | INFO     | [11:53:44] ✅ DONE | 445800 | 0 responsáveis | 1629/1760 (92.6%) | Falhas: 0
11:53:44 | INFO     | [11:53:44] ✅ DONE | 445798 | 0 responsáveis | 1630/1760 (92.6%) | Falhas: 0
11:53:44 | INFO     | [11:53:44] ✅ DONE | 445637 | 0 responsáveis | 1631/1760 (92.7%) | Falhas: 0
11:53:44 | INFO     | [11:53:44] ✅ DONE | 445703 | 0 responsáveis | 1632/1760 (92.7%) | Falhas: 0
11:53:44 | INFO     | [11:53:44] ✅ DONE | 444606 | 0 responsáveis | 1633/1760 (92.8%) | Falhas: 0
11:53:44 | INFO     | [11:53:44] ✅ DONE | 446095 | 0 responsáveis | 1634/1760 (92.8%) | Falhas: 0
11:53:44 | INFO     | [11:53:44] ✅ DONE | 446349 | 0 responsáveis | 1635/1760 (92.9%) | Falhas: 0
11:53:44 | INFO     | [11:53:44] ✅ DONE | 447479 | 0 responsáveis | 1636/1760 (93.0%) | Falhas: 0
11:53:44 | INFO     | [11:53:44] ✅ DONE | 447749 | 0 responsáveis | 1637/1760 (93.0%) | Falhas: 0
11:53:45 | INFO     | [11:53:45] ✅ DONE | 447995 | 0 responsáveis | 1638/1760 (93.1%) | Falhas: 0
11:53:45 | INFO     | [11:53:45] ✅ DONE | 448130 | 0 responsáveis | 1639/1760 (93.1%) | Falhas: 0
11:53:45 | INFO     | [11:53:45] ✅ DONE | 448269 | 2 responsáveis | 1640/1760 (93.2%) | Falhas: 0
11:53:45 | INFO     | [11:53:45] ✅ DONE | 450026 | 0 responsáveis | 1641/1760 (93.2%) | Falhas: 0
11:53:45 | INFO     | [11:53:45] ✅ DONE | 450022 | 0 responsáveis | 1642/1760 (93.3%) | Falhas: 0
11:53:45 | INFO     | [11:53:45] ✅ DONE | 453817 | 0 responsáveis | 1643/1760 (93.4%) | Falhas: 0
11:53:45 | INFO     | [11:53:45] ✅ DONE | 454353 | 0 responsáveis | 1644/1760 (93.4%) | Falhas: 0
11:53:45 | INFO     | [11:53:45] ✅ DONE | 454101 | 0 responsáveis | 1645/1760 (93.5%) | Falhas: 0
11:53:45 | INFO     | [11:53:45] ✅ DONE | 451371 | 0 responsáveis | 1646/1760 (93.5%) | Falhas: 0
11:53:45 | INFO     | [11:53:45] ✅ DONE | 454137 | 0 responsáveis | 1647/1760 (93.6%) | Falhas: 0
11:53:45 | INFO     | [11:53:45] ✅ DONE | 454825 | 0 responsáveis | 1648/1760 (93.6%) | Falhas: 0
11:53:45 | INFO     | [11:53:45] ✅ DONE | 454897 | 0 responsáveis | 1649/1760 (93.7%) | Falhas: 0
11:53:45 | INFO     | [11:53:45] ✅ DONE | 457703 | 0 responsáveis | 1650/1760 (93.8%) | Falhas: 0
11:53:45 | INFO     | [11:53:45] ✅ DONE | 455097 | 0 responsáveis | 1651/1760 (93.8%) | Falhas: 0
11:53:45 | INFO     | [11:53:45] ✅ DONE | 457704 | 0 responsáveis | 1652/1760 (93.9%) | Falhas: 0
11:53:46 | INFO     | [11:53:46] ✅ DONE | 464207 | 0 responsáveis | 1653/1760 (93.9%) | Falhas: 0
11:53:46 | INFO     | [11:53:46] ✅ DONE | 465934 | 0 responsáveis | 1654/1760 (94.0%) | Falhas: 0
11:53:46 | INFO     | [11:53:46] ✅ DONE | 472689 | 0 responsáveis | 1655/1760 (94.0%) | Falhas: 0
11:53:46 | INFO     | [11:53:46] ✅ DONE | 472752 | 0 responsáveis | 1656/1760 (94.1%) | Falhas: 0
11:53:46 | INFO     | [11:53:46] ✅ DONE | 471221 | 0 responsáveis | 1657/1760 (94.1%) | Falhas: 0
11:53:46 | INFO     | [11:53:46] ✅ DONE | 468570 | 0 responsáveis | 1658/1760 (94.2%) | Falhas: 0
11:53:46 | INFO     | [11:53:46] ✅ DONE | 478415 | 0 responsáveis | 1659/1760 (94.3%) | Falhas: 0
11:53:46 | INFO     | [11:53:46] ✅ DONE | 473507 | 0 responsáveis | 1660/1760 (94.3%) | Falhas: 0
11:53:46 | INFO     | [11:53:46] ✅ DONE | 473414 | 0 responsáveis | 1661/1760 (94.4%) | Falhas: 0
11:53:46 | INFO     | [11:53:46] ✅ DONE | 477977 | 0 responsáveis | 1662/1760 (94.4%) | Falhas: 0
11:53:46 | INFO     | [11:53:46] ✅ DONE | 477994 | 0 responsáveis | 1663/1760 (94.5%) | Falhas: 0
11:53:46 | INFO     | [11:53:46] ✅ DONE | 477997 | 0 responsáveis | 1664/1760 (94.5%) | Falhas: 0
11:53:46 | INFO     | [11:53:46] ✅ DONE | 480071 | 0 responsáveis | 1665/1760 (94.6%) | Falhas: 0
11:53:46 | INFO     | [11:53:46] ✅ DONE | 479328 | 0 responsáveis | 1666/1760 (94.7%) | Falhas: 0
11:53:46 | INFO     | [11:53:46] ✅ DONE | 478473 | 0 responsáveis | 1667/1760 (94.7%) | Falhas: 0
11:53:46 | INFO     | [11:53:46] ✅ DONE | 486145 | 0 responsáveis | 1668/1760 (94.8%) | Falhas: 0
11:53:47 | INFO     | [11:53:47] ✅ DONE | 486148 | 0 responsáveis | 1669/1760 (94.8%) | Falhas: 0
11:53:47 | INFO     | [11:53:47] ✅ DONE | 489706 | 0 responsáveis | 1670/1760 (94.9%) | Falhas: 0
11:53:47 | INFO     | [11:53:47] ✅ DONE | 489976 | 0 responsáveis | 1671/1760 (94.9%) | Falhas: 0
11:53:47 | INFO     | [11:53:47] ✅ DONE | 491269 | 0 responsáveis | 1672/1760 (95.0%) | Falhas: 0
11:53:47 | INFO     | [11:53:47] ✅ DONE | 493935 | 0 responsáveis | 1673/1760 (95.1%) | Falhas: 0
11:53:47 | INFO     | [11:53:47] ✅ DONE | 495949 | 0 responsáveis | 1674/1760 (95.1%) | Falhas: 0
11:53:47 | INFO     | [11:53:47] ✅ DONE | 500370 | 0 responsáveis | 1675/1760 (95.2%) | Falhas: 0
11:53:47 | INFO     | [11:53:47] ✅ DONE | 504860 | 0 responsáveis | 1676/1760 (95.2%) | Falhas: 0
11:53:47 | INFO     | [11:53:47] ✅ DONE | 498146 | 0 responsáveis | 1677/1760 (95.3%) | Falhas: 0
11:53:47 | INFO     | [11:53:47] ✅ DONE | 496974 | 0 responsáveis | 1678/1760 (95.3%) | Falhas: 0
11:53:47 | INFO     | [11:53:47] ✅ DONE | 505189 | 0 responsáveis | 1679/1760 (95.4%) | Falhas: 0
11:53:47 | INFO     | [11:53:47] ✅ DONE | 508935 | 0 responsáveis | 1680/1760 (95.5%) | Falhas: 0
11:53:47 | INFO     | [11:53:47] ✅ DONE | 507627 | 0 responsáveis | 1681/1760 (95.5%) | Falhas: 0
11:53:47 | INFO     | [11:53:47] ✅ DONE | 509867 | 0 responsáveis | 1682/1760 (95.6%) | Falhas: 0
11:53:47 | INFO     | [11:53:47] ✅ DONE | 520418 | 6 responsáveis | 1683/1760 (95.6%) | Falhas: 0
11:53:47 | INFO     | [11:53:47] ✅ DONE | 520511 | 0 responsáveis | 1684/1760 (95.7%) | Falhas: 0
11:53:48 | INFO     | [11:53:48] ✅ DONE | 521191 | 0 responsáveis | 1685/1760 (95.7%) | Falhas: 0
11:53:48 | INFO     | [11:53:48] ✅ DONE | 524019 | 0 responsáveis | 1686/1760 (95.8%) | Falhas: 0
11:53:48 | INFO     | [11:53:48] ✅ DONE | 532185 | 0 responsáveis | 1687/1760 (95.9%) | Falhas: 0
11:53:48 | INFO     | [11:53:48] ✅ DONE | 532227 | 0 responsáveis | 1688/1760 (95.9%) | Falhas: 0
11:53:48 | INFO     | [11:53:48] ✅ DONE | 533207 | 0 responsáveis | 1689/1760 (96.0%) | Falhas: 0
11:53:48 | INFO     | [11:53:48] ✅ DONE | 533258 | 0 responsáveis | 1690/1760 (96.0%) | Falhas: 0
11:53:48 | INFO     | [11:53:48] ✅ DONE | 533634 | 0 responsáveis | 1691/1760 (96.1%) | Falhas: 0
11:53:48 | INFO     | [11:53:48] ✅ DONE | 534126 | 0 responsáveis | 1692/1760 (96.1%) | Falhas: 0
11:53:48 | INFO     | [11:53:48] ✅ DONE | 543735 | 0 responsáveis | 1693/1760 (96.2%) | Falhas: 0
11:53:48 | INFO     | [11:53:48] ✅ DONE | 565910 | 0 responsáveis | 1694/1760 (96.2%) | Falhas: 0
11:53:48 | INFO     | [11:53:48] ✅ DONE | 567584 | 0 responsáveis | 1695/1760 (96.3%) | Falhas: 0
11:53:48 | INFO     | [11:53:48] ✅ DONE | 584850 | 0 responsáveis | 1696/1760 (96.4%) | Falhas: 0
11:53:48 | INFO     | [11:53:48] ✅ DONE | 584861 | 0 responsáveis | 1697/1760 (96.4%) | Falhas: 0
11:53:48 | INFO     | [11:53:48] ✅ DONE | 587691 | 0 responsáveis | 1698/1760 (96.5%) | Falhas: 0
11:53:48 | INFO     | [11:53:48] ✅ DONE | 596775 | 0 responsáveis | 1699/1760 (96.5%) | Falhas: 0
11:53:49 | INFO     | [11:53:49] ✅ DONE | 607888 | 4 responsáveis | 1700/1760 (96.6%) | Falhas: 0
11:53:49 | INFO     | [11:53:49] ✅ DONE | 611178 | 0 responsáveis | 1701/1760 (96.6%) | Falhas: 0
11:53:49 | INFO     | [11:53:49] ✅ DONE | 632478 | 0 responsáveis | 1702/1760 (96.7%) | Falhas: 0
11:53:49 | INFO     | [11:53:49] ✅ DONE | 628440 | 0 responsáveis | 1703/1760 (96.8%) | Falhas: 0
11:53:49 | INFO     | [11:53:49] ✅ DONE | 611540 | 0 responsáveis | 1704/1760 (96.8%) | Falhas: 0
11:53:49 | INFO     | [11:53:49] ✅ DONE | 620474 | 4 responsáveis | 1705/1760 (96.9%) | Falhas: 0
11:53:49 | INFO     | [11:53:49] ✅ DONE | 650200 | 0 responsáveis | 1706/1760 (96.9%) | Falhas: 0
11:53:49 | INFO     | [11:53:49] ✅ DONE | 633712 | 6 responsáveis | 1707/1760 (97.0%) | Falhas: 0
11:53:49 | INFO     | [11:53:49] ✅ DONE | 649213 | 2 responsáveis | 1708/1760 (97.0%) | Falhas: 0
11:53:49 | INFO     | [11:53:49] ✅ DONE | 690976 | 0 responsáveis | 1709/1760 (97.1%) | Falhas: 0
11:53:49 | INFO     | [11:53:49] ✅ DONE | 715163 | 4 responsáveis | 1710/1760 (97.2%) | Falhas: 0
11:53:49 | INFO     | [11:53:49] ✅ DONE | 715296 | 4 responsáveis | 1711/1760 (97.2%) | Falhas: 0
11:53:49 | INFO     | [11:53:49] ✅ DONE | 715432 | 4 responsáveis | 1712/1760 (97.3%) | Falhas: 0
11:53:49 | INFO     | [11:53:49] ✅ DONE | 720770 | 0 responsáveis | 1713/1760 (97.3%) | Falhas: 0
11:53:49 | INFO     | [11:53:49] ✅ DONE | 726533 | 0 responsáveis | 1714/1760 (97.4%) | Falhas: 0
11:53:49 | INFO     | [11:53:49] ✅ DONE | 730067 | 3 responsáveis | 1715/1760 (97.4%) | Falhas: 0
11:53:50 | INFO     | [11:53:50] ✅ DONE | 743116 | 0 responsáveis | 1716/1760 (97.5%) | Falhas: 0
11:53:50 | INFO     | [11:53:50] ✅ DONE | 750790 | 2 responsáveis | 1717/1760 (97.6%) | Falhas: 0
11:53:50 | INFO     | [11:53:50] ✅ DONE | 807791 | 0 responsáveis | 1718/1760 (97.6%) | Falhas: 0
11:53:50 | INFO     | [11:53:50] ✅ DONE | 774470 | 2 responsáveis | 1719/1760 (97.7%) | Falhas: 0
11:53:50 | INFO     | [11:53:50] ✅ DONE | 804680 | 0 responsáveis | 1720/1760 (97.7%) | Falhas: 0
11:53:50 | INFO     | [11:53:50] ✅ DONE | 812135 | 0 responsáveis | 1721/1760 (97.8%) | Falhas: 0
11:53:50 | INFO     | [11:53:50] ✅ DONE | 808927 | 0 responsáveis | 1722/1760 (97.8%) | Falhas: 0
11:53:50 | INFO     | [11:53:50] ✅ DONE | 810305 | 0 responsáveis | 1723/1760 (97.9%) | Falhas: 0
11:53:50 | INFO     | [11:53:50] ✅ DONE | 813073 | 0 responsáveis | 1724/1760 (98.0%) | Falhas: 0
11:53:50 | INFO     | [11:53:50] ✅ DONE | 814446 | 0 responsáveis | 1725/1760 (98.0%) | Falhas: 0
11:53:50 | INFO     | [11:53:50] ✅ DONE | 818149 | 0 responsáveis | 1726/1760 (98.1%) | Falhas: 0
11:53:50 | INFO     | [11:53:50] ✅ DONE | 818388 | 0 responsáveis | 1727/1760 (98.1%) | Falhas: 0
11:53:50 | INFO     | [11:53:50] ✅ DONE | 821962 | 0 responsáveis | 1728/1760 (98.2%) | Falhas: 0
11:53:50 | INFO     | [11:53:50] ✅ DONE | 826230 | 0 responsáveis | 1729/1760 (98.2%) | Falhas: 0
11:53:50 | INFO     | [11:53:50] ✅ DONE | 830689 | 0 responsáveis | 1730/1760 (98.3%) | Falhas: 0
11:53:50 | INFO     | [11:53:50] ✅ DONE | 830926 | 0 responsáveis | 1731/1760 (98.4%) | Falhas: 0
11:53:50 | INFO     | [11:53:50] ✅ DONE | 831945 | 0 responsáveis | 1732/1760 (98.4%) | Falhas: 0
11:53:50 | INFO     | [11:53:50] ✅ DONE | 832609 | 0 responsáveis | 1733/1760 (98.5%) | Falhas: 0
11:53:51 | INFO     | [11:53:51] ✅ DONE | 833286 | 0 responsáveis | 1734/1760 (98.5%) | Falhas: 0
11:53:51 | INFO     | [11:53:51] ✅ DONE | 837306 | 0 responsáveis | 1735/1760 (98.6%) | Falhas: 0
11:53:51 | INFO     | [11:53:51] ✅ DONE | 839682 | 0 responsáveis | 1736/1760 (98.6%) | Falhas: 0
11:53:51 | INFO     | [11:53:51] ✅ DONE | 840678 | 0 responsáveis | 1737/1760 (98.7%) | Falhas: 0
11:53:51 | INFO     | [11:53:51] ✅ DONE | 841875 | 0 responsáveis | 1738/1760 (98.8%) | Falhas: 0
11:53:51 | INFO     | [11:53:51] ✅ DONE | 842823 | 0 responsáveis | 1739/1760 (98.8%) | Falhas: 0
11:53:51 | INFO     | [11:53:51] ✅ DONE | 845428 | 0 responsáveis | 1740/1760 (98.9%) | Falhas: 0
11:53:51 | INFO     | [11:53:51] ✅ DONE | 851849 | 0 responsáveis | 1741/1760 (98.9%) | Falhas: 0
11:53:51 | INFO     | [11:53:51] ✅ DONE | 855371 | 0 responsáveis | 1742/1760 (99.0%) | Falhas: 0
11:53:51 | INFO     | [11:53:51] ✅ DONE | 855483 | 0 responsáveis | 1743/1760 (99.0%) | Falhas: 0
11:53:51 | INFO     | [11:53:51] ✅ DONE | 855537 | 0 responsáveis | 1744/1760 (99.1%) | Falhas: 0
11:53:51 | INFO     | [11:53:51] ✅ DONE | 855573 | 0 responsáveis | 1745/1760 (99.1%) | Falhas: 0
11:53:51 | INFO     | [11:53:51] ✅ DONE | 855611 | 0 responsáveis | 1746/1760 (99.2%) | Falhas: 0
11:53:51 | INFO     | [11:53:51] ✅ DONE | 859999 | 0 responsáveis | 1747/1760 (99.3%) | Falhas: 0
11:53:51 | INFO     | [11:53:51] ✅ DONE | 861319 | 0 responsáveis | 1748/1760 (99.3%) | Falhas: 0
11:53:51 | INFO     | [11:53:51] ✅ DONE | 864839 | 0 responsáveis | 1749/1760 (99.4%) | Falhas: 0
11:53:51 | INFO     | [11:53:51] ✅ DONE | 866008 | 0 responsáveis | 1750/1760 (99.4%) | Falhas: 0
11:53:52 | INFO     | [11:53:52] ✅ DONE | 879498 | 0 responsáveis | 1751/1760 (99.5%) | Falhas: 0
11:53:52 | INFO     | [11:53:52] ✅ DONE | 893459 | 0 responsáveis | 1752/1760 (99.5%) | Falhas: 0
11:53:52 | INFO     | [11:53:52] ✅ DONE | 902882 | 0 responsáveis | 1753/1760 (99.6%) | Falhas: 0
11:53:52 | INFO     | [11:53:52] ✅ DONE | 915164 | 0 responsáveis | 1754/1760 (99.7%) | Falhas: 0
11:53:52 | INFO     | [11:53:52] ✅ DONE | 939916 | 0 responsáveis | 1755/1760 (99.7%) | Falhas: 0
11:53:52 | INFO     | [11:53:52] ✅ DONE | 959506 | 0 responsáveis | 1756/1760 (99.8%) | Falhas: 0
11:53:52 | INFO     | [11:53:52] ✅ DONE | 961708 | 0 responsáveis | 1757/1760 (99.8%) | Falhas: 0
11:53:52 | INFO     | [11:53:52] ✅ DONE | 959928 | 0 responsáveis | 1758/1760 (99.9%) | Falhas: 0
11:53:52 | INFO     | [11:53:52] ✅ DONE | 969474 | 0 responsáveis | 1759/1760 (99.9%) | Falhas: 0
11:53:52 | INFO     | [11:53:52] ✅ DONE | 985073 | 0 responsáveis | 1760/1760 (100.0%) | Falhas: 0
11:53:52 | INFO     | ✅ FIM | Falhas: 0 | SKIPs: 0
11:53:52 | INFO     | ============================================================
11:53:52 | INFO     | 📤 GERANDO contratos_responsaveis.csv...
11:53:52 | INFO     | 📂 1780 arquivo(s) de responsáveis encontrado(s). Processando...
11:54:00 | INFO     | ✅ CSV gerado: data\contratos_responsaveis.csv
11:54:00 | INFO     | Responsáveis : 1191
11:54:00 | INFO     | Ativos       : 970
11:54:00 | INFO     | Colunas      : 11
11:54:00 | INFO     | ============================================================
11:54:00 | INFO     | 📦 INICIANDO OBTENÇÃO DE ITENS EMPENHADOS DO GOOGLE DRIVE
11:54:00 | INFO     | 📦 OBTENDO ITENS EMPENHADOS DO GOOGLE DRIVE...
11:54:14 | INFO     | ✅ ITENS EMPENHADOS OBTIDOS E SALVOS
11:54:14 | INFO     | ============================================================
11:54:14 | INFO     | 📊 RESUMO FINAL
11:54:14 | INFO     |   Falhas compras        : 0
11:54:14 | INFO     |   Falhas itens          : 0
11:54:14 | INFO     |   Falhas atas           : 0
11:54:14 | INFO     |   Falhas atas_itens     : 0
11:54:14 | INFO     |   Falhas atas_saldos    : 0
11:54:14 | INFO     |   Falhas atas_unidades  : 0
11:54:14 | INFO     |   Falhas contratos      : 0
11:54:14 | INFO     |   Falhas contratos_resp : 0
11:54:14 | INFO     |   Falhas itens_empenhad : 0
11:54:14 | INFO     | 🎉 PIPELINE CONCLUÍDO COM SUCESSO!
