arquivo_origem;data_extracao;numero_ata;numero_controle_pncp_ata;numero_controle_pncp_compra;id_compra;numero_compra;ano_compra;modalidade_codigo;modalidade_nome;uasg_codigo;uasg_nome;data_assinatura;data_vigencia_inicial;data_vigencia_final;valor_total;quantidade_itens;status_ata;ata_excluida;objeto_ata;link_ata_pncp;link_compra_pncp
atas_manuais.json;2026-04-01 12:16:29;00004/2024;10673078000120-1-000057/2023-000009;10673078000120-1-000057/2023;15813205000282023;00028;2023;05;Pregão;158132;INST.FED.DE EDUC.,CIENC.E TEC.DO MAT.G.DO SUL;31/01/2024;01/02/2024;01/02/2026;;;Ata de Registro de Preços;Não;Dado não disponível na API do governo;;
atas_manuais.json;2026-04-01 12:16:29;00013/2024;10673078000120-1-000028/2024-000001;10673078000120-1-000028/2024;15813205900112024;90011;2024;05;Pregão;158132;INST.FED.DE EDUC.,CIENC.E TEC.DO MAT.G.DO SUL;27/06/2024;01/07/2024;01/07/2025;;;Ata de Registro de Preços;Não;Dado não disponível na API do governo;;
atas_manuais.json;2026-04-01 12:16:29;00014/2024;10673078000120-1-000028/2024-000002;10673078000120-1-000028/2024;15813205900112024;90011;2024;05;Pregão;158132;INST.FED.DE EDUC.,CIENC.E TEC.DO MAT.G.DO SUL;27/06/2024;01/07/2024;01/07/2025;;;Ata de Registro de Preços;Não;Dado não disponível na API do governo;;
atas_manuais.json;2026-04-01 12:16:29;00017/2025;10673078000120-1-000023/2025-000001;10673078000120-1-000023/2025;15813205900902025;90090;2025;05;Pregão;158132;INST.FED.DE EDUC.,CIENC.E TEC.DO MAT.G.DO SUL;30/04/2025;02/05/2025;01/05/2026;;;Ata de Registro de Preços;Não;Dado não disponível na API do governo;;
atas_manuais.json;2026-04-01 12:16:29;00018/2025;10673078000120-1-000023/2025-000002;10673078000120-1-000023/2025;15813205900902025;90090;2025;05;Pregão;158132;INST.FED.DE EDUC.,CIENC.E TEC.DO MAT.G.DO SUL;30/04/2025;02/05/2025;01/05/2026;;;Ata de Registro de Preços;Não;Dado não disponível na API do governo;;
atas_manuais.json;2026-04-01 12:16:29;00019/2025;10673078000120-1-000023/2025-000003;10673078000120-1-000023/2025;15813205900902025;90090;2025;05;Pregão;158132;INST.FED.DE EDUC.,CIENC.E TEC.DO MAT.G.DO SUL;30/04/2025;02/05/2025;01/05/2026;;;Ata de Registro de Preços;Não;Dado não disponível na API do governo;;
atas_manuais.json;2026-04-01 12:16:29;00020/2025;10673078000120-1-000023/2025-000004;10673078000120-1-000023/2025;15813205900902025;90090;2025;05;Pregão;158132;INST.FED.DE EDUC.,CIENC.E TEC.DO MAT.G.DO SUL;30/04/2025;02/05/2025;01/05/2026;;;Ata de Registro de Preços;Não;Dado não disponível na API do governo;;
atas_manuais.json;2026-04-01 12:16:29;00021/2025;10673078000120-1-000023/2025-000005;10673078000120-1-000023/2025;15813205900902025;90090;2025;05;Pregão;158132;INST.FED.DE EDUC.,CIENC.E TEC.DO MAT.G.DO SUL;30/04/2025;02/05/2025;01/05/2026;;;Ata de Registro de Preços;Não;Dado não disponível na API do governo;;
atas_manuais.json;2026-04-01 12:16:29;00022/2025;10673078000120-1-000023/2025-000006;10673078000120-1-000023/2025;15813205900902025;90090;2025;05;Pregão;158132;INST.FED.DE EDUC.,CIENC.E TEC.DO MAT.G.DO SUL;30/04/2025;02/05/2025;01/05/2026;;;Ata de Registro de Preços;Não;Dado não disponível na API do governo;;
atas_manuais.json;2026-04-01 12:16:29;00023/2025;10673078000120-1-000023/2025-000007;10673078000120-1-000023/2025;15813205900902025;90090;2025;05;Pregão;158132;INST.FED.DE EDUC.,CIENC.E TEC.DO MAT.G.DO SUL;30/04/2025;02/05/2025;01/05/2026;;;Ata de Registro de Preços;Não;Dado não disponível na API do governo;;
atas_manuais.json;2026-04-01 12:16:29;00056/2025;10673078000120-1-000041/2025-000001;10673078000120-1-000041/2025;15813205900812025;90081;2025;05;Pregão;158132;INST.FED.DE EDUC.,CIENC.E TEC.DO MAT.G.DO SUL;01/07/2025;02/07/2025;02/07/2026;;;Ata de Registro de Preços;Não;Dado não disponível na API do governo;;
atas_manuais.json;2026-04-01 12:16:29;00078/2025;10673078000120-1-000039/2025-000001;10673078000120-1-000039/2025;15813205901702025;90170;2025;05;Pregão;158132;INST.FED.DE EDUC.,CIENC.E TEC.DO MAT.G.DO SUL;07/08/2025;02/09/2025;02/09/2026;;;Ata de Registro de Preços;Não;Dado não disponível na API do governo;;
atas_manuais.json;2026-04-01 12:16:29;00079/2025;10673078000120-1-000039/2025-000002;10673078000120-1-000039/2025;15813205901702025;90170;2025;05;Pregão;158132;INST.FED.DE EDUC.,CIENC.E TEC.DO MAT.G.DO SUL;07/08/2025;02/09/2025;02/09/2026;;;Ata de Registro de Preços;Não;Dado não disponível na API do governo;;
atas_manuais.json;2026-04-01 12:16:29;00080/2025;10673078000120-1-000039/2025-000003;10673078000120-1-000039/2025;15813205901702025;90170;2025;05;Pregão;158132;INST.FED.DE EDUC.,CIENC.E TEC.DO MAT.G.DO SUL;07/08/2025;02/09/2025;02/09/2026;;;Ata de Registro de Preços;Não;Dado não disponível na API do governo;;
atas_manuais.json;2026-04-01 12:16:29;00081/2025;10673078000120-1-000039/2025-000004;10673078000120-1-000039/2025;15813205901702025;90170;2025;05;Pregão;158132;INST.FED.DE EDUC.,CIENC.E TEC.DO MAT.G.DO SUL;07/08/2025;02/09/2025;02/09/2026;;;Ata de Registro de Preços;Não;Dado não disponível na API do governo;;
atas_manuais.json;2026-04-01 12:16:29;00082/2025;10673078000120-1-000039/2025-000005;10673078000120-1-000039/2025;15813205901702025;90170;2025;05;Pregão;158132;INST.FED.DE EDUC.,CIENC.E TEC.DO MAT.G.DO SUL;07/08/2025;02/09/2025;02/09/2026;;;Ata de Registro de Preços;Não;Dado não disponível na API do governo;;
atas_manuais.json;2026-04-01 12:16:29;00083/2025;10673078000120-1-000039/2025-000006;10673078000120-1-000039/2025;15813205901702025;90170;2025;05;Pregão;158132;INST.FED.DE EDUC.,CIENC.E TEC.DO MAT.G.DO SUL;07/08/2025;02/09/2025;02/09/2026;;;Ata de Registro de Preços;Não;Dado não disponível na API do governo;;
atas_manuais.json;2026-04-01 12:16:29;00084/2025;10673078000120-1-000039/2025-000007;10673078000120-1-000039/2025;15813205901702025;90170;2025;05;Pregão;158132;INST.FED.DE EDUC.,CIENC.E TEC.DO MAT.G.DO SUL;07/08/2025;02/09/2025;02/09/2026;;;Ata de Registro de Preços;Não;Dado não disponível na API do governo;;
atas_manuais.json;2026-04-01 12:16:29;00085/2025;10673078000120-1-000039/2025-000008;10673078000120-1-000039/2025;15813205901702025;90170;2025;05;Pregão;158132;INST.FED.DE EDUC.,CIENC.E TEC.DO MAT.G.DO SUL;07/08/2025;02/09/2025;02/09/2026;;;Ata de Registro de Preços;Não;Dado não disponível na API do governo;;
atas_manuais.json;2026-04-01 12:16:29;00086/2025;10673078000120-1-000039/2025-000009;10673078000120-1-000039/2025;15813205901702025;90170;2025;05;Pregão;158132;INST.FED.DE EDUC.,CIENC.E TEC.DO MAT.G.DO SUL;07/08/2025;02/09/2025;02/09/2026;;;Ata de Registro de Preços;Não;Dado não disponível na API do governo;;
atas_manuais.json;2026-04-01 12:16:29;00087/2025;10673078000120-1-000039/2025-000010;10673078000120-1-000039/2025;15813205901702025;90170;2025;05;Pregão;158132;INST.FED.DE EDUC.,CIENC.E TEC.DO MAT.G.DO SUL;07/08/2025;02/09/2025;02/09/2026;;;Ata de Registro de Preços;Não;Dado não disponível na API do governo;;
atas_manuais.json;2026-04-01 12:16:29;00088/2025;10673078000120-1-000039/2025-000011;10673078000120-1-000039/2025;15813205901702025;90170;2025;05;Pregão;158132;INST.FED.DE EDUC.,CIENC.E TEC.DO MAT.G.DO SUL;07/08/2025;02/09/2025;02/09/2026;;;Ata de Registro de Preços;Não;Dado não disponível na API do governo;;
atas_manuais.json;2026-04-01 12:16:29;00089/2025;10673078000120-1-000039/2025-000012;10673078000120-1-000039/2025;15813205901702025;90170;2025;05;Pregão;158132;INST.FED.DE EDUC.,CIENC.E TEC.DO MAT.G.DO SUL;07/08/2025;02/09/2025;02/09/2026;;;Ata de Registro de Preços;Não;Dado não disponível na API do governo;;
atas_manuais.json;2026-04-01 12:16:29;00090/2025;10673078000120-1-000039/2025-000013;10673078000120-1-000039/2025;15813205901702025;90170;2025;05;Pregão;158132;INST.FED.DE EDUC.,CIENC.E TEC.DO MAT.G.DO SUL;07/08/2025;02/09/2025;02/09/2026;;;Ata de Registro de Preços;Não;Dado não disponível na API do governo;;
atas_manuais.json;2026-04-01 12:16:29;00091/2025;10673078000120-1-000039/2025-000014;10673078000120-1-000039/2025;15813205901702025;90170;2025;05;Pregão;158132;INST.FED.DE EDUC.,CIENC.E TEC.DO MAT.G.DO SUL;07/08/2025;02/09/2025;02/09/2026;;;Ata de Registro de Preços;Não;Dado não disponível na API do governo;;
atas_manuais.json;2026-04-01 12:16:29;00092/2025;10673078000120-1-000039/2025-000015;10673078000120-1-000039/2025;15813205901702025;90170;2025;05;Pregão;158132;INST.FED.DE EDUC.,CIENC.E TEC.DO MAT.G.DO SUL;07/08/2025;02/09/2025;02/09/2026;;;Ata de Registro de Preços;Não;Dado não disponível na API do governo;;
atas_manuais.json;2026-04-01 12:16:29;00093/2025;10673078000120-1-000039/2025-000016;10673078000120-1-000039/2025;15813205901702025;90170;2025;05;Pregão;158132;INST.FED.DE EDUC.,CIENC.E TEC.DO MAT.G.DO SUL;07/08/2025;02/09/2025;02/09/2026;;;Ata de Registro de Preços;Não;Dado não disponível na API do governo;;
atas_manuais.json;2026-04-01 12:16:29;00094/2025;10673078000120-1-000039/2025-000017;10673078000120-1-000039/2025;15813205901702025;90170;2025;05;Pregão;158132;INST.FED.DE EDUC.,CIENC.E TEC.DO MAT.G.DO SUL;07/08/2025;02/09/2025;02/09/2026;;;Ata de Registro de Preços;Não;Dado não disponível na API do governo;;
atas_manuais.json;2026-04-01 12:16:29;00095/2025;10673078000120-1-000039/2025-000018;10673078000120-1-000039/2025;15813205901702025;90170;2025;05;Pregão;158132;INST.FED.DE EDUC.,CIENC.E TEC.DO MAT.G.DO SUL;07/08/2025;02/09/2025;02/09/2026;;;Ata de Registro de Preços;Não;Dado não disponível na API do governo;;
atas_manuais.json;2026-04-01 12:16:29;00096/2025;10673078000120-1-000039/2025-000019;10673078000120-1-000039/2025;15813205901702025;90170;2025;05;Pregão;158132;INST.FED.DE EDUC.,CIENC.E TEC.DO MAT.G.DO SUL;07/08/2025;02/09/2025;02/09/2026;;;Ata de Registro de Preços;Não;Dado não disponível na API do governo;;
atas_manuais.json;2026-04-01 12:16:29;00029/2023;10673078000120-1-000068/2023-000001;10673078000120-1-000068/2023;15813205000262023;00026;2023;05;Pregão;158132;INST.FED.DE EDUC.,CIENC.E TEC.DO MAT.G.DO SUL;02/01/2024;03/01/2024;03/01/2025;;;Ata de Registro de Preços;Não;Dado não disponível na API do governo;;
atas_manuais.json;2026-04-01 12:16:29;00030/2023;10673078000120-1-000068/2023-000002;10673078000120-1-000068/2023;15813205000262023;00026;2023;05;Pregão;158132;INST.FED.DE EDUC.,CIENC.E TEC.DO MAT.G.DO SUL;02/01/2024;03/01/2024;03/01/2025;;;Ata de Registro de Preços;Não;Dado não disponível na API do governo;;
atas_manuais.json;2026-04-01 12:16:29;00031/2023;10673078000120-1-000068/2023-000003;10673078000120-1-000068/2023;15813205000262023;00026;2023;05;Pregão;158132;INST.FED.DE EDUC.,CIENC.E TEC.DO MAT.G.DO SUL;02/01/2024;03/01/2024;03/01/2025;;;Ata de Registro de Preços;Não;Dado não disponível na API do governo;;
atas_manuais.json;2026-04-01 12:16:29;00032/2023;10673078000120-1-000068/2023-000004;10673078000120-1-000068/2023;15813205000262023;00026;2023;05;Pregão;158132;INST.FED.DE EDUC.,CIENC.E TEC.DO MAT.G.DO SUL;02/01/2024;03/01/2024;03/01/2026;;;Ata de Registro de Preços;Não;Dado não disponível na API do governo;;
atas_manuais.json;2026-04-01 12:16:29;00033/2023;10673078000120-1-000068/2023-000005;10673078000120-1-000068/2023;15813205000262023;00026;2023;05;Pregão;158132;INST.FED.DE EDUC.,CIENC.E TEC.DO MAT.G.DO SUL;02/01/2024;03/01/2024;03/01/2025;;;Ata de Registro de Preços;Não;Dado não disponível na API do governo;;
atas_manuais.json;2026-04-01 12:16:29;00034/2023;10673078000120-1-000068/2023-000006;10673078000120-1-000068/2023;15813205000262023;00026;2023;05;Pregão;158132;INST.FED.DE EDUC.,CIENC.E TEC.DO MAT.G.DO SUL;02/01/2024;03/01/2024;03/01/2025;;;Ata de Registro de Preços;Não;Dado não disponível na API do governo;;
atas_manuais.json;2026-04-01 12:16:29;00035/2023;10673078000120-1-000068/2023-000007;10673078000120-1-000068/2023;15813205000262023;00026;2023;05;Pregão;158132;INST.FED.DE EDUC.,CIENC.E TEC.DO MAT.G.DO SUL;02/01/2024;03/01/2024;03/01/2025;;;Ata de Registro de Preços;Não;Dado não disponível na API do governo;;
atas_manuais.json;2026-04-01 12:16:29;00036/2023;10673078000120-1-000068/2023-000008;10673078000120-1-000068/2023;15813205000262023;00026;2023;05;Pregão;158132;INST.FED.DE EDUC.,CIENC.E TEC.DO MAT.G.DO SUL;02/01/2024;03/01/2024;03/01/2025;;;Ata de Registro de Preços;Não;Dado não disponível na API do governo;;
atas_manuais.json;2026-04-01 12:16:29;00037/2023;10673078000120-1-000068/2023-000009;10673078000120-1-000068/2023;15813205000262023;00026;2023;05;Pregão;158132;INST.FED.DE EDUC.,CIENC.E TEC.DO MAT.G.DO SUL;02/01/2024;03/01/2024;03/01/2026;;;Ata de Registro de Preços;Não;Dado não disponível na API do governo;;
atas_manuais.json;2026-04-01 12:16:29;00038/2023;10673078000120-1-000068/2023-000010;10673078000120-1-000068/2023;15813205000262023;00026;2023;05;Pregão;158132;INST.FED.DE EDUC.,CIENC.E TEC.DO MAT.G.DO SUL;02/01/2024;03/01/2024;03/01/2026;;;Ata de Registro de Preços;Não;Dado não disponível na API do governo;;
atas_manuais.json;2026-04-01 12:16:29;00039/2023;10673078000120-1-000068/2023-000011;10673078000120-1-000068/2023;15813205000262023;00026;2023;05;Pregão;158132;INST.FED.DE EDUC.,CIENC.E TEC.DO MAT.G.DO SUL;02/01/2024;03/01/2024;03/01/2025;;;Ata de Registro de Preços;Não;Dado não disponível na API do governo;;
atas_manuais.json;2026-04-01 12:16:29;00040/2023;10673078000120-1-000068/2023-000012;10673078000120-1-000068/2023;15813205000262023;00026;2023;05;Pregão;158132;INST.FED.DE EDUC.,CIENC.E TEC.DO MAT.G.DO SUL;02/01/2024;03/01/2024;03/01/2025;;;Ata de Registro de Preços;Não;Dado não disponível na API do governo;;
atas_manuais.json;2026-04-01 12:16:29;00055/2025;10673078000120-1-000094/2023-000002;10673078000120-1-000094/2023;15813205000372023;00037;2023;05;Pregão;158132;INST.FED.DE EDUC.,CIENC.E TEC.DO MAT.G.DO SUL;02/07/2025;03/07/2025;03/07/2026;;;Ata de Registro de Preços;Não;Dado não disponível na API do governo;;
atas_manuais.json;2026-04-01 12:16:29;00011/2025;10673078000120-1-000069/2025-000001;10673078000120-1-000069/2025;15813206001932025;00193;2025;06;Dispensa;158132;INST.FED.DE EDUC.,CIENC.E TEC.DO MAT.G.DO SUL;01/08/2025;04/08/2025;04/08/2026;;;Ata de Registro de Preços;Não;Dado não disponível na API do governo;;
atas_manuais.json;2026-04-01 12:16:29;00010/2025;10673078000120-1-000069/2025-000002;10673078000120-1-000069/2025;15813206001932025;00193;2025;06;Dispensa;158132;INST.FED.DE EDUC.,CIENC.E TEC.DO MAT.G.DO SUL;01/08/2025;04/08/2025;04/08/2026;;;Ata de Registro de Preços;Não;Dado não disponível na API do governo;;
atas_manuais.json;2026-04-01 12:16:29;00078/2024;10673078000120-1-000056/2024-000004;10673078000120-1-000056/2024;15813205900132024;90013;2024;05;Pregão;158132;INST.FED.DE EDUC.,CIENC.E TEC.DO MAT.G.DO SUL;01/11/2024;04/11/2024;04/11/2025;;;Ata de Registro de Preços;Não;Dado não disponível na API do governo;;
atas_manuais.json;2026-04-01 12:16:29;00079/2024;10673078000120-1-000056/2024-000005;10673078000120-1-000056/2024;15813205900132024;90013;2024;05;Pregão;158132;INST.FED.DE EDUC.,CIENC.E TEC.DO MAT.G.DO SUL;01/11/2024;04/11/2024;04/11/2025;;;Ata de Registro de Preços;Não;Dado não disponível na API do governo;;
atas_manuais.json;2026-04-01 12:16:29;00012/2024;10673078000120-1-000097/2023-000001;10673078000120-1-000097/2023;15813205000362023;00036;2023;05;Pregão;158132;INST.FED.DE EDUC.,CIENC.E TEC.DO MAT.G.DO SUL;03/06/2024;05/06/2024;05/06/2025;;;Ata de Registro de Preços;Não;Dado não disponível na API do governo;;
atas_manuais.json;2026-04-01 12:16:29;00115/2025;10673078000120-1-000068/2025-000001;10673078000120-1-000068/2025;15813205900542025;90054;2025;05;Pregão;158132;INST.FED.DE EDUC.,CIENC.E TEC.DO MAT.G.DO SUL;04/09/2025;05/09/2025;05/09/2026;;;Ata de Registro de Preços;Não;Dado não disponível na API do governo;;
atas_manuais.json;2026-04-01 12:16:29;91400/2024;10673078000120-1-000080/2024-000003;10673078000120-1-000080/2024;15813205900142024;90014;2024;05;Pregão;158132;INST.FED.DE EDUC.,CIENC.E TEC.DO MAT.G.DO SUL;04/12/2024;05/12/2024;05/12/2025;;;Ata de Registro de Preços;Não;Dado não disponível na API do governo;;
atas_manuais.json;2026-04-01 12:16:29;00125/2025;10673078000120-1-000080/2025-000001;10673078000120-1-000080/2025;15813205902272025;90227;2025;05;Pregão;158132;INST.FED.DE EDUC.,CIENC.E TEC.DO MAT.G.DO SUL;03/12/2025;05/12/2025;05/12/2026;;;Ata de Registro de Preços;Não;Dado não disponível na API do governo;;
atas_manuais.json;2026-04-01 12:16:29;00167/2025;10673078000120-1-000097/2025-000001;10673078000120-1-000097/2025;15813205901492025;90149;2025;05;Pregão;158132;INST.FED.DE EDUC.,CIENC.E TEC.DO MAT.G.DO SUL;04/12/2025;05/12/2025;04/12/2026;;;Ata de Registro de Preços;Não;Dado não disponível na API do governo;;
atas_manuais.json;2026-04-01 12:16:29;00168/2025;10673078000120-1-000097/2025-000003;10673078000120-1-000097/2025;15813205901492025;90149;2025;05;Pregão;158132;INST.FED.DE EDUC.,CIENC.E TEC.DO MAT.G.DO SUL;04/12/2025;05/12/2025;04/12/2026;;;Ata de Registro de Preços;Não;Dado não disponível na API do governo;;
atas_manuais.json;2026-04-01 12:16:29;00166/2025;10673078000120-1-000097/2025-000004;10673078000120-1-000097/2025;15813205901492025;90149;2025;05;Pregão;158132;INST.FED.DE EDUC.,CIENC.E TEC.DO MAT.G.DO SUL;04/12/2025;05/12/2025;04/12/2026;;;Ata de Registro de Preços;Não;Dado não disponível na API do governo;;
atas_RT_2026_p1.json;2026-04-01 14:59:58;00001/2026;10673078000120-1-000080/2024-000004;10673078000120-1-000080/2024;15813205900142024;90014;2026;05;Pregão;158132;INST.FED.DE EDUC.,CIENC.E TEC.DO MAT.G.DO SUL;05/01/2026;06/01/2026;06/01/2027;779961,60;;Ata de Registro de Preços;Não;Contratação de empresa especializada na prestação de serviço terceirizado de vigilância e segurança patrirmonial;https://pncp.gov.br/app/atas/10673078000120/2024/80/4;https://pncp.gov.br/app/editais/10673078000120/2024/000080
atas_manuais.json;2026-04-01 12:16:29;00047/2025;10673078000120-1-000101/2024-000001;10673078000120-1-000101/2024;15813205900242024;90024;2024;05;Pregão;158132;INST.FED.DE EDUC.,CIENC.E TEC.DO MAT.G.DO SUL;05/06/2025;06/06/2025;08/06/2026;;;Ata de Registro de Preços;Não;Dado não disponível na API do governo;;
atas_manuais.json;2026-04-01 12:16:29;00048/2025;10673078000120-1-000101/2024-000002;10673078000120-1-000101/2024;15813205900242024;90024;2024;05;Pregão;158132;INST.FED.DE EDUC.,CIENC.E TEC.DO MAT.G.DO SUL;05/06/2025;06/06/2025;08/06/2026;;;Ata de Registro de Preços;Não;Dado não disponível na API do governo;;
atas_manuais.json;2026-04-01 12:16:29;00049/2025;10673078000120-1-000101/2024-000003;10673078000120-1-000101/2024;15813205900242024;90024;2024;05;Pregão;158132;INST.FED.DE EDUC.,CIENC.E TEC.DO MAT.G.DO SUL;05/06/2025;06/06/2025;08/06/2026;;;Ata de Registro de Preços;Não;Dado não disponível na API do governo;;
atas_manuais.json;2026-04-01 12:16:29;00050/2025;10673078000120-1-000101/2024-000004;10673078000120-1-000101/2024;15813205900242024;90024;2024;05;Pregão;158132;INST.FED.DE EDUC.,CIENC.E TEC.DO MAT.G.DO SUL;05/06/2025;06/06/2025;08/06/2026;;;Ata de Registro de Preços;Não;Dado não disponível na API do governo;;
atas_manuais.json;2026-04-01 12:16:29;00051/2025;10673078000120-1-000139/2024-000001;10673078000120-1-000139/2024;15813205902372024;90237;2024;05;Pregão;158132;INST.FED.DE EDUC.,CIENC.E TEC.DO MAT.G.DO SUL;05/06/2025;06/06/2025;06/06/2026;;;Ata de Registro de Preços;Não;Dado não disponível na API do governo;;
atas_manuais.json;2026-04-01 12:16:29;00052/2025;10673078000120-1-000139/2024-000002;10673078000120-1-000139/2024;15813205902372024;90237;2024;05;Pregão;158132;INST.FED.DE EDUC.,CIENC.E TEC.DO MAT.G.DO SUL;05/06/2025;06/06/2025;06/06/2026;;;Ata de Registro de Preços;Não;Dado não disponível na API do governo;;
atas_manuais.json;2026-04-01 12:16:29;00053/2025;10673078000120-1-000139/2024-000003;10673078000120-1-000139/2024;15813205902372024;90237;2024;05;Pregão;158132;INST.FED.DE EDUC.,CIENC.E TEC.DO MAT.G.DO SUL;05/06/2025;06/06/2025;06/06/2026;;;Ata de Registro de Preços;Não;Dado não disponível na API do governo;;
atas_manuais.json;2026-04-01 12:16:29;00060/2025;10673078000120-1-000062/2025-000001;10673078000120-1-000062/2025;15813205901892025;90189;2025;05;Pregão;158132;INST.FED.DE EDUC.,CIENC.E TEC.DO MAT.G.DO SUL;05/08/2025;06/08/2025;05/08/2026;;;Ata de Registro de Preços;Não;Dado não disponível na API do governo;;
atas_manuais.json;2026-04-01 12:16:29;00001/2023;10673078000120-1-000047/2023-000001;10673078000120-1-000047/2023;15813205000202023;00020;2023;05;Pregão;158132;INST.FED.DE EDUC.,CIENC.E TEC.DO MAT.G.DO SUL;01/11/2023;06/11/2023;06/11/2024;;;Ata de Registro de Preços;Não;Dado não disponível na API do governo;;
atas_manuais.json;2026-04-01 12:16:29;90014/2024;10673078000120-1-000080/2024-000001;10673078000120-1-000080/2024;15813205900142024;90014;2024;05;Pregão;158132;INST.FED.DE EDUC.,CIENC.E TEC.DO MAT.G.DO SUL;05/12/2024;06/12/2024;06/12/2025;;;Ata de Registro de Preços;Não;Dado não disponível na API do governo;;
atas_manuais.json;2026-04-01 12:16:29;00005/2025;10673078000120-1-000007/2025-000001;10673078000120-1-000007/2025;15813205901052025;90105;2025;05;Pregão;158132;INST.FED.DE EDUC.,CIENC.E TEC.DO MAT.G.DO SUL;06/03/2025;07/03/2025;07/03/2026;;;Ata de Registro de Preços;Não;Dado não disponível na API do governo;;
atas_manuais.json;2026-04-01 12:16:29;00006/2025;10673078000120-1-000007/2025-000002;10673078000120-1-000007/2025;15813205901052025;90105;2025;05;Pregão;158132;INST.FED.DE EDUC.,CIENC.E TEC.DO MAT.G.DO SUL;06/03/2025;07/03/2025;07/03/2026;;;Ata de Registro de Preços;Não;Dado não disponível na API do governo;;
atas_manuais.json;2026-04-01 12:16:29;00007/2025;10673078000120-1-000007/2025-000003;10673078000120-1-000007/2025;15813205901052025;90105;2025;05;Pregão;158132;INST.FED.DE EDUC.,CIENC.E TEC.DO MAT.G.DO SUL;06/03/2025;07/03/2025;07/03/2026;;;Ata de Registro de Preços;Não;Dado não disponível na API do governo;;
atas_manuais.json;2026-04-01 12:16:29;00008/2025;10673078000120-1-000007/2025-000004;10673078000120-1-000007/2025;15813205901052025;90105;2025;05;Pregão;158132;INST.FED.DE EDUC.,CIENC.E TEC.DO MAT.G.DO SUL;06/03/2025;07/03/2025;07/03/2026;;;Ata de Registro de Preços;Não;Dado não disponível na API do governo;;
atas_manuais.json;2026-04-01 12:16:29;00009/2025;10673078000120-1-000007/2025-000005;10673078000120-1-000007/2025;15813205901052025;90105;2025;05;Pregão;158132;INST.FED.DE EDUC.,CIENC.E TEC.DO MAT.G.DO SUL;06/03/2025;07/03/2025;07/03/2026;;;Ata de Registro de Preços;Não;Dado não disponível na API do governo;;
atas_manuais.json;2026-04-01 12:16:29;00054/2025;10673078000120-1-000139/2024-000004;10673078000120-1-000139/2024;15813205902372024;90237;2024;05;Pregão;158132;INST.FED.DE EDUC.,CIENC.E TEC.DO MAT.G.DO SUL;06/06/2025;07/06/2025;07/06/2026;;;Ata de Registro de Preços;Não;Dado não disponível na API do governo;;
atas_manuais.json;2026-04-01 12:16:29;00062/2025;10673078000120-1-000047/2025-000001;10673078000120-1-000047/2025;15813205900862025;90086;2025;05;Pregão;158132;INST.FED.DE EDUC.,CIENC.E TEC.DO MAT.G.DO SUL;06/08/2025;07/08/2025;06/08/2026;;;Ata de Registro de Preços;Não;Dado não disponível na API do governo;;
atas_manuais.json;2026-04-01 12:16:29;00063/2025;10673078000120-1-000047/2025-000002;10673078000120-1-000047/2025;15813205900862025;90086;2025;05;Pregão;158132;INST.FED.DE EDUC.,CIENC.E TEC.DO MAT.G.DO SUL;06/08/2025;07/08/2025;06/08/2026;;;Ata de Registro de Preços;Não;Dado não disponível na API do governo;;
atas_manuais.json;2026-04-01 12:16:29;00118/2025;10673078000120-1-000036/2024-000004;10673078000120-1-000036/2024;15813205901972024;90197;2024;05;Pregão;158132;INST.FED.DE EDUC.,CIENC.E TEC.DO MAT.G.DO SUL;06/10/2025;07/10/2025;07/10/2026;;;Ata de Registro de Preços;Não;Dado não disponível na API do governo;;
atas_RT_2026_p1.json;2026-04-01 14:59:58;00002/2026;10673078000120-1-000114/2025-000001;10673078000120-1-000114/2025;15813205901872025;90187;2026;05;Pregão;158132;INST.FED.DE EDUC.,CIENC.E TEC.DO MAT.G.DO SUL;07/01/2026;08/01/2026;08/01/2027;107172,34;;Ata de Registro de Preços;Não;Aquisição de equipamentos necessários à implantação de circuito fechado de televisão (CFTV) para o videomonitoramento nos campi do IFMS,;https://pncp.gov.br/app/atas/10673078000120/2025/114/1;https://pncp.gov.br/app/editais/10673078000120/2025/000114
atas_RT_2026_p1.json;2026-04-01 14:59:58;00003/2026;10673078000120-1-000114/2025-000002;10673078000120-1-000114/2025;15813205901872025;90187;2026;05;Pregão;158132;INST.FED.DE EDUC.,CIENC.E TEC.DO MAT.G.DO SUL;07/01/2026;08/01/2026;08/01/2027;48317,40;;Ata de Registro de Preços;Não;Aquisição de equipamentos necessários à implantação de circuito fechado de televisão (CFTV) para o videomonitoramento nos campi do IFMS,;https://pncp.gov.br/app/atas/10673078000120/2025/114/2;https://pncp.gov.br/app/editais/10673078000120/2025/000114
atas_manuais.json;2026-04-01 12:16:29;00169/2025;10673078000120-1-000097/2025-000002;10673078000120-1-000097/2025;15813205901492025;90149;2025;05;Pregão;158132;INST.FED.DE EDUC.,CIENC.E TEC.DO MAT.G.DO SUL;05/12/2025;08/12/2025;08/12/2026;;;Ata de Registro de Preços;Não;Dado não disponível na API do governo;;
atas_manuais.json;2026-04-01 12:16:29;00001/2024;10673078000120-1-000076/2023-000001;10673078000120-1-000076/2023;15813205000232023;00023;2023;05;Pregão;158132;INST.FED.DE EDUC.,CIENC.E TEC.DO MAT.G.DO SUL;08/01/2024;09/01/2024;09/01/2025;;;Ata de Registro de Preços;Não;Dado não disponível na API do governo;;
atas_manuais.json;2026-04-01 12:16:29;00002/2024;10673078000120-1-000076/2023-000002;10673078000120-1-000076/2023;15813205000232023;00023;2023;05;Pregão;158132;INST.FED.DE EDUC.,CIENC.E TEC.DO MAT.G.DO SUL;08/01/2024;09/01/2024;09/01/2025;;;Ata de Registro de Preços;Não;Dado não disponível na API do governo;;
atas_RT_2026_p1.json;2026-04-01 14:59:58;00191/2025;10673078000120-1-000077/2025-000017;10673078000120-1-000077/2025;15813205902412025;90241;2025;05;Pregão;158132;INST.FED.DE EDUC.,CIENC.E TEC.DO MAT.G.DO SUL;07/01/2026;09/01/2026;09/01/2027;21000,00;;Ata de Registro de Preços;Não;Registro de preços para a eventual aquisição de máquinas e implementos agrícolas para suprir as demandas de ensino dos campi Coxim, Nova Andradina, Naviraí, Ponta Porã e Três Lagoas do IFMS – Instituto Federal de Educação, Ciência e Tecnologia de Mato Grosso do Sul, especificados no item 1 do Termo de Referência, anexo I do edital de licitação n.º 90241/2025.;https://pncp.gov.br/app/atas/10673078000120/2025/77/17;https://pncp.gov.br/app/editais/10673078000120/2025/000077
atas_RT_2026_p1.json;2026-04-01 14:59:58;00004/2026;10673078000120-1-000113/2025-000001;10673078000120-1-000113/2025;15813205902452025;90245;2026;05;Pregão;158132;INST.FED.DE EDUC.,CIENC.E TEC.DO MAT.G.DO SUL;08/01/2026;09/01/2026;09/01/2027;105008,13;;Ata de Registro de Preços;Não;Aquisição de equipamentos necessários à implantação de circuito fechado de televisão (CFTV) para o videomonitoramento nos campi do IFMS,;https://pncp.gov.br/app/atas/10673078000120/2025/113/1;https://pncp.gov.br/app/editais/10673078000120/2025/000113
atas_manuais.json;2026-04-01 12:16:29;00131/2023;10673078000120-1-000096/2023-000001;10673078000120-1-000096/2023;15813205000312023;00031;2023;05;Pregão;158132;INST.FED.DE EDUC.,CIENC.E TEC.DO MAT.G.DO SUL;24/04/2024;09/05/2024;08/05/2025;;;Ata de Registro de Preços;Não;Dado não disponível na API do governo;;
atas_RT_2026_p1.json;2026-04-01 14:59:58;90204/2025;10673078000120-1-000109/2025-000001;10673078000120-1-000109/2025;15813205902042025;90204;2025;05;Pregão;158132;INST.FED.DE EDUC.,CIENC.E TEC.DO MAT.G.DO SUL;09/03/2026;11/03/2026;11/03/2027;112026,80;8;Ata de Registro de Preços;Não;Eventual contratação de serviço de telefonia em nuvem – PABX Virtual, com instalação. 23347.005347.2025-90;https://pncp.gov.br/app/atas/10673078000120/2025/109/1;https://pncp.gov.br/app/editais/10673078000120/2025/000109
atas_manuais.json;2026-04-01 12:16:29;00131/2025;10673078000120-1-000074/2025-000001;10673078000120-1-000074/2025;15813205902422025;90242;2025;05;Pregão;158132;INST.FED.DE EDUC.,CIENC.E TEC.DO MAT.G.DO SUL;10/12/2025;11/12/2025;11/12/2026;;;Ata de Registro de Preços;Não;Dado não disponível na API do governo;;
atas_manuais.json;2026-04-01 12:16:29;00132/2025;10673078000120-1-000074/2025-000002;10673078000120-1-000074/2025;15813205902422025;90242;2025;05;Pregão;158132;INST.FED.DE EDUC.,CIENC.E TEC.DO MAT.G.DO SUL;10/12/2025;11/12/2025;11/12/2026;;;Ata de Registro de Preços;Não;Dado não disponível na API do governo;;
atas_manuais.json;2026-04-01 12:16:29;00133/2025;10673078000120-1-000074/2025-000003;10673078000120-1-000074/2025;15813205902422025;90242;2025;05;Pregão;158132;INST.FED.DE EDUC.,CIENC.E TEC.DO MAT.G.DO SUL;10/12/2025;11/12/2025;11/12/2026;;;Ata de Registro de Preços;Não;Dado não disponível na API do governo;;
atas_manuais.json;2026-04-01 12:16:29;00134/2025;10673078000120-1-000074/2025-000004;10673078000120-1-000074/2025;15813205902422025;90242;2025;05;Pregão;158132;INST.FED.DE EDUC.,CIENC.E TEC.DO MAT.G.DO SUL;10/12/2025;11/12/2025;11/12/2026;;;Ata de Registro de Preços;Não;Dado não disponível na API do governo;;
atas_manuais.json;2026-04-01 12:16:29;00135/2025;10673078000120-1-000074/2025-000005;10673078000120-1-000074/2025;15813205902422025;90242;2025;05;Pregão;158132;INST.FED.DE EDUC.,CIENC.E TEC.DO MAT.G.DO SUL;10/12/2025;11/12/2025;11/12/2026;;;Ata de Registro de Preços;Não;Dado não disponível na API do governo;;
atas_manuais.json;2026-04-01 12:16:29;00136/2025;10673078000120-1-000074/2025-000006;10673078000120-1-000074/2025;15813205902422025;90242;2025;05;Pregão;158132;INST.FED.DE EDUC.,CIENC.E TEC.DO MAT.G.DO SUL;10/12/2025;11/12/2025;11/12/2026;;;Ata de Registro de Preços;Não;Dado não disponível na API do governo;;
atas_manuais.json;2026-04-01 12:16:29;00137/2025;10673078000120-1-000074/2025-000007;10673078000120-1-000074/2025;15813205902422025;90242;2025;05;Pregão;158132;INST.FED.DE EDUC.,CIENC.E TEC.DO MAT.G.DO SUL;10/12/2025;11/12/2025;11/12/2026;;;Ata de Registro de Preços;Não;Dado não disponível na API do governo;;
atas_manuais.json;2026-04-01 12:16:29;00138/2025;10673078000120-1-000074/2025-000008;10673078000120-1-000074/2025;15813205902422025;90242;2025;05;Pregão;158132;INST.FED.DE EDUC.,CIENC.E TEC.DO MAT.G.DO SUL;10/12/2025;11/12/2025;11/12/2026;;;Ata de Registro de Preços;Não;Dado não disponível na API do governo;;
atas_manuais.json;2026-04-01 12:16:29;00139/2025;10673078000120-1-000074/2025-000009;10673078000120-1-000074/2025;15813205902422025;90242;2025;05;Pregão;158132;INST.FED.DE EDUC.,CIENC.E TEC.DO MAT.G.DO SUL;10/12/2025;11/12/2025;11/12/2026;;;Ata de Registro de Preços;Não;Dado não disponível na API do governo;;
atas_manuais.json;2026-04-01 12:16:29;00140/2025;10673078000120-1-000074/2025-000010;10673078000120-1-000074/2025;15813205902422025;90242;2025;05;Pregão;158132;INST.FED.DE EDUC.,CIENC.E TEC.DO MAT.G.DO SUL;10/12/2025;11/12/2025;11/12/2026;;;Ata de Registro de Preços;Não;Dado não disponível na API do governo;;
atas_manuais.json;2026-04-01 12:16:29;00141/2025;10673078000120-1-000074/2025-000011;10673078000120-1-000074/2025;15813205902422025;90242;2025;05;Pregão;158132;INST.FED.DE EDUC.,CIENC.E TEC.DO MAT.G.DO SUL;10/12/2025;11/12/2025;11/12/2026;;;Ata de Registro de Preços;Não;Dado não disponível na API do governo;;
atas_manuais.json;2026-04-01 12:16:29;00142/2025;10673078000120-1-000074/2025-000012;10673078000120-1-000074/2025;15813205902422025;90242;2025;05;Pregão;158132;INST.FED.DE EDUC.,CIENC.E TEC.DO MAT.G.DO SUL;10/12/2025;11/12/2025;11/12/2026;;;Ata de Registro de Preços;Não;Dado não disponível na API do governo;;
atas_manuais.json;2026-04-01 12:16:29;00143/2025;10673078000120-1-000074/2025-000013;10673078000120-1-000074/2025;15813205902422025;90242;2025;05;Pregão;158132;INST.FED.DE EDUC.,CIENC.E TEC.DO MAT.G.DO SUL;10/12/2025;11/12/2025;11/12/2026;;;Ata de Registro de Preços;Não;Dado não disponível na API do governo;;
atas_manuais.json;2026-04-01 12:16:29;00144/2025;10673078000120-1-000074/2025-000014;10673078000120-1-000074/2025;15813205902422025;90242;2025;05;Pregão;158132;INST.FED.DE EDUC.,CIENC.E TEC.DO MAT.G.DO SUL;10/12/2025;11/12/2025;11/12/2026;;;Ata de Registro de Preços;Não;Dado não disponível na API do governo;;
atas_manuais.json;2026-04-01 12:16:29;00145/2025;10673078000120-1-000074/2025-000015;10673078000120-1-000074/2025;15813205902422025;90242;2025;05;Pregão;158132;INST.FED.DE EDUC.,CIENC.E TEC.DO MAT.G.DO SUL;10/12/2025;11/12/2025;11/12/2026;;;Ata de Registro de Preços;Não;Dado não disponível na API do governo;;
atas_manuais.json;2026-04-01 12:16:29;00146/2025;10673078000120-1-000074/2025-000016;10673078000120-1-000074/2025;15813205902422025;90242;2025;05;Pregão;158132;INST.FED.DE EDUC.,CIENC.E TEC.DO MAT.G.DO SUL;10/12/2025;11/12/2025;11/12/2026;;;Ata de Registro de Preços;Não;Dado não disponível na API do governo;;
atas_manuais.json;2026-04-01 12:16:29;00147/2025;10673078000120-1-000074/2025-000017;10673078000120-1-000074/2025;15813205902422025;90242;2025;05;Pregão;158132;INST.FED.DE EDUC.,CIENC.E TEC.DO MAT.G.DO SUL;10/12/2025;11/12/2025;11/12/2026;;;Ata de Registro de Preços;Não;Dado não disponível na API do governo;;
atas_manuais.json;2026-04-01 12:16:29;00148/2025;10673078000120-1-000074/2025-000018;10673078000120-1-000074/2025;15813205902422025;90242;2025;05;Pregão;158132;INST.FED.DE EDUC.,CIENC.E TEC.DO MAT.G.DO SUL;10/12/2025;11/12/2025;11/12/2026;;;Ata de Registro de Preços;Não;Dado não disponível na API do governo;;
atas_manuais.json;2026-04-01 12:16:29;00149/2025;10673078000120-1-000074/2025-000019;10673078000120-1-000074/2025;15813205902422025;90242;2025;05;Pregão;158132;INST.FED.DE EDUC.,CIENC.E TEC.DO MAT.G.DO SUL;10/12/2025;11/12/2025;11/12/2026;;;Ata de Registro de Preços;Não;Dado não disponível na API do governo;;
atas_manuais.json;2026-04-01 12:16:29;00150/2025;10673078000120-1-000074/2025-000020;10673078000120-1-000074/2025;15813205902422025;90242;2025;05;Pregão;158132;INST.FED.DE EDUC.,CIENC.E TEC.DO MAT.G.DO SUL;10/12/2025;11/12/2025;11/12/2026;;;Ata de Registro de Preços;Não;Dado não disponível na API do governo;;
atas_manuais.json;2026-04-01 12:16:29;00151/2025;10673078000120-1-000074/2025-000021;10673078000120-1-000074/2025;15813205902422025;90242;2025;05;Pregão;158132;INST.FED.DE EDUC.,CIENC.E TEC.DO MAT.G.DO SUL;10/12/2025;11/12/2025;11/12/2026;;;Ata de Registro de Preços;Não;Dado não disponível na API do governo;;
atas_manuais.json;2026-04-01 12:16:29;00152/2025;10673078000120-1-000074/2025-000022;10673078000120-1-000074/2025;15813205902422025;90242;2025;05;Pregão;158132;INST.FED.DE EDUC.,CIENC.E TEC.DO MAT.G.DO SUL;10/12/2025;11/12/2025;11/12/2026;;;Ata de Registro de Preços;Não;Dado não disponível na API do governo;;
atas_manuais.json;2026-04-01 12:16:29;00153/2025;10673078000120-1-000074/2025-000023;10673078000120-1-000074/2025;15813205902422025;90242;2025;05;Pregão;158132;INST.FED.DE EDUC.,CIENC.E TEC.DO MAT.G.DO SUL;10/12/2025;11/12/2025;11/12/2026;;;Ata de Registro de Preços;Não;Dado não disponível na API do governo;;
atas_manuais.json;2026-04-01 12:16:29;00154/2025;10673078000120-1-000074/2025-000024;10673078000120-1-000074/2025;15813205902422025;90242;2025;05;Pregão;158132;INST.FED.DE EDUC.,CIENC.E TEC.DO MAT.G.DO SUL;10/12/2025;11/12/2025;11/12/2026;;;Ata de Registro de Preços;Não;Dado não disponível na API do governo;;
atas_manuais.json;2026-04-01 12:16:29;00155/2025;10673078000120-1-000074/2025-000025;10673078000120-1-000074/2025;15813205902422025;90242;2025;05;Pregão;158132;INST.FED.DE EDUC.,CIENC.E TEC.DO MAT.G.DO SUL;10/12/2025;11/12/2025;11/12/2026;;;Ata de Registro de Preços;Não;Dado não disponível na API do governo;;
atas_manuais.json;2026-04-01 12:16:29;00156/2025;10673078000120-1-000074/2025-000026;10673078000120-1-000074/2025;15813205902422025;90242;2025;05;Pregão;158132;INST.FED.DE EDUC.,CIENC.E TEC.DO MAT.G.DO SUL;10/12/2025;11/12/2025;11/12/2026;;;Ata de Registro de Preços;Não;Dado não disponível na API do governo;;
atas_manuais.json;2026-04-01 12:16:29;00157/2025;10673078000120-1-000074/2025-000027;10673078000120-1-000074/2025;15813205902422025;90242;2025;05;Pregão;158132;INST.FED.DE EDUC.,CIENC.E TEC.DO MAT.G.DO SUL;10/12/2025;11/12/2025;11/12/2026;;;Ata de Registro de Preços;Não;Dado não disponível na API do governo;;
atas_manuais.json;2026-04-01 12:16:29;00158/2025;10673078000120-1-000074/2025-000028;10673078000120-1-000074/2025;15813205902422025;90242;2025;05;Pregão;158132;INST.FED.DE EDUC.,CIENC.E TEC.DO MAT.G.DO SUL;10/12/2025;11/12/2025;11/12/2026;;;Ata de Registro de Preços;Não;Dado não disponível na API do governo;;
atas_manuais.json;2026-04-01 12:16:29;00159/2025;10673078000120-1-000074/2025-000029;10673078000120-1-000074/2025;15813205902422025;90242;2025;05;Pregão;158132;INST.FED.DE EDUC.,CIENC.E TEC.DO MAT.G.DO SUL;10/12/2025;11/12/2025;11/12/2026;;;Ata de Registro de Preços;Não;Dado não disponível na API do governo;;
atas_manuais.json;2026-04-01 12:16:29;00160/2025;10673078000120-1-000074/2025-000030;10673078000120-1-000074/2025;15813205902422025;90242;2025;05;Pregão;158132;INST.FED.DE EDUC.,CIENC.E TEC.DO MAT.G.DO SUL;10/12/2025;11/12/2025;11/12/2026;;;Ata de Registro de Preços;Não;Dado não disponível na API do governo;;
atas_manuais.json;2026-04-01 12:16:29;00161/2025;10673078000120-1-000074/2025-000031;10673078000120-1-000074/2025;15813205902422025;90242;2025;05;Pregão;158132;INST.FED.DE EDUC.,CIENC.E TEC.DO MAT.G.DO SUL;10/12/2025;11/12/2025;11/12/2026;;;Ata de Registro de Preços;Não;Dado não disponível na API do governo;;
atas_manuais.json;2026-04-01 12:16:29;00162/2025;10673078000120-1-000074/2025-000032;10673078000120-1-000074/2025;15813205902422025;90242;2025;05;Pregão;158132;INST.FED.DE EDUC.,CIENC.E TEC.DO MAT.G.DO SUL;10/12/2025;11/12/2025;11/12/2026;;;Ata de Registro de Preços;Não;Dado não disponível na API do governo;;
atas_manuais.json;2026-04-01 12:16:29;00163/2025;10673078000120-1-000074/2025-000033;10673078000120-1-000074/2025;15813205902422025;90242;2025;05;Pregão;158132;INST.FED.DE EDUC.,CIENC.E TEC.DO MAT.G.DO SUL;10/12/2025;11/12/2025;11/12/2026;;;Ata de Registro de Preços;Não;Dado não disponível na API do governo;;
atas_manuais.json;2026-04-01 12:16:29;00164/2025;10673078000120-1-000074/2025-000034;10673078000120-1-000074/2025;15813205902422025;90242;2025;05;Pregão;158132;INST.FED.DE EDUC.,CIENC.E TEC.DO MAT.G.DO SUL;10/12/2025;11/12/2025;11/12/2026;;;Ata de Registro de Preços;Não;Dado não disponível na API do governo;;
atas_manuais.json;2026-04-01 12:16:29;00121/2025;10673078000120-1-000076/2025-000001;10673078000120-1-000076/2025;15813205902322025;90232;2025;05;Pregão;158132;INST.FED.DE EDUC.,CIENC.E TEC.DO MAT.G.DO SUL;10/12/2025;11/12/2025;11/12/2026;;;Ata de Registro de Preços;Não;Dado não disponível na API do governo;;
atas_manuais.json;2026-04-01 12:16:29;00122/2025;10673078000120-1-000076/2025-000002;10673078000120-1-000076/2025;15813205902322025;90232;2025;05;Pregão;158132;INST.FED.DE EDUC.,CIENC.E TEC.DO MAT.G.DO SUL;10/12/2025;11/12/2025;11/12/2026;;;Ata de Registro de Preços;Não;Dado não disponível na API do governo;;
atas_manuais.json;2026-04-01 12:16:29;00123/2025;10673078000120-1-000076/2025-000003;10673078000120-1-000076/2025;15813205902322025;90232;2025;05;Pregão;158132;INST.FED.DE EDUC.,CIENC.E TEC.DO MAT.G.DO SUL;10/12/2025;11/12/2025;11/12/2026;;;Ata de Registro de Preços;Não;Dado não disponível na API do governo;;
atas_manuais.json;2026-04-01 12:16:29;00124/2025;10673078000120-1-000076/2025-000004;10673078000120-1-000076/2025;15813205902322025;90232;2025;05;Pregão;158132;INST.FED.DE EDUC.,CIENC.E TEC.DO MAT.G.DO SUL;10/12/2025;11/12/2025;11/12/2026;;;Ata de Registro de Preços;Não;Dado não disponível na API do governo;;
atas_manuais.json;2026-04-01 12:16:29;00126/2025;10673078000120-1-000076/2025-000005;10673078000120-1-000076/2025;15813205902322025;90232;2025;05;Pregão;158132;INST.FED.DE EDUC.,CIENC.E TEC.DO MAT.G.DO SUL;10/12/2025;11/12/2025;11/12/2026;;;Ata de Registro de Preços;Não;Dado não disponível na API do governo;;
atas_manuais.json;2026-04-01 12:16:29;00127/2025;10673078000120-1-000076/2025-000006;10673078000120-1-000076/2025;15813205902322025;90232;2025;05;Pregão;158132;INST.FED.DE EDUC.,CIENC.E TEC.DO MAT.G.DO SUL;10/12/2025;11/12/2025;11/12/2026;;;Ata de Registro de Preços;Não;Dado não disponível na API do governo;;
atas_manuais.json;2026-04-01 12:16:29;00128/2025;10673078000120-1-000076/2025-000007;10673078000120-1-000076/2025;15813205902322025;90232;2025;05;Pregão;158132;INST.FED.DE EDUC.,CIENC.E TEC.DO MAT.G.DO SUL;10/12/2025;11/12/2025;11/12/2026;;;Ata de Registro de Preços;Não;Dado não disponível na API do governo;;
atas_manuais.json;2026-04-01 12:16:29;00129/2025;10673078000120-1-000076/2025-000008;10673078000120-1-000076/2025;15813205902322025;90232;2025;05;Pregão;158132;INST.FED.DE EDUC.,CIENC.E TEC.DO MAT.G.DO SUL;10/12/2025;11/12/2025;11/12/2026;;;Ata de Registro de Preços;Não;Dado não disponível na API do governo;;
atas_manuais.json;2026-04-01 12:16:29;00130/2025;10673078000120-1-000076/2025-000009;10673078000120-1-000076/2025;15813205902322025;90232;2025;05;Pregão;158132;INST.FED.DE EDUC.,CIENC.E TEC.DO MAT.G.DO SUL;10/12/2025;11/12/2025;11/12/2026;;;Ata de Registro de Preços;Não;Dado não disponível na API do governo;;
atas_manuais.json;2026-04-01 12:16:29;00066/2025;10673078000120-1-000056/2025-000002;10673078000120-1-000056/2025;15813205901072025;90107;2025;05;Pregão;158132;INST.FED.DE EDUC.,CIENC.E TEC.DO MAT.G.DO SUL;06/08/2025;12/08/2025;12/08/2026;;;Ata de Registro de Preços;Não;Dado não disponível na API do governo;;
atas_manuais.json;2026-04-01 12:16:29;00067/2025;10673078000120-1-000056/2025-000003;10673078000120-1-000056/2025;15813205901072025;90107;2025;05;Pregão;158132;INST.FED.DE EDUC.,CIENC.E TEC.DO MAT.G.DO SUL;08/08/2025;12/08/2025;12/08/2026;;;Ata de Registro de Preços;Não;Dado não disponível na API do governo;;
atas_manuais.json;2026-04-01 12:16:29;00069/2025;10673078000120-1-000056/2025-000005;10673078000120-1-000056/2025;15813205901072025;90107;2025;05;Pregão;158132;INST.FED.DE EDUC.,CIENC.E TEC.DO MAT.G.DO SUL;06/08/2025;12/08/2025;12/08/2026;;;Ata de Registro de Preços;Não;Dado não disponível na API do governo;;
atas_manuais.json;2026-04-01 12:16:29;00070/2025;10673078000120-1-000056/2025-000006;10673078000120-1-000056/2025;15813205901072025;90107;2025;05;Pregão;158132;INST.FED.DE EDUC.,CIENC.E TEC.DO MAT.G.DO SUL;06/08/2025;12/08/2025;12/08/2026;;;Ata de Registro de Preços;Não;Dado não disponível na API do governo;;
atas_manuais.json;2026-04-01 12:16:29;00071/2025;10673078000120-1-000056/2025-000007;10673078000120-1-000056/2025;15813205901072025;90107;2025;05;Pregão;158132;INST.FED.DE EDUC.,CIENC.E TEC.DO MAT.G.DO SUL;06/08/2025;12/08/2025;12/08/2026;;;Ata de Registro de Preços;Não;Dado não disponível na API do governo;;
atas_manuais.json;2026-04-01 12:16:29;00072/2025;10673078000120-1-000056/2025-000008;10673078000120-1-000056/2025;15813205901072025;90107;2025;05;Pregão;158132;INST.FED.DE EDUC.,CIENC.E TEC.DO MAT.G.DO SUL;06/08/2025;12/08/2025;12/08/2026;;;Ata de Registro de Preços;Não;Dado não disponível na API do governo;;
atas_manuais.json;2026-04-01 12:16:29;00073/2025;10673078000120-1-000056/2025-000009;10673078000120-1-000056/2025;15813205901072025;90107;2025;05;Pregão;158132;INST.FED.DE EDUC.,CIENC.E TEC.DO MAT.G.DO SUL;06/08/2025;12/08/2025;12/08/2026;;;Ata de Registro de Preços;Não;Dado não disponível na API do governo;;
atas_manuais.json;2026-04-01 12:16:29;00074/2025;10673078000120-1-000056/2025-000010;10673078000120-1-000056/2025;15813205901072025;90107;2025;05;Pregão;158132;INST.FED.DE EDUC.,CIENC.E TEC.DO MAT.G.DO SUL;06/08/2025;12/08/2025;12/08/2026;;;Ata de Registro de Preços;Não;Dado não disponível na API do governo;;
atas_manuais.json;2026-04-01 12:16:29;00075/2025;10673078000120-1-000056/2025-000011;10673078000120-1-000056/2025;15813205901072025;90107;2025;05;Pregão;158132;INST.FED.DE EDUC.,CIENC.E TEC.DO MAT.G.DO SUL;06/08/2025;12/08/2025;12/08/2026;;;Ata de Registro de Preços;Não;Dado não disponível na API do governo;;
atas_manuais.json;2026-04-01 12:16:29;00076/2025;10673078000120-1-000056/2025-000012;10673078000120-1-000056/2025;15813205901072025;90107;2025;05;Pregão;158132;INST.FED.DE EDUC.,CIENC.E TEC.DO MAT.G.DO SUL;06/08/2025;12/08/2025;12/08/2026;;;Ata de Registro de Preços;Não;Dado não disponível na API do governo;;
atas_manuais.json;2026-04-01 12:16:29;00077/2025;10673078000120-1-000056/2025-000013;10673078000120-1-000056/2025;15813205901072025;90107;2025;05;Pregão;158132;INST.FED.DE EDUC.,CIENC.E TEC.DO MAT.G.DO SUL;06/08/2025;12/08/2025;12/08/2026;;;Ata de Registro de Preços;Não;Dado não disponível na API do governo;;
atas_manuais.json;2026-04-01 12:16:29;00097/2025;10673078000120-1-000056/2025-000014;10673078000120-1-000056/2025;15813205901072025;90107;2025;05;Pregão;158132;INST.FED.DE EDUC.,CIENC.E TEC.DO MAT.G.DO SUL;06/08/2025;12/08/2025;12/08/2026;;;Ata de Registro de Preços;Não;Dado não disponível na API do governo;;
atas_manuais.json;2026-04-01 12:16:29;00114/2025;10673078000120-1-000056/2025-000015;10673078000120-1-000056/2025;15813205901072025;90107;2025;05;Pregão;158132;INST.FED.DE EDUC.,CIENC.E TEC.DO MAT.G.DO SUL;06/08/2025;12/08/2025;12/08/2026;;;Ata de Registro de Preços;Não;Dado não disponível na API do governo;;
atas_manuais.json;2026-04-01 12:16:29;00061/2025;10673078000120-1-000062/2025-000002;10673078000120-1-000062/2025;15813205901892025;90189;2025;05;Pregão;158132;INST.FED.DE EDUC.,CIENC.E TEC.DO MAT.G.DO SUL;11/08/2025;12/08/2025;12/08/2026;;;Ata de Registro de Preços;Não;Dado não disponível na API do governo;;
atas_manuais.json;2026-04-01 12:16:29;00073/2024;10673078000120-1-000036/2024-000001;10673078000120-1-000036/2024;15813205901972024;90197;2024;05;Pregão;158132;INST.FED.DE EDUC.,CIENC.E TEC.DO MAT.G.DO SUL;11/09/2024;12/09/2024;12/09/2025;;;Ata de Registro de Preços;Não;Dado não disponível na API do governo;;
atas_manuais.json;2026-04-01 12:16:29;00075/2024;10673078000120-1-000056/2024-000001;10673078000120-1-000056/2024;15813205900132024;90013;2024;05;Pregão;158132;INST.FED.DE EDUC.,CIENC.E TEC.DO MAT.G.DO SUL;11/10/2024;12/10/2024;12/10/2025;;;Ata de Registro de Preços;Não;Dado não disponível na API do governo;;
atas_manuais.json;2026-04-01 12:16:29;00024/2025;10673078000120-1-000038/2024-000005;10673078000120-1-000038/2024;15813205900072024;90007;2024;05;Pregão;158132;INST.FED.DE EDUC.,CIENC.E TEC.DO MAT.G.DO SUL;12/05/2025;13/05/2025;13/05/2026;;;Ata de Registro de Preços;Não;Dado não disponível na API do governo;;
atas_manuais.json;2026-04-01 12:16:29;00074/2024;10673078000120-1-000036/2024-000002;10673078000120-1-000036/2024;15813205901972024;90197;2024;05;Pregão;158132;INST.FED.DE EDUC.,CIENC.E TEC.DO MAT.G.DO SUL;12/09/2024;13/09/2024;13/09/2025;;;Ata de Registro de Preços;Não;Dado não disponível na API do governo;;
atas_manuais.json;2026-04-01 12:16:29;00072/2024;10673078000120-1-000036/2024-000003;10673078000120-1-000036/2024;15813205901972024;90197;2024;05;Pregão;158132;INST.FED.DE EDUC.,CIENC.E TEC.DO MAT.G.DO SUL;12/09/2024;13/09/2024;13/09/2026;;;Ata de Registro de Preços;Não;Dado não disponível na API do governo;;
atas_manuais.json;2026-04-01 12:16:29;00116/2025;10673078000120-1-000054/2025-000001;10673078000120-1-000054/2025;15813205903422025;90342;2025;05;Pregão;158132;INST.FED.DE EDUC.,CIENC.E TEC.DO MAT.G.DO SUL;12/09/2025;13/09/2025;13/09/2026;;;Ata de Registro de Preços;Não;Dado não disponível na API do governo;;
atas_manuais.json;2026-04-01 12:16:29;00022/2023;10673078000120-1-000057/2023-000001;10673078000120-1-000057/2023;15813205000282023;00028;2023;05;Pregão;158132;INST.FED.DE EDUC.,CIENC.E TEC.DO MAT.G.DO SUL;12/12/2023;13/12/2023;13/12/2024;;;Ata de Registro de Preços;Não;Dado não disponível na API do governo;;
atas_manuais.json;2026-04-01 12:16:29;00021/2023;10673078000120-1-000057/2023-000002;10673078000120-1-000057/2023;15813205000282023;00028;2023;05;Pregão;158132;INST.FED.DE EDUC.,CIENC.E TEC.DO MAT.G.DO SUL;12/12/2023;13/12/2023;13/12/2025;;;Ata de Registro de Preços;Não;Dado não disponível na API do governo;;
atas_manuais.json;2026-04-01 12:16:29;00025/2025;10673078000120-1-000020/2025-000001;10673078000120-1-000020/2025;15813205901182025;90118;2025;05;Pregão;158132;INST.FED.DE EDUC.,CIENC.E TEC.DO MAT.G.DO SUL;13/05/2025;14/05/2025;14/05/2026;;;Ata de Registro de Preços;Não;Dado não disponível na API do governo;;
atas_manuais.json;2026-04-01 12:16:29;00026/2025;10673078000120-1-000020/2025-000002;10673078000120-1-000020/2025;15813205901182025;90118;2025;05;Pregão;158132;INST.FED.DE EDUC.,CIENC.E TEC.DO MAT.G.DO SUL;13/05/2025;14/05/2025;14/05/2026;;;Ata de Registro de Preços;Não;Dado não disponível na API do governo;;
atas_manuais.json;2026-04-01 12:16:29;00027/2025;10673078000120-1-000020/2025-000003;10673078000120-1-000020/2025;15813205901182025;90118;2025;05;Pregão;158132;INST.FED.DE EDUC.,CIENC.E TEC.DO MAT.G.DO SUL;13/05/2025;14/05/2025;14/05/2026;;;Ata de Registro de Preços;Não;Dado não disponível na API do governo;;
atas_manuais.json;2026-04-01 12:16:29;00028/2025;10673078000120-1-000020/2025-000004;10673078000120-1-000020/2025;15813205901182025;90118;2025;05;Pregão;158132;INST.FED.DE EDUC.,CIENC.E TEC.DO MAT.G.DO SUL;13/05/2025;14/05/2025;14/05/2026;;;Ata de Registro de Preços;Não;Dado não disponível na API do governo;;
atas_manuais.json;2026-04-01 12:16:29;00029/2025;10673078000120-1-000020/2025-000005;10673078000120-1-000020/2025;15813205901182025;90118;2025;05;Pregão;158132;INST.FED.DE EDUC.,CIENC.E TEC.DO MAT.G.DO SUL;13/05/2025;14/05/2025;14/05/2026;;;Ata de Registro de Preços;Não;Dado não disponível na API do governo;;
atas_manuais.json;2026-04-01 12:16:29;00030/2025;10673078000120-1-000020/2025-000006;10673078000120-1-000020/2025;15813205901182025;90118;2025;05;Pregão;158132;INST.FED.DE EDUC.,CIENC.E TEC.DO MAT.G.DO SUL;13/05/2025;14/05/2025;14/05/2026;;;Ata de Registro de Preços;Não;Dado não disponível na API do governo;;
atas_manuais.json;2026-04-01 12:16:29;00031/2025;10673078000120-1-000020/2025-000007;10673078000120-1-000020/2025;15813205901182025;90118;2025;05;Pregão;158132;INST.FED.DE EDUC.,CIENC.E TEC.DO MAT.G.DO SUL;13/05/2025;14/05/2025;14/05/2026;;;Ata de Registro de Preços;Não;Dado não disponível na API do governo;;
atas_manuais.json;2026-04-01 12:16:29;00032/2025;10673078000120-1-000020/2025-000008;10673078000120-1-000020/2025;15813205901182025;90118;2025;05;Pregão;158132;INST.FED.DE EDUC.,CIENC.E TEC.DO MAT.G.DO SUL;13/05/2025;14/05/2025;14/05/2026;;;Ata de Registro de Preços;Não;Dado não disponível na API do governo;;
atas_manuais.json;2026-04-01 12:16:29;00033/2025;10673078000120-1-000020/2025-000009;10673078000120-1-000020/2025;15813205901182025;90118;2025;05;Pregão;158132;INST.FED.DE EDUC.,CIENC.E TEC.DO MAT.G.DO SUL;13/05/2025;14/05/2025;14/05/2026;;;Ata de Registro de Preços;Não;Dado não disponível na API do governo;;
atas_manuais.json;2026-04-01 12:16:29;00034/2025;10673078000120-1-000020/2025-000010;10673078000120-1-000020/2025;15813205901182025;90118;2025;05;Pregão;158132;INST.FED.DE EDUC.,CIENC.E TEC.DO MAT.G.DO SUL;13/05/2025;14/05/2025;14/05/2026;;;Ata de Registro de Preços;Não;Dado não disponível na API do governo;;
atas_manuais.json;2026-04-01 12:16:29;00035/2025;10673078000120-1-000020/2025-000011;10673078000120-1-000020/2025;15813205901182025;90118;2025;05;Pregão;158132;INST.FED.DE EDUC.,CIENC.E TEC.DO MAT.G.DO SUL;13/05/2025;14/05/2025;14/05/2026;;;Ata de Registro de Preços;Não;Dado não disponível na API do governo;;
atas_manuais.json;2026-04-01 12:16:29;00036/2025;10673078000120-1-000020/2025-000012;10673078000120-1-000020/2025;15813205901182025;90118;2025;05;Pregão;158132;INST.FED.DE EDUC.,CIENC.E TEC.DO MAT.G.DO SUL;13/05/2025;14/05/2025;14/05/2026;;;Ata de Registro de Preços;Não;Dado não disponível na API do governo;;
atas_manuais.json;2026-04-01 12:16:29;00037/2025;10673078000120-1-000020/2025-000013;10673078000120-1-000020/2025;15813205901182025;90118;2025;05;Pregão;158132;INST.FED.DE EDUC.,CIENC.E TEC.DO MAT.G.DO SUL;13/05/2025;14/05/2025;14/05/2026;;;Ata de Registro de Preços;Não;Dado não disponível na API do governo;;
atas_manuais.json;2026-04-01 12:16:29;00038/2025;10673078000120-1-000020/2025-000014;10673078000120-1-000020/2025;15813205901182025;90118;2025;05;Pregão;158132;INST.FED.DE EDUC.,CIENC.E TEC.DO MAT.G.DO SUL;13/05/2025;14/05/2025;14/05/2026;;;Ata de Registro de Preços;Não;Dado não disponível na API do governo;;
atas_manuais.json;2026-04-01 12:16:29;00039/2025;10673078000120-1-000020/2025-000015;10673078000120-1-000020/2025;15813205901182025;90118;2025;05;Pregão;158132;INST.FED.DE EDUC.,CIENC.E TEC.DO MAT.G.DO SUL;13/05/2025;14/05/2025;14/05/2026;;;Ata de Registro de Preços;Não;Dado não disponível na API do governo;;
atas_manuais.json;2026-04-01 12:16:29;00040/2025;10673078000120-1-000020/2025-000016;10673078000120-1-000020/2025;15813205901182025;90118;2025;05;Pregão;158132;INST.FED.DE EDUC.,CIENC.E TEC.DO MAT.G.DO SUL;13/05/2025;14/05/2025;14/05/2026;;;Ata de Registro de Preços;Não;Dado não disponível na API do governo;;
atas_manuais.json;2026-04-01 12:16:29;00041/2025;10673078000120-1-000020/2025-000017;10673078000120-1-000020/2025;15813205901182025;90118;2025;05;Pregão;158132;INST.FED.DE EDUC.,CIENC.E TEC.DO MAT.G.DO SUL;13/05/2025;14/05/2025;14/05/2026;;;Ata de Registro de Preços;Não;Dado não disponível na API do governo;;
atas_manuais.json;2026-04-01 12:16:29;00042/2025;10673078000120-1-000020/2025-000018;10673078000120-1-000020/2025;15813205901182025;90118;2025;05;Pregão;158132;INST.FED.DE EDUC.,CIENC.E TEC.DO MAT.G.DO SUL;13/05/2025;14/05/2025;14/05/2026;;;Ata de Registro de Preços;Não;Dado não disponível na API do governo;;
atas_manuais.json;2026-04-01 12:16:29;00043/2025;10673078000120-1-000020/2025-000019;10673078000120-1-000020/2025;15813205901182025;90118;2025;05;Pregão;158132;INST.FED.DE EDUC.,CIENC.E TEC.DO MAT.G.DO SUL;13/05/2025;14/05/2025;14/05/2026;;;Ata de Registro de Preços;Não;Dado não disponível na API do governo;;
atas_manuais.json;2026-04-01 12:16:29;00044/2025;10673078000120-1-000020/2025-000020;10673078000120-1-000020/2025;15813205901182025;90118;2025;05;Pregão;158132;INST.FED.DE EDUC.,CIENC.E TEC.DO MAT.G.DO SUL;13/05/2025;14/05/2025;14/05/2026;;;Ata de Registro de Preços;Não;Dado não disponível na API do governo;;
atas_manuais.json;2026-04-01 12:16:29;00045/2025;10673078000120-1-000020/2025-000021;10673078000120-1-000020/2025;15813205901182025;90118;2025;05;Pregão;158132;INST.FED.DE EDUC.,CIENC.E TEC.DO MAT.G.DO SUL;13/05/2025;14/05/2025;14/05/2026;;;Ata de Registro de Preços;Não;Dado não disponível na API do governo;;
atas_manuais.json;2026-04-01 12:16:29;00046/2025;10673078000120-1-000020/2025-000022;10673078000120-1-000020/2025;15813205901182025;90118;2025;05;Pregão;158132;INST.FED.DE EDUC.,CIENC.E TEC.DO MAT.G.DO SUL;13/05/2025;14/05/2025;14/05/2026;;;Ata de Registro de Preços;Não;Dado não disponível na API do governo;;
atas_manuais.json;2026-04-01 12:16:29;00065/2025;10673078000120-1-000056/2025-000001;10673078000120-1-000056/2025;15813205901072025;90107;2025;05;Pregão;158132;INST.FED.DE EDUC.,CIENC.E TEC.DO MAT.G.DO SUL;06/08/2025;14/08/2025;14/08/2026;;;Ata de Registro de Preços;Não;Dado não disponível na API do governo;;
atas_manuais.json;2026-04-01 12:16:29;00068/2025;10673078000120-1-000056/2025-000004;10673078000120-1-000056/2025;15813205901072025;90107;2025;05;Pregão;158132;INST.FED.DE EDUC.,CIENC.E TEC.DO MAT.G.DO SUL;06/08/2025;14/08/2025;12/08/2026;;;Ata de Registro de Preços;Não;Dado não disponível na API do governo;;
atas_manuais.json;2026-04-01 12:16:29;00120/2025;10673078000120-1-000101/2024-000005;10673078000120-1-000101/2024;15813205900242024;90024;2024;05;Pregão;158132;INST.FED.DE EDUC.,CIENC.E TEC.DO MAT.G.DO SUL;13/10/2025;14/10/2025;14/10/2026;;;Ata de Registro de Preços;Não;Dado não disponível na API do governo;;
atas_manuais.json;2026-04-01 12:16:29;00119/2025;10673078000120-1-000101/2024-000006;10673078000120-1-000101/2024;15813205900242024;90024;2024;05;Pregão;158132;INST.FED.DE EDUC.,CIENC.E TEC.DO MAT.G.DO SUL;13/10/2025;14/10/2025;14/10/2026;;;Ata de Registro de Preços;Não;Dado não disponível na API do governo;;
atas_manuais.json;2026-04-01 12:16:29;00023/2023;10673078000120-1-000057/2023-000003;10673078000120-1-000057/2023;15813205000282023;00028;2023;05;Pregão;158132;INST.FED.DE EDUC.,CIENC.E TEC.DO MAT.G.DO SUL;13/12/2023;14/12/2023;14/12/2024;;;Ata de Registro de Preços;Não;Dado não disponível na API do governo;;
atas_manuais.json;2026-04-01 12:16:29;00026/2023;10673078000120-1-000057/2023-000004;10673078000120-1-000057/2023;15813205000282023;00028;2023;05;Pregão;158132;INST.FED.DE EDUC.,CIENC.E TEC.DO MAT.G.DO SUL;13/12/2023;14/12/2023;13/12/2024;;;Ata de Registro de Preços;Não;Dado não disponível na API do governo;;
atas_manuais.json;2026-04-01 12:16:29;00024/2023;10673078000120-1-000057/2023-000007;10673078000120-1-000057/2023;15813205000282023;00028;2023;05;Pregão;158132;INST.FED.DE EDUC.,CIENC.E TEC.DO MAT.G.DO SUL;13/12/2023;14/12/2023;14/12/2024;;;Ata de Registro de Preços;Não;Dado não disponível na API do governo;;
atas_manuais.json;2026-04-01 12:16:29;00025/2023;10673078000120-1-000057/2023-000008;10673078000120-1-000057/2023;15813205000282023;00028;2023;05;Pregão;158132;INST.FED.DE EDUC.,CIENC.E TEC.DO MAT.G.DO SUL;13/12/2023;14/12/2023;14/12/2024;;;Ata de Registro de Preços;Não;Dado não disponível na API do governo;;
atas_manuais.json;2026-04-01 12:16:29;00084/2024;10673078000120-1-000072/2024-000001;10673078000120-1-000072/2024;15813205901852024;90185;2024;05;Pregão;158132;INST.FED.DE EDUC.,CIENC.E TEC.DO MAT.G.DO SUL;13/12/2024;14/12/2024;17/12/2025;;;Ata de Registro de Preços;Não;Dado não disponível na API do governo;;
atas_manuais.json;2026-04-01 12:16:29;00085/2024;10673078000120-1-000072/2024-000002;10673078000120-1-000072/2024;15813205901852024;90185;2024;05;Pregão;158132;INST.FED.DE EDUC.,CIENC.E TEC.DO MAT.G.DO SUL;13/12/2024;14/12/2024;14/12/2025;;;Ata de Registro de Preços;Não;Dado não disponível na API do governo;;
atas_manuais.json;2026-04-01 12:16:29;00086/2024;10673078000120-1-000072/2024-000003;10673078000120-1-000072/2024;15813205901852024;90185;2024;05;Pregão;158132;INST.FED.DE EDUC.,CIENC.E TEC.DO MAT.G.DO SUL;13/12/2024;14/12/2024;14/12/2025;;;Ata de Registro de Preços;Não;Dado não disponível na API do governo;;
atas_manuais.json;2026-04-01 12:16:29;00087/2024;10673078000120-1-000072/2024-000004;10673078000120-1-000072/2024;15813205901852024;90185;2024;05;Pregão;158132;INST.FED.DE EDUC.,CIENC.E TEC.DO MAT.G.DO SUL;13/12/2024;14/12/2024;14/12/2025;;;Ata de Registro de Preços;Não;Dado não disponível na API do governo;;
atas_manuais.json;2026-04-01 12:16:29;00088/2024;10673078000120-1-000072/2024-000005;10673078000120-1-000072/2024;15813205901852024;90185;2024;05;Pregão;158132;INST.FED.DE EDUC.,CIENC.E TEC.DO MAT.G.DO SUL;13/12/2024;14/12/2024;14/12/2025;;;Ata de Registro de Preços;Não;Dado não disponível na API do governo;;
atas_manuais.json;2026-04-01 12:16:29;00089/2024;10673078000120-1-000072/2024-000006;10673078000120-1-000072/2024;15813205901852024;90185;2024;05;Pregão;158132;INST.FED.DE EDUC.,CIENC.E TEC.DO MAT.G.DO SUL;13/12/2024;14/12/2024;14/12/2025;;;Ata de Registro de Preços;Não;Dado não disponível na API do governo;;
atas_manuais.json;2026-04-01 12:16:29;00090/2024;10673078000120-1-000072/2024-000007;10673078000120-1-000072/2024;15813205901852024;90185;2024;05;Pregão;158132;INST.FED.DE EDUC.,CIENC.E TEC.DO MAT.G.DO SUL;13/12/2024;14/12/2024;14/12/2025;;;Ata de Registro de Preços;Não;Dado não disponível na API do governo;;
atas_manuais.json;2026-04-01 12:16:29;00091/2024;10673078000120-1-000072/2024-000008;10673078000120-1-000072/2024;15813205901852024;90185;2024;05;Pregão;158132;INST.FED.DE EDUC.,CIENC.E TEC.DO MAT.G.DO SUL;13/12/2024;14/12/2024;14/12/2025;;;Ata de Registro de Preços;Não;Dado não disponível na API do governo;;
atas_manuais.json;2026-04-01 12:16:29;00092/2024;10673078000120-1-000072/2024-000009;10673078000120-1-000072/2024;15813205901852024;90185;2024;05;Pregão;158132;INST.FED.DE EDUC.,CIENC.E TEC.DO MAT.G.DO SUL;13/12/2024;14/12/2024;14/12/2025;;;Ata de Registro de Preços;Não;Dado não disponível na API do governo;;
atas_manuais.json;2026-04-01 12:16:29;00093/2024;10673078000120-1-000072/2024-000010;10673078000120-1-000072/2024;15813205901852024;90185;2024;05;Pregão;158132;INST.FED.DE EDUC.,CIENC.E TEC.DO MAT.G.DO SUL;13/12/2024;14/12/2024;14/12/2025;;;Ata de Registro de Preços;Não;Dado não disponível na API do governo;;
atas_manuais.json;2026-04-01 12:16:29;00094/2024;10673078000120-1-000072/2024-000011;10673078000120-1-000072/2024;15813205901852024;90185;2024;05;Pregão;158132;INST.FED.DE EDUC.,CIENC.E TEC.DO MAT.G.DO SUL;13/12/2024;14/12/2024;14/12/2025;;;Ata de Registro de Preços;Não;Dado não disponível na API do governo;;
atas_manuais.json;2026-04-01 12:16:29;00095/2024;10673078000120-1-000072/2024-000012;10673078000120-1-000072/2024;15813205901852024;90185;2024;05;Pregão;158132;INST.FED.DE EDUC.,CIENC.E TEC.DO MAT.G.DO SUL;13/12/2024;14/12/2024;14/12/2025;;;Ata de Registro de Preços;Não;Dado não disponível na API do governo;;
atas_manuais.json;2026-04-01 12:16:29;00113/2025;10673078000120-1-000062/2025-000003;10673078000120-1-000062/2025;15813205901892025;90189;2025;05;Pregão;158132;INST.FED.DE EDUC.,CIENC.E TEC.DO MAT.G.DO SUL;13/08/2025;15/08/2025;15/08/2026;;;Ata de Registro de Preços;Não;Dado não disponível na API do governo;;
atas_manuais.json;2026-04-01 12:16:29;00010/2024;10673078000120-1-000002/2024-000001;10673078000120-1-000002/2024;15813205900082024;90008;2024;05;Pregão;158132;INST.FED.DE EDUC.,CIENC.E TEC.DO MAT.G.DO SUL;15/03/2024;16/03/2024;16/03/2025;;;Ata de Registro de Preços;Não;Dado não disponível na API do governo;;
atas_manuais.json;2026-04-01 12:16:29;00018/2024;10673078000120-1-000034/2024-000001;10673078000120-1-000034/2024;15813205900052024;90005;2024;05;Pregão;158132;INST.FED.DE EDUC.,CIENC.E TEC.DO MAT.G.DO SUL;15/08/2024;16/08/2024;16/08/2026;;;Ata de Registro de Preços;Não;Dado não disponível na API do governo;;
atas_manuais.json;2026-04-01 12:16:29;00019/2024;10673078000120-1-000034/2024-000002;10673078000120-1-000034/2024;15813205900052024;90005;2024;05;Pregão;158132;INST.FED.DE EDUC.,CIENC.E TEC.DO MAT.G.DO SUL;15/08/2024;16/08/2024;16/08/2025;;;Ata de Registro de Preços;Não;Dado não disponível na API do governo;;
atas_manuais.json;2026-04-01 12:16:29;00021/2024;10673078000120-1-000034/2024-000003;10673078000120-1-000034/2024;15813205900052024;90005;2024;05;Pregão;158132;INST.FED.DE EDUC.,CIENC.E TEC.DO MAT.G.DO SUL;15/08/2024;16/08/2024;16/08/2026;;;Ata de Registro de Preços;Não;Dado não disponível na API do governo;;
atas_manuais.json;2026-04-01 12:16:29;00023/2024;10673078000120-1-000034/2024-000004;10673078000120-1-000034/2024;15813205900052024;90005;2024;05;Pregão;158132;INST.FED.DE EDUC.,CIENC.E TEC.DO MAT.G.DO SUL;15/08/2024;16/08/2024;16/08/2025;;;Ata de Registro de Preços;Não;Dado não disponível na API do governo;;
atas_manuais.json;2026-04-01 12:16:29;00028/2024;10673078000120-1-000034/2024-000005;10673078000120-1-000034/2024;15813205900052024;90005;2024;05;Pregão;158132;INST.FED.DE EDUC.,CIENC.E TEC.DO MAT.G.DO SUL;15/08/2024;16/08/2024;16/08/2025;;;Ata de Registro de Preços;Não;Dado não disponível na API do governo;;
atas_manuais.json;2026-04-01 12:16:29;00031/2024;10673078000120-1-000034/2024-000006;10673078000120-1-000034/2024;15813205900052024;90005;2024;05;Pregão;158132;INST.FED.DE EDUC.,CIENC.E TEC.DO MAT.G.DO SUL;15/08/2024;16/08/2024;16/08/2025;;;Ata de Registro de Preços;Não;Dado não disponível na API do governo;;
atas_manuais.json;2026-04-01 12:16:29;00034/2024;10673078000120-1-000034/2024-000007;10673078000120-1-000034/2024;15813205900052024;90005;2024;05;Pregão;158132;INST.FED.DE EDUC.,CIENC.E TEC.DO MAT.G.DO SUL;15/08/2024;16/08/2024;16/08/2026;;;Ata de Registro de Preços;Não;Dado não disponível na API do governo;;
atas_manuais.json;2026-04-01 12:16:29;00020/2024;10673078000120-1-000034/2024-000008;10673078000120-1-000034/2024;15813205900052024;90005;2024;05;Pregão;158132;INST.FED.DE EDUC.,CIENC.E TEC.DO MAT.G.DO SUL;15/08/2024;16/08/2024;16/08/2026;;;Ata de Registro de Preços;Não;Dado não disponível na API do governo;;
atas_manuais.json;2026-04-01 12:16:29;00083/2024;10673078000120-1-000100/2023-000001;10673078000120-1-000100/2023;15813206902422023;90242;2023;06;Dispensa;158132;INST.FED.DE EDUC.,CIENC.E TEC.DO MAT.G.DO SUL;13/12/2024;16/12/2024;16/12/2025;;;Ata de Registro de Preços;Não;Dado não disponível na API do governo;;
atas_manuais.json;2026-04-01 12:16:29;00165/2025;10673078000120-1-000074/2025-000035;10673078000120-1-000074/2025;15813205902422025;90242;2025;05;Pregão;158132;INST.FED.DE EDUC.,CIENC.E TEC.DO MAT.G.DO SUL;15/12/2025;16/12/2025;16/12/2026;;;Ata de Registro de Preços;Não;Dado não disponível na API do governo;;
atas_manuais.json;2026-04-01 12:16:29;00170/2025;10673078000120-1-000078/2025-000001;10673078000120-1-000078/2025;15813205902402025;90240;2025;05;Pregão;158132;INST.FED.DE EDUC.,CIENC.E TEC.DO MAT.G.DO SUL;15/12/2025;16/12/2025;16/12/2026;;;Ata de Registro de Preços;Não;Dado não disponível na API do governo;;
atas_manuais.json;2026-04-01 12:16:29;00171/2025;10673078000120-1-000078/2025-000002;10673078000120-1-000078/2025;15813205902402025;90240;2025;05;Pregão;158132;INST.FED.DE EDUC.,CIENC.E TEC.DO MAT.G.DO SUL;15/12/2025;16/12/2025;16/12/2026;;;Ata de Registro de Preços;Não;Dado não disponível na API do governo;;
atas_manuais.json;2026-04-01 12:16:29;00172/2025;10673078000120-1-000078/2025-000003;10673078000120-1-000078/2025;15813205902402025;90240;2025;05;Pregão;158132;INST.FED.DE EDUC.,CIENC.E TEC.DO MAT.G.DO SUL;15/12/2025;16/12/2025;16/12/2026;;;Ata de Registro de Preços;Não;Dado não disponível na API do governo;;
atas_manuais.json;2026-04-01 12:16:29;00173/2025;10673078000120-1-000078/2025-000004;10673078000120-1-000078/2025;15813205902402025;90240;2025;05;Pregão;158132;INST.FED.DE EDUC.,CIENC.E TEC.DO MAT.G.DO SUL;15/12/2025;16/12/2025;16/12/2026;;;Ata de Registro de Preços;Não;Dado não disponível na API do governo;;
atas_manuais.json;2026-04-01 12:16:29;00174/2025;10673078000120-1-000078/2025-000005;10673078000120-1-000078/2025;15813205902402025;90240;2025;05;Pregão;158132;INST.FED.DE EDUC.,CIENC.E TEC.DO MAT.G.DO SUL;15/12/2025;16/12/2025;16/12/2026;;;Ata de Registro de Preços;Não;Dado não disponível na API do governo;;
atas_manuais.json;2026-04-01 12:16:29;00175/2025;10673078000120-1-000078/2025-000006;10673078000120-1-000078/2025;15813205902402025;90240;2025;05;Pregão;158132;INST.FED.DE EDUC.,CIENC.E TEC.DO MAT.G.DO SUL;15/12/2025;16/12/2025;16/12/2026;;;Ata de Registro de Preços;Não;Dado não disponível na API do governo;;
atas_manuais.json;2026-04-01 12:16:29;00177/2025;10673078000120-1-000078/2025-000007;10673078000120-1-000078/2025;15813205902402025;90240;2025;05;Pregão;158132;INST.FED.DE EDUC.,CIENC.E TEC.DO MAT.G.DO SUL;15/12/2025;16/12/2025;16/12/2026;;;Ata de Registro de Preços;Não;Dado não disponível na API do governo;;
atas_manuais.json;2026-04-01 12:16:29;00178/2025;10673078000120-1-000078/2025-000008;10673078000120-1-000078/2025;15813205902402025;90240;2025;05;Pregão;158132;INST.FED.DE EDUC.,CIENC.E TEC.DO MAT.G.DO SUL;15/12/2025;16/12/2025;16/12/2026;;;Ata de Registro de Preços;Não;Dado não disponível na API do governo;;
atas_manuais.json;2026-04-01 12:16:29;00179/2025;10673078000120-1-000078/2025-000009;10673078000120-1-000078/2025;15813205902402025;90240;2025;05;Pregão;158132;INST.FED.DE EDUC.,CIENC.E TEC.DO MAT.G.DO SUL;15/12/2025;16/12/2025;16/12/2026;;;Ata de Registro de Preços;Não;Dado não disponível na API do governo;;
atas_manuais.json;2026-04-01 12:16:29;00180/2025;10673078000120-1-000078/2025-000010;10673078000120-1-000078/2025;15813205902402025;90240;2025;05;Pregão;158132;INST.FED.DE EDUC.,CIENC.E TEC.DO MAT.G.DO SUL;15/12/2025;16/12/2025;16/12/2026;;;Ata de Registro de Preços;Não;Dado não disponível na API do governo;;
atas_manuais.json;2026-04-01 12:16:29;00181/2025;10673078000120-1-000078/2025-000011;10673078000120-1-000078/2025;15813205902402025;90240;2025;05;Pregão;158132;INST.FED.DE EDUC.,CIENC.E TEC.DO MAT.G.DO SUL;15/12/2025;16/12/2025;16/12/2026;;;Ata de Registro de Preços;Não;Dado não disponível na API do governo;;
atas_manuais.json;2026-04-01 12:16:29;00182/2025;10673078000120-1-000078/2025-000012;10673078000120-1-000078/2025;15813205902402025;90240;2025;05;Pregão;158132;INST.FED.DE EDUC.,CIENC.E TEC.DO MAT.G.DO SUL;15/12/2025;16/12/2025;16/12/2026;;;Ata de Registro de Preços;Não;Dado não disponível na API do governo;;
atas_manuais.json;2026-04-01 12:16:29;00015/2024;10673078000120-1-000014/2024-000001;10673078000120-1-000014/2024;15813205900062024;90006;2024;05;Pregão;158132;INST.FED.DE EDUC.,CIENC.E TEC.DO MAT.G.DO SUL;16/07/2024;17/07/2024;17/07/2025;;;Ata de Registro de Preços;Não;Dado não disponível na API do governo;;
atas_manuais.json;2026-04-01 12:16:29;00096/2024;10673078000120-1-000072/2024-000013;10673078000120-1-000072/2024;15813205901852024;90185;2024;05;Pregão;158132;INST.FED.DE EDUC.,CIENC.E TEC.DO MAT.G.DO SUL;16/12/2024;17/12/2024;17/12/2025;;;Ata de Registro de Preços;Não;Dado não disponível na API do governo;;
atas_manuais.json;2026-04-01 12:16:29;00020/2023;10673078000120-1-000052/2023-000001;10673078000120-1-000052/2023;15813205000192023;00019;2023;05;Pregão;158132;INST.FED.DE EDUC.,CIENC.E TEC.DO MAT.G.DO SUL;17/11/2023;18/11/2023;18/11/2024;;;Ata de Registro de Preços;Não;Dado não disponível na API do governo;;
atas_manuais.json;2026-04-01 12:16:29;00007/2026;10673078000120-1-000005/2026-000001;10673078000120-1-000005/2026;15813206000462026;00046;2026;06;Dispensa;158132;INST.FED.DE EDUC.,CIENC.E TEC.DO MAT.G.DO SUL;18/03/2026;19/03/2026;19/03/2027;;;Ata de Registro de Preços;Não;Dado não disponível na API do governo;;
atas_manuais.json;2026-04-01 12:16:29;00016/2024;10673078000120-1-000014/2024-000002;10673078000120-1-000014/2024;15813205900062024;90006;2024;05;Pregão;158132;INST.FED.DE EDUC.,CIENC.E TEC.DO MAT.G.DO SUL;18/07/2024;19/07/2024;19/07/2025;;;Ata de Registro de Preços;Não;Dado não disponível na API do governo;;
atas_manuais.json;2026-04-01 12:16:29;00024/2024;10673078000120-1-000034/2024-000022;10673078000120-1-000034/2024;15813205900052024;90005;2024;05;Pregão;158132;INST.FED.DE EDUC.,CIENC.E TEC.DO MAT.G.DO SUL;16/08/2024;19/08/2024;19/08/2026;;;Ata de Registro de Preços;Não;Dado não disponível na API do governo;;
atas_manuais.json;2026-04-01 12:16:29;00098/2025;10673078000120-1-000058/2025-000001;10673078000120-1-000058/2025;15813205900922025;90092;2025;05;Pregão;158132;INST.FED.DE EDUC.,CIENC.E TEC.DO MAT.G.DO SUL;18/08/2025;19/08/2025;19/08/2026;;;Ata de Registro de Preços;Não;Dado não disponível na API do governo;;
atas_manuais.json;2026-04-01 12:16:29;00099/2025;10673078000120-1-000058/2025-000002;10673078000120-1-000058/2025;15813205900922025;90092;2025;05;Pregão;158132;INST.FED.DE EDUC.,CIENC.E TEC.DO MAT.G.DO SUL;18/08/2025;19/08/2025;19/08/2026;;;Ata de Registro de Preços;Não;Dado não disponível na API do governo;;
atas_manuais.json;2026-04-01 12:16:29;00101/2025;10673078000120-1-000058/2025-000003;10673078000120-1-000058/2025;15813205900922025;90092;2025;05;Pregão;158132;INST.FED.DE EDUC.,CIENC.E TEC.DO MAT.G.DO SUL;18/08/2025;19/08/2025;19/08/2026;;;Ata de Registro de Preços;Não;Dado não disponível na API do governo;;
atas_manuais.json;2026-04-01 12:16:29;00103/2025;10673078000120-1-000058/2025-000004;10673078000120-1-000058/2025;15813205900922025;90092;2025;05;Pregão;158132;INST.FED.DE EDUC.,CIENC.E TEC.DO MAT.G.DO SUL;18/08/2025;19/08/2025;19/08/2026;;;Ata de Registro de Preços;Não;Dado não disponível na API do governo;;
atas_manuais.json;2026-04-01 12:16:29;00104/2025;10673078000120-1-000058/2025-000005;10673078000120-1-000058/2025;15813205900922025;90092;2025;05;Pregão;158132;INST.FED.DE EDUC.,CIENC.E TEC.DO MAT.G.DO SUL;18/08/2025;19/08/2025;19/08/2026;;;Ata de Registro de Preços;Não;Dado não disponível na API do governo;;
atas_manuais.json;2026-04-01 12:16:29;00105/2025;10673078000120-1-000058/2025-000006;10673078000120-1-000058/2025;15813205900922025;90092;2025;05;Pregão;158132;INST.FED.DE EDUC.,CIENC.E TEC.DO MAT.G.DO SUL;18/08/2025;19/08/2025;19/08/2026;;;Ata de Registro de Preços;Não;Dado não disponível na API do governo;;
atas_manuais.json;2026-04-01 12:16:29;00106/2025;10673078000120-1-000058/2025-000007;10673078000120-1-000058/2025;15813205900922025;90092;2025;05;Pregão;158132;INST.FED.DE EDUC.,CIENC.E TEC.DO MAT.G.DO SUL;18/08/2025;19/08/2025;19/08/2026;;;Ata de Registro de Preços;Não;Dado não disponível na API do governo;;
atas_manuais.json;2026-04-01 12:16:29;00107/2025;10673078000120-1-000058/2025-000008;10673078000120-1-000058/2025;15813205900922025;90092;2025;05;Pregão;158132;INST.FED.DE EDUC.,CIENC.E TEC.DO MAT.G.DO SUL;18/08/2025;19/08/2025;19/08/2026;;;Ata de Registro de Preços;Não;Dado não disponível na API do governo;;
atas_manuais.json;2026-04-01 12:16:29;00108/2025;10673078000120-1-000058/2025-000009;10673078000120-1-000058/2025;15813205900922025;90092;2025;05;Pregão;158132;INST.FED.DE EDUC.,CIENC.E TEC.DO MAT.G.DO SUL;18/08/2025;19/08/2025;19/08/2026;;;Ata de Registro de Preços;Não;Dado não disponível na API do governo;;
atas_manuais.json;2026-04-01 12:16:29;00109/2025;10673078000120-1-000058/2025-000010;10673078000120-1-000058/2025;15813205900922025;90092;2025;05;Pregão;158132;INST.FED.DE EDUC.,CIENC.E TEC.DO MAT.G.DO SUL;18/08/2025;19/08/2025;19/08/2026;;;Ata de Registro de Preços;Não;Dado não disponível na API do governo;;
atas_manuais.json;2026-04-01 12:16:29;00110/2025;10673078000120-1-000058/2025-000011;10673078000120-1-000058/2025;15813205900922025;90092;2025;05;Pregão;158132;INST.FED.DE EDUC.,CIENC.E TEC.DO MAT.G.DO SUL;18/08/2025;19/08/2025;19/08/2026;;;Ata de Registro de Preços;Não;Dado não disponível na API do governo;;
atas_manuais.json;2026-04-01 12:16:29;00111/2025;10673078000120-1-000058/2025-000012;10673078000120-1-000058/2025;15813205900922025;90092;2025;05;Pregão;158132;INST.FED.DE EDUC.,CIENC.E TEC.DO MAT.G.DO SUL;18/08/2025;19/08/2025;19/08/2026;;;Ata de Registro de Preços;Não;Dado não disponível na API do governo;;
atas_manuais.json;2026-04-01 12:16:29;00183/2025;10673078000120-1-000097/2025-000005;10673078000120-1-000097/2025;15813205901492025;90149;2025;05;Pregão;158132;INST.FED.DE EDUC.,CIENC.E TEC.DO MAT.G.DO SUL;18/12/2025;19/12/2025;18/12/2026;;;Ata de Registro de Preços;Não;Dado não disponível na API do governo;;
atas_manuais.json;2026-04-01 12:16:29;00003/2025;10673078000120-1-000127/2024-000002;10673078000120-1-000127/2024;15813205900272024;90027;2024;05;Pregão;158132;INST.FED.DE EDUC.,CIENC.E TEC.DO MAT.G.DO SUL;17/01/2025;20/01/2025;19/01/2026;;;Ata de Registro de Preços;Não;Dado não disponível na API do governo;;
atas_manuais.json;2026-04-01 12:16:29;00004/2025;10673078000120-1-000137/2024-000001;10673078000120-1-000137/2024;15813205901942024;90194;2024;05;Pregão;158132;INST.FED.DE EDUC.,CIENC.E TEC.DO MAT.G.DO SUL;13/02/2025;20/02/2025;20/02/2026;;;Ata de Registro de Preços;Não;Dado não disponível na API do governo;;
atas_manuais.json;2026-04-01 12:16:29;00035/2024;10673078000120-1-000034/2024-000016;10673078000120-1-000034/2024;15813205900052024;90005;2024;05;Pregão;158132;INST.FED.DE EDUC.,CIENC.E TEC.DO MAT.G.DO SUL;19/08/2024;20/08/2024;20/08/2025;;;Ata de Registro de Preços;Não;Dado não disponível na API do governo;;
atas_manuais.json;2026-04-01 12:16:29;00028/2023;10673078000120-1-000057/2023-000005;10673078000120-1-000057/2023;15813205000282023;00028;2023;05;Pregão;158132;INST.FED.DE EDUC.,CIENC.E TEC.DO MAT.G.DO SUL;19/12/2023;20/12/2023;20/12/2025;;;Ata de Registro de Preços;Não;Dado não disponível na API do governo;;
atas_manuais.json;2026-04-01 12:16:29;00027/2023;10673078000120-1-000057/2023-000006;10673078000120-1-000057/2023;15813205000282023;00028;2023;05;Pregão;158132;INST.FED.DE EDUC.,CIENC.E TEC.DO MAT.G.DO SUL;19/12/2023;20/12/2023;20/12/2024;;;Ata de Registro de Preços;Não;Dado não disponível na API do governo;;
atas_RT_2026_p1.json;2026-04-01 14:59:58;00008/2026;10673078000120-1-000005/2026-000002;10673078000120-1-000005/2026;15813206000462026;00046;2026;06;Dispensa;158132;INST.FED.DE EDUC.,CIENC.E TEC.DO MAT.G.DO SUL;20/03/2026;21/03/2026;21/03/2027;4189,30;5;Ata de Registro de Preços;Não;A presente Ata tem por objeto o registro de preços para a eventual contratação de aquisição de materiais de embalagens para oferta de merenda escolar no IFMS, especificado(s) no(s) Grupo 1, referentes ao do Termo de Referência, anexo II do Aviso de contratação, n.º 46/2026, que é parte integrante desta Ata,;https://pncp.gov.br/app/atas/10673078000120/2026/5/2;https://pncp.gov.br/app/editais/10673078000120/2026/000005
atas_manuais.json;2026-04-01 12:16:29;00058/2025;10673078000120-1-000034/2025-000001;10673078000120-1-000034/2025;15813205900872025;90087;2025;05;Pregão;158132;INST.FED.DE EDUC.,CIENC.E TEC.DO MAT.G.DO SUL;18/07/2025;21/07/2025;21/07/2026;;;Ata de Registro de Preços;Não;Dado não disponível na API do governo;;
atas_manuais.json;2026-04-01 12:16:29;00063/2024;10673078000120-1-000026/2024-000013;10673078000120-1-000026/2024;15813205900102024;90010;2024;05;Pregão;158132;INST.FED.DE EDUC.,CIENC.E TEC.DO MAT.G.DO SUL;20/08/2024;21/08/2024;21/08/2026;;;Ata de Registro de Preços;Não;Dado não disponível na API do governo;;
atas_manuais.json;2026-04-01 12:16:29;00045/2024;10673078000120-1-000026/2024-000001;10673078000120-1-000026/2024;15813205900102024;90010;2024;05;Pregão;158132;INST.FED.DE EDUC.,CIENC.E TEC.DO MAT.G.DO SUL;20/08/2024;21/08/2024;21/08/2026;;;Ata de Registro de Preços;Não;Dado não disponível na API do governo;;
atas_manuais.json;2026-04-01 12:16:29;00048/2024;10673078000120-1-000026/2024-000002;10673078000120-1-000026/2024;15813205900102024;90010;2024;05;Pregão;158132;INST.FED.DE EDUC.,CIENC.E TEC.DO MAT.G.DO SUL;20/08/2024;21/08/2024;21/08/2025;;;Ata de Registro de Preços;Não;Dado não disponível na API do governo;;
atas_manuais.json;2026-04-01 12:16:29;00051/2024;10673078000120-1-000026/2024-000003;10673078000120-1-000026/2024;15813205900102024;90010;2024;05;Pregão;158132;INST.FED.DE EDUC.,CIENC.E TEC.DO MAT.G.DO SUL;20/08/2024;21/08/2024;21/08/2026;;;Ata de Registro de Preços;Não;Dado não disponível na API do governo;;
atas_manuais.json;2026-04-01 12:16:29;00054/2024;10673078000120-1-000026/2024-000004;10673078000120-1-000026/2024;15813205900102024;90010;2024;05;Pregão;158132;INST.FED.DE EDUC.,CIENC.E TEC.DO MAT.G.DO SUL;20/08/2024;21/08/2024;21/08/2026;;;Ata de Registro de Preços;Não;Dado não disponível na API do governo;;
atas_manuais.json;2026-04-01 12:16:29;00055/2024;10673078000120-1-000026/2024-000005;10673078000120-1-000026/2024;15813205900102024;90010;2024;05;Pregão;158132;INST.FED.DE EDUC.,CIENC.E TEC.DO MAT.G.DO SUL;20/08/2024;21/08/2024;21/08/2026;;;Ata de Registro de Preços;Não;Dado não disponível na API do governo;;
atas_manuais.json;2026-04-01 12:16:29;00052/2024;10673078000120-1-000026/2024-000006;10673078000120-1-000026/2024;15813205900102024;90010;2024;05;Pregão;158132;INST.FED.DE EDUC.,CIENC.E TEC.DO MAT.G.DO SUL;20/08/2024;21/08/2024;21/08/2026;;;Ata de Registro de Preços;Não;Dado não disponível na API do governo;;
atas_manuais.json;2026-04-01 12:16:29;00058/2024;10673078000120-1-000026/2024-000007;10673078000120-1-000026/2024;15813205900102024;90010;2024;05;Pregão;158132;INST.FED.DE EDUC.,CIENC.E TEC.DO MAT.G.DO SUL;20/08/2024;21/08/2024;21/08/2025;;;Ata de Registro de Preços;Não;Dado não disponível na API do governo;;
atas_manuais.json;2026-04-01 12:16:29;00053/2024;10673078000120-1-000026/2024-000008;10673078000120-1-000026/2024;15813205900102024;90010;2024;05;Pregão;158132;INST.FED.DE EDUC.,CIENC.E TEC.DO MAT.G.DO SUL;20/08/2024;21/08/2024;21/08/2026;;;Ata de Registro de Preços;Não;Dado não disponível na API do governo;;
atas_manuais.json;2026-04-01 12:16:29;00059/2024;10673078000120-1-000026/2024-000009;10673078000120-1-000026/2024;15813205900102024;90010;2024;05;Pregão;158132;INST.FED.DE EDUC.,CIENC.E TEC.DO MAT.G.DO SUL;20/08/2024;21/08/2024;21/08/2025;;;Ata de Registro de Preços;Não;Dado não disponível na API do governo;;
atas_manuais.json;2026-04-01 12:16:29;00049/2024;10673078000120-1-000026/2024-000010;10673078000120-1-000026/2024;15813205900102024;90010;2024;05;Pregão;158132;INST.FED.DE EDUC.,CIENC.E TEC.DO MAT.G.DO SUL;20/08/2024;21/08/2024;21/08/2026;;;Ata de Registro de Preços;Não;Dado não disponível na API do governo;;
atas_manuais.json;2026-04-01 12:16:29;00061/2024;10673078000120-1-000026/2024-000011;10673078000120-1-000026/2024;15813205900102024;90010;2024;05;Pregão;158132;INST.FED.DE EDUC.,CIENC.E TEC.DO MAT.G.DO SUL;20/08/2024;21/08/2024;21/08/2025;;;Ata de Registro de Preços;Não;Dado não disponível na API do governo;;
atas_manuais.json;2026-04-01 12:16:29;00062/2024;10673078000120-1-000026/2024-000012;10673078000120-1-000026/2024;15813205900102024;90010;2024;05;Pregão;158132;INST.FED.DE EDUC.,CIENC.E TEC.DO MAT.G.DO SUL;20/08/2024;21/08/2024;21/08/2025;;;Ata de Registro de Preços;Não;Dado não disponível na API do governo;;
atas_manuais.json;2026-04-01 12:16:29;00065/2024;10673078000120-1-000026/2024-000014;10673078000120-1-000026/2024;15813205900102024;90010;2024;05;Pregão;158132;INST.FED.DE EDUC.,CIENC.E TEC.DO MAT.G.DO SUL;20/08/2024;21/08/2024;21/08/2025;;;Ata de Registro de Preços;Não;Dado não disponível na API do governo;;
atas_manuais.json;2026-04-01 12:16:29;00066/2024;10673078000120-1-000026/2024-000015;10673078000120-1-000026/2024;15813205900102024;90010;2024;05;Pregão;158132;INST.FED.DE EDUC.,CIENC.E TEC.DO MAT.G.DO SUL;20/08/2024;21/08/2024;21/08/2025;;;Ata de Registro de Preços;Não;Dado não disponível na API do governo;;
atas_manuais.json;2026-04-01 12:16:29;00067/2024;10673078000120-1-000026/2024-000016;10673078000120-1-000026/2024;15813205900102024;90010;2024;05;Pregão;158132;INST.FED.DE EDUC.,CIENC.E TEC.DO MAT.G.DO SUL;20/08/2024;21/08/2024;21/08/2026;;;Ata de Registro de Preços;Não;Dado não disponível na API do governo;;
atas_manuais.json;2026-04-01 12:16:29;00068/2024;10673078000120-1-000026/2024-000017;10673078000120-1-000026/2024;15813205900102024;90010;2024;05;Pregão;158132;INST.FED.DE EDUC.,CIENC.E TEC.DO MAT.G.DO SUL;20/08/2024;21/08/2024;21/08/2025;;;Ata de Registro de Preços;Não;Dado não disponível na API do governo;;
atas_manuais.json;2026-04-01 12:16:29;00069/2024;10673078000120-1-000026/2024-000018;10673078000120-1-000026/2024;15813205900102024;90010;2024;05;Pregão;158132;INST.FED.DE EDUC.,CIENC.E TEC.DO MAT.G.DO SUL;20/08/2024;21/08/2024;21/08/2026;;;Ata de Registro de Preços;Não;Dado não disponível na API do governo;;
atas_manuais.json;2026-04-01 12:16:29;00046/2024;10673078000120-1-000026/2024-000019;10673078000120-1-000026/2024;15813205900102024;90010;2024;05;Pregão;158132;INST.FED.DE EDUC.,CIENC.E TEC.DO MAT.G.DO SUL;20/08/2024;21/08/2024;21/08/2025;;;Ata de Registro de Preços;Não;Dado não disponível na API do governo;;
atas_manuais.json;2026-04-01 12:16:29;00047/2024;10673078000120-1-000026/2024-000020;10673078000120-1-000026/2024;15813205900102024;90010;2024;05;Pregão;158132;INST.FED.DE EDUC.,CIENC.E TEC.DO MAT.G.DO SUL;20/08/2024;21/08/2024;21/08/2025;;;Ata de Registro de Preços;Não;Dado não disponível na API do governo;;
atas_manuais.json;2026-04-01 12:16:29;00056/2024;10673078000120-1-000026/2024-000021;10673078000120-1-000026/2024;15813205900102024;90010;2024;05;Pregão;158132;INST.FED.DE EDUC.,CIENC.E TEC.DO MAT.G.DO SUL;20/08/2024;21/08/2024;21/08/2025;;;Ata de Registro de Preços;Não;Dado não disponível na API do governo;;
atas_manuais.json;2026-04-01 12:16:29;00057/2024;10673078000120-1-000026/2024-000022;10673078000120-1-000026/2024;15813205900102024;90010;2024;05;Pregão;158132;INST.FED.DE EDUC.,CIENC.E TEC.DO MAT.G.DO SUL;20/08/2024;21/08/2024;21/08/2026;;;Ata de Registro de Preços;Não;Dado não disponível na API do governo;;
atas_manuais.json;2026-04-01 12:16:29;00070/2024;10673078000120-1-000026/2024-000023;10673078000120-1-000026/2024;15813205900102024;90010;2024;05;Pregão;158132;INST.FED.DE EDUC.,CIENC.E TEC.DO MAT.G.DO SUL;20/08/2024;21/08/2024;21/08/2025;;;Ata de Registro de Preços;Não;Dado não disponível na API do governo;;
atas_manuais.json;2026-04-01 12:16:29;00060/2024;10673078000120-1-000026/2024-000024;10673078000120-1-000026/2024;15813205900102024;90010;2024;05;Pregão;158132;INST.FED.DE EDUC.,CIENC.E TEC.DO MAT.G.DO SUL;20/08/2024;21/08/2024;21/08/2025;;;Ata de Registro de Preços;Não;Dado não disponível na API do governo;;
atas_manuais.json;2026-04-01 12:16:29;00064/2024;10673078000120-1-000026/2024-000025;10673078000120-1-000026/2024;15813205900102024;90010;2024;05;Pregão;158132;INST.FED.DE EDUC.,CIENC.E TEC.DO MAT.G.DO SUL;20/08/2024;21/08/2024;21/08/2025;;;Ata de Registro de Preços;Não;Dado não disponível na API do governo;;
atas_manuais.json;2026-04-01 12:16:29;00050/2024;10673078000120-1-000026/2024-000026;10673078000120-1-000026/2024;15813205900102024;90010;2024;05;Pregão;158132;INST.FED.DE EDUC.,CIENC.E TEC.DO MAT.G.DO SUL;20/08/2024;21/08/2024;21/08/2026;;;Ata de Registro de Preços;Não;Dado não disponível na API do governo;;
atas_manuais.json;2026-04-01 12:16:29;00044/2024;10673078000120-1-000038/2024-000001;10673078000120-1-000038/2024;15813205900072024;90007;2024;05;Pregão;158132;INST.FED.DE EDUC.,CIENC.E TEC.DO MAT.G.DO SUL;16/08/2024;21/08/2024;21/08/2025;;;Ata de Registro de Preços;Não;Dado não disponível na API do governo;;
atas_manuais.json;2026-04-01 12:16:29;00001/2025;10673078000120-1-000092/2024-000001;10673078000120-1-000092/2024;15813205902012024;90201;2024;05;Pregão;158132;INST.FED.DE EDUC.,CIENC.E TEC.DO MAT.G.DO SUL;21/01/2025;22/01/2025;22/01/2026;;;Ata de Registro de Preços;Não;Dado não disponível na API do governo;;
atas_manuais.json;2026-04-01 12:16:29;00022/2024;10673078000120-1-000034/2024-000010;10673078000120-1-000034/2024;15813205900052024;90005;2024;05;Pregão;158132;INST.FED.DE EDUC.,CIENC.E TEC.DO MAT.G.DO SUL;21/08/2024;22/08/2024;22/08/2026;;;Ata de Registro de Preços;Não;Dado não disponível na API do governo;;
atas_manuais.json;2026-04-01 12:16:29;00037/2024;10673078000120-1-000034/2024-000018;10673078000120-1-000034/2024;15813205900052024;90005;2024;05;Pregão;158132;INST.FED.DE EDUC.,CIENC.E TEC.DO MAT.G.DO SUL;21/08/2024;22/08/2024;22/08/2025;;;Ata de Registro de Preços;Não;Dado não disponível na API do governo;;
atas_manuais.json;2026-04-01 12:16:29;00038/2024;10673078000120-1-000034/2024-000019;10673078000120-1-000034/2024;15813205900052024;90005;2024;05;Pregão;158132;INST.FED.DE EDUC.,CIENC.E TEC.DO MAT.G.DO SUL;21/08/2024;22/08/2024;22/08/2025;;;Ata de Registro de Preços;Não;Dado não disponível na API do governo;;
atas_manuais.json;2026-04-01 12:16:29;00042/2024;10673078000120-1-000038/2024-000003;10673078000120-1-000038/2024;15813205900072024;90007;2024;05;Pregão;158132;INST.FED.DE EDUC.,CIENC.E TEC.DO MAT.G.DO SUL;20/08/2024;22/08/2024;22/08/2025;;;Ata de Registro de Preços;Não;Dado não disponível na API do governo;;
atas_manuais.json;2026-04-01 12:16:29;00041/2024;10673078000120-1-000038/2024-000004;10673078000120-1-000038/2024;15813205900072024;90007;2024;05;Pregão;158132;INST.FED.DE EDUC.,CIENC.E TEC.DO MAT.G.DO SUL;20/08/2024;22/08/2024;22/08/2025;;;Ata de Registro de Preços;Não;Dado não disponível na API do governo;;
atas_manuais.json;2026-04-01 12:16:29;00184/2025;10673078000120-1-000097/2025-000006;10673078000120-1-000097/2025;15813205901492025;90149;2025;05;Pregão;158132;INST.FED.DE EDUC.,CIENC.E TEC.DO MAT.G.DO SUL;19/12/2025;22/12/2025;22/12/2026;;;Ata de Registro de Preços;Não;Dado não disponível na API do governo;;
atas_manuais.json;2026-04-01 12:16:29;00017/2024;10673078000120-1-000034/2024-000009;10673078000120-1-000034/2024;15813205900052024;90005;2024;05;Pregão;158132;INST.FED.DE EDUC.,CIENC.E TEC.DO MAT.G.DO SUL;22/08/2024;23/08/2024;23/08/2025;;;Ata de Registro de Preços;Não;Dado não disponível na API do governo;;
atas_manuais.json;2026-04-01 12:16:29;00026/2024;10673078000120-1-000034/2024-000011;10673078000120-1-000034/2024;15813205900052024;90005;2024;05;Pregão;158132;INST.FED.DE EDUC.,CIENC.E TEC.DO MAT.G.DO SUL;22/08/2024;23/08/2024;23/08/2026;;;Ata de Registro de Preços;Não;Dado não disponível na API do governo;;
atas_manuais.json;2026-04-01 12:16:29;00029/2024;10673078000120-1-000034/2024-000012;10673078000120-1-000034/2024;15813205900052024;90005;2024;05;Pregão;158132;INST.FED.DE EDUC.,CIENC.E TEC.DO MAT.G.DO SUL;22/08/2024;23/08/2024;23/08/2025;;;Ata de Registro de Preços;Não;Dado não disponível na API do governo;;
atas_manuais.json;2026-04-01 12:16:29;00025/2024;10673078000120-1-000034/2024-000015;10673078000120-1-000034/2024;15813205900052024;90005;2024;05;Pregão;158132;INST.FED.DE EDUC.,CIENC.E TEC.DO MAT.G.DO SUL;22/08/2024;23/08/2024;23/08/2026;;;Ata de Registro de Preços;Não;Dado não disponível na API do governo;;
atas_manuais.json;2026-04-01 12:16:29;00036/2024;10673078000120-1-000034/2024-000017;10673078000120-1-000034/2024;15813205900052024;90005;2024;05;Pregão;158132;INST.FED.DE EDUC.,CIENC.E TEC.DO MAT.G.DO SUL;22/08/2024;23/08/2024;23/08/2026;;;Ata de Registro de Preços;Não;Dado não disponível na API do governo;;
atas_manuais.json;2026-04-01 12:16:29;00043/2024;10673078000120-1-000038/2024-000002;10673078000120-1-000038/2024;15813205900072024;90007;2024;05;Pregão;158132;INST.FED.DE EDUC.,CIENC.E TEC.DO MAT.G.DO SUL;19/08/2024;23/08/2024;21/08/2025;;;Ata de Registro de Preços;Não;Dado não disponível na API do governo;;
atas_manuais.json;2026-04-01 12:16:29;00208/2025;10673078000120-1-000096/2025-000001;10673078000120-1-000096/2025;15813205902792025;;;05;Pregão;158132;INST.FED.DE EDUC.,CIENC.E TEC.DO MAT.G.DO SUL;22/12/2025;23/12/2025;23/12/2026;;;Ata de Registro de Preços;Não;Dado não disponível na API do governo;;
atas_manuais.json;2026-04-01 12:16:29;00189/2025;10673078000120-1-000077/2025-000015;10673078000120-1-000077/2025;;;;05;Pregão;158132;INST.FED.DE EDUC.,CIENC.E TEC.DO MAT.G.DO SUL;22/12/2025;23/12/2025;23/12/2026;;;Ata de Registro de Preços;Não;Dado não disponível na API do governo;;
atas_manuais.json;2026-04-01 12:16:29;00193/2025;10673078000120-1-000077/2025-000016;10673078000120-1-000077/2025;;;;05;Pregão;158132;INST.FED.DE EDUC.,CIENC.E TEC.DO MAT.G.DO SUL;22/12/2025;23/12/2025;23/12/2026;;;Ata de Registro de Preços;Não;Dado não disponível na API do governo;;
atas_manuais.json;2026-04-01 12:16:29;00195/2025;10673078000120-1-000077/2025-000018;10673078000120-1-000077/2025;;;;05;Pregão;158132;INST.FED.DE EDUC.,CIENC.E TEC.DO MAT.G.DO SUL;22/12/2025;23/12/2025;23/12/2026;;;Ata de Registro de Preços;Não;Dado não disponível na API do governo;;
atas_manuais.json;2026-04-01 12:16:29;00201/2025;10673078000120-1-000077/2025-000019;10673078000120-1-000077/2025;;;;05;Pregão;158132;INST.FED.DE EDUC.,CIENC.E TEC.DO MAT.G.DO SUL;22/12/2025;23/12/2025;23/12/2026;;;Ata de Registro de Preços;Não;Dado não disponível na API do governo;;
atas_manuais.json;2026-04-01 12:16:29;00210/2025;10673078000120-1-000087/2025-000001;10673078000120-1-000087/2025;;;;05;Pregão;158132;INST.FED.DE EDUC.,CIENC.E TEC.DO MAT.G.DO SUL;22/12/2025;23/12/2025;23/12/2026;;;Ata de Registro de Preços;Não;Dado não disponível na API do governo;;
atas_manuais.json;2026-04-01 12:16:29;00209/2025;10673078000120-1-000096/2025-000002;10673078000120-1-000096/2025;15813205902792025;;;05;Pregão;158132;INST.FED.DE EDUC.,CIENC.E TEC.DO MAT.G.DO SUL;22/12/2025;23/12/2025;23/12/2026;;;Ata de Registro de Preços;Não;Dado não disponível na API do governo;;
atas_manuais.json;2026-04-01 12:16:29;00205/2025;10673078000120-1-000096/2025-000003;10673078000120-1-000096/2025;15813205902792025;;;05;Pregão;158132;INST.FED.DE EDUC.,CIENC.E TEC.DO MAT.G.DO SUL;22/12/2025;23/12/2025;23/12/2026;;;Ata de Registro de Preços;Não;Dado não disponível na API do governo;;
atas_manuais.json;2026-04-01 12:16:29;00207/2025;10673078000120-1-000096/2025-000004;10673078000120-1-000096/2025;15813205902792025;;;05;Pregão;158132;INST.FED.DE EDUC.,CIENC.E TEC.DO MAT.G.DO SUL;22/12/2025;23/12/2025;23/12/2026;;;Ata de Registro de Preços;Não;Dado não disponível na API do governo;;
atas_manuais.json;2026-04-01 12:16:29;00211/2025;10673078000120-1-000112/2025-000001;10673078000120-1-000112/2025;;;;05;Pregão;158132;INST.FED.DE EDUC.,CIENC.E TEC.DO MAT.G.DO SUL;22/12/2025;23/12/2025;23/12/2026;;;Ata de Registro de Preços;Não;Dado não disponível na API do governo;;
atas_manuais.json;2026-04-01 12:16:29;00059/2025;10673078000120-1-000065/2025-000001;10673078000120-1-000065/2025;15813206001972025;00197;2025;06;Dispensa;158132;INST.FED.DE EDUC.,CIENC.E TEC.DO MAT.G.DO SUL;23/07/2025;24/07/2025;23/07/2026;;;Ata de Registro de Preços;Não;Dado não disponível na API do governo;;
atas_manuais.json;2026-04-01 12:16:29;00263/2025;10673078000120-1-000075/2025-000001;10673078000120-1-000075/2025;15813206002632025;00263;2025;06;Dispensa;158132;INST.FED.DE EDUC.,CIENC.E TEC.DO MAT.G.DO SUL;23/09/2025;24/09/2025;24/09/2026;;;Ata de Registro de Preços;Não;Dado não disponível na API do governo;;
atas_manuais.json;2026-04-01 12:16:29;99263/2025;10673078000120-1-000075/2025-000002;10673078000120-1-000075/2025;15813206002632025;00263;2025;06;Dispensa;158132;INST.FED.DE EDUC.,CIENC.E TEC.DO MAT.G.DO SUL;23/09/2025;24/09/2025;24/09/2026;;;Ata de Registro de Preços;Não;Dado não disponível na API do governo;;
atas_manuais.json;2026-04-01 12:16:29;00077/2024;10673078000120-1-000056/2024-000003;10673078000120-1-000056/2024;15813205900132024;90013;2024;05;Pregão;158132;INST.FED.DE EDUC.,CIENC.E TEC.DO MAT.G.DO SUL;23/10/2024;24/10/2024;24/10/2025;;;Ata de Registro de Preços;Não;Dado não disponível na API do governo;;
atas_RT_2026_p1.json;2026-04-01 14:59:58;00006/2026;10673078000120-1-000007/2026-000001;10673078000120-1-000007/2026;15813206000562026;00056;2026;06;Dispensa;158132;INST.FED.DE EDUC.,CIENC.E TEC.DO MAT.G.DO SUL;24/02/2026;25/02/2026;25/02/2027;1020,00;2;Ata de Registro de Preços;Não;Aquisição de equipamentos necessários à implantação de circuito fechado de televisão (CFTV) para o videomonitoramento nos campi do IFMS,;https://pncp.gov.br/app/atas/10673078000120/2026/7/1;https://pncp.gov.br/app/editais/10673078000120/2026/000007
atas_manuais.json;2026-04-01 12:16:29;00006/2024;10673078000120-1-000095/2023-000001;10673078000120-1-000095/2023;15813205000342023;00034;2023;05;Pregão;158132;INST.FED.DE EDUC.,CIENC.E TEC.DO MAT.G.DO SUL;20/03/2024;25/03/2024;25/03/2025;;;Ata de Registro de Preços;Não;Dado não disponível na API do governo;;
atas_manuais.json;2026-04-01 12:16:29;00007/2024;10673078000120-1-000095/2023-000002;10673078000120-1-000095/2023;15813205000342023;00034;2023;05;Pregão;158132;INST.FED.DE EDUC.,CIENC.E TEC.DO MAT.G.DO SUL;21/03/2024;25/03/2024;25/03/2025;;;Ata de Registro de Preços;Não;Dado não disponível na API do governo;;
atas_manuais.json;2026-04-01 12:16:29;00008/2024;10673078000120-1-000095/2023-000003;10673078000120-1-000095/2023;15813205000342023;00034;2023;05;Pregão;158132;INST.FED.DE EDUC.,CIENC.E TEC.DO MAT.G.DO SUL;20/03/2024;25/03/2024;25/03/2025;;;Ata de Registro de Preços;Não;Dado não disponível na API do governo;;
atas_manuais.json;2026-04-01 12:16:29;00009/2024;10673078000120-1-000095/2023-000004;10673078000120-1-000095/2023;15813205000342023;00034;2023;05;Pregão;158132;INST.FED.DE EDUC.,CIENC.E TEC.DO MAT.G.DO SUL;20/03/2024;25/03/2024;25/03/2025;;;Ata de Registro de Preços;Não;Dado não disponível na API do governo;;
atas_manuais.json;2026-04-01 12:16:29;00015/2025;10673078000120-1-000025/2025-000001;10673078000120-1-000025/2025;15813206001812025;00181;2025;06;Dispensa;158132;INST.FED.DE EDUC.,CIENC.E TEC.DO MAT.G.DO SUL;24/03/2025;25/03/2025;25/03/2026;;;Ata de Registro de Preços;Não;Dado não disponível na API do governo;;
atas_manuais.json;2026-04-01 12:16:29;00064/2025;10673078000120-1-000056/2025-000016;10673078000120-1-000056/2025;15813205901072025;90107;2025;05;Pregão;158132;INST.FED.DE EDUC.,CIENC.E TEC.DO MAT.G.DO SUL;15/08/2025;25/08/2025;25/08/2026;;;Ata de Registro de Preços;Não;Dado não disponível na API do governo;;
atas_manuais.json;2026-04-01 12:16:29;00117/2025;10673078000120-1-000082/2025-000001;10673078000120-1-000082/2025;15813206002552025;00255;2025;06;Dispensa;158132;INST.FED.DE EDUC.,CIENC.E TEC.DO MAT.G.DO SUL;24/09/2025;25/09/2025;25/09/2026;;;Ata de Registro de Preços;Não;Dado não disponível na API do governo;;
atas_manuais.json;2026-04-01 12:16:29;00080/2024;10673078000120-1-000052/2024-000001;10673078000120-1-000052/2024;15813205902152024;90215;2024;05;Pregão;158132;INST.FED.DE EDUC.,CIENC.E TEC.DO MAT.G.DO SUL;24/10/2024;25/10/2024;25/10/2026;;;Ata de Registro de Preços;Não;Dado não disponível na API do governo;;
atas_manuais.json;2026-04-01 12:16:29;00081/2024;10673078000120-1-000052/2024-000002;10673078000120-1-000052/2024;15813205902152024;90215;2024;05;Pregão;158132;INST.FED.DE EDUC.,CIENC.E TEC.DO MAT.G.DO SUL;24/10/2024;25/10/2024;25/10/2025;;;Ata de Registro de Preços;Não;Dado não disponível na API do governo;;
atas_manuais.json;2026-04-01 12:16:29;00076/2024;10673078000120-1-000056/2024-000002;10673078000120-1-000056/2024;15813205900132024;90013;2024;05;Pregão;158132;INST.FED.DE EDUC.,CIENC.E TEC.DO MAT.G.DO SUL;24/10/2024;25/10/2024;24/10/2025;;;Ata de Registro de Preços;Não;Dado não disponível na API do governo;;
atas_manuais.json;2026-04-01 12:16:29;00032/2024;10673078000120-1-000034/2024-000013;10673078000120-1-000034/2024;15813205900052024;90005;2024;05;Pregão;158132;INST.FED.DE EDUC.,CIENC.E TEC.DO MAT.G.DO SUL;22/08/2024;26/08/2024;26/08/2025;;;Ata de Registro de Preços;Não;Dado não disponível na API do governo;;
atas_manuais.json;2026-04-01 12:16:29;00033/2024;10673078000120-1-000034/2024-000014;10673078000120-1-000034/2024;15813205900052024;90005;2024;05;Pregão;158132;INST.FED.DE EDUC.,CIENC.E TEC.DO MAT.G.DO SUL;23/08/2024;26/08/2024;26/08/2026;;;Ata de Registro de Preços;Não;Dado não disponível na API do governo;;
atas_manuais.json;2026-04-01 12:16:29;00082/2024;10673078000120-1-000070/2024-000001;10673078000120-1-000070/2024;15813205902592024;90259;2024;05;Pregão;158132;INST.FED.DE EDUC.,CIENC.E TEC.DO MAT.G.DO SUL;23/12/2024;26/12/2024;26/12/2025;;;Ata de Registro de Preços;Não;Dado não disponível na API do governo;;
atas_manuais.json;2026-04-01 12:16:29;00100/2024;10673078000120-1-000070/2024-000002;10673078000120-1-000070/2024;15813205902592024;90259;2024;05;Pregão;158132;INST.FED.DE EDUC.,CIENC.E TEC.DO MAT.G.DO SUL;23/12/2024;26/12/2024;26/12/2025;;;Ata de Registro de Preços;Não;Dado não disponível na API do governo;;
atas_manuais.json;2026-04-01 12:16:29;00099/2024;10673078000120-1-000070/2024-000003;10673078000120-1-000070/2024;15813205902592024;90259;2024;05;Pregão;158132;INST.FED.DE EDUC.,CIENC.E TEC.DO MAT.G.DO SUL;23/12/2024;26/12/2024;26/12/2025;;;Ata de Registro de Preços;Não;Dado não disponível na API do governo;;
atas_manuais.json;2026-04-01 12:16:29;00098/2024;10673078000120-1-000070/2024-000004;10673078000120-1-000070/2024;15813205902592024;90259;2024;05;Pregão;158132;INST.FED.DE EDUC.,CIENC.E TEC.DO MAT.G.DO SUL;23/12/2024;26/12/2024;26/12/2025;;;Ata de Registro de Preços;Não;Dado não disponível na API do governo;;
atas_manuais.json;2026-04-01 12:16:29;00101/2024;10673078000120-1-000070/2024-000005;10673078000120-1-000070/2024;15813205902592024;90259;2024;05;Pregão;158132;INST.FED.DE EDUC.,CIENC.E TEC.DO MAT.G.DO SUL;23/12/2024;26/12/2024;26/12/2025;;;Ata de Registro de Preços;Não;Dado não disponível na API do governo;;
atas_manuais.json;2026-04-01 12:16:29;00821/2024;10673078000120-1-000070/2024-000006;10673078000120-1-000070/2024;15813205902592024;90259;2024;05;Pregão;158132;INST.FED.DE EDUC.,CIENC.E TEC.DO MAT.G.DO SUL;23/12/2024;26/12/2024;26/12/2025;;;Ata de Registro de Preços;Não;Dado não disponível na API do governo;;
atas_manuais.json;2026-04-01 12:16:29;00102/2024;10673078000120-1-000087/2024-000001;10673078000120-1-000087/2024;15813205902412024;90241;2024;05;Pregão;158132;INST.FED.DE EDUC.,CIENC.E TEC.DO MAT.G.DO SUL;23/12/2024;26/12/2024;26/12/2025;;;Ata de Registro de Preços;Não;Dado não disponível na API do governo;;
atas_manuais.json;2026-04-01 12:16:29;00005/2024;10673078000120-1-000092/2023-000001;10673078000120-1-000092/2023;15813205000182023;00018;2023;05;Pregão;158132;INST.FED.DE EDUC.,CIENC.E TEC.DO MAT.G.DO SUL;26/02/2024;27/02/2024;27/02/2025;;;Ata de Registro de Preços;Não;Dado não disponível na API do governo;;
atas_manuais.json;2026-04-01 12:16:29;00011/2024;10673078000120-1-000094/2023-000001;10673078000120-1-000094/2023;15813205000372023;00037;2023;05;Pregão;158132;INST.FED.DE EDUC.,CIENC.E TEC.DO MAT.G.DO SUL;26/03/2024;27/03/2024;27/03/2025;;;Ata de Registro de Preços;Não;Dado não disponível na API do governo;;
atas_manuais.json;2026-04-01 12:16:29;00027/2024;10673078000120-1-000034/2024-000020;10673078000120-1-000034/2024;15813205900052024;90005;2024;05;Pregão;158132;INST.FED.DE EDUC.,CIENC.E TEC.DO MAT.G.DO SUL;26/08/2024;27/08/2024;27/08/2025;;;Ata de Registro de Preços;Não;Dado não disponível na API do governo;;
atas_manuais.json;2026-04-01 12:16:29;00039/2024;10673078000120-1-000034/2024-000021;10673078000120-1-000034/2024;15813205900052024;90005;2024;05;Pregão;158132;INST.FED.DE EDUC.,CIENC.E TEC.DO MAT.G.DO SUL;26/08/2024;27/08/2024;27/08/2026;;;Ata de Registro de Preços;Não;Dado não disponível na API do governo;;
atas_manuais.json;2026-04-01 12:16:29;00215/2025;10673078000120-1-000103/2025-000001;10673078000120-1-000103/2025;;;;05;Pregão;158132;INST.FED.DE EDUC.,CIENC.E TEC.DO MAT.G.DO SUL;26/12/2025;27/12/2025;27/12/2026;;;Ata de Registro de Preços;Não;Dado não disponível na API do governo;;
atas_manuais.json;2026-04-01 12:16:29;00213/2025;10673078000120-1-000103/2025-000002;10673078000120-1-000103/2025;;;;05;Pregão;158132;INST.FED.DE EDUC.,CIENC.E TEC.DO MAT.G.DO SUL;26/12/2025;27/12/2025;27/12/2026;;;Ata de Registro de Preços;Não;Dado não disponível na API do governo;;
atas_manuais.json;2026-04-01 12:16:29;00214/2025;10673078000120-1-000103/2025-000003;10673078000120-1-000103/2025;;;;05;Pregão;158132;INST.FED.DE EDUC.,CIENC.E TEC.DO MAT.G.DO SUL;26/12/2025;27/12/2025;27/12/2026;;;Ata de Registro de Preços;Não;Dado não disponível na API do governo;;
atas_manuais.json;2026-04-01 12:16:29;00212/2025;10673078000120-1-000103/2025-000004;10673078000120-1-000103/2025;;;;05;Pregão;158132;INST.FED.DE EDUC.,CIENC.E TEC.DO MAT.G.DO SUL;26/12/2025;27/12/2025;27/12/2026;;;Ata de Registro de Preços;Não;Dado não disponível na API do governo;;
atas_RT_2026_p1.json;2026-04-01 14:59:58;00005/2026;10673078000120-1-000103/2025-000005;10673078000120-1-000103/2025;15813205902752025;90275;2026;05;Pregão;158132;INST.FED.DE EDUC.,CIENC.E TEC.DO MAT.G.DO SUL;27/01/2026;28/01/2026;28/01/2027;71258,00;;Ata de Registro de Preços;Não;Contratação de forma continuada, sob demanda, de materiais comuns para atender as demandas dos laboratórios do IFMS nos Campi de Campo Grande (CG), Aquidauana (AQ), Corumbá (CG) e Três Lagoas (TL);https://pncp.gov.br/app/atas/10673078000120/2025/103/5;https://pncp.gov.br/app/editais/10673078000120/2025/000103
atas_manuais.json;2026-04-01 12:16:29;00016/2025;10673078000120-1-000018/2025-000001;10673078000120-1-000018/2025;15813205901282025;90128;2025;05;Pregão;158132;INST.FED.DE EDUC.,CIENC.E TEC.DO MAT.G.DO SUL;25/04/2025;28/04/2025;27/04/2026;;;Ata de Registro de Preços;Não;Dado não disponível na API do governo;;
atas_manuais.json;2026-04-01 12:16:29;00071/2024;10673078000120-1-000043/2024-000001;10673078000120-1-000043/2024;15813205900032024;90003;2024;05;Pregão;158132;INST.FED.DE EDUC.,CIENC.E TEC.DO MAT.G.DO SUL;27/08/2024;28/08/2024;28/08/2026;;;Ata de Registro de Preços;Não;Dado não disponível na API do governo;;
atas_manuais.json;2026-04-01 12:16:29;00002/2023;10673078000120-1-000030/2023-000001;10673078000120-1-000030/2023;15813205000172023;00017;2023;05;Pregão;158132;INST.FED.DE EDUC.,CIENC.E TEC.DO MAT.G.DO SUL;27/10/2023;28/10/2023;28/10/2024;;;Ata de Registro de Preços;Não;Dado não disponível na API do governo;;
atas_manuais.json;2026-04-01 12:16:29;00003/2023;10673078000120-1-000030/2023-000002;10673078000120-1-000030/2023;15813205000172023;00017;2023;05;Pregão;158132;INST.FED.DE EDUC.,CIENC.E TEC.DO MAT.G.DO SUL;27/10/2023;28/10/2023;28/10/2024;;;Ata de Registro de Preços;Não;Dado não disponível na API do governo;;
atas_manuais.json;2026-04-01 12:16:29;00004/2023;10673078000120-1-000030/2023-000003;10673078000120-1-000030/2023;15813205000172023;00017;2023;05;Pregão;158132;INST.FED.DE EDUC.,CIENC.E TEC.DO MAT.G.DO SUL;27/10/2023;28/10/2023;28/10/2024;;;Ata de Registro de Preços;Não;Dado não disponível na API do governo;;
atas_manuais.json;2026-04-01 12:16:29;00005/2023;10673078000120-1-000030/2023-000004;10673078000120-1-000030/2023;15813205000172023;00017;2023;05;Pregão;158132;INST.FED.DE EDUC.,CIENC.E TEC.DO MAT.G.DO SUL;27/10/2023;28/10/2023;28/10/2024;;;Ata de Registro de Preços;Não;Dado não disponível na API do governo;;
atas_manuais.json;2026-04-01 12:16:29;00006/2023;10673078000120-1-000030/2023-000005;10673078000120-1-000030/2023;15813205000172023;00017;2023;05;Pregão;158132;INST.FED.DE EDUC.,CIENC.E TEC.DO MAT.G.DO SUL;27/10/2023;28/10/2023;28/10/2024;;;Ata de Registro de Preços;Não;Dado não disponível na API do governo;;
atas_manuais.json;2026-04-01 12:16:29;00007/2023;10673078000120-1-000030/2023-000006;10673078000120-1-000030/2023;15813205000172023;00017;2023;05;Pregão;158132;INST.FED.DE EDUC.,CIENC.E TEC.DO MAT.G.DO SUL;27/10/2023;28/10/2023;24/10/2025;;;Ata de Registro de Preços;Não;Dado não disponível na API do governo;;
atas_manuais.json;2026-04-01 12:16:29;00008/2023;10673078000120-1-000030/2023-000007;10673078000120-1-000030/2023;15813205000172023;00017;2023;05;Pregão;158132;INST.FED.DE EDUC.,CIENC.E TEC.DO MAT.G.DO SUL;27/10/2023;28/10/2023;28/10/2024;;;Ata de Registro de Preços;Não;Dado não disponível na API do governo;;
atas_manuais.json;2026-04-01 12:16:29;00009/2023;10673078000120-1-000030/2023-000008;10673078000120-1-000030/2023;15813205000172023;00017;2023;05;Pregão;158132;INST.FED.DE EDUC.,CIENC.E TEC.DO MAT.G.DO SUL;27/10/2023;28/10/2023;28/10/2024;;;Ata de Registro de Preços;Não;Dado não disponível na API do governo;;
atas_manuais.json;2026-04-01 12:16:29;00010/2023;10673078000120-1-000030/2023-000009;10673078000120-1-000030/2023;15813205000172023;00017;2023;05;Pregão;158132;INST.FED.DE EDUC.,CIENC.E TEC.DO MAT.G.DO SUL;27/10/2023;28/10/2023;28/10/2024;;;Ata de Registro de Preços;Não;Dado não disponível na API do governo;;
atas_manuais.json;2026-04-01 12:16:29;00011/2023;10673078000120-1-000030/2023-000010;10673078000120-1-000030/2023;15813205000172023;00017;2023;05;Pregão;158132;INST.FED.DE EDUC.,CIENC.E TEC.DO MAT.G.DO SUL;27/10/2023;28/10/2023;28/10/2024;;;Ata de Registro de Preços;Não;Dado não disponível na API do governo;;
atas_manuais.json;2026-04-01 12:16:29;00012/2023;10673078000120-1-000030/2023-000011;10673078000120-1-000030/2023;15813205000172023;00017;2023;05;Pregão;158132;INST.FED.DE EDUC.,CIENC.E TEC.DO MAT.G.DO SUL;27/10/2023;28/10/2023;28/10/2024;;;Ata de Registro de Preços;Não;Dado não disponível na API do governo;;
atas_manuais.json;2026-04-01 12:16:29;00013/2023;10673078000120-1-000030/2023-000012;10673078000120-1-000030/2023;15813205000172023;00017;2023;05;Pregão;158132;INST.FED.DE EDUC.,CIENC.E TEC.DO MAT.G.DO SUL;27/10/2023;28/10/2023;28/10/2024;;;Ata de Registro de Preços;Não;Dado não disponível na API do governo;;
atas_manuais.json;2026-04-01 12:16:29;00014/2023;10673078000120-1-000030/2023-000013;10673078000120-1-000030/2023;15813205000172023;00017;2023;05;Pregão;158132;INST.FED.DE EDUC.,CIENC.E TEC.DO MAT.G.DO SUL;27/10/2023;28/10/2023;28/10/2025;;;Ata de Registro de Preços;Não;Dado não disponível na API do governo;;
atas_manuais.json;2026-04-01 12:16:29;00015/2023;10673078000120-1-000030/2023-000014;10673078000120-1-000030/2023;15813205000172023;00017;2023;05;Pregão;158132;INST.FED.DE EDUC.,CIENC.E TEC.DO MAT.G.DO SUL;27/10/2023;28/10/2023;28/10/2025;;;Ata de Registro de Preços;Não;Dado não disponível na API do governo;;
atas_manuais.json;2026-04-01 12:16:29;00016/2023;10673078000120-1-000030/2023-000015;10673078000120-1-000030/2023;15813205000172023;00017;2023;05;Pregão;158132;INST.FED.DE EDUC.,CIENC.E TEC.DO MAT.G.DO SUL;27/10/2023;28/10/2023;28/10/2024;;;Ata de Registro de Preços;Não;Dado não disponível na API do governo;;
atas_manuais.json;2026-04-01 12:16:29;00017/2023;10673078000120-1-000030/2023-000016;10673078000120-1-000030/2023;15813205000172023;00017;2023;05;Pregão;158132;INST.FED.DE EDUC.,CIENC.E TEC.DO MAT.G.DO SUL;27/10/2023;28/10/2023;28/10/2024;;;Ata de Registro de Preços;Não;Dado não disponível na API do governo;;
atas_manuais.json;2026-04-01 12:16:29;00018/2023;10673078000120-1-000030/2023-000017;10673078000120-1-000030/2023;15813205000172023;00017;2023;05;Pregão;158132;INST.FED.DE EDUC.,CIENC.E TEC.DO MAT.G.DO SUL;27/10/2023;28/10/2023;28/10/2024;;;Ata de Registro de Preços;Não;Dado não disponível na API do governo;;
atas_manuais.json;2026-04-01 12:16:29;00019/2023;10673078000120-1-000030/2023-000018;10673078000120-1-000030/2023;15813205000172023;00017;2023;05;Pregão;158132;INST.FED.DE EDUC.,CIENC.E TEC.DO MAT.G.DO SUL;27/10/2023;28/10/2023;28/10/2024;;;Ata de Registro de Preços;Não;Dado não disponível na API do governo;;
atas_manuais.json;2026-04-01 12:16:29;00003/2024;10673078000120-1-000068/2023-000013;10673078000120-1-000068/2023;15813205000262023;00026;2023;05;Pregão;158132;INST.FED.DE EDUC.,CIENC.E TEC.DO MAT.G.DO SUL;26/01/2024;29/01/2024;29/01/2026;;;Ata de Registro de Preços;Não;Dado não disponível na API do governo;;
atas_manuais.json;2026-04-01 12:16:29;00002/2025;10673078000120-1-000127/2024-000001;10673078000120-1-000127/2024;15813205900272024;90027;2024;05;Pregão;158132;INST.FED.DE EDUC.,CIENC.E TEC.DO MAT.G.DO SUL;28/01/2025;29/01/2025;29/01/2026;;;Ata de Registro de Preços;Não;Dado não disponível na API do governo;;
atas_manuais.json;2026-04-01 12:16:29;00057/2025;10673078000120-1-000034/2025-000002;10673078000120-1-000034/2025;15813205900872025;90087;2025;05;Pregão;158132;INST.FED.DE EDUC.,CIENC.E TEC.DO MAT.G.DO SUL;18/07/2025;29/07/2025;29/07/2026;;;Ata de Registro de Preços;Não;Dado não disponível na API do governo;;
atas_manuais.json;2026-04-01 12:16:29;00100/2025;10673078000120-1-000058/2025-000013;10673078000120-1-000058/2025;15813205900922025;90092;2025;05;Pregão;158132;INST.FED.DE EDUC.,CIENC.E TEC.DO MAT.G.DO SUL;28/08/2025;29/08/2025;29/08/2026;;;Ata de Registro de Preços;Não;Dado não disponível na API do governo;;
atas_manuais.json;2026-04-01 12:16:29;00102/2025;10673078000120-1-000058/2025-000014;10673078000120-1-000058/2025;15813205900922025;90092;2025;05;Pregão;158132;INST.FED.DE EDUC.,CIENC.E TEC.DO MAT.G.DO SUL;28/08/2025;29/08/2025;29/08/2026;;;Ata de Registro de Preços;Não;Dado não disponível na API do governo;;
atas_manuais.json;2026-04-01 12:16:29;00112/2025;10673078000120-1-000058/2025-000015;10673078000120-1-000058/2025;15813205900922025;90092;2025;05;Pregão;158132;INST.FED.DE EDUC.,CIENC.E TEC.DO MAT.G.DO SUL;28/08/2025;29/08/2025;29/08/2026;;;Ata de Registro de Preços;Não;Dado não disponível na API do governo;;
atas_manuais.json;2026-04-01 12:16:29;00206/2025;10673078000120-1-000096/2025-000005;10673078000120-1-000096/2025;15813205902792025;;;05;Pregão;158132;INST.FED.DE EDUC.,CIENC.E TEC.DO MAT.G.DO SUL;26/12/2025;29/12/2025;29/12/2026;;;Ata de Registro de Preços;Não;Dado não disponível na API do governo;;
atas_manuais.json;2026-04-01 12:16:29;00030/2024;10673078000120-1-000034/2024-000023;10673078000120-1-000034/2024;15813205900052024;90005;2024;05;Pregão;158132;INST.FED.DE EDUC.,CIENC.E TEC.DO MAT.G.DO SUL;29/08/2024;30/08/2024;30/08/2026;;;Ata de Registro de Preços;Não;Dado não disponível na API do governo;;
atas_manuais.json;2026-04-01 12:16:29;00097/2024;10673078000120-1-000070/2024-000007;10673078000120-1-000070/2024;15813205902592024;90259;2024;05;Pregão;158132;INST.FED.DE EDUC.,CIENC.E TEC.DO MAT.G.DO SUL;28/12/2024;30/12/2024;30/12/2025;;;Ata de Registro de Preços;Não;Dado não disponível na API do governo;;
