arquivo_origem;data_extracao;numero_ata;numero_controle_pncp_ata;numero_controle_pncp_compra;id_compra;numero_item;numero_compra;ano_compra;modalidade_codigo;modalidade_nome;uasg_codigo;uasg_nome;codigo_item;codigo_pdm;nome_pdm;tipo_item;descricao_item;fornecedor_cnpj;fornecedor_nome;classificacao_fornecedor;situacao_sicaf;quantidade_homologada_item;quantidade_homologada_vencedor;quantidade_empenhada;maximo_adesao;valor_unitario;valor_total;percentual_maior_desconto;data_assinatura;data_vigencia_inicial;data_vigencia_final;item_excluido;data_inclusao;data_atualizacao
atas_itens_RT_2024_p1.json;2026-07-29 14:27:28;00010/2024;10673078000120-1-000002/2024-000001;10673078000120-1-000002/2024;15813205900082024;00001;90008;2024;05;Pregão;158132;INST.FED.DE EDUC.,CIENC.E TEC.DO MAT.G.DO SUL;15008;;;Serviço;Prestação de Serviços de Motorista, categoria D, Reitoria;08720790000191;POLO ADMINISTRACAO LTDA;001;1;60,00;60,00;0,00;120,00;5026,29;301577,40;0,00;15/03/2024;16/03/2024;16/03/2025;Não;15/03/2024;15/03/2024
atas_itens_RT_2024_p1.json;2026-07-29 14:27:28;00010/2024;10673078000120-1-000002/2024-000001;10673078000120-1-000002/2024;15813205900082024;00002;90008;2024;05;Pregão;158132;INST.FED.DE EDUC.,CIENC.E TEC.DO MAT.G.DO SUL;15008;;;Serviço;Prestação de Serviços de Motorista, Hora extra Diurna, Reitoria.;08720790000191;POLO ADMINISTRACAO LTDA;001;1;600,00;600,00;0,00;1200,00;27,41;16446,00;0,00;15/03/2024;16/03/2024;16/03/2025;Não;15/03/2024;15/03/2024
atas_itens_RT_2024_p1.json;2026-07-29 14:27:28;00010/2024;10673078000120-1-000002/2024-000001;10673078000120-1-000002/2024;15813205900082024;00003;90008;2024;05;Pregão;158132;INST.FED.DE EDUC.,CIENC.E TEC.DO MAT.G.DO SUL;15008;;;Serviço;Prestação de Serviços de Motorista, Hora extra Noturna (22h a 5h), Reitoria.;08720790000191;POLO ADMINISTRACAO LTDA;001;1;150,00;150,00;0,00;300,00;36,53;5479,50;0,00;15/03/2024;16/03/2024;16/03/2025;Não;15/03/2024;15/03/2024
atas_itens_RT_2024_p1.json;2026-07-29 14:27:28;00010/2024;10673078000120-1-000002/2024-000001;10673078000120-1-000002/2024;15813205900082024;00004;90008;2024;05;Pregão;158132;INST.FED.DE EDUC.,CIENC.E TEC.DO MAT.G.DO SUL;15008;;;Serviço;Prestação de Serviços de Motorista, Hora extra Finais semana e feriados, Reito ria;08720790000191;POLO ADMINISTRACAO LTDA;001;1;90,00;90,00;0,00;180,00;36,53;3287,70;0,00;15/03/2024;16/03/2024;16/03/2025;Não;15/03/2024;15/03/2024
atas_itens_RT_2024_p1.json;2026-07-29 14:27:28;00010/2024;10673078000120-1-000002/2024-000001;10673078000120-1-000002/2024;15813205900082024;00005;90008;2024;05;Pregão;158132;INST.FED.DE EDUC.,CIENC.E TEC.DO MAT.G.DO SUL;15008;;;Serviço;Prestação de Serviços de Motorista, Diária no pais, Reitoria.;08720790000191;POLO ADMINISTRACAO LTDA;001;1;225,00;225,00;0,00;450,00;319,99;71997,75;0,00;15/03/2024;16/03/2024;16/03/2025;Não;15/03/2024;15/03/2024
atas_itens_RT_2024_p1.json;2026-07-29 14:27:28;00010/2024;10673078000120-1-000002/2024-000001;10673078000120-1-000002/2024;15813205900082024;00006;90008;2024;05;Pregão;158132;INST.FED.DE EDUC.,CIENC.E TEC.DO MAT.G.DO SUL;15008;;;Serviço;Prestação de Serviços de Motorista, categoria D, Campus Aquidauana.;08720790000191;POLO ADMINISTRACAO LTDA;001;1;12,00;12,00;0,00;24,00;5024,12;60289,44;0,00;15/03/2024;16/03/2024;16/03/2025;Não;15/03/2024;15/03/2024
atas_itens_RT_2024_p1.json;2026-07-29 14:27:28;00010/2024;10673078000120-1-000002/2024-000001;10673078000120-1-000002/2024;15813205900082024;00007;90008;2024;05;Pregão;158132;INST.FED.DE EDUC.,CIENC.E TEC.DO MAT.G.DO SUL;15008;;;Serviço;Prestação de Serviços de Motorista, Diária integral (Nacional), Campus Aquidau ana.;08720790000191;POLO ADMINISTRACAO LTDA;001;1;48,00;48,00;0,00;96,00;319,99;15359,52;0,00;15/03/2024;16/03/2024;16/03/2025;Não;15/03/2024;15/03/2024
atas_itens_RT_2024_p1.json;2026-07-29 14:27:28;00010/2024;10673078000120-1-000002/2024-000001;10673078000120-1-000002/2024;15813205900082024;00008;90008;2024;05;Pregão;158132;INST.FED.DE EDUC.,CIENC.E TEC.DO MAT.G.DO SUL;15008;;;Serviço;Prestação de Serviços de Motorista, Motorista categoria D, Campus Campo Grande .;08720790000191;POLO ADMINISTRACAO LTDA;001;1;12,00;12,00;0,00;24,00;5023,59;60283,08;0,00;15/03/2024;16/03/2024;16/03/2025;Não;15/03/2024;15/03/2024
atas_itens_RT_2024_p1.json;2026-07-29 14:27:28;00010/2024;10673078000120-1-000002/2024-000001;10673078000120-1-000002/2024;15813205900082024;00009;90008;2024;05;Pregão;158132;INST.FED.DE EDUC.,CIENC.E TEC.DO MAT.G.DO SUL;15008;;;Serviço;Prestação de Serviços de Motorista,Hora extra Diurna, Campus Campo Grande.;08720790000191;POLO ADMINISTRACAO LTDA;001;1;144,00;144,00;0,00;288,00;27,41;3947,04;0,00;15/03/2024;16/03/2024;16/03/2025;Não;15/03/2024;15/03/2024
atas_itens_RT_2024_p1.json;2026-07-29 14:27:28;00010/2024;10673078000120-1-000002/2024-000001;10673078000120-1-000002/2024;15813205900082024;00010;90008;2024;05;Pregão;158132;INST.FED.DE EDUC.,CIENC.E TEC.DO MAT.G.DO SUL;15008;;;Serviço;Prestação de Serviços de Motorista, Hora extra noturna, Campus Campo Grande;08720790000191;POLO ADMINISTRACAO LTDA;001;1;144,00;144,00;0,00;288,00;42,27;6086,88;0,00;15/03/2024;16/03/2024;16/03/2025;Não;15/03/2024;15/03/2024
atas_itens_RT_2024_p1.json;2026-07-29 14:27:28;00010/2024;10673078000120-1-000002/2024-000001;10673078000120-1-000002/2024;15813205900082024;00011;90008;2024;05;Pregão;158132;INST.FED.DE EDUC.,CIENC.E TEC.DO MAT.G.DO SUL;15008;;;Serviço;Prestação de Serviços de Motorista, Hora extra finais de semana e feriados, Ca mpus Campo Grande.;08720790000191;POLO ADMINISTRACAO LTDA;001;1;72,00;72,00;0,00;144,00;36,54;2630,88;0,00;15/03/2024;16/03/2024;16/03/2025;Não;15/03/2024;15/03/2024
atas_itens_RT_2024_p1.json;2026-07-29 14:27:28;00010/2024;10673078000120-1-000002/2024-000001;10673078000120-1-000002/2024;15813205900082024;00012;90008;2024;05;Pregão;158132;INST.FED.DE EDUC.,CIENC.E TEC.DO MAT.G.DO SUL;15008;;;Serviço;Prestação de Serviços de Motorista, Diária no país, Campus Campo Grande.;08720790000191;POLO ADMINISTRACAO LTDA;001;1;72,00;72,00;0,00;144,00;319,99;23039,28;0,00;15/03/2024;16/03/2024;16/03/2025;Não;15/03/2024;15/03/2024
atas_itens_RT_2024_p1.json;2026-07-29 14:27:28;00010/2024;10673078000120-1-000002/2024-000001;10673078000120-1-000002/2024;15813205900082024;00013;90008;2024;05;Pregão;158132;INST.FED.DE EDUC.,CIENC.E TEC.DO MAT.G.DO SUL;15008;;;Serviço;Prestação de Serviços de Motorista, categoria D, Campus Corumbá.;08720790000191;POLO ADMINISTRACAO LTDA;001;1;12,00;12,00;0,00;24,00;5027,33;60327,96;0,00;15/03/2024;16/03/2024;16/03/2025;Não;15/03/2024;15/03/2024
atas_itens_RT_2024_p1.json;2026-07-29 14:27:28;00010/2024;10673078000120-1-000002/2024-000001;10673078000120-1-000002/2024;15813205900082024;00014;90008;2024;05;Pregão;158132;INST.FED.DE EDUC.,CIENC.E TEC.DO MAT.G.DO SUL;15008;;;Serviço;Prestação de Serviços de Motorista, Hora extra Diurna, Campus Corumbá;08720790000191;POLO ADMINISTRACAO LTDA;001;1;96,00;96,00;0,00;192,00;27,41;2631,36;0,00;15/03/2024;16/03/2024;16/03/2025;Não;15/03/2024;15/03/2024
atas_itens_RT_2024_p1.json;2026-07-29 14:27:28;00010/2024;10673078000120-1-000002/2024-000001;10673078000120-1-000002/2024;15813205900082024;00015;90008;2024;05;Pregão;158132;INST.FED.DE EDUC.,CIENC.E TEC.DO MAT.G.DO SUL;15008;;;Serviço;Prestação de Serviços de Motorista, Hora extra noturna, Campus Corumbá.;08720790000191;POLO ADMINISTRACAO LTDA;001;1;24,00;24,00;0,00;48,00;36,53;876,72;0,00;15/03/2024;16/03/2024;16/03/2025;Não;15/03/2024;15/03/2024
atas_itens_RT_2024_p1.json;2026-07-29 14:27:28;00010/2024;10673078000120-1-000002/2024-000001;10673078000120-1-000002/2024;15813205900082024;00016;90008;2024;05;Pregão;158132;INST.FED.DE EDUC.,CIENC.E TEC.DO MAT.G.DO SUL;15008;;;Serviço;Prestação de Serviços de Motorista, Hora extra finais de semana e feriados, Ca mpus Corumbá;08720790000191;POLO ADMINISTRACAO LTDA;001;1;24,00;24,00;0,00;48,00;42,28;1014,72;0,00;15/03/2024;16/03/2024;16/03/2025;Não;15/03/2024;15/03/2024
atas_itens_RT_2024_p1.json;2026-07-29 14:27:28;00010/2024;10673078000120-1-000002/2024-000001;10673078000120-1-000002/2024;15813205900082024;00017;90008;2024;05;Pregão;158132;INST.FED.DE EDUC.,CIENC.E TEC.DO MAT.G.DO SUL;15008;;;Serviço;Prestação de Serviços de Motorista, Diária no país, Campus Corumbá.;08720790000191;POLO ADMINISTRACAO LTDA;001;1;36,00;36,00;0,00;72,00;319,99;11519,64;0,00;15/03/2024;16/03/2024;16/03/2025;Não;15/03/2024;15/03/2024
atas_itens_RT_2024_p1.json;2026-07-29 14:27:28;00010/2024;10673078000120-1-000002/2024-000001;10673078000120-1-000002/2024;15813205900082024;00018;90008;2024;05;Pregão;158132;INST.FED.DE EDUC.,CIENC.E TEC.DO MAT.G.DO SUL;15008;;;Serviço;Prestação de Serviços de Motorista, categoria D, Campus Coxim.;08720790000191;POLO ADMINISTRACAO LTDA;001;1;12,00;12,00;0,00;24,00;5027,04;60324,48;0,00;15/03/2024;16/03/2024;16/03/2025;Não;15/03/2024;15/03/2024
atas_itens_RT_2024_p1.json;2026-07-29 14:27:28;00010/2024;10673078000120-1-000002/2024-000001;10673078000120-1-000002/2024;15813205900082024;00019;90008;2024;05;Pregão;158132;INST.FED.DE EDUC.,CIENC.E TEC.DO MAT.G.DO SUL;15008;;;Serviço;Prestação de Serviços de Motorista, Hora extra Diurna, Campus Coxim;08720790000191;POLO ADMINISTRACAO LTDA;001;1;240,00;240,00;0,00;480,00;27,41;6578,40;0,00;15/03/2024;16/03/2024;16/03/2025;Não;15/03/2024;15/03/2024
atas_itens_RT_2024_p1.json;2026-07-29 14:27:28;00010/2024;10673078000120-1-000002/2024-000001;10673078000120-1-000002/2024;15813205900082024;00020;90008;2024;05;Pregão;158132;INST.FED.DE EDUC.,CIENC.E TEC.DO MAT.G.DO SUL;15008;;;Serviço;Prestação de Serviços de Motorista, Hora extra noturna, Campus Coxim.;08720790000191;POLO ADMINISTRACAO LTDA;001;1;120,00;120,00;0,00;240,00;36,55;4386,00;0,00;15/03/2024;16/03/2024;16/03/2025;Não;15/03/2024;15/03/2024
atas_itens_RT_2024_p1.json;2026-07-29 14:27:28;00010/2024;10673078000120-1-000002/2024-000001;10673078000120-1-000002/2024;15813205900082024;00021;90008;2024;05;Pregão;158132;INST.FED.DE EDUC.,CIENC.E TEC.DO MAT.G.DO SUL;15008;;;Serviço;Prestação de Serviços de Motorista, Hora extra finais de semana e feriados, Ca mpus Coxim.;08720790000191;POLO ADMINISTRACAO LTDA;001;1;48,00;48,00;0,00;96,00;42,29;2029,92;0,00;15/03/2024;16/03/2024;16/03/2025;Não;15/03/2024;15/03/2024
atas_itens_RT_2024_p1.json;2026-07-29 14:27:28;00010/2024;10673078000120-1-000002/2024-000001;10673078000120-1-000002/2024;15813205900082024;00022;90008;2024;05;Pregão;158132;INST.FED.DE EDUC.,CIENC.E TEC.DO MAT.G.DO SUL;15008;;;Serviço;Prestação de Serviços de Motorista, Diária no país, Campus Coxim.;08720790000191;POLO ADMINISTRACAO LTDA;001;1;72,00;72,00;0,00;144,00;319,99;23039,28;0,00;15/03/2024;16/03/2024;16/03/2025;Não;15/03/2024;15/03/2024
atas_itens_RT_2024_p1.json;2026-07-29 14:27:28;00010/2024;10673078000120-1-000002/2024-000001;10673078000120-1-000002/2024;15813205900082024;00023;90008;2024;05;Pregão;158132;INST.FED.DE EDUC.,CIENC.E TEC.DO MAT.G.DO SUL;15008;;;Serviço;Prestação de Serviços de Motorista, categoria D, Campus Dourados.;08720790000191;POLO ADMINISTRACAO LTDA;001;1;12,00;12,00;0,00;24,00;4976,37;59716,44;0,00;15/03/2024;16/03/2024;16/03/2025;Não;15/03/2024;15/03/2024
atas_itens_RT_2024_p1.json;2026-07-29 14:27:28;00010/2024;10673078000120-1-000002/2024-000001;10673078000120-1-000002/2024;15813205900082024;00024;90008;2024;05;Pregão;158132;INST.FED.DE EDUC.,CIENC.E TEC.DO MAT.G.DO SUL;15008;;;Serviço;Prestação de Serviços de Motorista, Hora extra Diurna, Campus Dourados.;08720790000191;POLO ADMINISTRACAO LTDA;001;1;120,00;120,00;0,00;240,00;27,41;3289,20;0,00;15/03/2024;16/03/2024;16/03/2025;Não;15/03/2024;15/03/2024
atas_itens_RT_2024_p1.json;2026-07-29 14:27:28;00010/2024;10673078000120-1-000002/2024-000001;10673078000120-1-000002/2024;15813205900082024;00025;90008;2024;05;Pregão;158132;INST.FED.DE EDUC.,CIENC.E TEC.DO MAT.G.DO SUL;15008;;;Serviço;Prestação de Serviços de Motorista, Hora extra noturna, Campus Dourados.;08720790000191;POLO ADMINISTRACAO LTDA;001;1;12,00;12,00;0,00;24,00;36,55;438,60;0,00;15/03/2024;16/03/2024;16/03/2025;Não;15/03/2024;15/03/2024
atas_itens_RT_2024_p1.json;2026-07-29 14:27:28;00010/2024;10673078000120-1-000002/2024-000001;10673078000120-1-000002/2024;15813205900082024;00026;90008;2024;05;Pregão;158132;INST.FED.DE EDUC.,CIENC.E TEC.DO MAT.G.DO SUL;15008;;;Serviço;Prestação de Serviços de Motorista, Hora extra finais de semana e feriados, Ca mpus Dourados.;08720790000191;POLO ADMINISTRACAO LTDA;001;1;48,00;48,00;0,00;96,00;42,29;2029,92;0,00;15/03/2024;16/03/2024;16/03/2025;Não;15/03/2024;15/03/2024
atas_itens_RT_2024_p1.json;2026-07-29 14:27:28;00010/2024;10673078000120-1-000002/2024-000001;10673078000120-1-000002/2024;15813205900082024;00027;90008;2024;05;Pregão;158132;INST.FED.DE EDUC.,CIENC.E TEC.DO MAT.G.DO SUL;15008;;;Serviço;Prestação de Serviços de Motorista, Diária no país, Campus Dourados.;08720790000191;POLO ADMINISTRACAO LTDA;001;1;96,00;96,00;0,00;192,00;319,99;30719,04;0,00;15/03/2024;16/03/2024;16/03/2025;Não;15/03/2024;15/03/2024
atas_itens_RT_2024_p1.json;2026-07-29 14:27:28;00010/2024;10673078000120-1-000002/2024-000001;10673078000120-1-000002/2024;15813205900082024;00028;90008;2024;05;Pregão;158132;INST.FED.DE EDUC.,CIENC.E TEC.DO MAT.G.DO SUL;15008;;;Serviço;Prestação de Serviços de Motorista, categoria D, Campus Jardim;08720790000191;POLO ADMINISTRACAO LTDA;001;1;12,00;12,00;0,00;24,00;5027,80;60333,60;0,00;15/03/2024;16/03/2024;16/03/2025;Não;15/03/2024;15/03/2024
atas_itens_RT_2024_p1.json;2026-07-29 14:27:28;00010/2024;10673078000120-1-000002/2024-000001;10673078000120-1-000002/2024;15813205900082024;00029;90008;2024;05;Pregão;158132;INST.FED.DE EDUC.,CIENC.E TEC.DO MAT.G.DO SUL;15008;;;Serviço;Prestação de Serviços de Motorista, Hora extra Diurna, Campus Jardim.;08720790000191;POLO ADMINISTRACAO LTDA;001;1;180,00;180,00;0,00;360,00;27,41;4933,80;0,00;15/03/2024;16/03/2024;16/03/2025;Não;15/03/2024;15/03/2024
atas_itens_RT_2024_p1.json;2026-07-29 14:27:28;00010/2024;10673078000120-1-000002/2024-000001;10673078000120-1-000002/2024;15813205900082024;00030;90008;2024;05;Pregão;158132;INST.FED.DE EDUC.,CIENC.E TEC.DO MAT.G.DO SUL;15008;;;Serviço;Prestação de Serviços de Motorista, Hora extra noturna, Campus Jardim;08720790000191;POLO ADMINISTRACAO LTDA;001;1;72,00;72,00;0,00;144,00;36,53;2630,16;0,00;15/03/2024;16/03/2024;16/03/2025;Não;15/03/2024;15/03/2024
atas_itens_RT_2024_p1.json;2026-07-29 14:27:28;00010/2024;10673078000120-1-000002/2024-000001;10673078000120-1-000002/2024;15813205900082024;00031;90008;2024;05;Pregão;158132;INST.FED.DE EDUC.,CIENC.E TEC.DO MAT.G.DO SUL;15008;;;Serviço;Prestação de Serviços de Motorista, Hora extra finais de semana e feriados, Ca mpus Jardim.;08720790000191;POLO ADMINISTRACAO LTDA;001;1;48,00;48,00;0,00;96,00;42,29;2029,92;0,00;15/03/2024;16/03/2024;16/03/2025;Não;15/03/2024;15/03/2024
atas_itens_RT_2024_p1.json;2026-07-29 14:27:28;00010/2024;10673078000120-1-000002/2024-000001;10673078000120-1-000002/2024;15813205900082024;00032;90008;2024;05;Pregão;158132;INST.FED.DE EDUC.,CIENC.E TEC.DO MAT.G.DO SUL;15008;;;Serviço;Prestação de Serviços de Motorista, Diária no país, Campus Jardim.;08720790000191;POLO ADMINISTRACAO LTDA;001;1;84,00;84,00;0,00;168,00;319,99;26879,16;0,00;15/03/2024;16/03/2024;16/03/2025;Não;15/03/2024;15/03/2024
atas_itens_RT_2024_p1.json;2026-07-29 14:27:28;00010/2024;10673078000120-1-000002/2024-000001;10673078000120-1-000002/2024;15813205900082024;00033;90008;2024;05;Pregão;158132;INST.FED.DE EDUC.,CIENC.E TEC.DO MAT.G.DO SUL;15008;;;Serviço;Prestação de Serviços de Motorista, categoria D, Campus Naviraí.;08720790000191;POLO ADMINISTRACAO LTDA;001;1;12,00;12,00;0,00;24,00;5039,12;60469,44;0,00;15/03/2024;16/03/2024;16/03/2025;Não;15/03/2024;15/03/2024
atas_itens_RT_2024_p1.json;2026-07-29 14:27:28;00010/2024;10673078000120-1-000002/2024-000001;10673078000120-1-000002/2024;15813205900082024;00034;90008;2024;05;Pregão;158132;INST.FED.DE EDUC.,CIENC.E TEC.DO MAT.G.DO SUL;15008;;;Serviço;Prestação de Serviços de Motorista, Hora extra Diurna, campus Naviraí;08720790000191;POLO ADMINISTRACAO LTDA;001;1;240,00;240,00;0,00;480,00;27,41;6578,40;0,00;15/03/2024;16/03/2024;16/03/2025;Não;15/03/2024;15/03/2024
atas_itens_RT_2024_p1.json;2026-07-29 14:27:28;00010/2024;10673078000120-1-000002/2024-000001;10673078000120-1-000002/2024;15813205900082024;00035;90008;2024;05;Pregão;158132;INST.FED.DE EDUC.,CIENC.E TEC.DO MAT.G.DO SUL;15008;;;Serviço;Prestação de Serviços de Motorista, Hora extra noturna, Campus Naviraí.;08720790000191;POLO ADMINISTRACAO LTDA;001;1;120,00;120,00;0,00;240,00;36,55;4386,00;0,00;15/03/2024;16/03/2024;16/03/2025;Não;15/03/2024;15/03/2024
atas_itens_RT_2024_p1.json;2026-07-29 14:27:28;00010/2024;10673078000120-1-000002/2024-000001;10673078000120-1-000002/2024;15813205900082024;00036;90008;2024;05;Pregão;158132;INST.FED.DE EDUC.,CIENC.E TEC.DO MAT.G.DO SUL;15008;;;Serviço;Prestação de Serviços de Motorista, Hora extra finais de semana e feriados, Ca mpus Navirai.;08720790000191;POLO ADMINISTRACAO LTDA;001;1;48,00;48,00;0,00;96,00;42,29;2029,92;0,00;15/03/2024;16/03/2024;16/03/2025;Não;15/03/2024;15/03/2024
atas_itens_RT_2024_p1.json;2026-07-29 14:27:28;00010/2024;10673078000120-1-000002/2024-000001;10673078000120-1-000002/2024;15813205900082024;00037;90008;2024;05;Pregão;158132;INST.FED.DE EDUC.,CIENC.E TEC.DO MAT.G.DO SUL;15008;;;Serviço;Prestação de Serviços de Motorista, Diária no país, Campus Navrai.;08720790000191;POLO ADMINISTRACAO LTDA;001;1;72,00;72,00;0,00;144,00;319,99;23039,28;0,00;15/03/2024;16/03/2024;16/03/2025;Não;15/03/2024;15/03/2024
atas_itens_RT_2024_p1.json;2026-07-29 14:27:28;00010/2024;10673078000120-1-000002/2024-000001;10673078000120-1-000002/2024;15813205900082024;00038;90008;2024;05;Pregão;158132;INST.FED.DE EDUC.,CIENC.E TEC.DO MAT.G.DO SUL;15008;;;Serviço;Prestação de Serviços de Motorista, Motorista categoria D, Campus Nova Andradi na.;08720790000191;POLO ADMINISTRACAO LTDA;001;1;12,00;12,00;0,00;24,00;5027,47;60329,64;0,00;15/03/2024;16/03/2024;16/03/2025;Não;15/03/2024;15/03/2024
atas_itens_RT_2024_p1.json;2026-07-29 14:27:28;00010/2024;10673078000120-1-000002/2024-000001;10673078000120-1-000002/2024;15813205900082024;00039;90008;2024;05;Pregão;158132;INST.FED.DE EDUC.,CIENC.E TEC.DO MAT.G.DO SUL;15008;;;Serviço;Prestação de Serviços de Motorista, Hora extra Diurna, Campus Nova Andradina.;08720790000191;POLO ADMINISTRACAO LTDA;001;1;240,00;240,00;0,00;480,00;27,41;6578,40;0,00;15/03/2024;16/03/2024;16/03/2025;Não;15/03/2024;15/03/2024
atas_itens_RT_2024_p1.json;2026-07-29 14:27:28;00010/2024;10673078000120-1-000002/2024-000001;10673078000120-1-000002/2024;15813205900082024;00040;90008;2024;05;Pregão;158132;INST.FED.DE EDUC.,CIENC.E TEC.DO MAT.G.DO SUL;15008;;;Serviço;Prestação de Serviços de Motorista, Hora extra noturna, Campus Nova Andradina.;08720790000191;POLO ADMINISTRACAO LTDA;001;1;48,00;48,00;0,00;96,00;36,55;1754,40;0,00;15/03/2024;16/03/2024;16/03/2025;Não;15/03/2024;15/03/2024
atas_itens_RT_2024_p1.json;2026-07-29 14:27:28;00010/2024;10673078000120-1-000002/2024-000001;10673078000120-1-000002/2024;15813205900082024;00041;90008;2024;05;Pregão;158132;INST.FED.DE EDUC.,CIENC.E TEC.DO MAT.G.DO SUL;15008;;;Serviço;Prestação de Serviços de Motorista, Hora extra finais de semana e feriados, Ca mpus Nova Andradina.;08720790000191;POLO ADMINISTRACAO LTDA;001;1;48,00;48,00;0,00;96,00;42,29;2029,92;0,00;15/03/2024;16/03/2024;16/03/2025;Não;15/03/2024;15/03/2024
atas_itens_RT_2024_p1.json;2026-07-29 14:27:28;00010/2024;10673078000120-1-000002/2024-000001;10673078000120-1-000002/2024;15813205900082024;00042;90008;2024;05;Pregão;158132;INST.FED.DE EDUC.,CIENC.E TEC.DO MAT.G.DO SUL;15008;;;Serviço;Prestação de Serviços de Motorista, Diária no país, Nova Andradina.;08720790000191;POLO ADMINISTRACAO LTDA;001;1;96,00;96,00;0,00;192,00;319,99;30719,04;0,00;15/03/2024;16/03/2024;16/03/2025;Não;15/03/2024;15/03/2024
atas_itens_RT_2024_p1.json;2026-07-29 14:27:28;00010/2024;10673078000120-1-000002/2024-000001;10673078000120-1-000002/2024;15813205900082024;00043;90008;2024;05;Pregão;158132;INST.FED.DE EDUC.,CIENC.E TEC.DO MAT.G.DO SUL;15008;;;Serviço;Prestação de Serviços de Motorista, categoria D, Campus Ponta Porã.;08720790000191;POLO ADMINISTRACAO LTDA;001;1;12,00;12,00;0,00;24,00;5027,54;60330,48;0,00;15/03/2024;16/03/2024;16/03/2025;Não;15/03/2024;15/03/2024
atas_itens_RT_2024_p1.json;2026-07-29 14:27:28;00010/2024;10673078000120-1-000002/2024-000001;10673078000120-1-000002/2024;15813205900082024;00044;90008;2024;05;Pregão;158132;INST.FED.DE EDUC.,CIENC.E TEC.DO MAT.G.DO SUL;15008;;;Serviço;Prestação de Serviços de Motorista, Hora extra Diurna , Campus Ponta Porã.;08720790000191;POLO ADMINISTRACAO LTDA;001;1;240,00;240,00;0,00;480,00;27,41;6578,40;0,00;15/03/2024;16/03/2024;16/03/2025;Não;15/03/2024;15/03/2024
atas_itens_RT_2024_p1.json;2026-07-29 14:27:28;00010/2024;10673078000120-1-000002/2024-000001;10673078000120-1-000002/2024;15813205900082024;00045;90008;2024;05;Pregão;158132;INST.FED.DE EDUC.,CIENC.E TEC.DO MAT.G.DO SUL;15008;;;Serviço;Prestação de Serviços de Motorista, Hora extra noturna, Campus Ponta Porã.;08720790000191;POLO ADMINISTRACAO LTDA;001;1;144,00;144,00;0,00;288,00;36,55;5263,20;0,00;15/03/2024;16/03/2024;16/03/2025;Não;15/03/2024;15/03/2024
atas_itens_RT_2024_p1.json;2026-07-29 14:27:28;00010/2024;10673078000120-1-000002/2024-000001;10673078000120-1-000002/2024;15813205900082024;00046;90008;2024;05;Pregão;158132;INST.FED.DE EDUC.,CIENC.E TEC.DO MAT.G.DO SUL;15008;;;Serviço;Prestação de Serviços de Motorista, Hora extra finais de semana e feriados, Ca mpus Ponta Porã.;08720790000191;POLO ADMINISTRACAO LTDA;001;1;144,00;144,00;0,00;288,00;42,29;6089,76;0,00;15/03/2024;16/03/2024;16/03/2025;Não;15/03/2024;15/03/2024
atas_itens_RT_2024_p1.json;2026-07-29 14:27:28;00010/2024;10673078000120-1-000002/2024-000001;10673078000120-1-000002/2024;15813205900082024;00047;90008;2024;05;Pregão;158132;INST.FED.DE EDUC.,CIENC.E TEC.DO MAT.G.DO SUL;15008;;;Serviço;Prestação de Serviços de Motorista, Diária no país, Campus Ponta Porã.;08720790000191;POLO ADMINISTRACAO LTDA;001;1;120,00;120,00;0,00;240,00;319,99;38398,80;0,00;15/03/2024;16/03/2024;16/03/2025;Não;15/03/2024;15/03/2024
atas_itens_RT_2024_p1.json;2026-07-29 14:27:28;00010/2024;10673078000120-1-000002/2024-000001;10673078000120-1-000002/2024;15813205900082024;00048;90008;2024;05;Pregão;158132;INST.FED.DE EDUC.,CIENC.E TEC.DO MAT.G.DO SUL;15008;;;Serviço;Prestação de Serviços de Motorista, categoria D, Campus Tres Lagoas.;08720790000191;POLO ADMINISTRACAO LTDA;001;1;12,00;12,00;0,00;24,00;5019,50;60234,00;0,00;15/03/2024;16/03/2024;16/03/2025;Não;15/03/2024;15/03/2024
atas_itens_RT_2024_p1.json;2026-07-29 14:27:28;00010/2024;10673078000120-1-000002/2024-000001;10673078000120-1-000002/2024;15813205900082024;00049;90008;2024;05;Pregão;158132;INST.FED.DE EDUC.,CIENC.E TEC.DO MAT.G.DO SUL;15008;;;Serviço;Prestação de Serviços de Motorista, Hora extra Diurna, Campus Tres Lagoas.;08720790000191;POLO ADMINISTRACAO LTDA;001;1;264,00;264,00;0,00;528,00;27,41;7236,24;0,00;15/03/2024;16/03/2024;16/03/2025;Não;15/03/2024;15/03/2024
atas_itens_RT_2024_p1.json;2026-07-29 14:27:28;00010/2024;10673078000120-1-000002/2024-000001;10673078000120-1-000002/2024;15813205900082024;00050;90008;2024;05;Pregão;158132;INST.FED.DE EDUC.,CIENC.E TEC.DO MAT.G.DO SUL;15008;;;Serviço;Prestação de Serviços de Motorista, Hora extra noturna , Campus Tres Lagoas.;08720790000191;POLO ADMINISTRACAO LTDA;001;1;144,00;144,00;0,00;288,00;36,36;5235,84;0,00;15/03/2024;16/03/2024;16/03/2025;Não;15/03/2024;15/03/2024
atas_itens_RT_2024_p1.json;2026-07-29 14:27:28;00010/2024;10673078000120-1-000002/2024-000001;10673078000120-1-000002/2024;15813205900082024;00051;90008;2024;05;Pregão;158132;INST.FED.DE EDUC.,CIENC.E TEC.DO MAT.G.DO SUL;15008;;;Serviço;Prestação de Serviços de Motorista, Hora extra finais de semana e feriados, Ca mpus Tres Lagoas;08720790000191;POLO ADMINISTRACAO LTDA;001;1;48,00;48,00;0,00;96,00;42,29;2029,92;0,00;15/03/2024;16/03/2024;16/03/2025;Não;15/03/2024;15/03/2024
atas_itens_RT_2024_p1.json;2026-07-29 14:27:28;00010/2024;10673078000120-1-000002/2024-000001;10673078000120-1-000002/2024;15813205900082024;00052;90008;2024;05;Pregão;158132;INST.FED.DE EDUC.,CIENC.E TEC.DO MAT.G.DO SUL;15008;;;Serviço;Prestação de Serviços de Motorista, Diária no país, Campus Tres Lagoas.;08720790000191;POLO ADMINISTRACAO LTDA;001;1;84,00;84,00;0,00;168,00;319,99;26879,16;0,00;15/03/2024;16/03/2024;16/03/2025;Não;15/03/2024;15/03/2024
atas_itens_RT_2026_p1.json;2026-07-29 14:27:29;00007/2026;10673078000120-1-000005/2026-000001;10673078000120-1-000005/2026;15813206000462026;00006;00046;2026;06;Dispensa;158132;INST.FED.DE EDUC.,CIENC.E TEC.DO MAT.G.DO SUL;392393;21;ETIQUETA ADESIVA;Material;Etiqueta Adesiva - Etiqueta Adesiva Material: Papel Couchê, Cor: Branca, Largura: 45MM, Comprimento: 75MM, Aplicação: Impressora Zebra, Características Adicionais 2: Impressão Térmica/Auto-Adesiva/Código Barras/1 Car;53626572000147;C. S. GALVARRO;001;1;5,00;5,00;0,00;10,00;105,28;526,40;0,00;18/03/2026;19/03/2026;19/03/2027;Não;18/03/2026;18/03/2026
atas_itens_RT_2026_p1.json;2026-07-29 14:27:29;00007/2026;10673078000120-1-000005/2026-000001;10673078000120-1-000005/2026;15813206000462026;00007;00046;2026;06;Dispensa;158132;INST.FED.DE EDUC.,CIENC.E TEC.DO MAT.G.DO SUL;241343;7795;FÓSFORO;Material;Fósforo - Fósforo Material Corpo: Madeira, Cor Cabeça: Vermelha, Tipo: Longo;53626572000147;C. S. GALVARRO;001;1;24,00;24,00;0,00;48,00;8,00;192,00;0,00;18/03/2026;19/03/2026;19/03/2027;Não;18/03/2026;18/03/2026
atas_itens_RT_2026_p1.json;2026-07-29 14:27:29;00008/2026;10673078000120-1-000005/2026-000002;10673078000120-1-000005/2026;15813206000462026;00001;00046;2026;06;Dispensa;158132;INST.FED.DE EDUC.,CIENC.E TEC.DO MAT.G.DO SUL;291496;11902;SACO;Material;Saco - Saco Material: Plástico Transparente, Tipo Uso: Acondicionamento De Alimentos, Capacidade: 3KG, Altura: 35CM, Largura: 24CM, Cor: Incolor, Características Adicionais: Bobina Picotada;53626572000147;C. S. GALVARRO;001;1;20,00;20,00;0,00;40,00;23,95;479,00;0,00;20/03/2026;21/03/2026;21/03/2027;Não;30/03/2026;30/03/2026
atas_itens_RT_2026_p1.json;2026-07-29 14:27:29;00008/2026;10673078000120-1-000005/2026-000002;10673078000120-1-000005/2026;15813206000462026;00002;00046;2026;06;Dispensa;158132;INST.FED.DE EDUC.,CIENC.E TEC.DO MAT.G.DO SUL;307144;11902;SACO;Material;Saco - Saco Material: Plástico Transparente, Capacidade: 5KG, Altura: 45CM, Largura: 35CM, Aplicação: Acondicionamento De Alimentos;53626572000147;C. S. GALVARRO;001;1;20,00;20,00;0,00;40,00;27,99;559,80;0,00;20/03/2026;21/03/2026;21/03/2027;Não;30/03/2026;30/03/2026
atas_itens_RT_2026_p1.json;2026-07-29 14:27:29;00008/2026;10673078000120-1-000005/2026-000002;10673078000120-1-000005/2026;15813206000462026;00003;00046;2026;06;Dispensa;158132;INST.FED.DE EDUC.,CIENC.E TEC.DO MAT.G.DO SUL;441934;11902;SACO;Material;Saco - Saco Material: Plástico Transparente, Capacidade: 10KG, Altura: 60CM, Largura: 40CM, Espessura: 0,04MM, Aplicação: Acondicionamento De Alimentos, Características Adicionais: Bobina Picotada;53626572000147;C. S. GALVARRO;001;1;10,00;10,00;0,00;20,00;54,00;540,00;0,00;20/03/2026;21/03/2026;21/03/2027;Não;30/03/2026;30/03/2026
atas_itens_RT_2026_p1.json;2026-07-29 14:27:29;00008/2026;10673078000120-1-000005/2026-000002;10673078000120-1-000005/2026;15813206000462026;00004;00046;2026;06;Dispensa;158132;INST.FED.DE EDUC.,CIENC.E TEC.DO MAT.G.DO SUL;456476;11902;SACO;Material;Saco - Saco Material: Polietileno Transparente, Capacidade: 120ML, Aplicação: Coleta De Amostras De Água, Características Adicionais 1: Esterilizado, Com Tarja De Identificação;53626572000147;C. S. GALVARRO;001;1;5,00;5,00;0,00;10,00;368,50;1842,50;0,00;20/03/2026;21/03/2026;21/03/2027;Não;30/03/2026;30/03/2026
atas_itens_RT_2026_p1.json;2026-07-29 14:27:29;00008/2026;10673078000120-1-000005/2026-000002;10673078000120-1-000005/2026;15813206000462026;00005;00046;2026;06;Dispensa;158132;INST.FED.DE EDUC.,CIENC.E TEC.DO MAT.G.DO SUL;613744;1275;EMBALAGEM PLÁSTICA;Material;Embalagem Plástica - Embalagem Plástica Forma: Saco, Altura: 120CM, Material: Polietileno De Baixa Densidade, Espessura: 15MICRA, Aplicação: Armazenamento De Alimentos, Cor: Incolor, Características Adicionais: Alta Resistência/Sanfonado/Não Reciclado/Atóxico;53626572000147;C. S. GALVARRO;001;1;10,00;10,00;0,00;20,00;76,80;768,00;0,00;20/03/2026;21/03/2026;21/03/2027;Não;30/03/2026;30/03/2026
atas_itens_RT_2025_p1.json;2026-07-29 14:27:28;00005/2025;10673078000120-1-000007/2025-000001;10673078000120-1-000007/2025;15813205901052025;00005;90105;2025;05;Pregão;158132;INST.FED.DE EDUC.,CIENC.E TEC.DO MAT.G.DO SUL;465490;1055;ASSADEIRA;Material;ASSADEIRA, MATERIAL ALUMÍNIO, CARACTERÍSTICAS ADICIONAIS DIMENSÕES: 58X70 CM, COM 5 TIRAS, TIPO ESTEIRA PARA ASSAR PÃO;53385500000155;NOVA MESA UTILIDADES LTDA;001;1;20,00;20,00;0,00;0,00;54,88;1097,60;0,00;06/03/2025;07/03/2025;07/03/2026;Não;11/03/2025;11/03/2025
atas_itens_RT_2025_p1.json;2026-07-29 14:27:28;00006/2025;10673078000120-1-000007/2025-000002;10673078000120-1-000007/2025;15813205901052025;00004;90105;2025;05;Pregão;158132;INST.FED.DE EDUC.,CIENC.E TEC.DO MAT.G.DO SUL;485588;1055;ASSADEIRA;Material;ASSADEIRA, MATERIAL ALUMÍNIO, CARACTERÍSTICAS ADICIONAIS DIMENSÕES: 60X40 CM;35088443000160;BRENO RAFAEL DAS CHAGAS BARBOSA;001;1;40,00;40,00;0,00;0,00;92,00;3680,00;0,00;06/03/2025;07/03/2025;07/03/2026;Não;11/03/2025;11/03/2025
atas_itens_RT_2025_p1.json;2026-07-29 14:27:28;00007/2025;10673078000120-1-000007/2025-000003;10673078000120-1-000007/2025;15813205901052025;00001;90105;2025;05;Pregão;158132;INST.FED.DE EDUC.,CIENC.E TEC.DO MAT.G.DO SUL;486800;9358;SELADORA EMBALAGEM;Material;SELADORA EMBALAGEM, MATERIAL AÇO INOXIDÁVEL, VOLTAGEM 220 V, FUNCIONAMENTO MANUAL, APLICAÇÃO SELADORA/EMBALADROA FILME PVC, POTÊNCIA 400 W, LARGURA CARRETEL 50 CM;55918679000194;55.918.679 JORGE LUCAS SANTANA RAMOS;001;1;15,00;15,00;0,00;0,00;450,00;6750,00;0,00;06/03/2025;07/03/2025;07/03/2026;Não;11/03/2025;11/03/2025
atas_itens_RT_2025_p1.json;2026-07-29 14:27:28;00008/2025;10673078000120-1-000007/2025-000004;10673078000120-1-000007/2025;15813205901052025;00003;90105;2025;05;Pregão;158132;INST.FED.DE EDUC.,CIENC.E TEC.DO MAT.G.DO SUL;308631;1026;FORNO ELÉTRICO;Material;FORNO ELÉTRICO, APLICAÇÃO INDUSTRIAL, VOLTAGEM 110/220 V, CAPACIDADE 750 PÃES/ HORA, CARACTERÍSTICAS ADICIONAIS 10 ESTEIRAS, VISOR DE VIDRO E FECHO REFORÇADO,COR-, MATERIAL EXTERNO FRENTE E PORTA EM AÇO INOXIDÁVEL ESCOVADO;08148745000104;R. A HERNANDES LTDA;001;1;4,00;4,00;0,00;0,00;9029,96;36119,84;0,00;06/03/2025;07/03/2025;07/03/2026;Não;12/03/2025;12/03/2025
atas_itens_RT_2025_p1.json;2026-07-29 14:27:28;00009/2025;10673078000120-1-000007/2025-000005;10673078000120-1-000007/2025;15813205901052025;00002;90105;2025;05;Pregão;158132;INST.FED.DE EDUC.,CIENC.E TEC.DO MAT.G.DO SUL;364189;7765;FORNO INDUSTRIAL;Material;FORNO INDUSTRIAL, TIPO ELÉTRICO, MATERIAL CHAPA AÇO INOXIDÁVEL, ACABAMENTO SUPERFICIAL POLIDO, TENSÃO ALIMENTAÇÃO 220 V, CARACTERÍSTICAS ADICIONAIS PRATELEIRA REMOVÍVEL/PORTA VISOR VIDRO TEMPERADO, MATERIAL PUXADOR ANTITÉRMICO , FAIXA TEMPERATURA 0 A 300 °C;21548780000189;VSS COMERCIO E SERVICO LTDA;001;1;6,00;6,00;0,00;0,00;3283,00;19698,00;0,00;06/03/2025;07/03/2025;07/03/2026;Não;12/03/2025;12/03/2025
atas_itens_RT_2026_p1.json;2026-07-29 14:27:29;00006/2026;10673078000120-1-000007/2026-000001;10673078000120-1-000007/2026;15813206000562026;00001;00056;2026;06;Dispensa;158132;INST.FED.DE EDUC.,CIENC.E TEC.DO MAT.G.DO SUL;459122;10832;PLACA IDENTIFICAÇÃO;Material;Placa Identificação - Placa Identificação Material: Psai-Poliestireno, Comprimento: 20CM, Altura: 15CM, Aplicação: Sinalização Visual, Espessura: 1MM, Características Adicionais 1: Formato E Texto Conforme Modelo, Fixação: Auto-Adesiva;28886441000151;S.S. PASSOS ETIQUETAS E PLACAS;001;1;170,00;170,00;0,00;340,00;6,00;1020,00;0,00;24/02/2026;25/02/2026;25/02/2027;Não;02/03/2026;02/03/2026
atas_itens_RT_2026_p1.json;2026-07-29 14:27:29;00020/2026;10673078000120-1-000009/2026-000001;10673078000120-1-000009/2026;15813205900622026;00001;90062;2026;05;Pregão;158132;INST.FED.DE EDUC.,CIENC.E TEC.DO MAT.G.DO SUL;457720;10293;SERVIDOR;Material;SERVIDOR, TIPO RACK, PROCESSADORES FÍSICOS 2, NÚCLEOS POR PROCESSADOR 15 A 20, MEMÓRIA RAM 256 GB, INTERFACE REDE LAN 2, INTERFACE REDE SAN 2, ARMAZENAMENTO SATA COM DISCOS SATA, ARMAZENAMENTO SAS COM DISCOS SAS, ARMAZENAMENTO SSD COM DISCOS SSD, FONTE ALIMENTAÇÃO REDUNDANTE (SWAP/HOT PLUG), SISTEMA OPERACIONAL PROPRIETÁRIO, GARANTIA ON SITE SUPERIOR 48 MESES;08619872000144;TECZAP COMERCIO E DISTRIBUICAO LTDA;001;1;6,00;6,00;0,00;0,00;67414,00;404484,00;0,00;14/05/2026;19/05/2026;19/05/2027;Não;20/05/2026;20/05/2026
atas_itens_RT_2026_p1.json;2026-07-29 14:27:29;00018/2026;10673078000120-1-000010/2026-000001;10673078000120-1-000010/2026;15813205900582026;00001;90058;2026;05;Pregão;158132;INST.FED.DE EDUC.,CIENC.E TEC.DO MAT.G.DO SUL;481570;19783;LIVRO DIDÁTICO;Material;LIVRO DIDÁTICO, GRAU ENSINO SUPERIOR/ UNIVERSITÁRIO, DEFINIÇÃO COLEÇÃO DISCIPLINAR, CONTEÚDO CIÊNCIAS EXATAS E DA TERRA, FORMATO IMPRESSO;55165729000100;LISBOA DISTRIBUIDORA DE LIVROS LTDA;001;1;1557,00;1557,00;0,00;3114,00;149,86;233332,02;41,45;18/05/2026;19/05/2026;19/05/2027;Não;19/05/2026;19/05/2026
atas_itens_RT_2026_p1.json;2026-07-29 14:27:29;00018/2026;10673078000120-1-000010/2026-000001;10673078000120-1-000010/2026;15813205900582026;00002;90058;2026;05;Pregão;158132;INST.FED.DE EDUC.,CIENC.E TEC.DO MAT.G.DO SUL;481582;19783;LIVRO DIDÁTICO;Material;LIVRO DIDÁTICO, GRAU ENSINO SUPERIOR/ UNIVERSITÁRIO, DEFINIÇÃO COLEÇÃO DISCIPLINAR, CONTEÚDO CIÊNCIAS BIOLÓGICAS, FORMATO IMPRESSO;55165729000100;LISBOA DISTRIBUIDORA DE LIVROS LTDA;001;1;344,00;344,00;0,00;688,00;178,78;61500,32;41,01;18/05/2026;19/05/2026;19/05/2027;Não;19/05/2026;19/05/2026
atas_itens_RT_2026_p1.json;2026-07-29 14:27:29;00018/2026;10673078000120-1-000010/2026-000001;10673078000120-1-000010/2026;15813205900582026;00004;90058;2026;05;Pregão;158132;INST.FED.DE EDUC.,CIENC.E TEC.DO MAT.G.DO SUL;622888;19783;LIVRO DIDÁTICO;Material;LIVRO DIDÁTICO, GRAU ENSINO SUPERIOR/ UNIVERSITÁRIO, DEFINIÇÃO COLEÇÃO DISCIPLINAR, CONTEUDO 1 CIÊNCIAS DA SAÚDE, FORMATO IMPRESSO;55165729000100;LISBOA DISTRIBUIDORA DE LIVROS LTDA;001;1;112,00;112,00;0,00;224,00;153,39;17179,68;41,38;18/05/2026;19/05/2026;19/05/2027;Não;19/05/2026;19/05/2026
atas_itens_RT_2026_p1.json;2026-07-29 14:27:29;00018/2026;10673078000120-1-000010/2026-000001;10673078000120-1-000010/2026;15813205900582026;00009;90058;2026;05;Pregão;158132;INST.FED.DE EDUC.,CIENC.E TEC.DO MAT.G.DO SUL;481570;19783;LIVRO DIDÁTICO;Material;LIVRO DIDÁTICO, GRAU ENSINO SUPERIOR/ UNIVERSITÁRIO, DEFINIÇÃO COLEÇÃO DISCIPLINAR, CONTEÚDO CIÊNCIAS EXATAS E DA TERRA, FORMATO IMPRESSO;55165729000100;LISBOA DISTRIBUIDORA DE LIVROS LTDA;001;1;518,00;518,00;0,00;1036,00;149,86;77627,48;41,45;18/05/2026;19/05/2026;19/05/2027;Não;19/05/2026;19/05/2026
atas_itens_RT_2026_p1.json;2026-07-29 14:27:29;00018/2026;10673078000120-1-000010/2026-000001;10673078000120-1-000010/2026;15813205900582026;00012;90058;2026;05;Pregão;158132;INST.FED.DE EDUC.,CIENC.E TEC.DO MAT.G.DO SUL;486164;19783;LIVRO DIDÁTICO;Material;LIVRO DIDÁTICO, GRAU ENSINO SUPERIOR/ UNIVERSITÁRIO, DEFINIÇÃO COLEÇÃO DISCIPLINAR, CONTEÚDO LETRAS, FORMATO IMPRESSO;55165729000100;LISBOA DISTRIBUIDORA DE LIVROS LTDA;001;1;174,00;174,00;0,00;348,00;234,83;40860,42;41,43;18/05/2026;19/05/2026;19/05/2027;Não;19/05/2026;19/05/2026
atas_itens_RT_2026_p1.json;2026-07-29 14:27:29;00019/2026;10673078000120-1-000010/2026-000002;10673078000120-1-000010/2026;15813205900582026;00003;90058;2026;05;Pregão;158132;INST.FED.DE EDUC.,CIENC.E TEC.DO MAT.G.DO SUL;481580;19783;LIVRO DIDÁTICO;Material;LIVRO DIDÁTICO, GRAU ENSINO SUPERIOR/ UNIVERSITÁRIO, DEFINIÇÃO COLEÇÃO INTERDISCIPLINAR, CONTEÚDO ENGENHARIA, FORMATO IMPRESSO;36718488000134;SK DISTRIBUIDORA E COMERCIO DE LIVROS LTDA;001;1;40,00;40,00;0,00;80,00;109,10;4364,00;40,46;18/05/2026;19/05/2026;19/05/2027;Não;19/05/2026;19/05/2026
atas_itens_RT_2026_p1.json;2026-07-29 14:27:29;00019/2026;10673078000120-1-000010/2026-000002;10673078000120-1-000010/2026;15813205900582026;00005;90058;2026;05;Pregão;158132;INST.FED.DE EDUC.,CIENC.E TEC.DO MAT.G.DO SUL;486168;19783;LIVRO DIDÁTICO;Material;LIVRO DIDÁTICO, GRAU ENSINO SUPERIOR/ UNIVERSITÁRIO, DEFINIÇÃO COLEÇÃO DISCIPLINAR, CONTEÚDO CIÊNCIAS AGRÁRIAS, FORMATO IMPRESSO;36718488000134;SK DISTRIBUIDORA E COMERCIO DE LIVROS LTDA;001;1;1188,00;1188,00;0,00;2376,00;170,61;202684,68;39,01;18/05/2026;19/05/2026;19/05/2027;Não;19/05/2026;19/05/2026
atas_itens_RT_2026_p1.json;2026-07-29 14:27:29;00019/2026;10673078000120-1-000010/2026-000002;10673078000120-1-000010/2026;15813205900582026;00006;90058;2026;05;Pregão;158132;INST.FED.DE EDUC.,CIENC.E TEC.DO MAT.G.DO SUL;486166;19783;LIVRO DIDÁTICO;Material;LIVRO DIDÁTICO, GRAU ENSINO SUPERIOR/ UNIVERSITÁRIO, DEFINIÇÃO COLEÇÃO DISCIPLINAR, CONTEÚDO CIÊNCIAS SOCIAIS APLICADAS, FORMATO IMPRESSO;36718488000134;SK DISTRIBUIDORA E COMERCIO DE LIVROS LTDA;001;1;168,00;168,00;0,00;336,00;114,37;19214,16;41,98;18/05/2026;19/05/2026;19/05/2027;Não;19/05/2026;19/05/2026
atas_itens_RT_2026_p1.json;2026-07-29 14:27:29;00019/2026;10673078000120-1-000010/2026-000002;10673078000120-1-000010/2026;15813205900582026;00007;90058;2026;05;Pregão;158132;INST.FED.DE EDUC.,CIENC.E TEC.DO MAT.G.DO SUL;486167;19783;LIVRO DIDÁTICO;Material;LIVRO DIDÁTICO, GRAU ENSINO SUPERIOR/ UNIVERSITÁRIO, DEFINIÇÃO COLEÇÃO DISCIPLINAR, CONTEÚDO CIÊNCIAS HUMANAS, FORMATO IMPRESSO;36718488000134;SK DISTRIBUIDORA E COMERCIO DE LIVROS LTDA;001;1;798,00;798,00;0,00;1596,00;178,61;142530,78;42,23;18/05/2026;19/05/2026;19/05/2027;Não;19/05/2026;19/05/2026
atas_itens_RT_2026_p1.json;2026-07-29 14:27:29;00019/2026;10673078000120-1-000010/2026-000002;10673078000120-1-000010/2026;15813205900582026;00008;90058;2026;05;Pregão;158132;INST.FED.DE EDUC.,CIENC.E TEC.DO MAT.G.DO SUL;486164;19783;LIVRO DIDÁTICO;Material;LIVRO DIDÁTICO, GRAU ENSINO SUPERIOR/ UNIVERSITÁRIO, DEFINIÇÃO COLEÇÃO DISCIPLINAR, CONTEÚDO LETRAS, FORMATO IMPRESSO;36718488000134;SK DISTRIBUIDORA E COMERCIO DE LIVROS LTDA;001;1;522,00;522,00;0,00;1044,00;234,83;122581,26;41,43;18/05/2026;19/05/2026;19/05/2027;Não;19/05/2026;19/05/2026
atas_itens_RT_2026_p1.json;2026-07-29 14:27:29;00019/2026;10673078000120-1-000010/2026-000002;10673078000120-1-000010/2026;15813205900582026;00010;90058;2026;05;Pregão;158132;INST.FED.DE EDUC.,CIENC.E TEC.DO MAT.G.DO SUL;486168;19783;LIVRO DIDÁTICO;Material;LIVRO DIDÁTICO, GRAU ENSINO SUPERIOR/ UNIVERSITÁRIO, DEFINIÇÃO COLEÇÃO DISCIPLINAR, CONTEÚDO CIÊNCIAS AGRÁRIAS, FORMATO IMPRESSO;36718488000134;SK DISTRIBUIDORA E COMERCIO DE LIVROS LTDA;001;1;396,00;396,00;0,00;792,00;170,61;67561,56;39,01;18/05/2026;19/05/2026;19/05/2027;Não;19/05/2026;19/05/2026
atas_itens_RT_2026_p1.json;2026-07-29 14:27:29;00019/2026;10673078000120-1-000010/2026-000002;10673078000120-1-000010/2026;15813205900582026;00011;90058;2026;05;Pregão;158132;INST.FED.DE EDUC.,CIENC.E TEC.DO MAT.G.DO SUL;486167;19783;LIVRO DIDÁTICO;Material;LIVRO DIDÁTICO, GRAU ENSINO SUPERIOR/ UNIVERSITÁRIO, DEFINIÇÃO COLEÇÃO DISCIPLINAR, CONTEÚDO CIÊNCIAS HUMANAS, FORMATO IMPRESSO;36718488000134;SK DISTRIBUIDORA E COMERCIO DE LIVROS LTDA;001;1;266,00;266,00;0,00;532,00;178,61;47510,26;42,23;18/05/2026;19/05/2026;19/05/2027;Não;19/05/2026;19/05/2026
atas_itens_RT_2024_p1.json;2026-07-29 14:27:28;00015/2024;10673078000120-1-000014/2024-000001;10673078000120-1-000014/2024;15813205900062024;00001;90006;2024;05;Pregão;158132;INST.FED.DE EDUC.,CIENC.E TEC.DO MAT.G.DO SUL;22861;;;Serviço;Auxiliar de cozinha;08720790000191;POLO ADMINISTRACAO LTDA;001;1;4,00;4,00;0,00;8,00;41897,28;167589,12;0,00;16/07/2024;17/07/2024;17/07/2025;Não;17/07/2024;17/07/2024
atas_itens_RT_2024_p1.json;2026-07-29 14:27:28;00015/2024;10673078000120-1-000014/2024-000001;10673078000120-1-000014/2024;15813205900062024;00002;90006;2024;05;Pregão;158132;INST.FED.DE EDUC.,CIENC.E TEC.DO MAT.G.DO SUL;22861;;;Serviço;Prestação Serviço Copa / Cozinha;08720790000191;POLO ADMINISTRACAO LTDA;001;1;1,00;1,00;0,00;2,00;43718,88;43718,88;0,00;16/07/2024;17/07/2024;17/07/2025;Não;17/07/2024;17/07/2024
atas_itens_RT_2024_p1.json;2026-07-29 14:27:28;00015/2024;10673078000120-1-000014/2024-000001;10673078000120-1-000014/2024;15813205900062024;00003;90006;2024;05;Pregão;158132;INST.FED.DE EDUC.,CIENC.E TEC.DO MAT.G.DO SUL;22861;;;Serviço;Prestação Serviço Copa / Cozinha;08720790000191;POLO ADMINISTRACAO LTDA;001;1;2,00;2,00;0,00;4,00;52382,28;104764,56;0,00;16/07/2024;17/07/2024;17/07/2025;Não;17/07/2024;17/07/2024
atas_itens_RT_2024_p1.json;2026-07-29 14:27:28;00015/2024;10673078000120-1-000014/2024-000001;10673078000120-1-000014/2024;15813205900062024;00004;90006;2024;05;Pregão;158132;INST.FED.DE EDUC.,CIENC.E TEC.DO MAT.G.DO SUL;22861;;;Serviço;Prestação Serviço Copa / Cozinha;08720790000191;POLO ADMINISTRACAO LTDA;001;1;1,00;1,00;0,00;2,00;51936,36;51936,36;0,00;16/07/2024;17/07/2024;17/07/2025;Não;17/07/2024;17/07/2024
atas_itens_RT_2024_p1.json;2026-07-29 14:27:28;00015/2024;10673078000120-1-000014/2024-000001;10673078000120-1-000014/2024;15813205900062024;00020;90006;2024;05;Pregão;158132;INST.FED.DE EDUC.,CIENC.E TEC.DO MAT.G.DO SUL;22861;;;Serviço;Prestação Serviço Copa / Cozinha;08720790000191;POLO ADMINISTRACAO LTDA;001;1;2,00;2,00;0,00;4,00;41687,65;83375,30;0,00;16/07/2024;17/07/2024;17/07/2025;Não;17/07/2024;17/07/2024
atas_itens_RT_2024_p1.json;2026-07-29 14:27:28;00015/2024;10673078000120-1-000014/2024-000001;10673078000120-1-000014/2024;15813205900062024;00021;90006;2024;05;Pregão;158132;INST.FED.DE EDUC.,CIENC.E TEC.DO MAT.G.DO SUL;22861;;;Serviço;Prestação Serviço Copa / Cozinha;08720790000191;POLO ADMINISTRACAO LTDA;001;1;1,00;1,00;0,00;2,00;42615,12;42615,12;0,00;16/07/2024;17/07/2024;17/07/2025;Não;17/07/2024;17/07/2024
atas_itens_RT_2024_p1.json;2026-07-29 14:27:28;00015/2024;10673078000120-1-000014/2024-000001;10673078000120-1-000014/2024;15813205900062024;00022;90006;2024;05;Pregão;158132;INST.FED.DE EDUC.,CIENC.E TEC.DO MAT.G.DO SUL;22861;;;Serviço;Prestação Serviço Copa / Cozinha;08720790000191;POLO ADMINISTRACAO LTDA;001;1;2,00;2,00;0,00;4,00;46167,36;92334,72;0,00;16/07/2024;17/07/2024;17/07/2025;Não;17/07/2024;17/07/2024
atas_itens_RT_2024_p1.json;2026-07-29 14:27:28;00015/2024;10673078000120-1-000014/2024-000001;10673078000120-1-000014/2024;15813205900062024;00023;90006;2024;05;Pregão;158132;INST.FED.DE EDUC.,CIENC.E TEC.DO MAT.G.DO SUL;22861;;;Serviço;Prestação Serviço Copa / Cozinha;08720790000191;POLO ADMINISTRACAO LTDA;001;1;1,00;1,00;0,00;2,00;51719,88;51719,88;0,00;16/07/2024;17/07/2024;17/07/2025;Não;17/07/2024;17/07/2024
atas_itens_RT_2024_p1.json;2026-07-29 14:27:28;00015/2024;10673078000120-1-000014/2024-000001;10673078000120-1-000014/2024;15813205900062024;00028;90006;2024;05;Pregão;158132;INST.FED.DE EDUC.,CIENC.E TEC.DO MAT.G.DO SUL;22861;;;Serviço;Prestação Serviço Copa / Cozinha;08720790000191;POLO ADMINISTRACAO LTDA;001;1;3,00;3,00;0,00;6,00;43149,21;129447,63;0,00;16/07/2024;17/07/2024;17/07/2025;Não;17/07/2024;17/07/2024
atas_itens_RT_2024_p1.json;2026-07-29 14:27:28;00015/2024;10673078000120-1-000014/2024-000001;10673078000120-1-000014/2024;15813205900062024;00029;90006;2024;05;Pregão;158132;INST.FED.DE EDUC.,CIENC.E TEC.DO MAT.G.DO SUL;22861;;;Serviço;Prestação Serviço Copa / Cozinha;08720790000191;POLO ADMINISTRACAO LTDA;001;1;2,00;2,00;0,00;4,00;46570,32;93140,64;0,00;16/07/2024;17/07/2024;17/07/2025;Não;17/07/2024;17/07/2024
atas_itens_RT_2024_p1.json;2026-07-29 14:27:28;00015/2024;10673078000120-1-000014/2024-000001;10673078000120-1-000014/2024;15813205900062024;00030;90006;2024;05;Pregão;158132;INST.FED.DE EDUC.,CIENC.E TEC.DO MAT.G.DO SUL;22861;;;Serviço;Prestação Serviço Copa / Cozinha;08720790000191;POLO ADMINISTRACAO LTDA;001;1;1,00;1,00;0,00;2,00;52789,56;52789,56;0,00;16/07/2024;17/07/2024;17/07/2025;Não;17/07/2024;17/07/2024
atas_itens_RT_2024_p1.json;2026-07-29 14:27:28;00016/2024;10673078000120-1-000014/2024-000002;10673078000120-1-000014/2024;15813205900062024;00005;90006;2024;05;Pregão;158132;INST.FED.DE EDUC.,CIENC.E TEC.DO MAT.G.DO SUL;22861;;;Serviço;Prestação Serviço Copa / Cozinha;11301568000169;SETTA - SERVICOS TERCEIRIZADOS LTDA;001;1;4,00;4,00;0,00;8,00;43847,61;175390,44;0,00;18/07/2024;19/07/2024;19/07/2025;Não;19/07/2024;19/07/2024
atas_itens_RT_2024_p1.json;2026-07-29 14:27:28;00016/2024;10673078000120-1-000014/2024-000002;10673078000120-1-000014/2024;15813205900062024;00006;90006;2024;05;Pregão;158132;INST.FED.DE EDUC.,CIENC.E TEC.DO MAT.G.DO SUL;22861;;;Serviço;Prestação Serviço Copa / Cozinha;11301568000169;SETTA - SERVICOS TERCEIRIZADOS LTDA;001;1;1,00;1,00;0,00;2,00;44651,41;44651,41;0,00;18/07/2024;19/07/2024;19/07/2025;Não;19/07/2024;19/07/2024
atas_itens_RT_2024_p1.json;2026-07-29 14:27:28;00016/2024;10673078000120-1-000014/2024-000002;10673078000120-1-000014/2024;15813205900062024;00007;90006;2024;05;Pregão;158132;INST.FED.DE EDUC.,CIENC.E TEC.DO MAT.G.DO SUL;22861;;;Serviço;Prestação Serviço Copa / Cozinha;11301568000169;SETTA - SERVICOS TERCEIRIZADOS LTDA;001;1;2,00;2,00;0,00;4,00;49032,13;98064,26;0,00;18/07/2024;19/07/2024;19/07/2025;Não;19/07/2024;19/07/2024
atas_itens_RT_2024_p1.json;2026-07-29 14:27:28;00016/2024;10673078000120-1-000014/2024-000002;10673078000120-1-000014/2024;15813205900062024;00008;90006;2024;05;Pregão;158132;INST.FED.DE EDUC.,CIENC.E TEC.DO MAT.G.DO SUL;22861;;;Serviço;Prestação Serviço Copa / Cozinha;11301568000169;SETTA - SERVICOS TERCEIRIZADOS LTDA;001;1;1,00;1,00;0,00;2,00;52882,75;52882,75;0,00;18/07/2024;19/07/2024;19/07/2025;Não;19/07/2024;19/07/2024
atas_itens_RT_2024_p1.json;2026-07-29 14:27:28;00016/2024;10673078000120-1-000014/2024-000002;10673078000120-1-000014/2024;15813205900062024;00009;90006;2024;05;Pregão;158132;INST.FED.DE EDUC.,CIENC.E TEC.DO MAT.G.DO SUL;22861;;;Serviço;Prestação Serviço Copa / Cozinha;11301568000169;SETTA - SERVICOS TERCEIRIZADOS LTDA;001;1;3,00;3,00;0,00;6,00;42446,53;127339,59;0,00;18/07/2024;19/07/2024;19/07/2025;Não;19/07/2024;19/07/2024
atas_itens_RT_2024_p1.json;2026-07-29 14:27:28;00016/2024;10673078000120-1-000014/2024-000002;10673078000120-1-000014/2024;15813205900062024;00010;90006;2024;05;Pregão;158132;INST.FED.DE EDUC.,CIENC.E TEC.DO MAT.G.DO SUL;22861;;;Serviço;Prestação Serviço Copa / Cozinha;11301568000169;SETTA - SERVICOS TERCEIRIZADOS LTDA;001;1;1,00;1,00;0,00;2,00;32241,15;32241,15;0,00;18/07/2024;19/07/2024;19/07/2025;Não;19/07/2024;19/07/2024
atas_itens_RT_2024_p1.json;2026-07-29 14:27:28;00016/2024;10673078000120-1-000014/2024-000002;10673078000120-1-000014/2024;15813205900062024;00011;90006;2024;05;Pregão;158132;INST.FED.DE EDUC.,CIENC.E TEC.DO MAT.G.DO SUL;22861;;;Serviço;Prestação Serviço Copa / Cozinha;11301568000169;SETTA - SERVICOS TERCEIRIZADOS LTDA;001;1;2,00;2,00;0,00;4,00;48312,10;96624,20;0,00;18/07/2024;19/07/2024;19/07/2025;Não;19/07/2024;19/07/2024
atas_itens_RT_2024_p1.json;2026-07-29 14:27:28;00016/2024;10673078000120-1-000014/2024-000002;10673078000120-1-000014/2024;15813205900062024;00012;90006;2024;05;Pregão;158132;INST.FED.DE EDUC.,CIENC.E TEC.DO MAT.G.DO SUL;22861;;;Serviço;Prestação Serviço Copa / Cozinha;11301568000169;SETTA - SERVICOS TERCEIRIZADOS LTDA;001;1;1,00;1,00;0,00;2,00;52208,64;52208,64;0,00;18/07/2024;19/07/2024;19/07/2025;Não;19/07/2024;19/07/2024
atas_itens_RT_2024_p1.json;2026-07-29 14:27:28;00016/2024;10673078000120-1-000014/2024-000002;10673078000120-1-000014/2024;15813205900062024;00013;90006;2024;05;Pregão;158132;INST.FED.DE EDUC.,CIENC.E TEC.DO MAT.G.DO SUL;22861;;;Serviço;Prestação Serviço Copa / Cozinha;11301568000169;SETTA - SERVICOS TERCEIRIZADOS LTDA;001;1;3,00;3,00;0,00;6,00;42247,28;126741,84;0,00;18/07/2024;19/07/2024;19/07/2025;Não;19/07/2024;19/07/2024
atas_itens_RT_2024_p1.json;2026-07-29 14:27:28;00016/2024;10673078000120-1-000014/2024-000002;10673078000120-1-000014/2024;15813205900062024;00014;90006;2024;05;Pregão;158132;INST.FED.DE EDUC.,CIENC.E TEC.DO MAT.G.DO SUL;22861;;;Serviço;Prestação Serviço Copa / Cozinha;11301568000169;SETTA - SERVICOS TERCEIRIZADOS LTDA;001;1;1,00;1,00;0,00;2,00;48855,66;48855,66;0,00;18/07/2024;19/07/2024;19/07/2025;Não;19/07/2024;19/07/2024
atas_itens_RT_2024_p1.json;2026-07-29 14:27:28;00016/2024;10673078000120-1-000014/2024-000002;10673078000120-1-000014/2024;15813205900062024;00015;90006;2024;05;Pregão;158132;INST.FED.DE EDUC.,CIENC.E TEC.DO MAT.G.DO SUL;22861;;;Serviço;Prestação Serviço Copa / Cozinha;11301568000169;SETTA - SERVICOS TERCEIRIZADOS LTDA;001;1;1,00;1,00;0,00;2,00;52828,12;52828,12;0,00;18/07/2024;19/07/2024;19/07/2025;Não;19/07/2024;19/07/2024
atas_itens_RT_2024_p1.json;2026-07-29 14:27:28;00016/2024;10673078000120-1-000014/2024-000002;10673078000120-1-000014/2024;15813205900062024;00016;90006;2024;05;Pregão;158132;INST.FED.DE EDUC.,CIENC.E TEC.DO MAT.G.DO SUL;22861;;;Serviço;Prestação Serviço Copa / Cozinha;11301568000169;SETTA - SERVICOS TERCEIRIZADOS LTDA;001;1;4,00;4,00;0,00;8,00;41685,64;166742,56;0,00;18/07/2024;19/07/2024;19/07/2025;Não;19/07/2024;19/07/2024
atas_itens_RT_2024_p1.json;2026-07-29 14:27:28;00016/2024;10673078000120-1-000014/2024-000002;10673078000120-1-000014/2024;15813205900062024;00017;90006;2024;05;Pregão;158132;INST.FED.DE EDUC.,CIENC.E TEC.DO MAT.G.DO SUL;22861;;;Serviço;Prestação Serviço Copa / Cozinha;11301568000169;SETTA - SERVICOS TERCEIRIZADOS LTDA;001;1;1,00;1,00;0,00;2,00;42613,54;42613,54;0,00;18/07/2024;19/07/2024;19/07/2025;Não;19/07/2024;19/07/2024
atas_itens_RT_2024_p1.json;2026-07-29 14:27:28;00016/2024;10673078000120-1-000014/2024-000002;10673078000120-1-000014/2024;15813205900062024;00018;90006;2024;05;Pregão;158132;INST.FED.DE EDUC.,CIENC.E TEC.DO MAT.G.DO SUL;22861;;;Serviço;Prestação Serviço Copa / Cozinha;11301568000169;SETTA - SERVICOS TERCEIRIZADOS LTDA;001;1;2,00;2,00;0,00;4,00;46164,78;92329,56;0,00;18/07/2024;19/07/2024;19/07/2025;Não;19/07/2024;19/07/2024
atas_itens_RT_2024_p1.json;2026-07-29 14:27:28;00016/2024;10673078000120-1-000014/2024-000002;10673078000120-1-000014/2024;15813205900062024;00019;90006;2024;05;Pregão;158132;INST.FED.DE EDUC.,CIENC.E TEC.DO MAT.G.DO SUL;22861;;;Serviço;Prestação Serviço Copa / Cozinha;11301568000169;SETTA - SERVICOS TERCEIRIZADOS LTDA;001;1;1,00;1,00;0,00;2,00;51717,58;51717,58;0,00;18/07/2024;19/07/2024;19/07/2025;Não;19/07/2024;19/07/2024
atas_itens_RT_2024_p1.json;2026-07-29 14:27:28;00016/2024;10673078000120-1-000014/2024-000002;10673078000120-1-000014/2024;15813205900062024;00024;90006;2024;05;Pregão;158132;INST.FED.DE EDUC.,CIENC.E TEC.DO MAT.G.DO SUL;22861;;;Serviço;Prestação Serviço Copa / Cozinha;11301568000169;SETTA - SERVICOS TERCEIRIZADOS LTDA;001;1;2,00;2,00;0,00;4,00;41848,94;83697,88;0,00;18/07/2024;19/07/2024;19/07/2025;Não;19/07/2024;19/07/2024
atas_itens_RT_2024_p1.json;2026-07-29 14:27:28;00016/2024;10673078000120-1-000014/2024-000002;10673078000120-1-000014/2024;15813205900062024;00025;90006;2024;05;Pregão;158132;INST.FED.DE EDUC.,CIENC.E TEC.DO MAT.G.DO SUL;22861;;;Serviço;Prestação Serviço Copa / Cozinha;11301568000169;SETTA - SERVICOS TERCEIRIZADOS LTDA;001;1;1,00;1,00;0,00;2,00;42760,15;42760,15;0,00;18/07/2024;19/07/2024;19/07/2025;Não;19/07/2024;19/07/2024
atas_itens_RT_2024_p1.json;2026-07-29 14:27:28;00016/2024;10673078000120-1-000014/2024-000002;10673078000120-1-000014/2024;15813205900062024;00026;90006;2024;05;Pregão;158132;INST.FED.DE EDUC.,CIENC.E TEC.DO MAT.G.DO SUL;22861;;;Serviço;Prestação Serviço Copa / Cozinha;11301568000169;SETTA - SERVICOS TERCEIRIZADOS LTDA;001;1;1,00;1,00;0,00;2,00;45598,63;45598,63;0,00;18/07/2024;19/07/2024;19/07/2025;Não;19/07/2024;19/07/2024
atas_itens_RT_2024_p1.json;2026-07-29 14:27:28;00016/2024;10673078000120-1-000014/2024-000002;10673078000120-1-000014/2024;15813205900062024;00027;90006;2024;05;Pregão;158132;INST.FED.DE EDUC.,CIENC.E TEC.DO MAT.G.DO SUL;22861;;;Serviço;Prestação Serviço Copa / Cozinha;11301568000169;SETTA - SERVICOS TERCEIRIZADOS LTDA;001;1;1,00;1,00;0,00;2,00;51773,74;51773,74;0,00;18/07/2024;19/07/2024;19/07/2025;Não;19/07/2024;19/07/2024
atas_itens_RT_2024_p1.json;2026-07-29 14:27:28;00016/2024;10673078000120-1-000014/2024-000002;10673078000120-1-000014/2024;15813205900062024;00031;90006;2024;05;Pregão;158132;INST.FED.DE EDUC.,CIENC.E TEC.DO MAT.G.DO SUL;22861;;;Serviço;Prestação Serviço Copa / Cozinha;11301568000169;SETTA - SERVICOS TERCEIRIZADOS LTDA;001;1;4,00;4,00;0,00;8,00;42306,63;169226,52;0,00;18/07/2024;19/07/2024;19/07/2025;Não;19/07/2024;19/07/2024
atas_itens_RT_2024_p1.json;2026-07-29 14:27:28;00016/2024;10673078000120-1-000014/2024-000002;10673078000120-1-000014/2024;15813205900062024;00032;90006;2024;05;Pregão;158132;INST.FED.DE EDUC.,CIENC.E TEC.DO MAT.G.DO SUL;22861;;;Serviço;Prestação Serviço Copa / Cozinha;11301568000169;SETTA - SERVICOS TERCEIRIZADOS LTDA;001;1;1,00;1,00;0,00;2,00;43234,04;43234,04;0,00;18/07/2024;19/07/2024;19/07/2025;Não;19/07/2024;19/07/2024
atas_itens_RT_2024_p1.json;2026-07-29 14:27:28;00016/2024;10673078000120-1-000014/2024-000002;10673078000120-1-000014/2024;15813205900062024;00033;90006;2024;05;Pregão;158132;INST.FED.DE EDUC.,CIENC.E TEC.DO MAT.G.DO SUL;22861;;;Serviço;Prestação Serviço Copa / Cozinha;11301568000169;SETTA - SERVICOS TERCEIRIZADOS LTDA;001;1;2,00;2,00;0,00;4,00;46188,63;92377,26;0,00;18/07/2024;19/07/2024;19/07/2025;Não;19/07/2024;19/07/2024
atas_itens_RT_2024_p1.json;2026-07-29 14:27:28;00016/2024;10673078000120-1-000014/2024-000002;10673078000120-1-000014/2024;15813205900062024;00034;90006;2024;05;Pregão;158132;INST.FED.DE EDUC.,CIENC.E TEC.DO MAT.G.DO SUL;22861;;;Serviço;Prestação Serviço Copa / Cozinha;11301568000169;SETTA - SERVICOS TERCEIRIZADOS LTDA;001;1;1,00;1,00;0,00;2,00;51890,89;51890,89;0,00;18/07/2024;19/07/2024;19/07/2025;Não;19/07/2024;19/07/2024
atas_itens_RT_2025_p1.json;2026-07-29 14:27:28;00016/2025;10673078000120-1-000018/2025-000001;10673078000120-1-000018/2025;15813205901282025;00001;90128;2025;05;Pregão;158132;INST.FED.DE EDUC.,CIENC.E TEC.DO MAT.G.DO SUL;280142;15150;SUPORTE PARA LIVRO;Material;SUPORTE PARA LIVRO, MATERIAL AÇO, TRATAMENTO SUPERFICIAL ANTI-FERRUGEM, ACABAMENTO SUPERFICIAL PINTURA ELETROSTÁTICA, ALTURA 16 CM, COMPRIMENTO 12 CM, LARGURA 10 CM, COR CINZA CLARO;48708835000127;TUPANCY COMERCIO E SERVICOS EM MOBILIARIO LTDA;001;1;105,00;105,00;0,00;210,00;45,00;4725,00;0,00;25/04/2025;28/04/2025;27/04/2026;Não;25/04/2025;25/04/2025
atas_itens_RT_2025_p1.json;2026-07-29 14:27:28;00016/2025;10673078000120-1-000018/2025-000001;10673078000120-1-000018/2025;15813205901282025;00002;90128;2025;05;Pregão;158132;INST.FED.DE EDUC.,CIENC.E TEC.DO MAT.G.DO SUL;361958;1340;BIBLIOCANTO;Material;BIBLIOCANTO, MATERIAL CHAPA METÁLICA, LARGURA 20 CM, ALTURA 20 CM, APLICAÇÃO APOIO VERTICAL LIVROS, FORMATO EM L, COR CINZA, ACABAMENTO SUPERFICIAL PINTURA EPÓXI, PROFUNDIDADE 12 CM;34845729000180;HBO INDUSTRIA E COMERCIO DE MOVEIS DE ACO LTDA;001;1;40,00;40,00;0,00;80,00;22,00;880,00;0,00;25/04/2025;28/04/2025;27/04/2026;Não;25/04/2025;25/04/2025
atas_itens_RT_2025_p1.json;2026-07-29 14:27:28;00016/2025;10673078000120-1-000018/2025-000001;10673078000120-1-000018/2025;15813205901282025;00004;90128;2025;05;Pregão;158132;INST.FED.DE EDUC.,CIENC.E TEC.DO MAT.G.DO SUL;603105;1505;PLACA SINALIZADORA;Material;PLACA SINALIZADORA, MATERIAL ACM, FORMATO RETANGULAR, LARGURA 60 CM, ALTURA 40 CM, COR BRANCA, CARACTERÍSTICAS ADICIONAIS CONFORME MODELO DO ÓRGÃO, ESPESSURA 3 MM;48708835000127;TUPANCY COMERCIO E SERVICOS EM MOBILIARIO LTDA;001;1;46,00;46,00;0,00;92,00;250,00;11500,00;0,00;25/04/2025;28/04/2025;27/04/2026;Não;25/04/2025;25/04/2025
atas_itens_RT_2025_p1.json;2026-07-29 14:27:28;00016/2025;10673078000120-1-000018/2025-000001;10673078000120-1-000018/2025;15813205901282025;00005;90128;2025;05;Pregão;158132;INST.FED.DE EDUC.,CIENC.E TEC.DO MAT.G.DO SUL;258588;4586;CARRINHO DISTRIBUIÇÃO;Material;CARRINHO DISTRIBUIÇÃO, MATERIAL BANDEJA AçO, MATERIAL ESTRUTURA AçO GALVANIZADO, TIPO 3 BANDEJAS, TIPO RODÍZIO 2 FIXOS E 2 GIRATÓRIOS, APLICAÇÃO TRANSPORTE LIVROS EM BIBLIOTECA, COMPRIMENTO 50 CM, LARGURA 72 CM, ALTURA 102 CM, CARACTERÍSTICAS ADICIONAIS PINTADO EM EPÓXI POLIMERIZADO EM ESTUFA, COR CINZA;39476683000193;CLAUDIA MARIA DA SILVA COMERCIO VAREJISTA;001;1;1,00;1,00;0,00;2,00;1198,00;1198,00;0,00;25/04/2025;28/04/2025;27/04/2026;Não;25/04/2025;25/04/2025
atas_itens_RT_2025_p1.json;2026-07-29 14:27:28;00016/2025;10673078000120-1-000018/2025-000001;10673078000120-1-000018/2025;15813205901282025;00007;90128;2025;05;Pregão;158132;INST.FED.DE EDUC.,CIENC.E TEC.DO MAT.G.DO SUL;601023;15290;ARMÁRIO;Material;ARMÁRIO, MATERIAL AÇO GALVANIZADO, TIPO COM PROTEÇÃO TÉRMICA ATÉ 900 GRÁU, QUANTIDADE PORTAS 1 UN, TIPO PORTAS CORTA FOGO(PROTEÇÃO CONTRA INCÊNDIO), ALTURA 2 M, LARGURA 1 M, PROFUNDIDADE 0,45 M, QUANTIDADE PRATELEIRAS 3 INTERNAS REGULÁVEIS E 1 FIXA, APLICAÇÃO GUARDA E PROTEÇÃO DE PRODUTOS INFLAMÁVEL;55275614000178;TEKIN-INDUSTRIA E COMERCIO DE EQUIP. DE SEGURANCA LTDA.;001;1;15,00;15,00;0,00;30,00;6988,00;104820,00;0,00;25/04/2025;28/04/2025;27/04/2026;Não;25/04/2025;25/04/2025
atas_itens_RT_2025_p1.json;2026-07-29 14:27:28;00025/2025;10673078000120-1-000020/2025-000001;10673078000120-1-000020/2025;15813205901182025;00006;90118;2025;05;Pregão;158132;INST.FED.DE EDUC.,CIENC.E TEC.DO MAT.G.DO SUL;379963;1980;GLIFOSATO;Material;GLIFOSATO, CONCENTRAÇÃO 48% P/V, APRESENTAÇÃO CONCENTRADO SOLÚVEL, NÚMERO DE REFERÊNCIA QUÍMICA 1071-83-6;50630988000140;AGRO ZAIDAN COMERCIAL LTDA;001;1;1523,00;1523,00;0,00;3046,00;22,00;33506,00;0,00;13/05/2025;14/05/2025;14/05/2026;Não;23/05/2025;23/05/2025
atas_itens_RT_2025_p1.json;2026-07-29 14:27:28;00025/2025;10673078000120-1-000020/2025-000001;10673078000120-1-000020/2025;15813205901182025;00007;90118;2025;05;Pregão;158132;INST.FED.DE EDUC.,CIENC.E TEC.DO MAT.G.DO SUL;379963;1980;GLIFOSATO;Material;GLIFOSATO, CONCENTRAÇÃO 48% P/V, APRESENTAÇÃO CONCENTRADO SOLÚVEL, NÚMERO DE REFERÊNCIA QUÍMICA 1071-83-6;50630988000140;AGRO ZAIDAN COMERCIAL LTDA;001;1;507,00;507,00;0,00;1014,00;22,00;11154,00;0,00;13/05/2025;14/05/2025;14/05/2026;Não;23/05/2025;23/05/2025
atas_itens_RT_2025_p1.json;2026-07-29 14:27:28;00025/2025;10673078000120-1-000020/2025-000001;10673078000120-1-000020/2025;15813205901182025;00012;90118;2025;05;Pregão;158132;INST.FED.DE EDUC.,CIENC.E TEC.DO MAT.G.DO SUL;387369;11779;TIAMETOXAM;Material;TIAMETOXAM, COMPOSIÇÃO ASSOCIADO A LAMBDA-CIALOTRINA, CONCENTRAÇÃO 14,1% + 10,6% P/V, APRESENTAÇÃO SUSPENSÃO CONCENTRADA;50630988000140;AGRO ZAIDAN COMERCIAL LTDA;001;1;100,00;100,00;0,00;200,00;155,00;15500,00;0,00;13/05/2025;14/05/2025;14/05/2026;Não;23/05/2025;23/05/2025
atas_itens_RT_2025_p1.json;2026-07-29 14:27:28;00025/2025;10673078000120-1-000020/2025-000001;10673078000120-1-000020/2025;15813205901182025;00019;90118;2025;05;Pregão;158132;INST.FED.DE EDUC.,CIENC.E TEC.DO MAT.G.DO SUL;380360;11422;ATRAZINA;Material;ATRAZINA, CONCENTRAÇÃO 50% P/V, APRESENTAÇÃO SUSPENSÃO CONCENTRADA, NÚMERO DE REFERÊNCIA QUÍMICA CAS 93616-39-8;50630988000140;AGRO ZAIDAN COMERCIAL LTDA;001;1;780,00;780,00;0,00;1560,00;20,00;15600,00;0,00;13/05/2025;14/05/2025;14/05/2026;Não;23/05/2025;23/05/2025
atas_itens_RT_2025_p1.json;2026-07-29 14:27:28;00026/2025;10673078000120-1-000020/2025-000002;10673078000120-1-000020/2025;15813205901182025;00005;90118;2025;05;Pregão;158132;INST.FED.DE EDUC.,CIENC.E TEC.DO MAT.G.DO SUL;381392;1988;ÁCIDO 2,4-DICLOROFENOXIACÉTICO;Material;ÁCIDO 2,4-DICLOROFENOXIACÉTICO, COMPOSIÇÃO SAL DIMETILAMINA, CONCENTRAÇÃO 80,6% P/V, APRESENTAÇÃO CONCENTRADO SOLÚVEL, NÚMERO DE REFERÊNCIA QUÍMICA CAS 2008-39-1;03649963000109;AGROBELIA INSUMOS AGRICOLAS LTDA;001;1;460,00;460,00;0,00;920,00;19,70;9062,00;0,00;13/05/2025;14/05/2025;14/05/2026;Não;23/05/2025;23/05/2025
atas_itens_RT_2025_p1.json;2026-07-29 14:27:28;00026/2025;10673078000120-1-000020/2025-000002;10673078000120-1-000020/2025;15813205901182025;00008;90118;2025;05;Pregão;158132;INST.FED.DE EDUC.,CIENC.E TEC.DO MAT.G.DO SUL;380259;15267;IMIDACLOPRIDO;Material;IMIDACLOPRIDO, COMPOSIÇÃO ASSOCIADO AO TIODICARBE, CONCENTRAÇÃO 15% + 45% P/V, APRESENTAÇÃO SUSPENSÃO CONCENTRADA;03649963000109;AGROBELIA INSUMOS AGRICOLAS LTDA;001;1;47,00;47,00;0,00;94,00;293,90;13813,30;0,00;13/05/2025;14/05/2025;14/05/2026;Não;23/05/2025;23/05/2025
atas_itens_RT_2025_p1.json;2026-07-29 14:27:28;00026/2025;10673078000120-1-000020/2025-000002;10673078000120-1-000020/2025;15813205901182025;00011;90118;2025;05;Pregão;158132;INST.FED.DE EDUC.,CIENC.E TEC.DO MAT.G.DO SUL;390763;12216;CLETODIM;Material;CLETODIM, CONCENTRAÇÃO 24% P/V, FORMA FÍSICA CONCENTRADO EMULSIONÁVEL, NÚMERO DE REFERÊNCIA QUÍMICA CAS 99129-21-2;03649963000109;AGROBELIA INSUMOS AGRICOLAS LTDA;001;1;320,00;320,00;0,00;640,00;31,90;10208,00;0,00;13/05/2025;14/05/2025;14/05/2026;Não;23/05/2025;23/05/2025
atas_itens_RT_2025_p1.json;2026-07-29 14:27:28;00026/2025;10673078000120-1-000020/2025-000002;10673078000120-1-000020/2025;15813205901182025;00016;90118;2025;05;Pregão;158132;INST.FED.DE EDUC.,CIENC.E TEC.DO MAT.G.DO SUL;458017;1974;MANCOZEBE;Material;MANCOZEBE, CONCENTRAÇÃO 75% P/P, APRESENTAÇÃO GRANULADO DISPERSÍVEL;03649963000109;AGROBELIA INSUMOS AGRICOLAS LTDA;001;1;550,00;550,00;0,00;1100,00;35,90;19745,00;0,00;13/05/2025;14/05/2025;14/05/2026;Não;23/05/2025;23/05/2025
atas_itens_RT_2025_p1.json;2026-07-29 14:27:28;00026/2025;10673078000120-1-000020/2025-000002;10673078000120-1-000020/2025;15813205901182025;00017;90118;2025;05;Pregão;158132;INST.FED.DE EDUC.,CIENC.E TEC.DO MAT.G.DO SUL;315456;18478;ESPALHANTE ADESIVO;Material;ESPALHANTE ADESIVO, ASPECTO FÍSICO LÍQUIDO, COMPOSIÇÃO NONIL FENOL POLI (ETILENOXI) ETANOL, CONCENTRAÇÃO 226 G/L, APLICAÇÃO FUNGICIDAS, HERBECIDAS E INSETICIDAS;03649963000109;AGROBELIA INSUMOS AGRICOLAS LTDA;001;1;200,00;200,00;0,00;400,00;23,70;4740,00;0,00;13/05/2025;14/05/2025;14/05/2026;Não;23/05/2025;23/05/2025
atas_itens_RT_2025_p1.json;2026-07-29 14:27:28;00026/2025;10673078000120-1-000020/2025-000002;10673078000120-1-000020/2025;15813205901182025;00018;90118;2025;05;Pregão;158132;INST.FED.DE EDUC.,CIENC.E TEC.DO MAT.G.DO SUL;378132;4235;ÓLEO PARA PULVERIZAÇÃO AGRÍCOLA;Material;ÓLEO PARA PULVERIZAÇÃO AGRÍCOLA, COMPOSIÇÃO ÓLEO MINERAL ASSOCIADO A TENSOATIVOS, CONCENTRAÇÃO CONCENTRAÇÃO DE 756 G/L;03649963000109;AGROBELIA INSUMOS AGRICOLAS LTDA;001;1;600,00;600,00;0,00;1200,00;13,70;8220,00;0,00;13/05/2025;14/05/2025;14/05/2026;Não;23/05/2025;23/05/2025
atas_itens_RT_2025_p1.json;2026-07-29 14:27:28;00027/2025;10673078000120-1-000020/2025-000003;10673078000120-1-000020/2025;15813205901182025;00042;90118;2025;05;Pregão;158132;INST.FED.DE EDUC.,CIENC.E TEC.DO MAT.G.DO SUL;249186;855;MOURÃO CONCRETO;Material;MOURÃO CONCRETO, APLICAÇÃO CERCA TELA, COMPRIMENTO TOTAL 3,00 M, COMPRIMENTO FORA SOLO 2,50 M, CARGA ÚTIL 100 KG, CARGA RUPTURA 150 KG, PESO 42 KG, CARACTERÍSTICAS ADICIONAIS PONTA INCLINADA COM 50 CM;32021790000188;ALVES & PARAGUASSU LTDA;001;1;690,00;690,00;0,00;1380,00;70,67;48762,30;0,00;13/05/2025;14/05/2025;14/05/2026;Não;23/05/2025;23/05/2025
atas_itens_RT_2025_p1.json;2026-07-29 14:27:28;00028/2025;10673078000120-1-000020/2025-000004;10673078000120-1-000020/2025;15813205901182025;00094;90118;2025;05;Pregão;158132;INST.FED.DE EDUC.,CIENC.E TEC.DO MAT.G.DO SUL;424087;12233;CALDA USO AGRÍCOLA;Material;CALDA USO AGRÍCOLA, COMPOSIÇÃO CAL VIRGEM + SULFATO DE COBRE (CALDA BORDALESA) , FORMA FÍSICA PRONTA P/ USO;28753966000119;BELLA AGRONEGOCIOS LTDA;001;1;120,00;120,00;0,00;240,00;63,35;7602,00;0,00;13/05/2025;14/05/2025;14/05/2026;Não;23/05/2025;23/05/2025
atas_itens_RT_2025_p1.json;2026-07-29 14:27:28;00029/2025;10673078000120-1-000020/2025-000005;10673078000120-1-000020/2025;15813205901182025;00080;90118;2025;05;Pregão;158132;INST.FED.DE EDUC.,CIENC.E TEC.DO MAT.G.DO SUL;601330;1036;MÁQUINA SOLDA PORTÁTIL;Material;MÁQUINA SOLDA PORTÁTIL, TENSÃO 220/380 V, FREQÜÊNCIA NOMINAL 60 HZ, POTÊNCIA MÁXIMA 17,50 KVA, FATOR POTÊNCIA 0,80, APLICAÇÃO TRABALHOS PEQUENO/MÉDIO PORTE , CARACTERÍSTICAS ADICIONAIS SISTEMA DE REFRIGERACAO GÁS, CLASSE DE ISOLA, FAIXA CORRENTE 45 A 350 A, TIPO SOLDA MIG/MAG;33366168000174;BRAXPARK MAQUINAS E EQUIPAMENTOS LTDA;001;1;4,00;4,00;0,00;8,00;7420,30;29681,20;0,00;13/05/2025;14/05/2025;14/05/2026;Não;23/05/2025;23/05/2025
atas_itens_RT_2025_p1.json;2026-07-29 14:27:28;00030/2025;10673078000120-1-000020/2025-000006;10673078000120-1-000020/2025;15813205901182025;00043;90118;2025;05;Pregão;158132;INST.FED.DE EDUC.,CIENC.E TEC.DO MAT.G.DO SUL;457420;3764;PULVERIZADOR COSTAL MANUAL;Material;PULVERIZADOR COSTAL MANUAL, MATERIAL TANQUE POLIETILENO, CAPACIDADE TANQUE 18 L, APLICAÇÃO INSETICIDA, CARACTERÍSTICAS ADICIONAIS BATERIA RECARREGÁVEL. BIVOLT, MANGUEIRA TRANÇADA;17050375000169;CONCEITOS - PNEUS E SERVICOS LTDA;001;1;7,00;7,00;0,00;14,00;259,32;1815,24;0,00;13/05/2025;14/05/2025;14/05/2026;Não;23/05/2025;23/05/2025
atas_itens_RT_2025_p1.json;2026-07-29 14:27:28;00031/2025;10673078000120-1-000020/2025-000007;10673078000120-1-000020/2025;15813205901182025;00003;90118;2025;05;Pregão;158132;INST.FED.DE EDUC.,CIENC.E TEC.DO MAT.G.DO SUL;465465;995;FERTILIZANTE NATURAL;Material;FERTILIZANTE NATURAL, COMPOSIÇÃO QUÍMICA MÍNIMO 17% DE CALCIO, 25% DE ENXOFRE E 0,6 % P205, APLICAÇÃO AGRÍCOLA, TIPO GESSO AGRÍCOLA, APRESENTAÇÃO FARELO;21793208000185;DF MAQUINAS E FERRAMENTAS LTDA;001;1;372,00;372,00;0,00;744,00;517,99;192692,28;0,00;13/05/2025;14/05/2025;14/05/2026;Não;23/05/2025;23/05/2025
atas_itens_RT_2025_p1.json;2026-07-29 14:27:28;00031/2025;10673078000120-1-000020/2025-000007;10673078000120-1-000020/2025;15813205901182025;00004;90118;2025;05;Pregão;158132;INST.FED.DE EDUC.,CIENC.E TEC.DO MAT.G.DO SUL;465465;995;FERTILIZANTE NATURAL;Material;FERTILIZANTE NATURAL, COMPOSIÇÃO QUÍMICA MÍNIMO 17% DE CALCIO, 25% DE ENXOFRE E 0,6 % P205, APLICAÇÃO AGRÍCOLA, TIPO GESSO AGRÍCOLA, APRESENTAÇÃO FARELO;21793208000185;DF MAQUINAS E FERRAMENTAS LTDA;001;1;123,00;123,00;0,00;246,00;517,99;63712,77;0,00;13/05/2025;14/05/2025;14/05/2026;Não;23/05/2025;23/05/2025
atas_itens_RT_2025_p1.json;2026-07-29 14:27:28;00031/2025;10673078000120-1-000020/2025-000007;10673078000120-1-000020/2025;15813205901182025;00072;90118;2025;05;Pregão;158132;INST.FED.DE EDUC.,CIENC.E TEC.DO MAT.G.DO SUL;610071;5871;CORDOALHA;Material;CORDOALHA, MATERIAL METAL, TIPO CORDOALHA, DIAMETRO 4 MM, CARACTERISTICAS ADICIONAIS 3 FIOS, APLICAçãO CURRAL, CARGA MÍNIMA DE RUPTURA 1.000 KGF;21793208000185;DF MAQUINAS E FERRAMENTAS LTDA;001;1;2,00;2,00;0,00;4,00;390,90;781,80;0,00;13/05/2025;14/05/2025;14/05/2026;Não;23/05/2025;23/05/2025
atas_itens_RT_2025_p1.json;2026-07-29 14:27:28;00031/2025;10673078000120-1-000020/2025-000007;10673078000120-1-000020/2025;15813205901182025;00073;90118;2025;05;Pregão;158132;INST.FED.DE EDUC.,CIENC.E TEC.DO MAT.G.DO SUL;227320;3879;BROCA;Material;BROCA, MATERIAL AÇO RÁPIDO, DIÂMETRO 1/2 POL, TAMANHO LONGO;21793208000185;DF MAQUINAS E FERRAMENTAS LTDA;001;1;15,00;15,00;0,00;30,00;43,53;652,95;0,00;13/05/2025;14/05/2025;14/05/2026;Não;23/05/2025;23/05/2025
atas_itens_RT_2025_p1.json;2026-07-29 14:27:28;00031/2025;10673078000120-1-000020/2025-000007;10673078000120-1-000020/2025;15813205901182025;00114;90118;2025;05;Pregão;158132;INST.FED.DE EDUC.,CIENC.E TEC.DO MAT.G.DO SUL;412284;8862;ALFINETE ENTOMOLÓGICO;Material;ALFINETE ENTOMOLÓGICO, MATERIAL AÇO INOX, DIMENSÕES CERCA DE 15 X 0,20 MM;21793208000185;DF MAQUINAS E FERRAMENTAS LTDA;001;1;10000,00;10000,00;0,00;20000,00;0,37;3700,00;0,00;13/05/2025;14/05/2025;14/05/2026;Não;23/05/2025;23/05/2025
atas_itens_RT_2025_p1.json;2026-07-29 14:27:28;00031/2025;10673078000120-1-000020/2025-000007;10673078000120-1-000020/2025;15813205901182025;00123;90118;2025;05;Pregão;158132;INST.FED.DE EDUC.,CIENC.E TEC.DO MAT.G.DO SUL;390698;11902;SACO;Material;SACO, MATERIAL PLÁSTICO, COR PRETA, APLICAÇÃO PRODUÇÃO PLANTIO MUDAS, CARACTERÍSTICAS ADICIONAIS COM FURO, ALTURA 25 CM, LARGURA 25 CM, ESPESSURA 0,2 MM;21793208000185;DF MAQUINAS E FERRAMENTAS LTDA;001;1;31,00;31,00;0,00;62,00;37,90;1174,90;0,00;13/05/2025;14/05/2025;14/05/2026;Não;23/05/2025;23/05/2025
atas_itens_RT_2025_p1.json;2026-07-29 14:27:28;00031/2025;10673078000120-1-000020/2025-000007;10673078000120-1-000020/2025;15813205901182025;00124;90118;2025;05;Pregão;158132;INST.FED.DE EDUC.,CIENC.E TEC.DO MAT.G.DO SUL;467097;11902;SACO;Material;SACO, MATERIAL PLÁSTICO, COR PRETA, APLICAÇÃO PRODUÇÃO PLANTIO MUDAS, CARACTERÍSTICAS ADICIONAIS COM FURO, ALTURA 20 CM, LARGURA 15 CM, ESPESSURA 0,2 CM;21793208000185;DF MAQUINAS E FERRAMENTAS LTDA;001;1;30,00;30,00;0,00;60,00;18,90;567,00;0,00;13/05/2025;14/05/2025;14/05/2026;Não;23/05/2025;23/05/2025
atas_itens_RT_2025_p1.json;2026-07-29 14:27:28;00031/2025;10673078000120-1-000020/2025-000007;10673078000120-1-000020/2025;15813205901182025;00125;90118;2025;05;Pregão;158132;INST.FED.DE EDUC.,CIENC.E TEC.DO MAT.G.DO SUL;460533;11902;SACO;Material;SACO, MATERIAL PLÁSTICO, COR PRETA, APLICAÇÃO PRODUÇÃO PLANTIO MUDAS, CARACTERÍSTICAS ADICIONAIS COM FURO, ALTURA 30 CM, LARGURA 20 CM, ESPESSURA 0,016 CM;21793208000185;DF MAQUINAS E FERRAMENTAS LTDA;001;1;30,00;30,00;0,00;60,00;36,90;1107,00;0,00;13/05/2025;14/05/2025;14/05/2026;Não;23/05/2025;23/05/2025
atas_itens_RT_2025_p1.json;2026-07-29 14:27:28;00032/2025;10673078000120-1-000020/2025-000008;10673078000120-1-000020/2025;15813205901182025;00117;90118;2025;05;Pregão;158132;INST.FED.DE EDUC.,CIENC.E TEC.DO MAT.G.DO SUL;440658;7059;MICROSCÓPIO;Material;MICROSCÓPIO, TIPO DE ANÁLISE ÓTICO, TIPO BINOCULAR, AUMENTO OCULAR ATÉ 16X, COMPONENTES C/ CâMERA DE VíDEO INTEGRADA, OUTROS COMPONENTES C/ SAíDA USB, ADICIONAL INCLINAÇÃO ATÉ 45°;43287805000170;E CAMPREGUER COMEX LTDA;001;1;38,00;38,00;0,00;76,00;2320,00;88160,00;0,00;13/05/2025;14/05/2025;14/05/2026;Não;23/05/2025;23/05/2025
atas_itens_RT_2025_p1.json;2026-07-29 14:27:28;00032/2025;10673078000120-1-000020/2025-000008;10673078000120-1-000020/2025;15813205901182025;00118;90118;2025;05;Pregão;158132;INST.FED.DE EDUC.,CIENC.E TEC.DO MAT.G.DO SUL;440658;7059;MICROSCÓPIO;Material;MICROSCÓPIO, TIPO DE ANÁLISE ÓTICO, TIPO BINOCULAR, AUMENTO OCULAR ATÉ 16X, COMPONENTES C/ CâMERA DE VíDEO INTEGRADA, OUTROS COMPONENTES C/ SAíDA USB, ADICIONAL INCLINAÇÃO ATÉ 45°;43287805000170;E CAMPREGUER COMEX LTDA;001;1;12,00;12,00;0,00;24,00;2320,00;27840,00;0,00;13/05/2025;14/05/2025;14/05/2026;Não;23/05/2025;23/05/2025
atas_itens_RT_2025_p1.json;2026-07-29 14:27:28;00033/2025;10673078000120-1-000020/2025-000009;10673078000120-1-000020/2025;15813205901182025;00037;90118;2025;05;Pregão;158132;INST.FED.DE EDUC.,CIENC.E TEC.DO MAT.G.DO SUL;464575;19792;LEGUMINOSA;Material;LEGUMINOSA, VARIEDADE SOJA AMARELA;53876295000120;ELCO SOLUCOES EM INVESTIMENTOS LTDA;001;1;5100,00;5100,00;0,00;10200,00;14,38;73338,00;0,00;13/05/2025;14/05/2025;14/05/2026;Não;23/05/2025;23/05/2025
atas_itens_RT_2025_p1.json;2026-07-29 14:27:28;00033/2025;10673078000120-1-000020/2025-000009;10673078000120-1-000020/2025;15813205901182025;00038;90118;2025;05;Pregão;158132;INST.FED.DE EDUC.,CIENC.E TEC.DO MAT.G.DO SUL;464575;19792;LEGUMINOSA;Material;LEGUMINOSA, VARIEDADE SOJA AMARELA;53876295000120;ELCO SOLUCOES EM INVESTIMENTOS LTDA;001;1;1700,00;1700,00;0,00;3400,00;14,38;24446,00;0,00;13/05/2025;14/05/2025;14/05/2026;Não;23/05/2025;23/05/2025
atas_itens_RT_2025_p1.json;2026-07-29 14:27:28;00034/2025;10673078000120-1-000020/2025-000010;10673078000120-1-000020/2025;15813205901182025;00076;90118;2025;05;Pregão;158132;INST.FED.DE EDUC.,CIENC.E TEC.DO MAT.G.DO SUL;607098;6351;PROPULSORA PNEUMÁTICA;Material;PROPULSORA PNEUMÁTICA, MATERIAL METAL, COMPONENTES MAGUEIRA DE 4 M, COM CARRINHO, APLICAÇÃO RETIRAR GRAXA DE TAMBORES DE 20 KG;49875141000147;EUROK COMERCIO E IMPORTACAO LTDA;001;1;2,00;2,00;0,00;4,00;1450,00;2900,00;0,00;13/05/2025;14/05/2025;14/05/2026;Não;23/05/2025;23/05/2025
atas_itens_RT_2025_p1.json;2026-07-29 14:27:28;00035/2025;10673078000120-1-000020/2025-000011;10673078000120-1-000020/2025;15813205901182025;00105;90118;2025;05;Pregão;158132;INST.FED.DE EDUC.,CIENC.E TEC.DO MAT.G.DO SUL;427298;8862;ALFINETE ENTOMOLÓGICO;Material;ALFINETE ENTOMOLÓGICO, MATERIAL AÇO INOX, DIMENSÕES CERCA DE 40 X 0,40 MM, ADICIONAL COM CABEÇA;21707794000106;FASTLABOR COMERCIAL LTDA;001;1;100,00;100,00;0,00;200,00;23,75;2375,00;0,00;13/05/2025;14/05/2025;14/05/2026;Não;23/05/2025;23/05/2025
atas_itens_RT_2025_p1.json;2026-07-29 14:27:28;00035/2025;10673078000120-1-000020/2025-000011;10673078000120-1-000020/2025;15813205901182025;00106;90118;2025;05;Pregão;158132;INST.FED.DE EDUC.,CIENC.E TEC.DO MAT.G.DO SUL;424736;8862;ALFINETE ENTOMOLÓGICO;Material;ALFINETE ENTOMOLÓGICO, MATERIAL AÇO INOX, DIMENSÕES CERCA DE 55 X 0,70 MM, ADICIONAL COM CABEÇA;21707794000106;FASTLABOR COMERCIAL LTDA;001;1;100,00;100,00;0,00;200,00;58,70;5870,00;0,00;13/05/2025;14/05/2025;14/05/2026;Não;23/05/2025;23/05/2025
atas_itens_RT_2025_p1.json;2026-07-29 14:27:28;00035/2025;10673078000120-1-000020/2025-000011;10673078000120-1-000020/2025;15813205901182025;00107;90118;2025;05;Pregão;158132;INST.FED.DE EDUC.,CIENC.E TEC.DO MAT.G.DO SUL;424735;8862;ALFINETE ENTOMOLÓGICO;Material;ALFINETE ENTOMOLÓGICO, MATERIAL AÇO INOX, DIMENSÕES CERCA DE 40 X 0,50 MM, ADICIONAL COM CABEÇA;21707794000106;FASTLABOR COMERCIAL LTDA;001;1;100,00;100,00;0,00;200,00;33,74;3374,00;0,00;13/05/2025;14/05/2025;14/05/2026;Não;23/05/2025;23/05/2025
atas_itens_RT_2025_p1.json;2026-07-29 14:27:28;00035/2025;10673078000120-1-000020/2025-000011;10673078000120-1-000020/2025;15813205901182025;00108;90118;2025;05;Pregão;158132;INST.FED.DE EDUC.,CIENC.E TEC.DO MAT.G.DO SUL;412291;8862;ALFINETE ENTOMOLÓGICO;Material;ALFINETE ENTOMOLÓGICO, MATERIAL AÇO INOX, DIMENSÕES CERCA DE 40 X 0,65 MM, ADICIONAL COM CABEÇA;21707794000106;FASTLABOR COMERCIAL LTDA;001;1;100,00;100,00;0,00;200,00;36,90;3690,00;0,00;13/05/2025;14/05/2025;14/05/2026;Não;23/05/2025;23/05/2025
atas_itens_RT_2025_p1.json;2026-07-29 14:27:28;00035/2025;10673078000120-1-000020/2025-000011;10673078000120-1-000020/2025;15813205901182025;00109;90118;2025;05;Pregão;158132;INST.FED.DE EDUC.,CIENC.E TEC.DO MAT.G.DO SUL;412290;8862;ALFINETE ENTOMOLÓGICO;Material;ALFINETE ENTOMOLÓGICO, MATERIAL AÇO INOX, DIMENSÕES CERCA DE 40 X 0,60 MM, ADICIONAL COM CABEÇA;21707794000106;FASTLABOR COMERCIAL LTDA;001;1;100,00;100,00;0,00;200,00;39,90;3990,00;0,00;13/05/2025;14/05/2025;14/05/2026;Não;23/05/2025;23/05/2025
atas_itens_RT_2025_p1.json;2026-07-29 14:27:28;00035/2025;10673078000120-1-000020/2025-000011;10673078000120-1-000020/2025;15813205901182025;00110;90118;2025;05;Pregão;158132;INST.FED.DE EDUC.,CIENC.E TEC.DO MAT.G.DO SUL;412286;8862;ALFINETE ENTOMOLÓGICO;Material;ALFINETE ENTOMOLÓGICO, MATERIAL AÇO INOX, DIMENSÕES CERCA DE 40 X 0,30 MM, ADICIONAL COM CABEÇA;21707794000106;FASTLABOR COMERCIAL LTDA;001;1;100,00;100,00;0,00;200,00;39,10;3910,00;0,00;13/05/2025;14/05/2025;14/05/2026;Não;23/05/2025;23/05/2025
atas_itens_RT_2025_p1.json;2026-07-29 14:27:28;00035/2025;10673078000120-1-000020/2025-000011;10673078000120-1-000020/2025;15813205901182025;00111;90118;2025;05;Pregão;158132;INST.FED.DE EDUC.,CIENC.E TEC.DO MAT.G.DO SUL;412287;8862;ALFINETE ENTOMOLÓGICO;Material;ALFINETE ENTOMOLÓGICO, MATERIAL AÇO INOX, DIMENSÕES CERCA DE 40 X 0,25 MM, ADICIONAL COM CABEÇA;21707794000106;FASTLABOR COMERCIAL LTDA;001;1;100,00;100,00;0,00;200,00;43,40;4340,00;0,00;13/05/2025;14/05/2025;14/05/2026;Não;23/05/2025;23/05/2025
atas_itens_RT_2025_p1.json;2026-07-29 14:27:28;00035/2025;10673078000120-1-000020/2025-000011;10673078000120-1-000020/2025;15813205901182025;00112;90118;2025;05;Pregão;158132;INST.FED.DE EDUC.,CIENC.E TEC.DO MAT.G.DO SUL;424734;8862;ALFINETE ENTOMOLÓGICO;Material;ALFINETE ENTOMOLÓGICO, MATERIAL AÇO INOX, DIMENSÕES CERCA DE 40 X 0,35 MM, ADICIONAL COM CABEÇA;21707794000106;FASTLABOR COMERCIAL LTDA;001;1;100,00;100,00;0,00;200,00;40,20;4020,00;0,00;13/05/2025;14/05/2025;14/05/2026;Não;23/05/2025;23/05/2025
atas_itens_RT_2025_p1.json;2026-07-29 14:27:28;00035/2025;10673078000120-1-000020/2025-000011;10673078000120-1-000020/2025;15813205901182025;00113;90118;2025;05;Pregão;158132;INST.FED.DE EDUC.,CIENC.E TEC.DO MAT.G.DO SUL;412289;8862;ALFINETE ENTOMOLÓGICO;Material;ALFINETE ENTOMOLÓGICO, MATERIAL AÇO INOX, DIMENSÕES CERCA DE 40 X 0,55 MM, ADICIONAL COM CABEÇA;21707794000106;FASTLABOR COMERCIAL LTDA;001;1;100,00;100,00;0,00;200,00;37,70;3770,00;0,00;13/05/2025;14/05/2025;14/05/2026;Não;23/05/2025;23/05/2025
atas_itens_RT_2025_p1.json;2026-07-29 14:27:28;00035/2025;10673078000120-1-000020/2025-000011;10673078000120-1-000020/2025;15813205901182025;00115;90118;2025;05;Pregão;158132;INST.FED.DE EDUC.,CIENC.E TEC.DO MAT.G.DO SUL;412288;8862;ALFINETE ENTOMOLÓGICO;Material;ALFINETE ENTOMOLÓGICO, MATERIAL AÇO INOX, DIMENSÕES CERCA DE 40 X 0,45 MM, ADICIONAL COM CABEÇA;21707794000106;FASTLABOR COMERCIAL LTDA;001;1;100,00;100,00;0,00;200,00;36,30;3630,00;0,00;13/05/2025;14/05/2025;14/05/2026;Não;23/05/2025;23/05/2025
atas_itens_RT_2025_p1.json;2026-07-29 14:27:28;00035/2025;10673078000120-1-000020/2025-000011;10673078000120-1-000020/2025;15813205901182025;00116;90118;2025;05;Pregão;158132;INST.FED.DE EDUC.,CIENC.E TEC.DO MAT.G.DO SUL;415693;17963;REDE CAPTURA ANIMAL;Material;REDE CAPTURA ANIMAL, MATERIAL ALUMÍNIO, TIPO PUÇÁ, APLICAÇÃO INSETOS, CARACTERÍSTICAS ADICIONAIS CABO RETRÁTIL: 75CM/ DÎAMETRO DO ARO: 38CM;21707794000106;FASTLABOR COMERCIAL LTDA;001;1;85,00;85,00;0,00;170,00;277,78;23611,30;0,00;13/05/2025;14/05/2025;14/05/2026;Não;23/05/2025;23/05/2025
atas_itens_RT_2025_p1.json;2026-07-29 14:27:28;00036/2025;10673078000120-1-000020/2025-000012;10673078000120-1-000020/2025;15813205901182025;00056;90118;2025;05;Pregão;158132;INST.FED.DE EDUC.,CIENC.E TEC.DO MAT.G.DO SUL;450343;11339;PULVERIZADOR;Material;PULVERIZADOR, MATERIAL TANQUE POLIETILENO E LATÃO, CAPACIDADE TANQUE 20 L, CARACTERÍSTICAS ADICIONAIS BARRA DE ALUMÍNIO COM 8 BICOS DE PULVERIZAÇÃO, TIPO CARRIOLA;47358786000187;G Z MENEGUSSO LTDA;001;1;8,00;8,00;0,00;16,00;2299,00;18392,00;0,00;13/05/2025;14/05/2025;14/05/2026;Não;23/05/2025;23/05/2025
atas_itens_RT_2025_p1.json;2026-07-29 14:27:28;00037/2025;10673078000120-1-000020/2025-000013;10673078000120-1-000020/2025;15813205901182025;00034;90118;2025;05;Pregão;158132;INST.FED.DE EDUC.,CIENC.E TEC.DO MAT.G.DO SUL;232172;994;ADUBO ANIMAL;Material;ADUBO ANIMAL, MATERIAL ESTERCO DE GALINHA, APLICAÇÃO JARDINAGEM, PRAZO VALIDADE INDETERMINADO ANOS;46350472000175;HABILITE ASSESSORIA EMPRESARIAL LTDA;001;1;121,00;121,00;0,00;242,00;599,90;72587,90;0,00;13/05/2025;14/05/2025;14/05/2026;Não;23/05/2025;23/05/2025
atas_itens_RT_2025_p1.json;2026-07-29 14:27:28;00037/2025;10673078000120-1-000020/2025-000013;10673078000120-1-000020/2025;15813205901182025;00035;90118;2025;05;Pregão;158132;INST.FED.DE EDUC.,CIENC.E TEC.DO MAT.G.DO SUL;232172;994;ADUBO ANIMAL;Material;ADUBO ANIMAL, MATERIAL ESTERCO DE GALINHA, APLICAÇÃO JARDINAGEM, PRAZO VALIDADE INDETERMINADO ANOS;46350472000175;HABILITE ASSESSORIA EMPRESARIAL LTDA;001;1;40,00;40,00;0,00;80,00;599,90;23996,00;0,00;13/05/2025;14/05/2025;14/05/2026;Não;23/05/2025;23/05/2025
atas_itens_RT_2025_p1.json;2026-07-29 14:27:28;00038/2025;10673078000120-1-000020/2025-000014;10673078000120-1-000020/2025;15813205901182025;00029;90118;2025;05;Pregão;158132;INST.FED.DE EDUC.,CIENC.E TEC.DO MAT.G.DO SUL;252330;4585;CARRINHO MÃO;Material;CARRINHO MÃO, MATERIAL CAÇAMBA CHAPA AÇO, MATERIAL CHASSI TUDO AÇO COM LUVA PARA PROTEÇÃO DAS MÃOS, MATERIAL PÉS CHAPA AÇO REPUXADA, MATERIAL TRAVESSA CHAPA AÇO, TIPO TRAVESSA SUPORTE DIANTEIRO CAÇAMBA, MATERIAL EIXO AÇO, MATERIAL ARRUELA FIXAÇÃO AÇO, MATERIAL BRAÇADEIRA AÇO, QUANTIDADE RODA 1, TIPO RODA PNEU COM CÂMARA;08658622000113;J. J. VITALLI;001;1;32,00;32,00;0,00;64,00;129,90;4156,80;0,00;13/05/2025;14/05/2025;14/05/2026;Não;23/05/2025;23/05/2025
atas_itens_RT_2025_p1.json;2026-07-29 14:27:28;00038/2025;10673078000120-1-000020/2025-000014;10673078000120-1-000020/2025;15813205901182025;00060;90118;2025;05;Pregão;158132;INST.FED.DE EDUC.,CIENC.E TEC.DO MAT.G.DO SUL;481613;670;TELA;Material;TELA, MATERIAL POLIETILENO ALTA DENSIDADE, LARGURA 3 M, COR PRETA, APLICAÇÃO SOMBREAMENTO, CARACTERÍSTICAS ADICIONAIS 50% DE SOMBREAMENTO, COMPRIMENTO 50 M;08658622000113;J. J. VITALLI;001;1;30,00;30,00;0,00;60,00;398,90;11967,00;0,00;13/05/2025;14/05/2025;14/05/2026;Não;23/05/2025;23/05/2025
atas_itens_RT_2025_p1.json;2026-07-29 14:27:28;00038/2025;10673078000120-1-000020/2025-000014;10673078000120-1-000020/2025;15813205901182025;00097;90118;2025;05;Pregão;158132;INST.FED.DE EDUC.,CIENC.E TEC.DO MAT.G.DO SUL;610379;7859;FUMIGADOR;Material;FUMIGADOR, MATERIAL AÇO LAMINADO COM ESPESSURA MÍNIMA DE 0,6 MM, MATERIAL DO FOLE MADEIRA COM PANO DE LONA ENCERADA E TELA DE, MATERIAL DO PEGADOR MADEIRA, ALTURA 340 MM, DIÂMETRO MÍNIMO DE 15 MM, CARACTERÍSTICAS ADICIONAIS FORMALHA COM CAPACIDADE DE 6 LITROS, APLICAÇÃO APICULTURA;08658622000113;J. J. VITALLI;001;1;8,00;8,00;0,00;16,00;199,60;1596,80;0,00;13/05/2025;14/05/2025;14/05/2026;Não;23/05/2025;23/05/2025
atas_itens_RT_2025_p1.json;2026-07-29 14:27:28;00039/2025;10673078000120-1-000020/2025-000015;10673078000120-1-000020/2025;15813205901182025;00032;90118;2025;05;Pregão;158132;INST.FED.DE EDUC.,CIENC.E TEC.DO MAT.G.DO SUL;604311;1461;ROÇADEIRA MANUAL;Material;ROÇADEIRA MANUAL, TIPO MOTOR GASOLINA, POTÊNCIA MOTOR 3HP 63CC HP, TIPO CORTADOR FIO NÁILON E/OU LÂMINA AÇO, TIPO EMPUNHADEIRA GUIDÕES AJUSTÁVEIS, CARACTERÍSTICAS ADICIONAIS MOTOR 2 TEMPOS Á GASOLINA, DEPOSITO DE COMBUSTÍVE L;39236457000135;JR2 COMERCIO DE VARIEDADES LTDA;001;1;6,00;6,00;0,00;12,00;721,50;4329,00;0,00;13/05/2025;14/05/2025;14/05/2026;Não;23/05/2025;23/05/2025
atas_itens_RT_2025_p1.json;2026-07-29 14:27:28;00040/2025;10673078000120-1-000020/2025-000016;10673078000120-1-000020/2025;15813205901182025;00099;90118;2025;05;Pregão;158132;INST.FED.DE EDUC.,CIENC.E TEC.DO MAT.G.DO SUL;611172;1364;MACACÃO;Material;MACACÃO, MATERIAL BRIM, COMPONENTES MACACÃO, MÁSCARA E CHAPÉU COM TELA, TIPO USO APICULTOR, COR BRANCO, TAMANHO GG, CARACTERÍSTICAS ADICIONAIS FECHAMENTO EM ZÍPER, PUNHOS AJUSTÁVEIS E BARRA CO, QUANTIDADE BOLSOS 4 UN, POSIÇÃO BOLSOS 2 FRONTAIS E 2 TRASEIROS, TIPO BOLSO EXTERNO;01424128000145;LUIZ TADEO DAMASCHI;001;1;95,00;95,00;0,00;190,00;168,90;16045,50;0,00;13/05/2025;14/05/2025;14/05/2026;Não;23/05/2025;23/05/2025
atas_itens_RT_2025_p1.json;2026-07-29 14:27:28;00041/2025;10673078000120-1-000020/2025-000017;10673078000120-1-000020/2025;15813205901182025;00059;90118;2025;05;Pregão;158132;INST.FED.DE EDUC.,CIENC.E TEC.DO MAT.G.DO SUL;449170;593;PNEU TRATOR RODAS TRAÇÃO;Material;PNEU TRATOR RODAS TRAÇÃO, LARGURA SEÇÃO PNEU 7,50 POL, DIÂMETRO NOMINAL ARO 16 POL, QUANTIDADE LONAS 8 UN, TIPO ESTRUTURA CARCAÇA DIAGONAL, CARACTERÍSTICAS ADICIONAIS COM CÂMARA;09026761000197;MAURIVAN VICENTE E CIA LTDA;001;1;2,00;2,00;0,00;4,00;660,00;1320,00;0,00;13/05/2025;14/05/2025;14/05/2026;Não;23/05/2025;23/05/2025
atas_itens_RT_2025_p1.json;2026-07-29 14:27:28;00041/2025;10673078000120-1-000020/2025-000017;10673078000120-1-000020/2025;15813205901182025;00063;90118;2025;05;Pregão;158132;INST.FED.DE EDUC.,CIENC.E TEC.DO MAT.G.DO SUL;353022;593;PNEU TRATOR RODAS TRAÇÃO;Material;PNEU TRATOR RODAS TRAÇÃO, LARGURA SEÇÃO PNEU 18,40 POL, DIÂMETRO NOMINAL ARO 34 POL, QUANTIDADE LONAS 12 UN, TIPO ESTRUTURA CARCAÇA RADIAL, CARACTERÍSTICAS ADICIONAIS TRASEIRO/SEM CÂMARA;09026761000197;MAURIVAN VICENTE E CIA LTDA;001;1;4,00;4,00;0,00;8,00;4921,00;19684,00;0,00;13/05/2025;14/05/2025;14/05/2026;Não;23/05/2025;23/05/2025
atas_itens_RT_2025_p1.json;2026-07-29 14:27:28;00042/2025;10673078000120-1-000020/2025-000018;10673078000120-1-000020/2025;15813205901182025;00009;90118;2025;05;Pregão;158132;INST.FED.DE EDUC.,CIENC.E TEC.DO MAT.G.DO SUL;438237;2122;ADUBO QUÍMICO;Material;ADUBO QUÍMICO, ASPECTO FÍSICO GRANULADO, COMPOSIÇÃO BÁSICA 50% P2O5 + 11% N, CARACTERÍSTICAS ADICIONAIS MAP- FOSFATO MONOAMÔNICO;37564523000170;PAMPA AGROBUSINESS LTDA;001;1;716,00;716,00;0,00;1432,00;295,00;211220,00;0,00;13/05/2025;14/05/2025;14/05/2026;Não;23/05/2025;23/05/2025
atas_itens_RT_2025_p1.json;2026-07-29 14:27:28;00042/2025;10673078000120-1-000020/2025-000018;10673078000120-1-000020/2025;15813205901182025;00010;90118;2025;05;Pregão;158132;INST.FED.DE EDUC.,CIENC.E TEC.DO MAT.G.DO SUL;438237;2122;ADUBO QUÍMICO;Material;ADUBO QUÍMICO, ASPECTO FÍSICO GRANULADO, COMPOSIÇÃO BÁSICA 50% P2O5 + 11% N, CARACTERÍSTICAS ADICIONAIS MAP- FOSFATO MONOAMÔNICO;37564523000170;PAMPA AGROBUSINESS LTDA;001;1;239,00;239,00;0,00;478,00;288,80;69023,20;0,00;13/05/2025;14/05/2025;14/05/2026;Não;23/05/2025;23/05/2025
atas_itens_RT_2025_p1.json;2026-07-29 14:27:28;00042/2025;10673078000120-1-000020/2025-000018;10673078000120-1-000020/2025;15813205901182025;00013;90118;2025;05;Pregão;158132;INST.FED.DE EDUC.,CIENC.E TEC.DO MAT.G.DO SUL;319141;2122;ADUBO QUÍMICO;Material;ADUBO QUÍMICO, ASPECTO FÍSICO GRANULADO, COMPOSIÇÃO BÁSICA CLORETO DE POTÁSSIO A 58% DE K2O, CARACTERÍSTICAS ADICIONAIS ENSACADO;37564523000170;PAMPA AGROBUSINESS LTDA;001;1;739,00;739,00;0,00;1478,00;165,90;122600,10;0,00;13/05/2025;14/05/2025;14/05/2026;Não;23/05/2025;23/05/2025
atas_itens_RT_2025_p1.json;2026-07-29 14:27:28;00042/2025;10673078000120-1-000020/2025-000018;10673078000120-1-000020/2025;15813205901182025;00014;90118;2025;05;Pregão;158132;INST.FED.DE EDUC.,CIENC.E TEC.DO MAT.G.DO SUL;319141;2122;ADUBO QUÍMICO;Material;ADUBO QUÍMICO, ASPECTO FÍSICO GRANULADO, COMPOSIÇÃO BÁSICA CLORETO DE POTÁSSIO A 58% DE K2O, CARACTERÍSTICAS ADICIONAIS ENSACADO;37564523000170;PAMPA AGROBUSINESS LTDA;001;1;246,00;246,00;0,00;492,00;169,70;41746,20;0,00;13/05/2025;14/05/2025;14/05/2026;Não;23/05/2025;23/05/2025
atas_itens_RT_2025_p1.json;2026-07-29 14:27:28;00042/2025;10673078000120-1-000020/2025-000018;10673078000120-1-000020/2025;15813205901182025;00020;90118;2025;05;Pregão;158132;INST.FED.DE EDUC.,CIENC.E TEC.DO MAT.G.DO SUL;466798;14969;SUBSTRATO AGRÍCOLA;Material;SUBSTRATO AGRÍCOLA, CARACTERÍSTICAS ADICIONAIS ELEVADA POROSIDADE E PH ENTRE 6,0 E 6,5, APLICAÇÃO PRODUÇÃO DE MUDAS DE OLERÍCULAS, MATERIAL FIBRA E PÓ DE COCO, CASCA DE PINUS VERMICULITA, C A;37564523000170;PAMPA AGROBUSINESS LTDA;001;1;450,00;450,00;0,00;900,00;32,50;14625,00;0,00;13/05/2025;14/05/2025;14/05/2026;Não;23/05/2025;23/05/2025
atas_itens_RT_2025_p1.json;2026-07-29 14:27:28;00042/2025;10673078000120-1-000020/2025-000018;10673078000120-1-000020/2025;15813205901182025;00022;90118;2025;05;Pregão;158132;INST.FED.DE EDUC.,CIENC.E TEC.DO MAT.G.DO SUL;321669;6595;ENXADA;Material;ENXADA, MATERIAL FERRO FORJADO, LARGURA 236 MM, ALTURA 18 CM, PESO 1,13 KG, TIPO LARGA, MATERIAL CABO MADEIRA, COMPRIMENTO CABO 150 CM, CARACTERÍSTICAS ADICIONAIS SUPORTE PINTADO, GUME POLIDO;37564523000170;PAMPA AGROBUSINESS LTDA;001;1;126,00;126,00;0,00;252,00;43,90;5531,40;0,00;13/05/2025;14/05/2025;14/05/2026;Não;23/05/2025;23/05/2025
atas_itens_RT_2025_p1.json;2026-07-29 14:27:28;00042/2025;10673078000120-1-000020/2025-000018;10673078000120-1-000020/2025;15813205901182025;00033;90118;2025;05;Pregão;158132;INST.FED.DE EDUC.,CIENC.E TEC.DO MAT.G.DO SUL;358724;12310;DISCO DE GRADE ARADO;Material;DISCO DE GRADE ARADO, MATERIAL AÇO, DIÂMETRO DISCO 18 POL, ESPESSURA 5 MM, APLICAÇÃO GRADE NIVELADORA;37564523000170;PAMPA AGROBUSINESS LTDA;001;1;25,00;25,00;0,00;50,00;149,99;3749,75;0,00;13/05/2025;14/05/2025;14/05/2026;Não;23/05/2025;23/05/2025
atas_itens_RT_2025_p1.json;2026-07-29 14:27:28;00042/2025;10673078000120-1-000020/2025-000018;10673078000120-1-000020/2025;15813205901182025;00036;90118;2025;05;Pregão;158132;INST.FED.DE EDUC.,CIENC.E TEC.DO MAT.G.DO SUL;381882;3804;BORATO DE SÓDIO;Material;BORATO DE SÓDIO, ASPECTO FÍSICO PÓ CRISTALINO BRANCO, INODORO, FÓRMULA QUÍMICA NA2B4O7 (ANIDRO), PESO MOLECULAR 201,22 G/MOL, GRAU DE PUREZA PUREZA MÍNIMA DE 98%, CARACTERÍSTICA ADICIONAL REAGENTE P.A., NÚMERO DE REFERÊNCIA QUÍMICA CAS 1330-43-4;37564523000170;PAMPA AGROBUSINESS LTDA;001;1;525,00;525,00;0,00;1050,00;35,40;18585,00;0,00;13/05/2025;14/05/2025;14/05/2026;Não;23/05/2025;23/05/2025
atas_itens_RT_2025_p1.json;2026-07-29 14:27:28;00042/2025;10673078000120-1-000020/2025-000018;10673078000120-1-000020/2025;15813205901182025;00045;90118;2025;05;Pregão;158132;INST.FED.DE EDUC.,CIENC.E TEC.DO MAT.G.DO SUL;602204;14637;JOGO CHAVE;Material;JOGO CHAVE, MATERIAL AÇO CROMO VANÁDIO, TIPO ALLEN, APLICAÇÃO SERVIÇOS GERAIS- OFICINA, COMPONENTES 1.5 A 24 MM., ACABAMENTO SUPERFICIAL CROMADO;37564523000170;PAMPA AGROBUSINESS LTDA;001;1;10,00;10,00;0,00;20,00;137,90;1379,00;0,00;13/05/2025;14/05/2025;14/05/2026;Não;23/05/2025;23/05/2025
atas_itens_RT_2025_p1.json;2026-07-29 14:27:28;00042/2025;10673078000120-1-000020/2025-000018;10673078000120-1-000020/2025;15813205901182025;00050;90118;2025;05;Pregão;158132;INST.FED.DE EDUC.,CIENC.E TEC.DO MAT.G.DO SUL;380401;13546;CONEXÃO HIDRÁULICA;Material;CONEXÃO HIDRÁULICA, MATERIAL PVC, TIPO FLANGE, APLICAÇÃO INSTALAÇÕES PREDIAIS ÁGUA FRIA, BITOLA 75 MM;37564523000170;PAMPA AGROBUSINESS LTDA;001;1;15,00;15,00;0,00;30,00;102,00;1530,00;0,00;13/05/2025;14/05/2025;14/05/2026;Não;23/05/2025;23/05/2025
atas_itens_RT_2025_p1.json;2026-07-29 14:27:28;00042/2025;10673078000120-1-000020/2025-000018;10673078000120-1-000020/2025;15813205901182025;00055;90118;2025;05;Pregão;158132;INST.FED.DE EDUC.,CIENC.E TEC.DO MAT.G.DO SUL;472187;11348;ADESIVO CONEXÃO HIDRÁULICA;Material;ADESIVO CONEXÃO HIDRÁULICA, COMPOSIÇÃO ACETONAS, RESINA DE PVC, FORMALDEÍDOS, PRAZO VALIDADE 1 ANO APÓS FABRICAÇÃO, CARACTERÍSTICAS ADICIONAIS COM PINCEL APLICADOR;37564523000170;PAMPA AGROBUSINESS LTDA;001;1;6,00;6,00;0,00;12,00;62,40;374,40;0,00;13/05/2025;14/05/2025;14/05/2026;Não;23/05/2025;23/05/2025
atas_itens_RT_2025_p1.json;2026-07-29 14:27:28;00042/2025;10673078000120-1-000020/2025-000018;10673078000120-1-000020/2025;15813205901182025;00058;90118;2025;05;Pregão;158132;INST.FED.DE EDUC.,CIENC.E TEC.DO MAT.G.DO SUL;321859;3764;PULVERIZADOR COSTAL MANUAL;Material;PULVERIZADOR COSTAL MANUAL, MATERIAL TANQUE POLIETILENO, CAPACIDADE TANQUE 20 L, PRESSÃO TRABALHO 15 A 90 LB/POL2, DIÂMETRO BOCA 140 MM, CARACTERÍSTICAS ADICIONAIS LANÇA 600 MM, BICO INJETADO JD-12P;37564523000170;PAMPA AGROBUSINESS LTDA;001;1;18,00;18,00;0,00;36,00;338,00;6084,00;0,00;13/05/2025;14/05/2025;14/05/2026;Não;23/05/2025;23/05/2025
atas_itens_RT_2025_p1.json;2026-07-29 14:27:28;00042/2025;10673078000120-1-000020/2025-000018;10673078000120-1-000020/2025;15813205901182025;00061;90118;2025;05;Pregão;158132;INST.FED.DE EDUC.,CIENC.E TEC.DO MAT.G.DO SUL;481614;670;TELA;Material;TELA, MATERIAL POLIETILENO ALTA DENSIDADE, LARGURA 3 M, COR VERMELHA, APLICAÇÃO SOMBREAMENTO, CARACTERÍSTICAS ADICIONAIS 20% DE SOMBREAMENTO, COMPRIMENTO 30 M;37564523000170;PAMPA AGROBUSINESS LTDA;001;1;20,00;20,00;0,00;40,00;1499,00;29980,00;0,00;13/05/2025;14/05/2025;14/05/2026;Não;23/05/2025;23/05/2025
atas_itens_RT_2025_p1.json;2026-07-29 14:27:28;00042/2025;10673078000120-1-000020/2025-000018;10673078000120-1-000020/2025;15813205901182025;00068;90118;2025;05;Pregão;158132;INST.FED.DE EDUC.,CIENC.E TEC.DO MAT.G.DO SUL;269252;2956;ARAME;Material;ARAME, MATERIAL AÇO, TRATAMENTO SUPERFICIAL GALVANIZADO, BITOLA 17 X 15, APLICAÇÃO CERCA, TIPO LISO;37564523000170;PAMPA AGROBUSINESS LTDA;001;1;45,00;45,00;0,00;90,00;627,90;28255,50;0,00;13/05/2025;14/05/2025;14/05/2026;Não;23/05/2025;23/05/2025
atas_itens_RT_2025_p1.json;2026-07-29 14:27:28;00042/2025;10673078000120-1-000020/2025-000018;10673078000120-1-000020/2025;15813205901182025;00101;90118;2025;05;Pregão;158132;INST.FED.DE EDUC.,CIENC.E TEC.DO MAT.G.DO SUL;464776;15915;COLMÉIA;Material;COLMÉIA, MATERIAL MADEIRA, TIPO LANGSTROTH, COMPONENTES FUNDO, NINHO, MELGUEIRAS, QUADRO COM ARAME E TAMP A, APLICAÇÃO APICULTURA, CARACTERÍSTICAS ADICIONAIS 2 MELGUEIRAS COM 10 QUADROS DE NINHO TIPO HOFFMAN;37564523000170;PAMPA AGROBUSINESS LTDA;001;1;90,00;90,00;0,00;180,00;329,50;29655,00;0,00;13/05/2025;14/05/2025;14/05/2026;Não;23/05/2025;23/05/2025
atas_itens_RT_2025_p1.json;2026-07-29 14:27:28;00042/2025;10673078000120-1-000020/2025-000018;10673078000120-1-000020/2025;15813205901182025;00103;90118;2025;05;Pregão;158132;INST.FED.DE EDUC.,CIENC.E TEC.DO MAT.G.DO SUL;443731;16887;EQUIPAMENTOS DIVERSOS PARA SERVIÇOS PROFISSIONAIS;Material;EQUIPAMENTOS DIVERSOS PARA SERVIÇOS PROFISSIONAIS, TIPO MEDIDOR DE CLOROFILA, PADRÃO PARA 30 MEDIÇÕES CONTROLES, USO MEDIR DIFERENÇA DE DENSIDADE ÓPTICA 2 COMPRIMENTO, CARACTERÍSTICAS ADICIONAIS 1 ÁREA DE MEDIÇÃO 2 X 3MM;37564523000170;PAMPA AGROBUSINESS LTDA;001;1;12,00;12,00;0,00;24,00;7000,00;84000,00;0,00;13/05/2025;14/05/2025;14/05/2026;Não;23/05/2025;23/05/2025
atas_itens_RT_2025_p1.json;2026-07-29 14:27:28;00042/2025;10673078000120-1-000020/2025-000018;10673078000120-1-000020/2025;15813205901182025;00104;90118;2025;05;Pregão;158132;INST.FED.DE EDUC.,CIENC.E TEC.DO MAT.G.DO SUL;443731;16887;EQUIPAMENTOS DIVERSOS PARA SERVIÇOS PROFISSIONAIS;Material;EQUIPAMENTOS DIVERSOS PARA SERVIÇOS PROFISSIONAIS, TIPO MEDIDOR DE CLOROFILA, PADRÃO PARA 30 MEDIÇÕES CONTROLES, USO MEDIR DIFERENÇA DE DENSIDADE ÓPTICA 2 COMPRIMENTO, CARACTERÍSTICAS ADICIONAIS 1 ÁREA DE MEDIÇÃO 2 X 3MM;37564523000170;PAMPA AGROBUSINESS LTDA;001;1;3,00;3,00;0,00;6,00;7000,00;21000,00;0,00;13/05/2025;14/05/2025;14/05/2026;Não;23/05/2025;23/05/2025
atas_itens_RT_2025_p1.json;2026-07-29 14:27:28;00042/2025;10673078000120-1-000020/2025-000018;10673078000120-1-000020/2025;15813205901182025;00122;90118;2025;05;Pregão;158132;INST.FED.DE EDUC.,CIENC.E TEC.DO MAT.G.DO SUL;466196;13546;CONEXÃO HIDRÁULICA;Material;CONEXÃO HIDRÁULICA, MATERIAL PVC, TIPO COTOVELO 90°, TIPO FIXAÇÃO ROSCÁVEL, APLICAÇÃO INSTALAÇÃO HIDRÁULICA, BITOLA 1/2 POL;37564523000170;PAMPA AGROBUSINESS LTDA;001;1;15,00;15,00;0,00;30,00;16,50;247,50;0,00;13/05/2025;14/05/2025;14/05/2026;Não;23/05/2025;23/05/2025
atas_itens_RT_2025_p1.json;2026-07-29 14:27:28;00043/2025;10673078000120-1-000020/2025-000019;10673078000120-1-000020/2025;15813205901182025;00001;90118;2025;05;Pregão;158132;INST.FED.DE EDUC.,CIENC.E TEC.DO MAT.G.DO SUL;252768;15160;CALCÁRIO DOLOMITICO;Material;CALCÁRIO DOLOMITICO, ASPECTO FÍSICO PO, COMPOSIÇÃO PRNT ACIMA DE 90%, USO CORREÇÃO DO SOLO;09590203000150;PLANTIUN DISTRIBUIDORA LTDA;001;1;600,00;600,00;0,00;1200,00;269,90;161940,00;0,00;13/05/2025;14/05/2025;14/05/2026;Não;23/05/2025;23/05/2025
atas_itens_RT_2025_p1.json;2026-07-29 14:27:28;00043/2025;10673078000120-1-000020/2025-000019;10673078000120-1-000020/2025;15813205901182025;00002;90118;2025;05;Pregão;158132;INST.FED.DE EDUC.,CIENC.E TEC.DO MAT.G.DO SUL;252768;15160;CALCÁRIO DOLOMITICO;Material;CALCÁRIO DOLOMITICO, ASPECTO FÍSICO PO, COMPOSIÇÃO PRNT ACIMA DE 90%, USO CORREÇÃO DO SOLO;09590203000150;PLANTIUN DISTRIBUIDORA LTDA;001;1;200,00;200,00;0,00;400,00;269,90;53980,00;0,00;13/05/2025;14/05/2025;14/05/2026;Não;23/05/2025;23/05/2025
atas_itens_RT_2025_p1.json;2026-07-29 14:27:28;00043/2025;10673078000120-1-000020/2025-000019;10673078000120-1-000020/2025;15813205901182025;00039;90118;2025;05;Pregão;158132;INST.FED.DE EDUC.,CIENC.E TEC.DO MAT.G.DO SUL;612059;14753;SEMENTE;Material;SEMENTE, TIPO HÍBRIDA, ESPÉCIE MILHO HÍBRIDO, APLICAÇÃO PLANTIO, CLASSIFICAÇÃO 1 SUPER PRECOCE VTPRO2;09590203000150;PLANTIUN DISTRIBUIDORA LTDA;001;1;120,00;120,00;0,00;240,00;659,00;79080,00;0,00;13/05/2025;14/05/2025;14/05/2026;Não;23/05/2025;23/05/2025
atas_itens_RT_2025_p1.json;2026-07-29 14:27:28;00043/2025;10673078000120-1-000020/2025-000019;10673078000120-1-000020/2025;15813205901182025;00040;90118;2025;05;Pregão;158132;INST.FED.DE EDUC.,CIENC.E TEC.DO MAT.G.DO SUL;612059;14753;SEMENTE;Material;SEMENTE, TIPO HÍBRIDA, ESPÉCIE MILHO HÍBRIDO, APLICAÇÃO PLANTIO, CLASSIFICAÇÃO 1 SUPER PRECOCE VTPRO2;09590203000150;PLANTIUN DISTRIBUIDORA LTDA;001;1;40,00;40,00;0,00;80,00;669,90;26796,00;0,00;13/05/2025;14/05/2025;14/05/2026;Não;23/05/2025;23/05/2025
atas_itens_RT_2025_p1.json;2026-07-29 14:27:28;00043/2025;10673078000120-1-000020/2025-000019;10673078000120-1-000020/2025;15813205901182025;00081;90118;2025;05;Pregão;158132;INST.FED.DE EDUC.,CIENC.E TEC.DO MAT.G.DO SUL;458526;7219;METANO ARSONATO ÁCIDO MONOSSÓDICO (MSMA);Material;METANO ARSONATO ÁCIDO MONOSSÓDICO (MSMA), CONCENTRAÇÃO 79% P/V, APRESENTAÇÃO CONCENTRADO SOLÚVEL;09590203000150;PLANTIUN DISTRIBUIDORA LTDA;001;1;60,00;60,00;0,00;120,00;99,47;5968,20;0,00;13/05/2025;14/05/2025;14/05/2026;Não;23/05/2025;23/05/2025
atas_itens_RT_2025_p1.json;2026-07-29 14:27:28;00044/2025;10673078000120-1-000020/2025-000020;10673078000120-1-000020/2025;15813205901182025;00031;90118;2025;05;Pregão;158132;INST.FED.DE EDUC.,CIENC.E TEC.DO MAT.G.DO SUL;223920;1554;FERTILIZANTE UREIA;Material;FERTILIZANTE UREIA, COMPOSIÇÃO QUÍMICA NITROGÊNIO 46 PER, APRESENTAÇÃO GRANULADO, COR BRANCA, PRAZO VALIDADE 36 MÊS, APLICAÇÃO PLANTIO, CARACTERÍSTICAS ADICIONAIS HIGROSCÓPIA/SOLÚVEL ÁGUA/ÁLCOOL E BENZINA;09433075000130;UNIVERSO AGRICOLA COMERCIO E REPRESENTACOES LTDA;001;1;323,00;323,00;0,00;646,00;189,33;61153,59;0,00;13/05/2025;14/05/2025;14/05/2026;Não;23/05/2025;23/05/2025
atas_itens_RT_2025_p1.json;2026-07-29 14:27:28;00045/2025;10673078000120-1-000020/2025-000021;10673078000120-1-000020/2025;15813205901182025;00021;90118;2025;05;Pregão;158132;INST.FED.DE EDUC.,CIENC.E TEC.DO MAT.G.DO SUL;246959;818;FOICE;Material;FOICE, MATERIAL AÇO, TRATAMENTO SUPERFICIAL PINTURA ENVERNIZADA, TIPO ABERTA, COMPRIMENTO LÂMINA 40 CM, PESO 900 G, COMPRIMENTO CABO 1,10 M, MATERIAL CABO MADEIRA;43881723000150;UNIVERSO ATACADISTA MATERIAIS PARA CONSTRUCAO LTDA;001;1;56,00;56,00;0,00;112,00;34,60;1937,60;0,00;13/05/2025;14/05/2025;14/05/2026;Não;23/05/2025;23/05/2025
atas_itens_RT_2025_p1.json;2026-07-29 14:27:28;00045/2025;10673078000120-1-000020/2025-000021;10673078000120-1-000020/2025;15813205901182025;00023;90118;2025;05;Pregão;158132;INST.FED.DE EDUC.,CIENC.E TEC.DO MAT.G.DO SUL;340002;14739;ENXADÃO;Material;ENXADÃO, MATERIAL AÇO FORJADO, CARACTERÍSTICAS ADICIONAIS ESTREITO, SUPORTE PINTADO, GUME POLIDO, LARGURA 14 CM, MATERIAL CABO MADEIRA, COMPRIMENTO 278 MM;43881723000150;UNIVERSO ATACADISTA MATERIAIS PARA CONSTRUCAO LTDA;001;1;101,00;101,00;0,00;202,00;40,00;4040,00;0,00;13/05/2025;14/05/2025;14/05/2026;Não;23/05/2025;23/05/2025
atas_itens_RT_2025_p1.json;2026-07-29 14:27:28;00045/2025;10673078000120-1-000020/2025-000021;10673078000120-1-000020/2025;15813205901182025;00024;90118;2025;05;Pregão;158132;INST.FED.DE EDUC.,CIENC.E TEC.DO MAT.G.DO SUL;215185;696;FACÃO;Material;FACÃO, MATERIAL LÂMINA AÇO, MATERIAL CABO MADEIRA, COMPRIMENTO 17 POL, TIPO TERÇADO;43881723000150;UNIVERSO ATACADISTA MATERIAIS PARA CONSTRUCAO LTDA;001;1;63,00;63,00;0,00;126,00;19,90;1253,70;0,00;13/05/2025;14/05/2025;14/05/2026;Não;23/05/2025;23/05/2025
atas_itens_RT_2025_p1.json;2026-07-29 14:27:28;00045/2025;10673078000120-1-000020/2025-000021;10673078000120-1-000020/2025;15813205901182025;00025;90118;2025;05;Pregão;158132;INST.FED.DE EDUC.,CIENC.E TEC.DO MAT.G.DO SUL;484541;968;TRENA;Material;TRENA, MATERIAL FIBRA VIDRO, LARGURA LÂMINA 12,5 MM, COMPRIMENTO 50 M, CARACTERÍSTICAS ADICIONAIS CERTIFICADO DE CALIBRACAO PELO INMETRO.;43881723000150;UNIVERSO ATACADISTA MATERIAIS PARA CONSTRUCAO LTDA;001;1;62,00;62,00;0,00;124,00;44,80;2777,60;0,00;13/05/2025;14/05/2025;14/05/2026;Não;23/05/2025;23/05/2025
atas_itens_RT_2025_p1.json;2026-07-29 14:27:28;00045/2025;10673078000120-1-000020/2025-000021;10673078000120-1-000020/2025;15813205901182025;00026;90118;2025;05;Pregão;158132;INST.FED.DE EDUC.,CIENC.E TEC.DO MAT.G.DO SUL;355376;11542;REGADOR;Material;REGADOR, MATERIAL PLÁSTICO, TIPO BICO CHUVEIRO, CARACTERÍSTICAS ADICIONAIS ALÇA INTEIRA, CAPACIDADE 10 L;43881723000150;UNIVERSO ATACADISTA MATERIAIS PARA CONSTRUCAO LTDA;001;1;63,00;63,00;0,00;126,00;17,00;1071,00;0,00;13/05/2025;14/05/2025;14/05/2026;Não;23/05/2025;23/05/2025
atas_itens_RT_2025_p1.json;2026-07-29 14:27:28;00045/2025;10673078000120-1-000020/2025-000021;10673078000120-1-000020/2025;15813205901182025;00027;90118;2025;05;Pregão;158132;INST.FED.DE EDUC.,CIENC.E TEC.DO MAT.G.DO SUL;324655;10273;PÁ;Material;PÁ, MATERIAL CABO MADEIRA, APLICAÇÃO JARDINAGEM, MATERIAL AÇO CARBONO, FORMATO DE BICO, TAMANHO 320 X 270 MM, CARACTERÍSTICAS ADICIONAIS TERMINAL D EM PLÁSTICO, PINTURA ELETROSTÁTICA A P Ó;43881723000150;UNIVERSO ATACADISTA MATERIAIS PARA CONSTRUCAO LTDA;001;1;32,00;32,00;0,00;64,00;35,00;1120,00;0,00;13/05/2025;14/05/2025;14/05/2026;Não;23/05/2025;23/05/2025
atas_itens_RT_2025_p1.json;2026-07-29 14:27:28;00045/2025;10673078000120-1-000020/2025-000021;10673078000120-1-000020/2025;15813205901182025;00028;90118;2025;05;Pregão;158132;INST.FED.DE EDUC.,CIENC.E TEC.DO MAT.G.DO SUL;345375;10273;PÁ;Material;PÁ, MATERIAL CABO MADEIRA, APLICAÇÃO MANUTENÇÃO PREDIAL, MATERIAL AÇO FORJADO, FORMATO DE BICO, TAMANHO 270 X 320 MM, COMPRIMENTO CABO 1 M, CARACTERÍSTICAS ADICIONAIS OLHO COM DIÂMETRO DE 34 MM;43881723000150;UNIVERSO ATACADISTA MATERIAIS PARA CONSTRUCAO LTDA;001;1;32,00;32,00;0,00;64,00;35,00;1120,00;0,00;13/05/2025;14/05/2025;14/05/2026;Não;23/05/2025;23/05/2025
atas_itens_RT_2025_p1.json;2026-07-29 14:27:28;00045/2025;10673078000120-1-000020/2025-000021;10673078000120-1-000020/2025;15813205901182025;00044;90118;2025;05;Pregão;158132;INST.FED.DE EDUC.,CIENC.E TEC.DO MAT.G.DO SUL;607132;14637;JOGO CHAVE;Material;JOGO CHAVE, MATERIAL AÇO CROMO VANÁDIO, TIPO CHAVE COMBINADA., QUANTIDADE PEÇAS 24, ACABAMENTO SUPERFICIAL FOSCO;43881723000150;UNIVERSO ATACADISTA MATERIAIS PARA CONSTRUCAO LTDA;001;1;11,00;11,00;0,00;22,00;298,00;3278,00;0,00;13/05/2025;14/05/2025;14/05/2026;Não;23/05/2025;23/05/2025
atas_itens_RT_2025_p1.json;2026-07-29 14:27:28;00045/2025;10673078000120-1-000020/2025-000021;10673078000120-1-000020/2025;15813205901182025;00046;90118;2025;05;Pregão;158132;INST.FED.DE EDUC.,CIENC.E TEC.DO MAT.G.DO SUL;299106;14637;JOGO CHAVE;Material;JOGO CHAVE, MATERIAL AÇO, TIPO BIELA, QUANTIDADE PEÇAS 11, APLICAÇÃO SERVIÇOS GERAIS- OFICINA, COMPONENTES 8, 10, 11, 12, 13, 14, 15, 16, 17, 18 E 19 MM, ACABAMENTO SUPERFICIAL CROMADO;43881723000150;UNIVERSO ATACADISTA MATERIAIS PARA CONSTRUCAO LTDA;001;1;11,00;11,00;0,00;22,00;225,00;2475,00;0,00;13/05/2025;14/05/2025;14/05/2026;Não;23/05/2025;23/05/2025
atas_itens_RT_2025_p1.json;2026-07-29 14:27:28;00045/2025;10673078000120-1-000020/2025-000021;10673078000120-1-000020/2025;15813205901182025;00047;90118;2025;05;Pregão;158132;INST.FED.DE EDUC.,CIENC.E TEC.DO MAT.G.DO SUL;326159;659;TUBO PVC SOLDÁVEL;Material;TUBO PVC SOLDÁVEL, APLICAÇÃO IRRIGAÇÃO, COR AZUL, DIÂMETRO NOMINAL 75 MM, COMPRIMENTO 6 M, ESPESSURA PAREDES IGUAL OU MAIOR 1,20MM, PRESSÃO PN 80, MATERIAL PVC;43881723000150;UNIVERSO ATACADISTA MATERIAIS PARA CONSTRUCAO LTDA;001;1;200,00;200,00;0,00;400,00;99,00;19800,00;0,00;13/05/2025;14/05/2025;14/05/2026;Não;23/05/2025;23/05/2025
atas_itens_RT_2025_p1.json;2026-07-29 14:27:28;00045/2025;10673078000120-1-000020/2025-000021;10673078000120-1-000020/2025;15813205901182025;00048;90118;2025;05;Pregão;158132;INST.FED.DE EDUC.,CIENC.E TEC.DO MAT.G.DO SUL;303402;8978;LUVA PVC;Material;LUVA PVC, TAMANHO 75 MM, TAMANHO PUNHO MÉDIO, CARACTERÍSTICAS ADICIONAIS MARROM;43881723000150;UNIVERSO ATACADISTA MATERIAIS PARA CONSTRUCAO LTDA;001;1;75,00;75,00;0,00;150,00;12,00;900,00;0,00;13/05/2025;14/05/2025;14/05/2026;Não;23/05/2025;23/05/2025
atas_itens_RT_2025_p1.json;2026-07-29 14:27:28;00045/2025;10673078000120-1-000020/2025-000021;10673078000120-1-000020/2025;15813205901182025;00049;90118;2025;05;Pregão;158132;INST.FED.DE EDUC.,CIENC.E TEC.DO MAT.G.DO SUL;331048;17408;TAMPÃO CONEXÃO;Material;TAMPÃO CONEXÃO, MATERIAL PVC, DIÂMETRO 75 MM, USO INSTALAÇÕES HIDRÁULICAS;43881723000150;UNIVERSO ATACADISTA MATERIAIS PARA CONSTRUCAO LTDA;001;1;30,00;30,00;0,00;60,00;10,00;300,00;0,00;13/05/2025;14/05/2025;14/05/2026;Não;23/05/2025;23/05/2025
atas_itens_RT_2025_p1.json;2026-07-29 14:27:28;00045/2025;10673078000120-1-000020/2025-000021;10673078000120-1-000020/2025;15813205901182025;00051;90118;2025;05;Pregão;158132;INST.FED.DE EDUC.,CIENC.E TEC.DO MAT.G.DO SUL;455527;14461;REGISTRO ESFERA;Material;REGISTRO ESFERA, MATERIAL PVC, TIPO MANUAL, BITOLA 75, APLICAÇÃO IRRIGAÇÃO, TIPO FIXAÇÃO SOLDÁVEL;43881723000150;UNIVERSO ATACADISTA MATERIAIS PARA CONSTRUCAO LTDA;001;1;10,00;10,00;0,00;20,00;78,07;780,70;0,00;13/05/2025;14/05/2025;14/05/2026;Não;23/05/2025;23/05/2025
atas_itens_RT_2025_p1.json;2026-07-29 14:27:28;00045/2025;10673078000120-1-000020/2025-000021;10673078000120-1-000020/2025;15813205901182025;00052;90118;2025;05;Pregão;158132;INST.FED.DE EDUC.,CIENC.E TEC.DO MAT.G.DO SUL;613076;13546;CONEXÃO HIDRÁULICA;Material;CONEXÃO HIDRÁULICA, TIPO I TÊ, MATERIAL PVC- CLORETO DE POLIVINILA, TIPO FIXAÇÃO SOLDÁVEL, APLICAÇÃO INSTALAÇÃO HIDRÁULICA, DIÂMETRO EXTERNO 75 MM;43881723000150;UNIVERSO ATACADISTA MATERIAIS PARA CONSTRUCAO LTDA;001;1;15,00;15,00;0,00;30,00;23,07;346,05;0,00;13/05/2025;14/05/2025;14/05/2026;Não;23/05/2025;23/05/2025
atas_itens_RT_2025_p1.json;2026-07-29 14:27:28;00045/2025;10673078000120-1-000020/2025-000021;10673078000120-1-000020/2025;15813205901182025;00053;90118;2025;05;Pregão;158132;INST.FED.DE EDUC.,CIENC.E TEC.DO MAT.G.DO SUL;357603;4117;CAIXA D'ÁGUA;Material;CAIXA D'ÁGUA, MATERIAL POLIETILENO, TIPO REDONDO, CAPACIDADE 10.000 L, CARACTERÍSTICAS ADICIONAIS COM TAMPA, COR AZUL;43881723000150;UNIVERSO ATACADISTA MATERIAIS PARA CONSTRUCAO LTDA;001;1;6,00;6,00;0,00;12,00;4380,00;26280,00;0,00;13/05/2025;14/05/2025;14/05/2026;Não;23/05/2025;23/05/2025
atas_itens_RT_2025_p1.json;2026-07-29 14:27:28;00045/2025;10673078000120-1-000020/2025-000021;10673078000120-1-000020/2025;15813205901182025;00069;90118;2025;05;Pregão;158132;INST.FED.DE EDUC.,CIENC.E TEC.DO MAT.G.DO SUL;602625;614;SERROTE PODA;Material;SERROTE PODA, COMPRIMENTO LÂMINA 13/ 330 MM CM, APLICAÇÃO JARDINAGEM, TIPO PARA GALHOS ALTOS, COM TRAVA, MATERIAL LÂMINA AÇO CARBONO, MATERIAL CABO METÁLICO EXTENSÍVEL 3 M;43881723000150;UNIVERSO ATACADISTA MATERIAIS PARA CONSTRUCAO LTDA;001;1;43,00;43,00;0,00;86,00;39,25;1687,75;0,00;13/05/2025;14/05/2025;14/05/2026;Não;23/05/2025;23/05/2025
atas_itens_RT_2025_p1.json;2026-07-29 14:27:28;00045/2025;10673078000120-1-000020/2025-000021;10673078000120-1-000020/2025;15813205901182025;00070;90118;2025;05;Pregão;158132;INST.FED.DE EDUC.,CIENC.E TEC.DO MAT.G.DO SUL;310853;1361;SACHO;Material;SACHO, MATERIAL SACHO AÇO CARBONO, MATERIAL CABO MADEIRA, ACABAMENTO SACHO PINTURA ELETROSTÁTICA, COR SACHO LARANJA, FORMATO CORAÇÃO, QUANTIDADE PONTAS 1 UN, COMPRIMENTO CABO 110 CM, COMPRIMENTO SACHO 267 MM, LARGURA SACHO 95 MM, PESO 400 G, APLICAÇÃO JARDINAGEM, CARACTERÍSTICAS ADICIONAIS COM LUVA SOLDADA;43881723000150;UNIVERSO ATACADISTA MATERIAIS PARA CONSTRUCAO LTDA;001;1;30,00;30,00;0,00;60,00;36,62;1098,60;0,00;13/05/2025;14/05/2025;14/05/2026;Não;23/05/2025;23/05/2025
atas_itens_RT_2025_p1.json;2026-07-29 14:27:28;00045/2025;10673078000120-1-000020/2025-000021;10673078000120-1-000020/2025;15813205901182025;00071;90118;2025;05;Pregão;158132;INST.FED.DE EDUC.,CIENC.E TEC.DO MAT.G.DO SUL;269299;17799;CATRACA ARAME;Material;CATRACA ARAME, MATERIAL AÇO 1045, REVESTIMENTO BICROMATIZADO, PESO 0,645 KG, CAPACIDADE TRAÇÃO 5.000 KG, APLICAÇÃO ESTICAR ARAME, CARACTERÍSTICAS ADICIONAIS ACOLHER DE 3,0 A 3,5 M DE CORDOALHA AÇO 1/4 POL,;43881723000150;UNIVERSO ATACADISTA MATERIAIS PARA CONSTRUCAO LTDA;001;1;570,00;570,00;0,00;1140,00;11,47;6537,90;0,00;13/05/2025;14/05/2025;14/05/2026;Não;23/05/2025;23/05/2025
atas_itens_RT_2025_p1.json;2026-07-29 14:27:28;00045/2025;10673078000120-1-000020/2025-000021;10673078000120-1-000020/2025;15813205901182025;00077;90118;2025;05;Pregão;158132;INST.FED.DE EDUC.,CIENC.E TEC.DO MAT.G.DO SUL;344680;7868;FURADEIRA;Material;FURADEIRA, TIPO PARAFUSADEIRA, POTÊNCIA 560 W, TAMANHO MANDRIL 13 MM, TENSÃO ALIMENTAÇÃO 110/220 V, CARACTERÍSTICAS ADICIONAIS 3 VELOCIDADES REVERSÍVEIS, VELOCIDADE 2.800 RPM, CAPACIDADE PERFURAÇÃO CONCRETO 13 MM, CAPACIDADE PERFURAÇÃO AÇO 10 MM, CAPACIDADE PERFURAÇÃO MADEIRA 20 MM, ACESSÓRIOS FIO ALIMENTAÇÃO, CHAVE MANDRIL, PUNHO ERGONÔMICO;43881723000150;UNIVERSO ATACADISTA MATERIAIS PARA CONSTRUCAO LTDA;001;1;8,00;8,00;0,00;16,00;210,00;1680,00;0,00;13/05/2025;14/05/2025;14/05/2026;Não;23/05/2025;23/05/2025
atas_itens_RT_2025_p1.json;2026-07-29 14:27:28;00045/2025;10673078000120-1-000020/2025-000021;10673078000120-1-000020/2025;15813205901182025;00078;90118;2025;05;Pregão;158132;INST.FED.DE EDUC.,CIENC.E TEC.DO MAT.G.DO SUL;444251;10424;PARAFUSADEIRA;Material;PARAFUSADEIRA, TIPO PROFISSIONAL, VELOCIDADE REVERSÍVEL, ROTAÇÃO MÍNIMA: 600 RPM, MÁXIMA: 1900 RPM, VOLTAGEM 9,6 V, CARACTERÍSTICAS ADICIONAIS MANDRIL DE 1 2, CONTROLE DE TORQUE, COMPONENTES COM MALETA, ACESSÓRIOS, BATERIA, CARREGADOR BIVOL T, TIPO ALIMENTAÇÃO BATERIA;43881723000150;UNIVERSO ATACADISTA MATERIAIS PARA CONSTRUCAO LTDA;001;1;7,00;7,00;0,00;14,00;400,00;2800,00;0,00;13/05/2025;14/05/2025;14/05/2026;Não;23/05/2025;23/05/2025
atas_itens_RT_2025_p1.json;2026-07-29 14:27:28;00045/2025;10673078000120-1-000020/2025-000021;10673078000120-1-000020/2025;15813205901182025;00082;90118;2025;05;Pregão;158132;INST.FED.DE EDUC.,CIENC.E TEC.DO MAT.G.DO SUL;601585;595;MANGUEIRA AR;Material;MANGUEIRA AR, COMPRIMENTO 50 M, DIÂMETRO INTERNO 5/16 POL, DIÂMETRO EXTERNO 13 MM, CAPACIDADE PRESSÃO 300 PSI, MATERIAL PVC FLEXÍVEL, CARACTERÍSTICAS ADICIONAIS PRETA, COM TRANÇADO FIOS POLIÉSTER;43881723000150;UNIVERSO ATACADISTA MATERIAIS PARA CONSTRUCAO LTDA;001;1;1,00;1,00;0,00;2,00;239,00;239,00;0,00;13/05/2025;14/05/2025;14/05/2026;Não;23/05/2025;23/05/2025
atas_itens_RT_2025_p1.json;2026-07-29 14:27:28;00045/2025;10673078000120-1-000020/2025-000021;10673078000120-1-000020/2025;15813205901182025;00086;90118;2025;05;Pregão;158132;INST.FED.DE EDUC.,CIENC.E TEC.DO MAT.G.DO SUL;452807;2956;ARAME;Material;ARAME, MATERIAL AÇO, TRATAMENTO SUPERFICIAL RECOZIDO, BITOLA 1,24 MM;43881723000150;UNIVERSO ATACADISTA MATERIAIS PARA CONSTRUCAO LTDA;001;1;19,00;19,00;0,00;38,00;12,07;229,33;0,00;13/05/2025;14/05/2025;14/05/2026;Não;23/05/2025;23/05/2025
atas_itens_RT_2025_p1.json;2026-07-29 14:27:28;00045/2025;10673078000120-1-000020/2025-000021;10673078000120-1-000020/2025;15813205901182025;00087;90118;2025;05;Pregão;158132;INST.FED.DE EDUC.,CIENC.E TEC.DO MAT.G.DO SUL;325265;15324;GRAMPO;Material;GRAMPO, MATERIAL AÇO POLIDO, APLICAÇÃO CERCA ARAME, TAMANHO 1 X 9;43881723000150;UNIVERSO ATACADISTA MATERIAIS PARA CONSTRUCAO LTDA;001;1;30,00;30,00;0,00;60,00;14,66;439,80;0,00;13/05/2025;14/05/2025;14/05/2026;Não;23/05/2025;23/05/2025
atas_itens_RT_2025_p1.json;2026-07-29 14:27:28;00045/2025;10673078000120-1-000020/2025-000021;10673078000120-1-000020/2025;15813205901182025;00095;90118;2025;05;Pregão;158132;INST.FED.DE EDUC.,CIENC.E TEC.DO MAT.G.DO SUL;613684;9409;MÁSCARA SOLDADOR;Material;MÁSCARA SOLDADOR, TIPO FOTOSENSÍVEL, TEMPO ESCURECIMENTO 0,5 MILESSEGUNDOS, TEMPO CLAREAMENTO 0,2/ 0,4 SEGUNDO, ÁREA DE VISÃO 90 X 34 MM, TEMPERATURA OPERAÇÃO-20 + 65 °C, CARACTERÍSTICAS ADICIONAIS REGULAGEM DA LENTE GRADUAL DE 9 A 13 DIN;43881723000150;UNIVERSO ATACADISTA MATERIAIS PARA CONSTRUCAO LTDA;001;1;7,00;7,00;0,00;14,00;90,00;630,00;0,00;13/05/2025;14/05/2025;14/05/2026;Não;23/05/2025;23/05/2025
atas_itens_RT_2025_p1.json;2026-07-29 14:27:28;00045/2025;10673078000120-1-000020/2025-000021;10673078000120-1-000020/2025;15813205901182025;00100;90118;2025;05;Pregão;158132;INST.FED.DE EDUC.,CIENC.E TEC.DO MAT.G.DO SUL;439742;8974;LUVA PROTEÇÃO;Material;LUVA PROTEÇÃO, MATERIAL BORRACHA NITRÍLICA, TAMANHO EXTRA PEQUENO, TAMANHO CANO MÉDIO, TIPO AMBIDESTRA, SEM COSTURA, FITA PARA AJUSTE NO PUNH O, APLICAÇÃO USO LABORATÓRIO, TIPO USO REUTILIZÁVEL, USO TRATAMENTO FITOSSANITÁRIO, COR AZUL;43881723000150;UNIVERSO ATACADISTA MATERIAIS PARA CONSTRUCAO LTDA;001;1;95,00;95,00;0,00;190,00;8,35;793,25;0,00;13/05/2025;14/05/2025;14/05/2026;Não;23/05/2025;23/05/2025
atas_itens_RT_2025_p1.json;2026-07-29 14:27:28;00045/2025;10673078000120-1-000020/2025-000021;10673078000120-1-000020/2025;15813205901182025;00120;90118;2025;05;Pregão;158132;INST.FED.DE EDUC.,CIENC.E TEC.DO MAT.G.DO SUL;468603;11563;REGISTRO PRESSÃO;Material;REGISTRO PRESSÃO, MATERIAL PVC, DIÂMETRO 20 MM, TIPO SOLDAVEL, CARACTERÍSTICAS ADICIONAIS COM CANOPLA POLIDA, APLICAÇÃO INSTALAÇÃO HIDRÁULICA;43881723000150;UNIVERSO ATACADISTA MATERIAIS PARA CONSTRUCAO LTDA;001;1;300,00;300,00;0,00;600,00;3,97;1191,00;0,00;13/05/2025;14/05/2025;14/05/2026;Não;23/05/2025;23/05/2025
atas_itens_RT_2025_p1.json;2026-07-29 14:27:28;00045/2025;10673078000120-1-000020/2025-000021;10673078000120-1-000020/2025;15813205901182025;00121;90118;2025;05;Pregão;158132;INST.FED.DE EDUC.,CIENC.E TEC.DO MAT.G.DO SUL;607132;14637;JOGO CHAVE;Material;JOGO CHAVE, MATERIAL AÇO CROMO VANÁDIO, TIPO CHAVE COMBINADA., QUANTIDADE PEÇAS 24, ACABAMENTO SUPERFICIAL FOSCO;43881723000150;UNIVERSO ATACADISTA MATERIAIS PARA CONSTRUCAO LTDA;001;1;10,00;10,00;0,00;20,00;400,00;4000,00;0,00;13/05/2025;14/05/2025;14/05/2026;Não;23/05/2025;23/05/2025
atas_itens_RT_2025_p1.json;2026-07-29 14:27:28;00046/2025;10673078000120-1-000020/2025-000022;10673078000120-1-000020/2025;15813205901182025;00057;90118;2025;05;Pregão;158132;INST.FED.DE EDUC.,CIENC.E TEC.DO MAT.G.DO SUL;270190;11339;PULVERIZADOR;Material;PULVERIZADOR, MATERIAL TANQUE POLIETILENO, CAPACIDADE TANQUE MÍNIMO 500 L, CARACTERÍSTICAS ADICIONAIS BOMBA DE 45 LITROS/MINUTO, 10 PORTA-BICOS DUPLOS ,;49461961000192;VINCITA COMERCIO DE IMPLEMENTOS AGRICOLAS LTDA;001;1;1,00;1,00;0,00;2,00;17000,00;17000,00;0,00;13/05/2025;14/05/2025;14/05/2026;Não;23/05/2025;23/05/2025
atas_itens_RT_2025_p1.json;2026-07-29 14:27:28;00017/2025;10673078000120-1-000023/2025-000001;10673078000120-1-000023/2025;15813205900902025;00013;90090;2025;05;Pregão;158132;INST.FED.DE EDUC.,CIENC.E TEC.DO MAT.G.DO SUL;613989;1407;ARADO;Material;ARADO, TIPO SUBSOLADOR HIDRÁULICO, PROFUNDIDADE SULCO 450 MM, POTÊNCIA REQUERIDA 100-125 CV, QUANTIDADE HASTES 5 UN, LARGURA ARADA 1.875 MM, CARACTERÍSTICAS ADICIONAIS COM DESARME AUTOMATICO DAS HASTER;34124663000130;ALBANI MATTE INDUSTRIA DE MAQUINAS AGRICOLAS LTDA;001;1;1,00;1,00;0,00;2,00;8700,00;8700,00;0,00;30/04/2025;02/05/2025;01/05/2026;Não;13/06/2025;13/06/2025
atas_itens_RT_2025_p1.json;2026-07-29 14:27:28;00018/2025;10673078000120-1-000023/2025-000002;10673078000120-1-000023/2025;15813205900902025;00009;90090;2025;05;Pregão;158132;INST.FED.DE EDUC.,CIENC.E TEC.DO MAT.G.DO SUL;255132;11902;SACO;Material;SACO, MATERIAL PLÁSTICO, TIPO USO PRODUÇÃO PLANTIO MUDAS, COR PRETA, APLICAÇÃO PRODUÇÃO DE MUDAS, CARACTERÍSTICAS ADICIONAIS COM FUROS, ALTURA 20 CM, LARGURA 14 CM, ESPESSURA 0,10;21793208000185;DF MAQUINAS E FERRAMENTAS LTDA;001;1;20000,00;20000,00;0,00;40000,00;0,10;2000,00;0,00;30/04/2025;02/05/2025;01/05/2026;Não;13/06/2025;13/06/2025
atas_itens_RT_2025_p1.json;2026-07-29 14:27:28;00019/2025;10673078000120-1-000023/2025-000003;10673078000120-1-000023/2025;15813205900902025;00006;90090;2025;05;Pregão;158132;INST.FED.DE EDUC.,CIENC.E TEC.DO MAT.G.DO SUL;487730;9796;BETONEIRA;Material;BETONEIRA, FUNCIONAMENTO MOTOR ELÉTRICO, POTÊNCIA MOTOR 0,5 CV, ROTAÇÃO 34 RPM , CAPACIDADE TAMBOR 150 L, CARACTERÍSTICAS ADICIONAIS MOTOR 4 PÓLOS;14992591000135;FENIX COMERCIO E CONSTRUCOES LTDA;001;1;3,00;3,00;0,00;6,00;2797,50;8392,50;0,00;30/04/2025;02/05/2025;01/05/2026;Não;13/06/2025;13/06/2025
atas_itens_RT_2025_p1.json;2026-07-29 14:27:28;00019/2025;10673078000120-1-000023/2025-000003;10673078000120-1-000023/2025;15813205900902025;00008;90090;2025;05;Pregão;158132;INST.FED.DE EDUC.,CIENC.E TEC.DO MAT.G.DO SUL;382022;11902;SACO;Material;SACO, MATERIAL TNT, ALTURA 35 CM, LARGURA 25 CM;14992591000135;FENIX COMERCIO E CONSTRUCOES LTDA;001;1;2025,00;2025,00;0,00;4050,00;1,15;2328,75;0,00;30/04/2025;02/05/2025;01/05/2026;Não;13/06/2025;13/06/2025
atas_itens_RT_2025_p1.json;2026-07-29 14:27:28;00020/2025;10673078000120-1-000023/2025-000004;10673078000120-1-000023/2025;15813205900902025;00010;90090;2025;05;Pregão;158132;INST.FED.DE EDUC.,CIENC.E TEC.DO MAT.G.DO SUL;623468;9919;MOTOSERRA INDUSTRIAL;Material;MOTOSERRA INDUSTRIAL, POTÊNCIA 6,8 HP, COMBUSTÍVEL MOTOR GASOLINA, CAPACIDADE TANQUE COMBUSTÍVEL 1 L, CILINDRADA MOTOR 85 CM3, CARACTERÍSTICAS ADICIONAIS SABRE DE 60,95 CM/24;47358786000187;G Z MENEGUSSO LTDA;001;1;3,00;3,00;0,00;6,00;939,99;2819,97;0,00;30/04/2025;02/05/2025;01/05/2026;Não;13/06/2025;13/06/2025
atas_itens_RT_2025_p1.json;2026-07-29 14:27:28;00021/2025;10673078000120-1-000023/2025-000005;10673078000120-1-000023/2025;15813205900902025;00001;90090;2025;05;Pregão;158132;INST.FED.DE EDUC.,CIENC.E TEC.DO MAT.G.DO SUL;451993;1374;TESOURA PODA;Material;TESOURA PODA, MATERIAL LÂMINA AÇO CARBONO, MATERIAL CABO PLÁSTICO, CARACTERÍSTICAS ADICIONAIS TRES TIPOS DE LAMINAS DE CORTE, OMEGA, U, V, COMPRIMENTO CABO 21 CM, APLICAÇÃO JARDINAGEM;44883034000147;MARCELO SOUSA GONCALVES;001;1;81,00;81,00;0,00;162,00;26,30;2130,30;0,00;30/04/2025;02/05/2025;01/05/2026;Não;13/06/2025;13/06/2025
atas_itens_RT_2025_p1.json;2026-07-29 14:27:28;00022/2025;10673078000120-1-000023/2025-000006;10673078000120-1-000023/2025;15813205900902025;00011;90090;2025;05;Pregão;158132;INST.FED.DE EDUC.,CIENC.E TEC.DO MAT.G.DO SUL;342571;14969;SUBSTRATO AGRÍCOLA;Material;SUBSTRATO AGRÍCOLA, CARACTERÍSTICAS ADICIONAIS N 160, P 388, K 240, CA 1250, MG 242, S 480, B 4,, MATERIAL CASCA DE PINUS, VERMICULITA TURFA, TIPO FLORESTAL SEMEADURA;37564523000170;PAMPA AGROBUSINESS LTDA;001;1;41,00;41,00;0,00;82,00;65,40;2681,40;0,00;30/04/2025;02/05/2025;01/05/2026;Não;13/06/2025;13/06/2025
atas_itens_RT_2025_p1.json;2026-07-29 14:27:28;00023/2025;10673078000120-1-000023/2025-000007;10673078000120-1-000023/2025;15813205900902025;00002;90090;2025;05;Pregão;158132;INST.FED.DE EDUC.,CIENC.E TEC.DO MAT.G.DO SUL;247785;1374;TESOURA PODA;Material;TESOURA PODA, MATERIAL LÂMINA AÇO SAE 1.060, MATERIAL CABO MADEIRA, PESO 660 G , COMPRIMENTO CABO 21,50 CM, TIPO USO PARA CERCA VIVA, APLICAÇÃO JARDINAGEM;43881723000150;UNIVERSO ATACADISTA MATERIAIS PARA CONSTRUCAO LTDA;001;1;12,00;12,00;0,00;24,00;37,00;444,00;0,00;30/04/2025;02/05/2025;01/05/2026;Não;13/06/2025;13/06/2025
atas_itens_RT_2025_p1.json;2026-07-29 14:27:28;00023/2025;10673078000120-1-000023/2025-000007;10673078000120-1-000023/2025;15813205900902025;00003;90090;2025;05;Pregão;158132;INST.FED.DE EDUC.,CIENC.E TEC.DO MAT.G.DO SUL;468661;1374;TESOURA PODA;Material;TESOURA PODA, MATERIAL LÂMINA AÇO CARBONO, MATERIAL CABO ALUMÍNIO, CARACTERÍSTICAS ADICIONAIS EMPUNHADURA DE BORRACHA, FORMATO BICO DE GAVIÃO, COMPRIMENTO CABO 78 CM, APLICAÇÃO JARDINAGEM;43881723000150;UNIVERSO ATACADISTA MATERIAIS PARA CONSTRUCAO LTDA;001;1;12,00;12,00;0,00;24,00;70,00;840,00;0,00;30/04/2025;02/05/2025;01/05/2026;Não;13/06/2025;13/06/2025
atas_itens_RT_2025_p1.json;2026-07-29 14:27:28;00023/2025;10673078000120-1-000023/2025-000007;10673078000120-1-000023/2025;15813205900902025;00004;90090;2025;05;Pregão;158132;INST.FED.DE EDUC.,CIENC.E TEC.DO MAT.G.DO SUL;461431;1098;CANIVETE;Material;CANIVETE, MATERIAL ESTRUTURA AÇO INOXIDÁVEL, MATERIAL LÂMINA AÇO INOXIDÁVEL 420, TIPO LÂMINA LISA, COMPRIMENTO 8 CM, CARACTERÍSTICAS ADICIONAIS CABO EM ÓXIDO DE ALUMÍNIO;43881723000150;UNIVERSO ATACADISTA MATERIAIS PARA CONSTRUCAO LTDA;001;1;14,00;14,00;0,00;28,00;38,90;544,60;0,00;30/04/2025;02/05/2025;01/05/2026;Não;13/06/2025;13/06/2025
atas_itens_RT_2025_p1.json;2026-07-29 14:27:28;00023/2025;10673078000120-1-000023/2025-000007;10673078000120-1-000023/2025;15813205900902025;00005;90090;2025;05;Pregão;158132;INST.FED.DE EDUC.,CIENC.E TEC.DO MAT.G.DO SUL;623923;4585;CARRINHO MÃO;Material;"CARRINHO MÃO, MATERIAL CAÇAMBA CHAPA METÁLICA (0,9 MM), MATERIAL EIXO AÇO, QUANTIDADE RODA 1 UN, TIPO RODA PNEU MACIÇO 345MM X 75MM, CAPACIDADE CAÇAMBA 65 L, ACABAMENTO SUPERFICIAL PINTURA ELETROSTÁTICA A PÓ, CARACTERÍSTICAS ADICIONAIS BORDA REFORÇADA; EMPUNHADORAS ERGONÔMICAS; BRAÇO M";43881723000150;UNIVERSO ATACADISTA MATERIAIS PARA CONSTRUCAO LTDA;001;1;15,00;15,00;0,00;30,00;314,00;4710,00;0,00;30/04/2025;02/05/2025;01/05/2026;Não;13/06/2025;13/06/2025
atas_itens_RT_2025_p1.json;2026-07-29 14:27:28;00023/2025;10673078000120-1-000023/2025-000007;10673078000120-1-000023/2025;15813205900902025;00007;90090;2025;05;Pregão;158132;INST.FED.DE EDUC.,CIENC.E TEC.DO MAT.G.DO SUL;602731;614;SERROTE PODA;Material;SERROTE PODA, MATERIAL TUBO AÇO TEMPERADO, FORMATO TUBO CURVO, COMPRIMENTO LÂMINA 12- 304 MM POL, APLICAÇÃO JARDINAGEM, CARACTERÍSTICAS ADICIONAIS 8 DENTES POR POLEGADA;43881723000150;UNIVERSO ATACADISTA MATERIAIS PARA CONSTRUCAO LTDA;001;1;12,00;12,00;0,00;24,00;26,90;322,80;0,00;30/04/2025;02/05/2025;01/05/2026;Não;13/06/2025;13/06/2025
atas_itens_RT_2025_p1.json;2026-07-29 14:27:28;00015/2025;10673078000120-1-000025/2025-000001;10673078000120-1-000025/2025;15813206001812025;00001;00181;2025;06;Dispensa;158132;INST.FED.DE EDUC.,CIENC.E TEC.DO MAT.G.DO SUL;445387;7590;RIBBON;Material;Ribbon Material: Fita, Largura: 60MM, Cor: Colorido, Aplicação: Impressora De Cartão Pvc Iita Plus;23484497000166;COMERCIO DE INSUMOS E IMPRESSORAS IITA LTDA;001;1;26,00;26,00;0,00;52,00;350,00;9100,00;0,00;24/03/2025;25/03/2025;25/03/2026;Não;02/04/2025;02/04/2025
atas_itens_RT_2025_p1.json;2026-07-29 14:27:28;00015/2025;10673078000120-1-000025/2025-000001;10673078000120-1-000025/2025;15813206001812025;00002;00181;2025;06;Dispensa;158132;INST.FED.DE EDUC.,CIENC.E TEC.DO MAT.G.DO SUL;246101;219;FITA IMPRESSORA;Material;Fita Impressora Material: Resina, Cor: Preta, Largura: 60MM, Comprimento: 92M, Tipo Impressora: Fargo, Características Adicionais: Impressão Por Termotransferência De Resina Premium, Padrão Impressora: 4250, Referência: 81734, Rendimento: 1.000 Impressões;23484497000166;COMERCIO DE INSUMOS E IMPRESSORAS IITA LTDA;001;1;10,00;10,00;0,00;20,00;230,00;2300,00;0,00;24/03/2025;25/03/2025;25/03/2026;Não;02/04/2025;02/04/2025
atas_itens_RT_2024_p1.json;2026-07-29 14:27:28;00013/2024;10673078000120-1-000028/2024-000001;10673078000120-1-000028/2024;15813205900112024;00001;90011;2024;05;Pregão;158132;INST.FED.DE EDUC.,CIENC.E TEC.DO MAT.G.DO SUL;22454;;;Serviço;Serviço de MANUTENÇÃO PREVENTIVA , sob demanda, do sistema de climatização do tipo VRF (condensadora e evaporadora), composto por 51 evaporadoras split cass ete quatro vias Toshiba, 46 evaporadoras piso teto Toshiba, 06 evaporadoras hi gh-wall Toshiba e 34 condensadoras Toshiba 1204HT5P e 1004HT5P, BTU s diversos , com fornecimento de mão-de-obra, materiais e insumos necessários.;23070991000184;INOVAR REFRIGERACAO LTDA;001;1;24,00;24,00;0,00;0,00;9750,00;234000,00;0,00;27/06/2024;01/07/2024;01/07/2025;Não;28/06/2024;28/06/2024
atas_itens_RT_2024_p1.json;2026-07-29 14:27:28;00013/2024;10673078000120-1-000028/2024-000001;10673078000120-1-000028/2024;15813205900112024;00002;90011;2024;05;Pregão;158132;INST.FED.DE EDUC.,CIENC.E TEC.DO MAT.G.DO SUL;22454;;;Serviço;Serviço de MANUTENÇÃO PREVENTIVA , sob demanda, do sistema de climatização do (condensadora e evaporadora), composto por 02 evaporadoras piso teto marcas di versas, 17 evaporadoras high-wall marcas diversas marcas e 19 condensadoras di versas, BTU s diversos, com fornecimento de mão-de-obra, componentes, acessóri os e materiais de insumos.;23070991000184;INOVAR REFRIGERACAO LTDA;001;1;24,00;24,00;0,00;0,00;1800,00;43200,00;0,00;27/06/2024;01/07/2024;01/07/2025;Não;28/06/2024;28/06/2024
atas_itens_RT_2024_p1.json;2026-07-29 14:27:28;00013/2024;10673078000120-1-000028/2024-000001;10673078000120-1-000028/2024;15813205900112024;00003;90011;2024;05;Pregão;158132;INST.FED.DE EDUC.,CIENC.E TEC.DO MAT.G.DO SUL;22454;;;Serviço;Serviço de MANUTENÇÃO CORRETIVA, sob demanda, do sistema de climatização do ti po VRF - condensadora, BTU s diversos, incluindo a Central de Controle Complia nt Management e, quando necessário, serviços de recarga de gás refrigerante co m teste eletrônico de vazamento (MÃO DE OBRA).;23070991000184;INOVAR REFRIGERACAO LTDA;001;1;53,00;53,00;0,00;0,00;220,00;11660,00;0,00;27/06/2024;01/07/2024;01/07/2025;Não;28/06/2024;28/06/2024
atas_itens_RT_2024_p1.json;2026-07-29 14:27:28;00013/2024;10673078000120-1-000028/2024-000001;10673078000120-1-000028/2024;15813205900112024;00004;90011;2024;05;Pregão;158132;INST.FED.DE EDUC.,CIENC.E TEC.DO MAT.G.DO SUL;22454;;;Serviço;Serviço de MANUTENÇÃO CORRETIVA, sob demanda, do sistema de climatização do ti po VRF, BTU s diversos - evaporadora (MÃO DE OBRA).;23070991000184;INOVAR REFRIGERACAO LTDA;001;1;122,00;122,00;0,00;0,00;146,00;17812,00;0,00;27/06/2024;01/07/2024;01/07/2025;Não;28/06/2024;28/06/2024
atas_itens_RT_2024_p1.json;2026-07-29 14:27:28;00013/2024;10673078000120-1-000028/2024-000001;10673078000120-1-000028/2024;15813205900112024;00005;90011;2024;05;Pregão;158132;INST.FED.DE EDUC.,CIENC.E TEC.DO MAT.G.DO SUL;22454;;;Serviço;Serviço de MANUTENÇÃO CORRETIVA, sob demanda, do sistema de climatização (cond ensadora e evaporadora), tipo split piso teto, high-wall, marcas diversas e BT U s diversos e, quando necessário, serviços de recarga de gás refrigerante (MÃ O DE OBRA).;23070991000184;INOVAR REFRIGERACAO LTDA;001;1;19,00;19,00;0,00;0,00;188,36;3578,84;0,00;27/06/2024;01/07/2024;01/07/2025;Não;28/06/2024;28/06/2024
atas_itens_RT_2024_p1.json;2026-07-29 14:27:28;00013/2024;10673078000120-1-000028/2024-000001;10673078000120-1-000028/2024;15813205900112024;00006;90011;2024;05;Pregão;158132;INST.FED.DE EDUC.,CIENC.E TEC.DO MAT.G.DO SUL;2780;;;Serviço;Serviço de MANUTENÇÃO PREVENTIVA E CORRETIVA, sob demanda, de cortina de ar - Marca Suryha, Dugold e outras.;23070991000184;INOVAR REFRIGERACAO LTDA;001;1;12,00;12,00;0,00;0,00;110,23;1322,76;0,00;27/06/2024;01/07/2024;01/07/2025;Não;28/06/2024;28/06/2024
atas_itens_RT_2024_p1.json;2026-07-29 14:27:28;00013/2024;10673078000120-1-000028/2024-000001;10673078000120-1-000028/2024;15813205900112024;00007;90011;2024;05;Pregão;158132;INST.FED.DE EDUC.,CIENC.E TEC.DO MAT.G.DO SUL;2780;;;Serviço;Serviço de MANUTENÇÃO PREVENTIVA E CORRETIVA, sob demanda, de Exaustor axial.;23070991000184;INOVAR REFRIGERACAO LTDA;001;1;8,00;8,00;0,00;0,00;171,24;1369,92;0,00;27/06/2024;01/07/2024;01/07/2025;Não;28/06/2024;28/06/2024
atas_itens_RT_2024_p1.json;2026-07-29 14:27:28;00013/2024;10673078000120-1-000028/2024-000001;10673078000120-1-000028/2024;15813205900112024;00008;90011;2024;05;Pregão;158132;INST.FED.DE EDUC.,CIENC.E TEC.DO MAT.G.DO SUL;2020;;;Serviço;Serviço, sob demanda, de instalação de arcondicionado completo (condensadora e evaporadora), tipo VRF, diversas marcas e BTU s diversos, (MÃO DE OBRA).;23070991000184;INOVAR REFRIGERACAO LTDA;001;1;10,00;10,00;0,00;0,00;908,20;9082,00;0,00;27/06/2024;01/07/2024;01/07/2025;Não;28/06/2024;28/06/2024
atas_itens_RT_2024_p1.json;2026-07-29 14:27:28;00013/2024;10673078000120-1-000028/2024-000001;10673078000120-1-000028/2024;15813205900112024;00009;90011;2024;05;Pregão;158132;INST.FED.DE EDUC.,CIENC.E TEC.DO MAT.G.DO SUL;2020;;;Serviço;Serviço, sob demanda, de desinstalação de arcondicionado completo (condensador a e evaporadora), tipo VRF, diversas marcas e BTU s diversos, (MÃO DE OBRA).;23070991000184;INOVAR REFRIGERACAO LTDA;001;1;69,00;69,00;0,00;0,00;320,00;22080,00;0,00;27/06/2024;01/07/2024;01/07/2025;Não;28/06/2024;28/06/2024
atas_itens_RT_2024_p1.json;2026-07-29 14:27:28;00013/2024;10673078000120-1-000028/2024-000001;10673078000120-1-000028/2024;15813205900112024;00010;90011;2024;05;Pregão;158132;INST.FED.DE EDUC.,CIENC.E TEC.DO MAT.G.DO SUL;2020;;;Serviço;Serviço, sob demanda, de instalação de arcondicionado completo (condensadora e evaporadora) tipo Split hi-wall, Piso teto, etc. marcas e BTU's diversos, exc eto VRF.;23070991000184;INOVAR REFRIGERACAO LTDA;001;1;50,00;50,00;0,00;0,00;350,00;17500,00;0,00;27/06/2024;01/07/2024;01/07/2025;Não;28/06/2024;28/06/2024
atas_itens_RT_2024_p1.json;2026-07-29 14:27:28;00013/2024;10673078000120-1-000028/2024-000001;10673078000120-1-000028/2024;15813205900112024;00011;90011;2024;05;Pregão;158132;INST.FED.DE EDUC.,CIENC.E TEC.DO MAT.G.DO SUL;2020;;;Serviço;Serviço, sob demanda, de desinstalação de arcondicionado completo (condensador a e evaporadora) tipo Split hi-wall, Piso teto, etc. marcas e BTU's diversos, exceto VRF.;23070991000184;INOVAR REFRIGERACAO LTDA;001;1;50,00;50,00;0,00;0,00;144,59;7229,50;0,00;27/06/2024;01/07/2024;01/07/2025;Não;28/06/2024;28/06/2024
atas_itens_RT_2024_p1.json;2026-07-29 14:27:28;00013/2024;10673078000120-1-000028/2024-000001;10673078000120-1-000028/2024;15813205900112024;00012;90011;2024;05;Pregão;158132;INST.FED.DE EDUC.,CIENC.E TEC.DO MAT.G.DO SUL;22454;;;Serviço;CHAMADO TÉCNICO EMERGENCIAL, sob demanda, para inspeção / diagnóstico de probl ema em evaporadora ou condensadora, BTU s diversos, independente da marca do e quipamento.;23070991000184;INOVAR REFRIGERACAO LTDA;001;1;24,00;24,00;0,00;0,00;460,25;11046,00;0,00;27/06/2024;01/07/2024;01/07/2025;Não;28/06/2024;28/06/2024
atas_itens_RT_2024_p1.json;2026-07-29 14:27:28;00013/2024;10673078000120-1-000028/2024-000001;10673078000120-1-000028/2024;15813205900112024;00013;90011;2024;05;Pregão;158132;INST.FED.DE EDUC.,CIENC.E TEC.DO MAT.G.DO SUL;486672;16936;PEÇAS E ACESSÓRIOS APARELHO AR CONDICIONADO;Material;PEÇAS E ACESSÓRIOS APARELHO AR CONDICIONADO, TIPO CONDENSADORA, REFERÊNCIA MVC - 280WV2GN1-C;23070991000184;INOVAR REFRIGERACAO LTDA;001;1;1,00;1,00;0,00;0,00;100000,00;100000,00;0,00;27/06/2024;01/07/2024;01/07/2025;Não;28/06/2024;28/06/2024
atas_itens_RT_2024_p1.json;2026-07-29 14:27:28;00014/2024;10673078000120-1-000028/2024-000002;10673078000120-1-000028/2024;15813205900112024;00014;90011;2024;05;Pregão;158132;INST.FED.DE EDUC.,CIENC.E TEC.DO MAT.G.DO SUL;477;;;Serviço;Elaboração do Plano de Manutenção, Operação e Controle (PMOC), sob demanda.;48008844000105;AVANT ENGENHARIA, LAUDOS, PROJETOS E PERICIAS LTDA;001;1;4,00;4,00;0,00;0,00;1796,15;7184,60;0,00;27/06/2024;01/07/2024;01/07/2025;Não;28/06/2024;28/06/2024
atas_itens_RT_2023_p1.json;2026-07-29 14:27:27;00002/2023;10673078000120-1-000030/2023-000001;10673078000120-1-000030/2023;15813205000172023;00001;00017;2023;05;Pregão;158132;INST.FED.DE EDUC.,CIENC.E TEC.DO MAT.G.DO SUL;603913;15290;ARMÁRIO;Material;ARMÁRIO, MATERIAL MDP 25MM, TIPO BAIXO, QUANTIDADE PORTAS 2 UN, TIPO PORTAS MDP 18MM, COR CEREZO LEON, ALTURA 800 MM, LARGURA 600 MM, PROFUNDIDADE 740 MM, CARACTERÍSTICAS ADICIONAIS SAPATAS NIVELADORAS, QUANTIDADE PRATELEIRAS 1, APLICAÇÃO GUARDAR DOCUMENTOS;21306287000152;TECNO2000 INDUSTRIA E COMERCIO LTDA;001;1;90,00;90,00;0,00;180,00;820,00;73800,00;0,00;27/10/2023;28/10/2023;28/10/2024;Não;13/11/2023;13/11/2023
atas_itens_RT_2023_p1.json;2026-07-29 14:27:27;00002/2023;10673078000120-1-000030/2023-000001;10673078000120-1-000030/2023;15813205000172023;00002;00017;2023;05;Pregão;158132;INST.FED.DE EDUC.,CIENC.E TEC.DO MAT.G.DO SUL;359764;14006;ARMÁRIO ARQUIVO;Material;ARMÁRIO ARQUIVO, REVESTIMENTO LAMINADO MELAMÍNICO, LARGURA 0,90 M, PROFUNDIDADE 0,40 M, ALTURA 1,60 M, MATERIAL MADEIRA MDF, MATERIAL BASE MADEIRA MDF, QUANTIDADE PORTAS 2, CARACTERÍSTICAS ADICIONAIS 4 SUPORTES PARA PASTAS SUSPENSAS;21306287000152;TECNO2000 INDUSTRIA E COMERCIO LTDA;001;1;39,00;39,00;0,00;78,00;1250,00;48750,00;0,00;27/10/2023;28/10/2023;28/10/2024;Não;13/11/2023;13/11/2023
atas_itens_RT_2023_p1.json;2026-07-29 14:27:27;00002/2023;10673078000120-1-000030/2023-000001;10673078000120-1-000030/2023;15813205000172023;00003;00017;2023;05;Pregão;158132;INST.FED.DE EDUC.,CIENC.E TEC.DO MAT.G.DO SUL;458130;328;ARMÁRIO ESCRITÓRIO;Material;ARMÁRIO ESCRITÓRIO, MATERIAL MADEIRA MDP, QUANTIDADE PRATELEIRAS 5 UN, MATERIAL PRATELEIRAS MADEIRA MDP, REVESTIMENTO LAMINADO FENÓLICO MELAMÍNICO, LARGURA 800 MM, ALTURA 2,10 M, PROFUNDIDADE 500 MM, COR BEGE;21306287000152;TECNO2000 INDUSTRIA E COMERCIO LTDA;001;1;123,00;123,00;0,00;246,00;1490,00;183270,00;0,00;27/10/2023;28/10/2023;28/10/2024;Não;13/11/2023;13/11/2023
atas_itens_RT_2023_p1.json;2026-07-29 14:27:27;00002/2023;10673078000120-1-000030/2023-000001;10673078000120-1-000030/2023;15813205000172023;00022;00017;2023;05;Pregão;158132;INST.FED.DE EDUC.,CIENC.E TEC.DO MAT.G.DO SUL;458129;6910;ESCANINHO;Material;ESCANINHO, MATERIAL MDP AGLOMERADO, TIPO GUARDA-VOLUME, QUANTIDADE PORTAS 8 UN , ALTURA 2,10 M, LARGURA 80 CM, PROFUNDIDADE 478 MM, CARACTERÍSTICAS ADICIONAIS CADA PORTA COM FECHADURA PRÓPRIA E DUAS CHAVES, COR BEGE, ACABAMENTO SUPERFICIAL LAMINADO MELAMÍNICO;21306287000152;TECNO2000 INDUSTRIA E COMERCIO LTDA;001;1;33,00;33,00;0,00;66,00;1700,00;56100,00;0,00;27/10/2023;28/10/2023;28/10/2024;Não;13/11/2023;13/11/2023
atas_itens_RT_2023_p1.json;2026-07-29 14:27:27;00003/2023;10673078000120-1-000030/2023-000002;10673078000120-1-000030/2023;15813205000172023;00005;00017;2023;05;Pregão;158132;INST.FED.DE EDUC.,CIENC.E TEC.DO MAT.G.DO SUL;445525;321;MESA ESCRITÓRIO;Material;MESA ESCRITÓRIO, MATERIAL ESTRUTURA AÇO TUBULAR SAE 1010/1020, MATERIAL TAMPO AGLOMERADO/ MDP, REVESTIMENTO TAMPO LAMINADO MELAMÍNICO, COR TAMPO ARGILA, LARGURA 60 CM, ALTURA 74 CM, PADRÃO ACABAMENTO TAMPO CANTOS ARREDONDADOS BORDAS EM PVC, COMPRIMENTO 1,00 M, ACABAMENTO ESTRUTURA PINTURA EM EPÓXI-PÓ, ESPESSURA TAMPO 25 MM, CARACTERÍSTICAS ADICIONAIS CANALETAS COM DIVISÃO INTERNA PARA PASSAGEM FIAÇÃ O;86729324000261;MILANFLEX INDUSTRIA E COMERCIO DE MOVEIS E EQUIPAMENTOS LTDA;001;1;89,00;89,00;0,00;178,00;544,80;48487,20;0,00;27/10/2023;28/10/2023;28/10/2024;Não;14/11/2023;14/11/2023
atas_itens_RT_2023_p1.json;2026-07-29 14:27:27;00003/2023;10673078000120-1-000030/2023-000002;10673078000120-1-000030/2023;15813205000172023;00006;00017;2023;05;Pregão;158132;INST.FED.DE EDUC.,CIENC.E TEC.DO MAT.G.DO SUL;236459;15010;MESA PROFESSOR;Material;MESA PROFESSOR, MATERIAL ESTRUTURA METÁLICO, FORMATO QUADRADO, MATERIAL TAMPO MADEIRA, ESPESSURA TAMPO 1,5 CM, REVESTIMENTO TAMPO FÓRMICA, MATERIAL SAIA MADEIRA, REVESTIMENTO SAIA MADEIRA, ESPESSURA SAIA 1 CM, DIMENSÕES 1,00 X 0,80 X 0,70 M, CARACTERÍSTICAS ADICIONAIS SEM GAVETAS;86729324000261;MILANFLEX INDUSTRIA E COMERCIO DE MOVEIS E EQUIPAMENTOS LTDA;001;1;299,00;299,00;0,00;598,00;595,20;177964,80;0,00;27/10/2023;28/10/2023;28/10/2024;Não;14/11/2023;14/11/2023
atas_itens_RT_2023_p1.json;2026-07-29 14:27:27;00003/2023;10673078000120-1-000030/2023-000002;10673078000120-1-000030/2023;15813205000172023;00007;00017;2023;05;Pregão;158132;INST.FED.DE EDUC.,CIENC.E TEC.DO MAT.G.DO SUL;458687;9660;MESA REUNIÃO RETANGULAR;Material;MESA REUNIÃO RETANGULAR, MATERIAL MADEIRA AGLOMERADA MDP, COMPRIMENTO 1,40 M, LARGURA 600 MM, ALTURA 740 MM, COR CARVALHO MALVA, REVESTIMENTO LAMINADO MELAMÍNICO, TIPO BORDAS ARREDONDADAS, TIPO ESTRUTURA AÇO, MATERIAL BORDA LATERAL PVC, CARACTERÍSTICAS ADICIONAIS CALHA METÁLICA PARA FIAÇÃO. SAPATAS NIVELADORAS, ESPESSURA TAMPO 25 MM, COR ESTRUTURA PRETA, ACABAMENTO ESTRUTURA PINTADO;86729324000261;MILANFLEX INDUSTRIA E COMERCIO DE MOVEIS E EQUIPAMENTOS LTDA;001;1;46,00;46,00;0,00;92,00;648,00;29808,00;0,00;27/10/2023;28/10/2023;28/10/2024;Não;14/11/2023;14/11/2023
atas_itens_RT_2023_p1.json;2026-07-29 14:27:27;00003/2023;10673078000120-1-000030/2023-000002;10673078000120-1-000030/2023;15813205000172023;00008;00017;2023;05;Pregão;158132;INST.FED.DE EDUC.,CIENC.E TEC.DO MAT.G.DO SUL;458687;9660;MESA REUNIÃO RETANGULAR;Material;MESA REUNIÃO RETANGULAR, MATERIAL MADEIRA AGLOMERADA MDP, COMPRIMENTO 1,40 M, LARGURA 600 MM, ALTURA 740 MM, COR CARVALHO MALVA, REVESTIMENTO LAMINADO MELAMÍNICO, TIPO BORDAS ARREDONDADAS, TIPO ESTRUTURA AÇO, MATERIAL BORDA LATERAL PVC, CARACTERÍSTICAS ADICIONAIS CALHA METÁLICA PARA FIAÇÃO. SAPATAS NIVELADORAS, ESPESSURA TAMPO 25 MM, COR ESTRUTURA PRETA, ACABAMENTO ESTRUTURA PINTADO;86729324000261;MILANFLEX INDUSTRIA E COMERCIO DE MOVEIS E EQUIPAMENTOS LTDA;001;1;64,00;64,00;0,00;128,00;698,40;44697,60;0,00;27/10/2023;28/10/2023;28/10/2024;Não;14/11/2023;14/11/2023
atas_itens_RT_2023_p1.json;2026-07-29 14:27:27;00003/2023;10673078000120-1-000030/2023-000002;10673078000120-1-000030/2023;15813205000172023;00009;00017;2023;05;Pregão;158132;INST.FED.DE EDUC.,CIENC.E TEC.DO MAT.G.DO SUL;458687;9660;MESA REUNIÃO RETANGULAR;Material;MESA REUNIÃO RETANGULAR, MATERIAL MADEIRA AGLOMERADA MDP, COMPRIMENTO 1,40 M, LARGURA 600 MM, ALTURA 740 MM, COR CARVALHO MALVA, REVESTIMENTO LAMINADO MELAMÍNICO, TIPO BORDAS ARREDONDADAS, TIPO ESTRUTURA AÇO, MATERIAL BORDA LATERAL PVC, CARACTERÍSTICAS ADICIONAIS CALHA METÁLICA PARA FIAÇÃO. SAPATAS NIVELADORAS, ESPESSURA TAMPO 25 MM, COR ESTRUTURA PRETA, ACABAMENTO ESTRUTURA PINTADO;86729324000261;MILANFLEX INDUSTRIA E COMERCIO DE MOVEIS E EQUIPAMENTOS LTDA;001;1;15,00;15,00;0,00;30,00;703,20;10548,00;0,00;27/10/2023;28/10/2023;28/10/2024;Não;14/11/2023;14/11/2023
atas_itens_RT_2023_p1.json;2026-07-29 14:27:27;00004/2023;10673078000120-1-000030/2023-000003;10673078000120-1-000030/2023;15813205000172023;00004;00017;2023;05;Pregão;158132;INST.FED.DE EDUC.,CIENC.E TEC.DO MAT.G.DO SUL;408930;15010;MESA PROFESSOR;Material;MESA PROFESSOR, MATERIAL ESTRUTURA METÁLICA TUBULAR, FORMATO RETANGULAR, MATERIAL TAMPO AGLOMERADO DE MDP, ESPESSURA TAMPO 25 MM, REVESTIMENTO TAMPO LAMINADO MELAMINICO BAIXA PRESSÃO, DIMENSÕES 1200X640X740 MM, CARACTERÍSTICAS ADICIONAIS 4 PÉS/SAPATAS REGULÁVEIS/ENCABEÇAMENTO FITA POLIE S;32126893000102;FACILLITA SOLUCOES CORPORATIVAS LTDA;001;1;33,00;33,00;0,00;66,00;4590,00;151470,00;0,00;27/10/2023;28/10/2023;28/10/2024;Não;14/11/2023;14/11/2023
atas_itens_RT_2023_p1.json;2026-07-29 14:27:27;00005/2023;10673078000120-1-000030/2023-000004;10673078000120-1-000030/2023;15813205000172023;00035;00017;2023;05;Pregão;158132;INST.FED.DE EDUC.,CIENC.E TEC.DO MAT.G.DO SUL;395453;18318;FECHADURA BIOMETRICA;Material;FECHADURA BIOMETRICA, RECONHECIMENTO DE IMPRESSÕES DIGITAIS 50, ACIONAMENTO IMPRESSÃO DIGITAL, LEITURA DIGITAL, ALIMENTAÇÃO PILHAS E/OU BATERIAS, CARACTERÍSTICAS ADICIONAIS RESOLUÇÃO MÍNIMA 300 DPI, CHAVE EMERGÊNCIA, SISTEMA DE PROGRAMAÇÃO PERMITE EXCLUIR OU SUBSTITUIR IMPRESSÕES DIGITAIS;27619368000199;TOTUS PISOS E AZULEJOS LTDA;001;1;110,00;110,00;0,00;220,00;750,00;82500,00;0,00;27/10/2023;28/10/2023;28/10/2024;Não;14/11/2023;14/11/2023
atas_itens_RT_2023_p1.json;2026-07-29 14:27:27;00006/2023;10673078000120-1-000030/2023-000005;10673078000120-1-000030/2023;15813205000172023;00024;00017;2023;05;Pregão;158132;INST.FED.DE EDUC.,CIENC.E TEC.DO MAT.G.DO SUL;345657;14399;QUADRO AVISOS;Material;QUADRO AVISOS, MATERIAL MADEIRA COM CORTIÇA, LARGURA 150 CM, MATERIAL MOLDURA ALUMÍNIO, CARACTERÍSTICAS ADICIONAIS FIXAÇÃO POR PERCEVEJO, ALTURA 120 CM, REVESTIMENTO FELTRO VERDE;04375274000116;G P COMERCIO E SERVICOS LTDA;001;1;48,00;48,00;0,00;96,00;311,00;14928,00;0,00;27/10/2023;28/10/2023;28/10/2024;Não;14/11/2023;14/11/2023
atas_itens_RT_2023_p1.json;2026-07-29 14:27:27;00007/2023;10673078000120-1-000030/2023-000006;10673078000120-1-000030/2023;15813205000172023;00028;00017;2023;05;Pregão;158132;INST.FED.DE EDUC.,CIENC.E TEC.DO MAT.G.DO SUL;456808;915;TELA PROJEÇÃO;Material;TELA PROJEÇÃO, MATERIAL MATTE WITE, ALTURA 2 M, LARGURA 2 M, CARACTERÍSTICAS ADICIONAIS ACONDICIONADA EM ESTOJO METÁLICO;27176482000191;DOUGLAS CORDEIRO LTDA;001;1;126,00;126,00;0,00;252,00;639,00;80514,00;0,00;27/10/2023;28/10/2023;24/10/2025;Não;14/11/2023;14/11/2023
atas_itens_RT_2023_p1.json;2026-07-29 14:27:27;00008/2023;10673078000120-1-000030/2023-000007;10673078000120-1-000030/2023;15813205000172023;00015;00017;2023;05;Pregão;158132;INST.FED.DE EDUC.,CIENC.E TEC.DO MAT.G.DO SUL;266092;343;POLTRONA AUDITÓRIO DOBRÁVEL COM PRANCHETA;Material;POLTRONA AUDITÓRIO DOBRÁVEL COM PRANCHETA, MATERIAL ENCOSTO MADEIRA COMPENSADA (15MM ESPESSURA), ESPUMA ALTA, MATERIAL ASSENTO MADEIRA COMPENSADA (15MM ESPESSURA), ESPUMA ALTA, REVESTIMENTO ENCOSTO TECIDO 100% POLIÉSTER, REVESTIMENTO ASSENTO TECIDO 100% POLIÉSTER, TIPO PRANCHETA ESCAMOTEÁVEL, CARACTERÍSTICAS ADICIONAIS ASSENTO FORMA DE CONCHA, CONTRA ENCOSTO REVESTIDO, LARGURA 457 (ENCOSTO) E 508 (ASSENTO) MM, PROFUNDIDADE 425 A 476 MM, ALTURA 457 MM, TIPO BASE FIXA, TAMANHO ESPALDAR MÉDIO, APOIO BRAÇO COM BRAÇO;00630985000139;INFORMOBILE INDUSTRIA E COMERCIO DE MOVEIS LTDA;001;1;460,00;460,00;0,00;920,00;1365,00;627900,00;0,00;27/10/2023;28/10/2023;28/10/2024;Não;14/11/2023;14/11/2023
atas_itens_RT_2023_p1.json;2026-07-29 14:27:27;00008/2023;10673078000120-1-000030/2023-000007;10673078000120-1-000030/2023;15813205000172023;00016;00017;2023;05;Pregão;158132;INST.FED.DE EDUC.,CIENC.E TEC.DO MAT.G.DO SUL;266092;343;POLTRONA AUDITÓRIO DOBRÁVEL COM PRANCHETA;Material;POLTRONA AUDITÓRIO DOBRÁVEL COM PRANCHETA, MATERIAL ENCOSTO MADEIRA COMPENSADA (15MM ESPESSURA), ESPUMA ALTA, MATERIAL ASSENTO MADEIRA COMPENSADA (15MM ESPESSURA), ESPUMA ALTA, REVESTIMENTO ENCOSTO TECIDO 100% POLIÉSTER, REVESTIMENTO ASSENTO TECIDO 100% POLIÉSTER, TIPO PRANCHETA ESCAMOTEÁVEL, CARACTERÍSTICAS ADICIONAIS ASSENTO FORMA DE CONCHA, CONTRA ENCOSTO REVESTIDO, LARGURA 457 (ENCOSTO) E 508 (ASSENTO) MM, PROFUNDIDADE 425 A 476 MM, ALTURA 457 MM, TIPO BASE FIXA, TAMANHO ESPALDAR MÉDIO, APOIO BRAÇO COM BRAÇO;00630985000139;INFORMOBILE INDUSTRIA E COMERCIO DE MOVEIS LTDA;001;1;12,00;12,00;0,00;24,00;2310,00;27720,00;0,00;27/10/2023;28/10/2023;28/10/2024;Não;14/11/2023;14/11/2023
atas_itens_RT_2023_p1.json;2026-07-29 14:27:27;00009/2023;10673078000120-1-000030/2023-000008;10673078000120-1-000030/2023;15813205000172023;00013;00017;2023;05;Pregão;158132;INST.FED.DE EDUC.,CIENC.E TEC.DO MAT.G.DO SUL;330735;14238;CONJUNTO CADEIRAS ESPERA;Material;CONJUNTO CADEIRAS ESPERA, MATERIAL ASSENTO E ENCOSTO POLIAMIDA COM FIBRA/ ESPUMA PROLIPROPILENO ALTA RE S, MATERIAL ESTRUTURA LONGARINA TUBO DE AÇO TIPO CARTOLA 30X50X1,20MM, QUANTIDADE ASSENTOS 3 UN, COR AZUL, APOIO BRAÇO COM BRAÇOS, MATERIAL REVESTIMENTO ASSENTO E ENCOSTO POLIPROPILENO INJETADO, CARACTERÍSTICAS ADICIONAIS ALTURA ASSENTO/ENCOSTO 0,45X0,82M/ALTURA 1,65M/PR O , ACABAMENTO SUPERFICIAL LONGARINA PINTURA EM EPÓXI, COMPONENTES ADICIONAIS BANCO COM COLUNA E PÉS, TIPO ESPALDAR MÉDIO;29209847000162;BELCHAIR COMERCIO DE MOVEIS LTDA;001;1;41,00;41,00;0,00;82,00;2100,00;86100,00;0,00;27/10/2023;28/10/2023;28/10/2024;Não;14/11/2023;14/11/2023
atas_itens_RT_2023_p1.json;2026-07-29 14:27:27;00010/2023;10673078000120-1-000030/2023-000009;10673078000120-1-000030/2023;15813205000172023;00014;00017;2023;05;Pregão;158132;INST.FED.DE EDUC.,CIENC.E TEC.DO MAT.G.DO SUL;436443;4091;POLTRONA RECLINÁVEL;Material;POLTRONA RECLINÁVEL, COMPONENTES ASSENTO,ENCOSTO,APOIO BRAÇOS E PÉS MADEIRA, CARACTERÍSTICAS ADICIONAIS TRêS POSIçõES SENTADO, LEITURA E DESCANSO, ACABAMENTO ESTOFADO COM ESPUMA NÃO DEFORMÁVEL EM CORVIN, DIMENSÕES LARG. 1,00M, PROF. 0,56M, COMP. 1,11M, ALT. 1,05M M, ESTRUTURA MADEIRA PINUS;44216818000111;CORTES COMERCIO E SERVICOS LTDA;001;1;28,00;28,00;0,00;56,00;1750,00;49000,00;0,00;27/10/2023;28/10/2023;28/10/2024;Não;14/11/2023;14/11/2023
atas_itens_RT_2023_p1.json;2026-07-29 14:27:27;00011/2023;10673078000120-1-000030/2023-000010;10673078000120-1-000030/2023;15813205000172023;00037;00017;2023;05;Pregão;158132;INST.FED.DE EDUC.,CIENC.E TEC.DO MAT.G.DO SUL;431080;785;REFRIGERADOR DUPLEX;Material;REFRIGERADOR DUPLEX, CAPACIDADE REFRIGERAÇÃO 400 L, SISTEMA DEGELO FROST FREE, TENSÃO ALIMENTAÇÃO 110/220 V, CARACTERÍSTICAS ADICIONAIS CONTROLE TEMPERATURA, SELO PROCEL A, TIPO VERTICAL;13482516000161;SUPERAR LTDA;001;1;28,00;28,00;0,00;56,00;2720,00;76160,00;0,00;27/10/2023;28/10/2023;28/10/2024;Não;14/11/2023;14/11/2023
atas_itens_RT_2023_p1.json;2026-07-29 14:27:27;00011/2023;10673078000120-1-000030/2023-000010;10673078000120-1-000030/2023;15813205000172023;00038;00017;2023;05;Pregão;158132;INST.FED.DE EDUC.,CIENC.E TEC.DO MAT.G.DO SUL;432552;783;FREEZER;Material;"FREEZER, TIPO HORIZONTAL, CAPACIDADE 500 L, QUANTIDADE TAMPAS 2 UN, TENSÃO ALIMENTAÇÃO 110/220 V, CARACTERÍSTICAS ADICIONAIS TRIPLAFUNÇÃO; EFICIÊNCIA ENERGÉTICA ETIQUETA A";13482516000161;SUPERAR LTDA;001;1;8,00;8,00;0,00;16,00;3320,00;26560,00;0,00;27/10/2023;28/10/2023;28/10/2024;Não;14/11/2023;14/11/2023
atas_itens_RT_2023_p1.json;2026-07-29 14:27:27;00011/2023;10673078000120-1-000030/2023-000010;10673078000120-1-000030/2023;15813205000172023;00039;00017;2023;05;Pregão;158132;INST.FED.DE EDUC.,CIENC.E TEC.DO MAT.G.DO SUL;277414;3489;BEBEDOURO ÁGUA;Material;BEBEDOURO ÁGUA, TIPO INDUSTRIAL, ALTURA 116 CM, LARGURA 150 CM, PROFUNDIDADE 60 CM, CARACTERÍSTICAS ADICIONAIS 4 TORNEIRAS LATÃO CROMADO, SERPENTINA COBRE LOCAL I, VOLTAGEM 220 V, MATERIAL GABINETE AÇO INOXIDÁVEL, MATERIAL RESERVATÓRIO ÁGUA AÇO INOXIDÁVEL, CAPACIDADE ÁGUA 200 L;13482516000161;SUPERAR LTDA;001;1;37,00;37,00;0,00;74,00;2500,00;92500,00;0,00;27/10/2023;28/10/2023;28/10/2024;Não;14/11/2023;14/11/2023
atas_itens_RT_2023_p1.json;2026-07-29 14:27:27;00012/2023;10673078000120-1-000030/2023-000011;10673078000120-1-000030/2023;15813205000172023;00029;00017;2023;05;Pregão;158132;INST.FED.DE EDUC.,CIENC.E TEC.DO MAT.G.DO SUL;346754;15828;SUPORTE FIXAÇÃO PROJETOR;Material;SUPORTE FIXAÇÃO PROJETOR, MATERIAL AÇO CARBONO, TIPO UNIVERSAL, TRATAMENTO SUPERFICIAL ANTICORROSIVO, ACABAMENTO SUPERFICIAL PINTURA ELETROSTÁTICA A PÓ, COR BRANCA, CARACTERÍSTICAS ADICIONAIS AJUSTE INCL HORIZ/VERT 10°, TETO, HASTES MÓVEIS E, ALTURA 24 OU 39 CM, CARGA MÁXIMA 10 KG;65865065000145;TAHITI COMUNICACAO VISUAL COMERCIO IMPORTACAO E EXPORTACAO LTDA;001;1;101,00;101,00;0,00;202,00;109,00;11009,00;0,00;27/10/2023;28/10/2023;28/10/2024;Não;14/11/2023;14/11/2023
atas_itens_RT_2023_p1.json;2026-07-29 14:27:27;00013/2023;10673078000120-1-000030/2023-000012;10673078000120-1-000030/2023;15813205000172023;00048;00017;2023;05;Pregão;158132;INST.FED.DE EDUC.,CIENC.E TEC.DO MAT.G.DO SUL;350661;7092;ESTANTE RACK;Material;ESTANTE RACK, TIPO DE PISO, PADRÃO 19 X 40U X 570 MM, ESTRUTURA CHAPA AÇO, PORTA FRONTAL COM TRANCA, COR PRETA, CARACTERÍSTICAS ADICIONAIS DOIS PLANOS DE MONTAGEM SERVIDOR, BANDEJAS DUAS FIXAS DE 500MM, TIPO FIXAÇÃO ELEMENTOS DE FIXAÇÃO LIVRE, APLICAÇÃO REDE DE COMUNICAÇÃO DE DADOS, VENTILAÇÃO GAVETA COM DOIS VENTILADORES, ALTURA INTERNA 1.780 MM, ALTURA EXTERNA 1.915 MM;37490381000144;A.M. TELECOM E SUPRIMENTOS DE INFORMATICA LTDA;001;1;5,00;5,00;0,00;10,00;2050,00;10250,00;0,00;27/10/2023;28/10/2023;28/10/2024;Não;14/11/2023;14/11/2023
atas_itens_RT_2023_p1.json;2026-07-29 14:27:27;00014/2023;10673078000120-1-000030/2023-000013;10673078000120-1-000030/2023;15813205000172023;00032;00017;2023;05;Pregão;158132;INST.FED.DE EDUC.,CIENC.E TEC.DO MAT.G.DO SUL;471011;12609;TELEVISOR;Material;TELEVISOR, TAMANHO TELA 55 POL, VOLTAGEM BIVOLT V, CARACTERÍSTICAS ADICIONAIS SMART TV, 4 K, WIFI. ENTRADAS HDMI/USB, CONVERSOR, TIPO TELA LED, ACESSÓRIOS CONTROLE REMOTO/SLEEP TIME/VHF/UHF E TV A CABO;01590728000930;MICROTECNICA INFORMATICA LTDA;001;1;11,00;11,00;0,00;22,00;2236,56;24602,16;0,00;27/10/2023;28/10/2023;28/10/2025;Não;14/11/2023;14/11/2023
atas_itens_RT_2023_p1.json;2026-07-29 14:27:27;00014/2023;10673078000120-1-000030/2023-000013;10673078000120-1-000030/2023;15813205000172023;00033;00017;2023;05;Pregão;158132;INST.FED.DE EDUC.,CIENC.E TEC.DO MAT.G.DO SUL;486188;12609;TELEVISOR;Material;TELEVISOR, TAMANHO TELA 75 POL, VOLTAGEM BIVOLT V, COR PRETO/PRATA, CARACTERÍSTICAS ADICIONAIS SMART TV, 4 K, WIFI. ENTRADAS HDMI/USB, CONVERSOR, TIPO TELA LED, ACESSÓRIOS CONTROLE REMOTO;01590728000930;MICROTECNICA INFORMATICA LTDA;001;1;29,00;29,00;0,00;58,00;5113,91;148303,39;0,00;27/10/2023;28/10/2023;28/10/2025;Não;14/11/2023;14/11/2023
atas_itens_RT_2023_p1.json;2026-07-29 14:27:27;00015/2023;10673078000120-1-000030/2023-000014;10673078000120-1-000030/2023;15813205000172023;00010;00017;2023;05;Pregão;158132;INST.FED.DE EDUC.,CIENC.E TEC.DO MAT.G.DO SUL;486528;10984;POLTRONA;Material;POLTRONA, MATERIAL ESTRUTURA TUBO AÇO, MATERIAL ASSENTO E ENCOSTO ESPUMA INJETADA ALTA DENSIDADE, ACABAMENTO SUPERFICIAL ESTRUTURA PINTURA EM EPÓXI, MATERIAL REVESTIMENTO ASSENTO E ENCOSTO COURO ECOLÓGICO, TIPO FIXA, TIPO ESPALDAR MÉDIO, CARACTERÍSTICAS ADICIONAIS BASE EM S OU TRAPEZOIDAL E SEM BRAÇOS, COR ESTRUTURA PRETA;18493830000163;META X INDUSTRIA E COMERCIO LTDA;001;1;233,00;233,00;0,00;466,00;700,00;163100,00;0,00;27/10/2023;28/10/2023;28/10/2025;Não;14/11/2023;14/11/2023
atas_itens_RT_2023_p1.json;2026-07-29 14:27:27;00015/2023;10673078000120-1-000030/2023-000014;10673078000120-1-000030/2023;15813205000172023;00011;00017;2023;05;Pregão;158132;INST.FED.DE EDUC.,CIENC.E TEC.DO MAT.G.DO SUL;486528;10984;POLTRONA;Material;POLTRONA, MATERIAL ESTRUTURA TUBO AÇO, MATERIAL ASSENTO E ENCOSTO ESPUMA INJETADA ALTA DENSIDADE, ACABAMENTO SUPERFICIAL ESTRUTURA PINTURA EM EPÓXI, MATERIAL REVESTIMENTO ASSENTO E ENCOSTO COURO ECOLÓGICO, TIPO FIXA, TIPO ESPALDAR MÉDIO, CARACTERÍSTICAS ADICIONAIS BASE EM S OU TRAPEZOIDAL E SEM BRAÇOS, COR ESTRUTURA PRETA;18493830000163;META X INDUSTRIA E COMERCIO LTDA;001;1;93,00;93,00;0,00;186,00;1600,00;148800,00;0,00;27/10/2023;28/10/2023;28/10/2025;Não;14/11/2023;14/11/2023
atas_itens_RT_2023_p1.json;2026-07-29 14:27:27;00015/2023;10673078000120-1-000030/2023-000014;10673078000120-1-000030/2023;15813205000172023;00012;00017;2023;05;Pregão;158132;INST.FED.DE EDUC.,CIENC.E TEC.DO MAT.G.DO SUL;339849;4083;CADEIRA COM BRAÇO;Material;CADEIRA COM BRAÇO, TIPO ASSENTO/ ENCOSTO GIRATÓRIA, MATERIAL ASSENTO/ENCOSTO ESPUMA INJETADA, QUANTIDADE DE PÉS 05 UN, CONFIGURAÇÃO PÉS TIPO SAPATA COM RODINHAS, TRATAMENTO SUPERFICIAL PÉS EM METALON PINTADOS NA COR PRETA, COR PRETA, MATERIAL REVESTIMENTO ASSENTO E ENCOSTO TECIDO 100% POLIÉSTER, CARACTERÍSTICAS ADICIONAIS REGULÁVEL;18493830000163;META X INDUSTRIA E COMERCIO LTDA;001;1;145,00;145,00;0,00;290,00;1300,00;188500,00;0,00;27/10/2023;28/10/2023;28/10/2025;Não;14/11/2023;14/11/2023
atas_itens_RT_2023_p1.json;2026-07-29 14:27:27;00015/2023;10673078000120-1-000030/2023-000014;10673078000120-1-000030/2023;15813205000172023;00057;00017;2023;05;Pregão;158132;INST.FED.DE EDUC.,CIENC.E TEC.DO MAT.G.DO SUL;391878;313;CADEIRA ESCRITÓRIO;Material;CADEIRA ESCRITÓRIO, MATERIAL ESTRUTURA TUBO AÇO, MATERIAL REVESTIMENTO ASSENTO E ENCOSTO TECIDO, MATERIAL ENCOSTO ESPUMA INJETADA, MATERIAL ASSENTO ESPUMA INJETADA, TRATAMENTO SUPERFICIAL ESTRUTURA PINTADO, TIPO BASE GIRATÓRIA, TIPO ENCOSTO BAIXO, APOIO BRAÇO COM BRAÇOS REGULÁVEIS, COR PRETA, TIPO SISTEMA REGULAGEM VERTICAL A GÁS;18493830000163;META X INDUSTRIA E COMERCIO LTDA;001;1;215,00;215,00;0,00;430,00;268,00;57620,00;0,00;27/10/2023;28/10/2023;28/10/2025;Não;14/11/2023;14/11/2023
atas_itens_RT_2023_p1.json;2026-07-29 14:27:27;00016/2023;10673078000120-1-000030/2023-000015;10673078000120-1-000030/2023;15813205000172023;00020;00017;2023;05;Pregão;158132;INST.FED.DE EDUC.,CIENC.E TEC.DO MAT.G.DO SUL;287945;331;CADEIRA;Material;CADEIRA, MATERIAL PLÁSTICO, COR BRANCA, CARACTERÍSTICAS ADICIONAIS EMPILHAVÉL, TIPO SEM BRAÇO;36804979000106;MARCONDES SERVICOS DE ESCRITORIO ADMINISTRATIVO E NEGOCIOS EMPRESARIAL LTDA;001;1;250,00;250,00;0,00;500,00;41,70;10425,00;0,00;27/10/2023;28/10/2023;28/10/2024;Não;14/11/2023;14/11/2023
atas_itens_RT_2023_p1.json;2026-07-29 14:27:27;00016/2023;10673078000120-1-000030/2023-000015;10673078000120-1-000030/2023;15813205000172023;00030;00017;2023;05;Pregão;158132;INST.FED.DE EDUC.,CIENC.E TEC.DO MAT.G.DO SUL;458043;12399;SUPORTE;Material;SUPORTE, MATERIAL AÇO GALVANIZADO, APLICAÇÃO SUPORTE BICICLETAS, CARACTERÍSTICAS ADICIONAIS FIXADO NO PISO, SUPORTE PARA 5 BICICLETAS, ALTURA 23 CM, LARGURA 96 CM, TIPO BICICLETÁRIO, COMPRIMENTO 100 CM, FORMATO HORIZONTAL;36804979000106;MARCONDES SERVICOS DE ESCRITORIO ADMINISTRATIVO E NEGOCIOS EMPRESARIAL LTDA;001;1;44,00;44,00;0,00;88,00;325,00;14300,00;0,00;27/10/2023;28/10/2023;28/10/2024;Não;14/11/2023;14/11/2023
atas_itens_RT_2023_p1.json;2026-07-29 14:27:27;00016/2023;10673078000120-1-000030/2023-000015;10673078000120-1-000030/2023;15813205000172023;00047;00017;2023;05;Pregão;158132;INST.FED.DE EDUC.,CIENC.E TEC.DO MAT.G.DO SUL;436754;15114;COLETOR LIXO;Material;"COLETOR LIXO, MATERIAL POLIETILENO ALTA DENSIDADE, CAPACIDADE 1.000 L, COR MARROM, TRATAMENTO SUPERFICIAL ANTI-CORROSIVO, DIÂMETRO RODA 200 MM, CARACTERÍSTICAS ADICIONAIS TAMPA BIPARTIDA; REFORÇO LATERAL, DIMENSÃO 1200 X 1070 X 1200 MM";36804979000106;MARCONDES SERVICOS DE ESCRITORIO ADMINISTRATIVO E NEGOCIOS EMPRESARIAL LTDA;001;1;3,00;3,00;0,00;6,00;2250,00;6750,00;0,00;27/10/2023;28/10/2023;28/10/2024;Não;14/11/2023;14/11/2023
atas_itens_RT_2023_p1.json;2026-07-29 14:27:27;00016/2023;10673078000120-1-000030/2023-000015;10673078000120-1-000030/2023;15813205000172023;00062;00017;2023;05;Pregão;158132;INST.FED.DE EDUC.,CIENC.E TEC.DO MAT.G.DO SUL;354608;16322;MESA PLÁSTICA;Material;MESA PLÁSTICA, MATERIAL PLÁSTICO, FORMATO QUADRADO, COR BRANCA, COMPRIMENTO 70 CM, LARGURA 70 CM, ALTURA 72 CM;36804979000106;MARCONDES SERVICOS DE ESCRITORIO ADMINISTRATIVO E NEGOCIOS EMPRESARIAL LTDA;001;1;100,00;100,00;0,00;200,00;234,00;23400,00;0,00;27/10/2023;28/10/2023;28/10/2024;Não;14/11/2023;14/11/2023
atas_itens_RT_2023_p1.json;2026-07-29 14:27:27;00017/2023;10673078000120-1-000030/2023-000016;10673078000120-1-000030/2023;15813205000172023;00058;00017;2023;05;Pregão;158132;INST.FED.DE EDUC.,CIENC.E TEC.DO MAT.G.DO SUL;482537;17694;LOUSA INTERATIVA;Material;LOUSA INTERATIVA, MATERIAL AÇO PORCELANIZADO, TAMANHO TELA 96 POL, TIPO ALIMENTAÇÃO USB, CARACTERÍSTICAS ADICIONAIS DIGITALIZAÇÃO INFRAVERMELHO, CANETAS PARA INTERAÇ Ã, TIPO TELA TOUCH SCREEN, SOFTWARE WINDOWS;20174368000183;18 GIGAS COMERCIO DE EQUIPAMENTOS LTDA;001;1;23,00;23,00;0,00;46,00;2750,00;63250,00;0,00;27/10/2023;28/10/2023;28/10/2024;Não;14/11/2023;14/11/2023
atas_itens_RT_2023_p1.json;2026-07-29 14:27:27;00018/2023;10673078000120-1-000030/2023-000017;10673078000120-1-000030/2023;15813205000172023;00054;00017;2023;05;Pregão;158132;INST.FED.DE EDUC.,CIENC.E TEC.DO MAT.G.DO SUL;265467;312;BANQUETA;Material;BANQUETA, MATERIAL ESTRUTURA TUBO AÇO, TIPO ASSENTO FIXO, MATERIAL BASE ASSENTO MADEIRA COM ESPUMA, ACABAMENTO ESTRUTURA CROMADO, CARACTERÍSTICA ASSENTO CIRCULAR ACOLCHOADO, REVESTIMENTO ASSENTO COURO SINTÉTICO, COR ASSENTO PRETA, ALTURA 60 CM, DIÂMETRO ASSENTO 39,50 CM, CARACTERÍSTICAS ADICIONAIS ESTRUTURA TUBULAR E SAPATAS DE MADEIRA;17410769000180;VALNEIDES ARAUJO DA COSTA;001;1;30,00;30,00;0,00;60,00;317,00;9510,00;0,00;27/10/2023;28/10/2023;28/10/2024;Não;14/11/2023;14/11/2023
atas_itens_RT_2023_p1.json;2026-07-29 14:27:27;00018/2023;10673078000120-1-000030/2023-000017;10673078000120-1-000030/2023;15813205000172023;00056;00017;2023;05;Pregão;158132;INST.FED.DE EDUC.,CIENC.E TEC.DO MAT.G.DO SUL;602653;312;BANQUETA;Material;BANQUETA, MATERIAL ESTRUTURA MADEIRA EUCALIPTO., TIPO ASSENTO ANATÔMICO TIPO CONCHA, MATERIAL BASE ASSENTO MADEIRA COM ESPUMA, ACABAMENTO ESTRUTURA NATURAL., REVESTIMENTO ASSENTO COURÍSSIMO, COR ASSENTO PRETA, ALTURA 98 CM, LARGURA 40 CM, CARACTERÍSTICAS ADICIONAIS APOIO PARA OS PÉS 30CM DO CHÃO, MATERIAL BASE ENCOSTO CHAPA MULTILAMINADA, ESPUMA D 28;17410769000180;VALNEIDES ARAUJO DA COSTA;001;1;27,00;27,00;0,00;54,00;173,00;4671,00;0,00;27/10/2023;28/10/2023;28/10/2024;Não;14/11/2023;14/11/2023
atas_itens_RT_2023_p1.json;2026-07-29 14:27:27;00019/2023;10673078000120-1-000030/2023-000018;10673078000120-1-000030/2023;15813205000172023;00025;00017;2023;05;Pregão;158132;INST.FED.DE EDUC.,CIENC.E TEC.DO MAT.G.DO SUL;443996;1454;QUADRO BRANCO;Material;QUADRO BRANCO, MATERIAL LAMINADO MELAMÍNICO, ACABAMENTO SUPERFICIAL MOLDURA ALUMÍNIO ANODIZADO, FINALIDADE QUADRO AVISO/ APOIO A AULAS, LARGURA 120 CM, CARACTERÍSTICAS ADICIONAIS SUPORTE P/ APAGADOR E CALHA EM ALUMÍNIO ANODIZADO, MATERIAL MOLDURA ALUMÍNIO ANODIZADO, ALTURA 150 CM;43838684000108;WHITE BOARD IMPORT COMERCIO E SERVICOS LTDA;001;1;6,00;6,00;0,00;12,00;300,00;1800,00;0,00;27/10/2023;28/10/2023;28/10/2024;Não;14/11/2023;14/11/2023
atas_itens_RT_2023_p1.json;2026-07-29 14:27:27;00019/2023;10673078000120-1-000030/2023-000018;10673078000120-1-000030/2023;15813205000172023;00026;00017;2023;05;Pregão;158132;INST.FED.DE EDUC.,CIENC.E TEC.DO MAT.G.DO SUL;357512;1454;QUADRO BRANCO;Material;QUADRO BRANCO, MATERIAL LAMINADO MELAMÍNICO, ACABAMENTO SUPERFICIAL MOLDURA ANODIZADO FOSCO, COR MOLDURA NATURAL, FINALIDADE AVISO E INFORMAÇÃO, COMPRIMENTO 120 CM, MATERIAL MOLDURA ALUMÍNIO, ALTURA 90 CM;43838684000108;WHITE BOARD IMPORT COMERCIO E SERVICOS LTDA;001;1;17,00;17,00;0,00;34,00;166,00;2822,00;0,00;27/10/2023;28/10/2023;28/10/2024;Não;14/11/2023;14/11/2023
atas_itens_RT_2023_p1.json;2026-07-29 14:27:27;00019/2023;10673078000120-1-000030/2023-000018;10673078000120-1-000030/2023;15813205000172023;00027;00017;2023;05;Pregão;158132;INST.FED.DE EDUC.,CIENC.E TEC.DO MAT.G.DO SUL;439256;1454;QUADRO BRANCO;Material;QUADRO BRANCO, MATERIAL VIDRO TEMPERADO, ACABAMENTO SUPERFICIAL MOLDURA TEMPERADO, COR MOLDURA BRANCO, COMPRIMENTO 200 CM, CARACTERÍSTICAS ADICIONAIS SUPORTE PARA APAGADOR E CANETAS, TIPO FIXAÇÃO ACESSÓRIOS PARA INSTALAÇÃO, MATERIAL MOLDURA PELÍCULA DE PROTEÇÃO DO VIDRO, ALTURA 120 CM;43838684000108;WHITE BOARD IMPORT COMERCIO E SERVICOS LTDA;001;1;109,00;109,00;0,00;218,00;890,00;97010,00;0,00;27/10/2023;28/10/2023;28/10/2024;Não;14/11/2023;14/11/2023
atas_itens_RT_2023_p1.json;2026-07-29 14:27:27;00019/2023;10673078000120-1-000030/2023-000018;10673078000120-1-000030/2023;15813205000172023;00049;00017;2023;05;Pregão;158132;INST.FED.DE EDUC.,CIENC.E TEC.DO MAT.G.DO SUL;248290;1454;QUADRO BRANCO;Material;QUADRO BRANCO, MATERIAL FÓRMICA BRANCA BRILHANTE, LARGURA 120 CM, COMPRIMENTO 490 CM, CARACTERÍSTICAS ADICIONAIS EMENDA CENTRAL FÓRMICA RETICULADA HORIZONTAL E, MATERIAL MOLDURA ALUMÍNIO ANODIZADO, COMPONENTES ADICIONAIS MOLDURA, SUPORTE P/ APAGADOR- PINCÉIS DE ALUMÍNIO;43838684000108;WHITE BOARD IMPORT COMERCIO E SERVICOS LTDA;001;1;10,00;10,00;0,00;20,00;798,99;7989,90;0,00;27/10/2023;28/10/2023;28/10/2024;Não;14/11/2023;14/11/2023
atas_itens_RT_2023_p1.json;2026-07-29 14:27:27;00019/2023;10673078000120-1-000030/2023-000018;10673078000120-1-000030/2023;15813205000172023;00050;00017;2023;05;Pregão;158132;INST.FED.DE EDUC.,CIENC.E TEC.DO MAT.G.DO SUL;319257;1454;QUADRO BRANCO;Material;QUADRO BRANCO, MATERIAL LAMINADO MELAMÍNICO, LARGURA 3,00 M, CARACTERÍSTICAS ADICIONAIS CALHA PINCEL/APAGADOR, MATERIAL MOLDURA ALUMÍNIO, ALTURA 1,20 M;43838684000108;WHITE BOARD IMPORT COMERCIO E SERVICOS LTDA;001;1;3,00;3,00;0,00;6,00;1800,00;5400,00;0,00;27/10/2023;28/10/2023;28/10/2024;Não;14/11/2023;14/11/2023
atas_itens_RT_2023_p1.json;2026-07-29 14:27:27;00019/2023;10673078000120-1-000030/2023-000018;10673078000120-1-000030/2023;15813205000172023;00060;00017;2023;05;Pregão;158132;INST.FED.DE EDUC.,CIENC.E TEC.DO MAT.G.DO SUL;482646;1454;QUADRO BRANCO;Material;QUADRO BRANCO, MATERIAL FÓRMICA BRANCA, ACABAMENTO SUPERFICIAL MOLDURA ALUMÍNIO, COR MOLDURA NATURAL, FINALIDADE LANÇAMENTO INFORMAÇÕES, LARGURA 120 CM, COMPRIMENTO 200 CM, CARACTERÍSTICAS ADICIONAIS MAGNÉTICO, TIPO FIXAÇÃO PAREDE, MATERIAL MOLDURA ALUMÍNIO;43838684000108;WHITE BOARD IMPORT COMERCIO E SERVICOS LTDA;001;1;18,00;18,00;0,00;36,00;290,00;5220,00;0,00;27/10/2023;28/10/2023;28/10/2024;Não;14/11/2023;14/11/2023
atas_itens_RT_2023_p1.json;2026-07-29 14:27:27;00019/2023;10673078000120-1-000030/2023-000018;10673078000120-1-000030/2023;15813205000172023;00061;00017;2023;05;Pregão;158132;INST.FED.DE EDUC.,CIENC.E TEC.DO MAT.G.DO SUL;257160;1454;QUADRO BRANCO;Material;QUADRO BRANCO, MATERIAL FÓRMICA, ACABAMENTO SUPERFICIAL MOLDURA ALUMÍNIO, COR MOLDURA NATURAL, FINALIDADE QUADRO AVISO/ APOIO A AULAS, LARGURA 120 CM, COMPRIMENTO 300 CM, CARACTERÍSTICAS ADICIONAIS MAGNÉTICO, TIPO FIXAÇÃO PAREDE, MATERIAL MOLDURA ALUMÍNIO, MATERIAL BORDA ALUMÍNIO;43838684000108;WHITE BOARD IMPORT COMERCIO E SERVICOS LTDA;001;1;2,00;2,00;0,00;4,00;420,00;840,00;0,00;27/10/2023;28/10/2023;28/10/2024;Não;14/11/2023;14/11/2023
atas_itens_RT_2024_p1.json;2026-07-29 14:27:28;00018/2024;10673078000120-1-000034/2024-000001;10673078000120-1-000034/2024;15813205900052024;00015;90005;2024;05;Pregão;158132;INST.FED.DE EDUC.,CIENC.E TEC.DO MAT.G.DO SUL;464880;6811;EQUIPAMENTO / ACESSÓRIOS DESPORTO;Material;EQUIPAMENTO / ACESSÓRIOS DESPORTO, MATERIAL ESPUMA, TIPO PROTETOR, USO POSTE DE VOLEI, CARACTERÍSTICAS ADICIONAIS FECHAMENTO COM VELCRO;26290146000102;G A DA COSTA - ESPORTES LTDA;001;1;22,00;22,00;0,00;44,00;386,39;8500,58;0,00;15/08/2024;16/08/2024;16/08/2026;Não;16/08/2024;16/08/2024
atas_itens_RT_2024_p1.json;2026-07-29 14:27:28;00018/2024;10673078000120-1-000034/2024-000001;10673078000120-1-000034/2024;15813205900052024;00019;90005;2024;05;Pregão;158132;INST.FED.DE EDUC.,CIENC.E TEC.DO MAT.G.DO SUL;303860;11503;REDE ESPORTE;Material;REDE ESPORTE, MATERIAL FIO SEDA, COR BRANCA, APLICAÇÃO BASQUETE, CARACTERÍSTICAS ADICIONAIS MALHA POLIÉSTER, NÓ DUPLO, ALTA RESISTÊNCIA, MODELO OFICIAL;26290146000102;G A DA COSTA - ESPORTES LTDA;001;1;35,00;35,00;0,00;70,00;40,12;1404,20;0,00;15/08/2024;16/08/2024;16/08/2026;Não;16/08/2024;16/08/2024
atas_itens_RT_2024_p1.json;2026-07-29 14:27:28;00018/2024;10673078000120-1-000034/2024-000001;10673078000120-1-000034/2024;15813205900052024;00020;90005;2024;05;Pregão;158132;INST.FED.DE EDUC.,CIENC.E TEC.DO MAT.G.DO SUL;333090;11503;REDE ESPORTE;Material;REDE ESPORTE, MATERIAL POLIETILENO, APLICAÇÃO FUTSAL, CARACTERÍSTICAS ADICIONAIS 3,10M COMP.X2M ALT.X1M PROF. E FIO GROSSO 8MM;26290146000102;G A DA COSTA - ESPORTES LTDA;001;1;37,00;37,00;0,00;74,00;183,70;6796,90;0,00;15/08/2024;16/08/2024;16/08/2026;Não;16/08/2024;16/08/2024
atas_itens_RT_2024_p1.json;2026-07-29 14:27:28;00018/2024;10673078000120-1-000034/2024-000001;10673078000120-1-000034/2024;15813205900052024;00026;90005;2024;05;Pregão;158132;INST.FED.DE EDUC.,CIENC.E TEC.DO MAT.G.DO SUL;251593;6773;POSTE REDE VOLEIBOL;Material;POSTE REDE VOLEIBOL, MATERIAL FERRO GALVANIZADO, TAMANHO OFICIAL, CARACTERÍSTICAS ADICIONAIS COM GUINCHO E ROLDANA;26290146000102;G A DA COSTA - ESPORTES LTDA;001;1;22,00;22,00;0,00;44,00;728,45;16025,90;0,00;15/08/2024;16/08/2024;16/08/2026;Não;16/08/2024;16/08/2024
atas_itens_RT_2024_p1.json;2026-07-29 14:27:28;00018/2024;10673078000120-1-000034/2024-000001;10673078000120-1-000034/2024;15813205900052024;00052;90005;2024;05;Pregão;158132;INST.FED.DE EDUC.,CIENC.E TEC.DO MAT.G.DO SUL;464871;6811;EQUIPAMENTO / ACESSÓRIOS DESPORTO;Material;EQUIPAMENTO / ACESSÓRIOS DESPORTO, MATERIAL ALGODÃO, TIPO FITA, USO FIXAÇÃO DE ANTENA DE VÔLEI, CARACTERÍSTICAS ADICIONAIS COM VELCRO, TAMANHO OFICIAL;26290146000102;G A DA COSTA - ESPORTES LTDA;001;1;28,00;28,00;0,00;56,00;42,23;1182,44;0,00;15/08/2024;16/08/2024;16/08/2026;Não;16/08/2024;16/08/2024
atas_itens_RT_2024_p1.json;2026-07-29 14:27:28;00018/2024;10673078000120-1-000034/2024-000001;10673078000120-1-000034/2024;15813205900052024;00060;90005;2024;05;Pregão;158132;INST.FED.DE EDUC.,CIENC.E TEC.DO MAT.G.DO SUL;480145;2640;APARELHO / EQUIPAMENTO PARA CONDICIONAMENTO FÍSICO;Material;APARELHO / EQUIPAMENTO PARA CONDICIONAMENTO FÍSICO, TIPO GAIOLA EXERCÍCIOS FUNCIONAIS, MATERIAL AÇO, AÇO CARBONO, ALUMÍNIO, POLIETILENO, POLIAMID A, APLICAÇÃO CONDICIONAMENTO FÍSICO, CARACTERISTICAS ADICIONAIS REGULAGEM ALTURA, APOIO PARA OS PÉS;26290146000102;G A DA COSTA - ESPORTES LTDA;001;1;11,00;11,00;0,00;22,00;5013,63;55149,93;0,00;15/08/2024;16/08/2024;16/08/2026;Não;16/08/2024;16/08/2024
atas_itens_RT_2024_p1.json;2026-07-29 14:27:28;00018/2024;10673078000120-1-000034/2024-000001;10673078000120-1-000034/2024;15813205900052024;00069;90005;2024;05;Pregão;158132;INST.FED.DE EDUC.,CIENC.E TEC.DO MAT.G.DO SUL;380489;17468;ESTANTE ANILHAS;Material;ESTANTE ANILHAS, MATERIAL AÇO INOXIDÁVEL, CAPACIDADE 350 KG, APLICAÇÃO GUARDAR ANILHAS;26290146000102;G A DA COSTA - ESPORTES LTDA;001;1;15,00;15,00;0,00;30,00;786,51;11797,65;0,00;15/08/2024;16/08/2024;16/08/2026;Não;16/08/2024;16/08/2024
atas_itens_RT_2024_p1.json;2026-07-29 14:27:28;00018/2024;10673078000120-1-000034/2024-000001;10673078000120-1-000034/2024;15813205900052024;00070;90005;2024;05;Pregão;158132;INST.FED.DE EDUC.,CIENC.E TEC.DO MAT.G.DO SUL;373301;17469;ESTANTE HALTERES;Material;ESTANTE HALTERES, MATERIAL METALON (4 POLEGADAS), CAPACIDADE 10 PESOS, APLICAÇÃO GUARDAR HALTERES, CARACTERÍSTICAS ADICIONAIS TORRE DUPLA FACE, BASE TIPO CRUZETA COM SAPATAS;26290146000102;G A DA COSTA - ESPORTES LTDA;001;1;10,00;10,00;0,00;20,00;496,19;4961,90;0,00;15/08/2024;16/08/2024;16/08/2026;Não;16/08/2024;16/08/2024
atas_itens_RT_2024_p1.json;2026-07-29 14:27:28;00018/2024;10673078000120-1-000034/2024-000001;10673078000120-1-000034/2024;15813205900052024;00080;90005;2024;05;Pregão;158132;INST.FED.DE EDUC.,CIENC.E TEC.DO MAT.G.DO SUL;224728;5341;COLCHONETE GINÁSTICA;Material;COLCHONETE GINÁSTICA, MATERIAL PLÁSTICO EMBORRACHADO, COMPRIMENTO 1 M, LARGURA 0,60 M, ESPESSURA 0,50 M, COR VERDE;26290146000102;G A DA COSTA - ESPORTES LTDA;001;1;20,00;20,00;0,00;40,00;580,65;11613,00;0,00;15/08/2024;16/08/2024;16/08/2026;Não;16/08/2024;16/08/2024
atas_itens_RT_2024_p1.json;2026-07-29 14:27:28;00018/2024;10673078000120-1-000034/2024-000001;10673078000120-1-000034/2024;15813205900052024;00081;90005;2024;05;Pregão;158132;INST.FED.DE EDUC.,CIENC.E TEC.DO MAT.G.DO SUL;466199;2976;ARCO DE GINÁSTICA RÍTMICA ( BAMBOLÊ );Material;ARCO DE GINÁSTICA RÍTMICA ( BAMBOLÊ ), MATERIAL PVC, DIÂMETRO 0,60 M, APLICAÇÃO PRÁTICAS ESPORTIVAS, COR VARIADA;26290146000102;G A DA COSTA - ESPORTES LTDA;001;1;20,00;20,00;0,00;40,00;71,79;1435,80;0,00;15/08/2024;16/08/2024;16/08/2026;Não;16/08/2024;16/08/2024
atas_itens_RT_2024_p1.json;2026-07-29 14:27:28;00017/2024;10673078000120-1-000034/2024-000009;10673078000120-1-000034/2024;15813205900052024;00002;90005;2024;05;Pregão;158132;INST.FED.DE EDUC.,CIENC.E TEC.DO MAT.G.DO SUL;370715;1199;APITO;Material;APITO, MATERIAL PLÁSTICO, APLICAÇÃO ESPORTE, TAMANHO MÉDIO, CARACTERÍSTICAS ADICIONAIS COM DEDAL, COR PRETA, TIPO FOX.;19444651000107;K.S. ARTIGOS ESPORTIVOS LTDA;001;1;38,00;38,00;0,00;76,00;11,70;444,60;0,00;22/08/2024;23/08/2024;23/08/2025;Não;23/08/2024;23/08/2024
atas_itens_RT_2024_p1.json;2026-07-29 14:27:28;00017/2024;10673078000120-1-000034/2024-000009;10673078000120-1-000034/2024;15813205900052024;00005;90005;2024;05;Pregão;158132;INST.FED.DE EDUC.,CIENC.E TEC.DO MAT.G.DO SUL;450241;3676;BOLA FUTEBOL;Material;BOLA FUTEBOL, MATERIAL POLIURETANO, PESO CHEIA 410 A 450 G, CARACTERÍSTICAS ADICIONAIS CÂMARA DE BUTIL, MIOLO REMOVÍVEL E LUBRIFICADO, CIRCUNFERÊNCIA 68 A 70 CM, MODELO FUTEBOL DE CAMPO;19444651000107;K.S. ARTIGOS ESPORTIVOS LTDA;001;1;23,00;23,00;0,00;46,00;145,12;3337,76;0,00;22/08/2024;23/08/2024;23/08/2025;Não;23/08/2024;23/08/2024
atas_itens_RT_2024_p1.json;2026-07-29 14:27:28;00017/2024;10673078000120-1-000034/2024-000009;10673078000120-1-000034/2024;15813205900052024;00014;90005;2024;05;Pregão;158132;INST.FED.DE EDUC.,CIENC.E TEC.DO MAT.G.DO SUL;480258;10873;PLACAR POLIESPORTIVO;Material;PLACAR POLIESPORTIVO, MATERIAL PVC, TIPO MANUAL, CARACTERÍSTICAS ADICIONAIS PLAQUETAS EM PVC, DE MESA;19444651000107;K.S. ARTIGOS ESPORTIVOS LTDA;001;1;20,00;20,00;0,00;40,00;167,97;3359,40;0,00;22/08/2024;23/08/2024;23/08/2025;Não;23/08/2024;23/08/2024
atas_itens_RT_2024_p1.json;2026-07-29 14:27:28;00017/2024;10673078000120-1-000034/2024-000009;10673078000120-1-000034/2024;15813205900052024;00017;90005;2024;05;Pregão;158132;INST.FED.DE EDUC.,CIENC.E TEC.DO MAT.G.DO SUL;238785;11414;RAQUETE ESPORTIVA;Material;RAQUETE ESPORTIVA, MATERIAL CORPO MADEIRA, REVESTIMENTO CORPO BORRACHA, TAMANHO ÚNICO, COR PRETA, APLICAÇÃO TÊNIS DE MESA, CARACTERÍSTICAS ADICIONAIS 2 LADOS REVESTIDOS;19444651000107;K.S. ARTIGOS ESPORTIVOS LTDA;001;1;96,00;96,00;0,00;192,00;36,36;3490,56;0,00;22/08/2024;23/08/2024;23/08/2025;Não;23/08/2024;23/08/2024
atas_itens_RT_2024_p1.json;2026-07-29 14:27:28;00017/2024;10673078000120-1-000034/2024-000009;10673078000120-1-000034/2024;15813205900052024;00031;90005;2024;05;Pregão;158132;INST.FED.DE EDUC.,CIENC.E TEC.DO MAT.G.DO SUL;450272;3672;BOLA DE TÊNIS DE MESA;Material;BOLA DE TÊNIS DE MESA, MATERIAL ACETATO DE CELULOIDE, PESO 2,74 G, CARACTERÍSTICAS ADICIONAIS APROVADA PELA FEDERAÇÃO INTERNACIONAL DE TÊNIS;19444651000107;K.S. ARTIGOS ESPORTIVOS LTDA;001;1;850,00;850,00;0,00;1700,00;3,40;2890,00;0,00;22/08/2024;23/08/2024;23/08/2025;Não;23/08/2024;23/08/2024
atas_itens_RT_2024_p1.json;2026-07-29 14:27:28;00017/2024;10673078000120-1-000034/2024-000009;10673078000120-1-000034/2024;15813205900052024;00037;90005;2024;05;Pregão;158132;INST.FED.DE EDUC.,CIENC.E TEC.DO MAT.G.DO SUL;467076;6811;EQUIPAMENTO / ACESSÓRIOS DESPORTO;Material;EQUIPAMENTO / ACESSÓRIOS DESPORTO, MATERIAL FIBRA DE AÇO, TIPO BARRA TRANSVERSAL, DIMENSÕES 4 M X 3 CM, USO SALTO EM ALTURA;19444651000107;K.S. ARTIGOS ESPORTIVOS LTDA;001;1;20,00;20,00;0,00;40,00;433,79;8675,80;0,00;22/08/2024;23/08/2024;23/08/2025;Não;23/08/2024;23/08/2024
atas_itens_RT_2024_p1.json;2026-07-29 14:27:28;00017/2024;10673078000120-1-000034/2024-000009;10673078000120-1-000034/2024;15813205900052024;00044;90005;2024;05;Pregão;158132;INST.FED.DE EDUC.,CIENC.E TEC.DO MAT.G.DO SUL;604824;6811;EQUIPAMENTO / ACESSÓRIOS DESPORTO;Material;"EQUIPAMENTO / ACESSÓRIOS DESPORTO, MATERIAL METAL/MADEIRA, TIPO DISCO, USO ARREMESSO, CARACTERÍSTICAS ADICIONAIS DIÂMETRO CENTRAL: CERCA DE 55 MM; PESO: 1KG, DIâMETRO 180 MM";19444651000107;K.S. ARTIGOS ESPORTIVOS LTDA;001;1;31,00;31,00;0,00;62,00;178,90;5545,90;0,00;22/08/2024;23/08/2024;23/08/2025;Não;23/08/2024;23/08/2024
atas_itens_RT_2024_p1.json;2026-07-29 14:27:28;00017/2024;10673078000120-1-000034/2024-000009;10673078000120-1-000034/2024;15813205900052024;00045;90005;2024;05;Pregão;158132;INST.FED.DE EDUC.,CIENC.E TEC.DO MAT.G.DO SUL;604826;6811;EQUIPAMENTO / ACESSÓRIOS DESPORTO;Material;EQUIPAMENTO / ACESSÓRIOS DESPORTO, MATERIAL BORRACHA, TIPO DISCO, USO ARREMESSO, CARACTERÍSTICAS ADICIONAIS PESO: 1KG, DIâMETRO 180 MM;19444651000107;K.S. ARTIGOS ESPORTIVOS LTDA;001;1;27,00;27,00;0,00;54,00;60,97;1646,19;0,00;22/08/2024;23/08/2024;23/08/2025;Não;23/08/2024;23/08/2024
atas_itens_RT_2024_p1.json;2026-07-29 14:27:28;00017/2024;10673078000120-1-000034/2024-000009;10673078000120-1-000034/2024;15813205900052024;00046;90005;2024;05;Pregão;158132;INST.FED.DE EDUC.,CIENC.E TEC.DO MAT.G.DO SUL;604825;6811;EQUIPAMENTO / ACESSÓRIOS DESPORTO;Material;EQUIPAMENTO / ACESSÓRIOS DESPORTO, MATERIAL BORRACHA, TIPO DISCO, USO ARREMESSO, CARACTERÍSTICAS ADICIONAIS PESO: 2KG, DIâMETRO 220 MM;19444651000107;K.S. ARTIGOS ESPORTIVOS LTDA;001;1;34,00;34,00;0,00;68,00;78,00;2652,00;0,00;22/08/2024;23/08/2024;23/08/2025;Não;23/08/2024;23/08/2024
atas_itens_RT_2024_p1.json;2026-07-29 14:27:28;00017/2024;10673078000120-1-000034/2024-000009;10673078000120-1-000034/2024;15813205900052024;00055;90005;2024;05;Pregão;158132;INST.FED.DE EDUC.,CIENC.E TEC.DO MAT.G.DO SUL;604846;6811;EQUIPAMENTO / ACESSÓRIOS DESPORTO;Material;"EQUIPAMENTO / ACESSÓRIOS DESPORTO, MATERIAL AÇO/CHUMBO, TIPO PÊSO, USO ARREMESSO, CARACTERÍSTICAS ADICIONAIS ESFÉRICO, SUPERFÍCIE: LISA; PESO: 5KG, DIâMETRO 115 MM";19444651000107;K.S. ARTIGOS ESPORTIVOS LTDA;001;1;13,00;13,00;0,00;26,00;207,46;2696,98;0,00;22/08/2024;23/08/2024;23/08/2025;Não;23/08/2024;23/08/2024
atas_itens_RT_2024_p1.json;2026-07-29 14:27:28;00017/2024;10673078000120-1-000034/2024-000009;10673078000120-1-000034/2024;15813205900052024;00056;90005;2024;05;Pregão;158132;INST.FED.DE EDUC.,CIENC.E TEC.DO MAT.G.DO SUL;604847;6811;EQUIPAMENTO / ACESSÓRIOS DESPORTO;Material;"EQUIPAMENTO / ACESSÓRIOS DESPORTO, MATERIAL AÇO/CHUMBO, TIPO PÊSO, USO ARREMESSO, CARACTERÍSTICAS ADICIONAIS ESFÉRICO, SUPERFÍCIE: LISA; PESO: 4KG, DIâMETRO 103 MM";19444651000107;K.S. ARTIGOS ESPORTIVOS LTDA;001;1;15,00;15,00;0,00;30,00;175,00;2625,00;0,00;22/08/2024;23/08/2024;23/08/2025;Não;23/08/2024;23/08/2024
atas_itens_RT_2024_p1.json;2026-07-29 14:27:28;00017/2024;10673078000120-1-000034/2024-000009;10673078000120-1-000034/2024;15813205900052024;00061;90005;2024;05;Pregão;158132;INST.FED.DE EDUC.,CIENC.E TEC.DO MAT.G.DO SUL;480139;2640;APARELHO / EQUIPAMENTO PARA CONDICIONAMENTO FÍSICO;Material;APARELHO / EQUIPAMENTO PARA CONDICIONAMENTO FÍSICO, TIPO BANCO REGULÁVEL, MATERIAL AÇO, AÇO CARBONO, ALUMÍNIO, POLIETILENO, POLIAMID A, APLICAÇÃO CONDICIONAMENTO FÍSICO, CARACTERISTICAS ADICIONAIS SUPINO INCLINADO;19444651000107;K.S. ARTIGOS ESPORTIVOS LTDA;001;1;14,00;14,00;0,00;28,00;1700,00;23800,00;0,00;22/08/2024;23/08/2024;23/08/2025;Não;23/08/2024;23/08/2024
atas_itens_RT_2024_p1.json;2026-07-29 14:27:28;00017/2024;10673078000120-1-000034/2024-000009;10673078000120-1-000034/2024;15813205900052024;00067;90005;2024;05;Pregão;158132;INST.FED.DE EDUC.,CIENC.E TEC.DO MAT.G.DO SUL;439834;16190;ANILHA;Material;ANILHA, MATERIAL FERRO, ACABAMENTO SUPERFICIAL EMBORRACHADO, COR PRETA, PESO 20 KG;19444651000107;K.S. ARTIGOS ESPORTIVOS LTDA;001;1;52,00;52,00;0,00;104,00;241,42;12553,84;0,00;22/08/2024;23/08/2024;23/08/2025;Não;23/08/2024;23/08/2024
atas_itens_RT_2024_p1.json;2026-07-29 14:27:28;00017/2024;10673078000120-1-000034/2024-000009;10673078000120-1-000034/2024;15813205900052024;00074;90005;2024;05;Pregão;158132;INST.FED.DE EDUC.,CIENC.E TEC.DO MAT.G.DO SUL;460541;2640;APARELHO / EQUIPAMENTO PARA CONDICIONAMENTO FÍSICO;Material;APARELHO / EQUIPAMENTO PARA CONDICIONAMENTO FÍSICO, TIPO FITA DE SUSPENSÃO, MATERIAL NYLON, APLICAÇÃO CONDICIONAMENTO FÍSICO, CARACTERISTICAS ADICIONAIS PEGADORES EMBORRACHADOS, COM MOSQUETÃO E ARGOLAS, DIMENSÕES 170 CM;19444651000107;K.S. ARTIGOS ESPORTIVOS LTDA;001;1;20,00;20,00;0,00;40,00;82,97;1659,40;0,00;22/08/2024;23/08/2024;23/08/2025;Não;23/08/2024;23/08/2024
atas_itens_RT_2024_p1.json;2026-07-29 14:27:28;00017/2024;10673078000120-1-000034/2024-000009;10673078000120-1-000034/2024;15813205900052024;00086;90005;2024;05;Pregão;158132;INST.FED.DE EDUC.,CIENC.E TEC.DO MAT.G.DO SUL;609935;7671;FLUTUADOR DE USO PESSOAL;Material;FLUTUADOR DE USO PESSOAL, MATERIAL ESPUMA, DIMENSÕES 2,5 M X 8 MM, CAPACIDADE 100 A 120 KG;19444651000107;K.S. ARTIGOS ESPORTIVOS LTDA;001;1;20,00;20,00;0,00;40,00;37,42;748,40;0,00;22/08/2024;23/08/2024;23/08/2025;Não;23/08/2024;23/08/2024
atas_itens_RT_2025_p1.json;2026-07-29 14:27:28;00058/2025;10673078000120-1-000034/2025-000001;10673078000120-1-000034/2025;15813205900872025;00001;90087;2025;05;Pregão;158132;INST.FED.DE EDUC.,CIENC.E TEC.DO MAT.G.DO SUL;15008;;;Serviço;Motorista categoria D;23740606000169;DOMINI SERVICOS TECNICOS LTDA;001;1;5,00;5,00;0,00;0,00;63099,96;315499,80;0,00;18/07/2025;21/07/2025;21/07/2026;Não;21/07/2025;21/07/2025
atas_itens_RT_2025_p1.json;2026-07-29 14:27:28;00058/2025;10673078000120-1-000034/2025-000001;10673078000120-1-000034/2025;15813205900872025;00002;90087;2025;05;Pregão;158132;INST.FED.DE EDUC.,CIENC.E TEC.DO MAT.G.DO SUL;15008;;;Serviço;Hora extra Diurna -50%;23740606000169;DOMINI SERVICOS TECNICOS LTDA;001;1;3360,00;3360,00;0,00;0,00;30,82;103555,20;0,00;18/07/2025;21/07/2025;21/07/2026;Não;21/07/2025;21/07/2025
atas_itens_RT_2025_p1.json;2026-07-29 14:27:28;00058/2025;10673078000120-1-000034/2025-000001;10673078000120-1-000034/2025;15813205900872025;00003;90087;2025;05;Pregão;158132;INST.FED.DE EDUC.,CIENC.E TEC.DO MAT.G.DO SUL;15008;;;Serviço;Hora extra Noturna (22h a 5h) - 50%+20%;23740606000169;DOMINI SERVICOS TECNICOS LTDA;001;1;1020,00;1020,00;0,00;0,00;36,98;37719,60;0,00;18/07/2025;21/07/2025;21/07/2026;Não;21/07/2025;21/07/2025
atas_itens_RT_2025_p1.json;2026-07-29 14:27:28;00058/2025;10673078000120-1-000034/2025-000001;10673078000120-1-000034/2025;15813205900872025;00004;90087;2025;05;Pregão;158132;INST.FED.DE EDUC.,CIENC.E TEC.DO MAT.G.DO SUL;15008;;;Serviço;Hora extra domingos e feriados - 100%;23740606000169;DOMINI SERVICOS TECNICOS LTDA;001;1;540,00;540,00;0,00;0,00;40,86;22064,40;0,00;18/07/2025;21/07/2025;21/07/2026;Não;21/07/2025;21/07/2025
atas_itens_RT_2025_p1.json;2026-07-29 14:27:28;00058/2025;10673078000120-1-000034/2025-000001;10673078000120-1-000034/2025;15813205900872025;00005;90087;2025;05;Pregão;158132;INST.FED.DE EDUC.,CIENC.E TEC.DO MAT.G.DO SUL;15008;;;Serviço;Hora extra domingos e feriados Not - 100%+20%;23740606000169;DOMINI SERVICOS TECNICOS LTDA;001;1;540,00;540,00;0,00;0,00;49,03;26476,20;0,00;18/07/2025;21/07/2025;21/07/2026;Não;21/07/2025;21/07/2025
atas_itens_RT_2025_p1.json;2026-07-29 14:27:28;00058/2025;10673078000120-1-000034/2025-000001;10673078000120-1-000034/2025;15813205900872025;00006;90087;2025;05;Pregão;158132;INST.FED.DE EDUC.,CIENC.E TEC.DO MAT.G.DO SUL;15008;;;Serviço;Diária no país;23740606000169;DOMINI SERVICOS TECNICOS LTDA;001;1;1080,00;1080,00;0,00;0,00;373,35;403218,00;0,00;18/07/2025;21/07/2025;21/07/2026;Não;21/07/2025;21/07/2025
atas_itens_RT_2025_p1.json;2026-07-29 14:27:28;00058/2025;10673078000120-1-000034/2025-000001;10673078000120-1-000034/2025;15813205900872025;00007;90087;2025;05;Pregão;158132;INST.FED.DE EDUC.,CIENC.E TEC.DO MAT.G.DO SUL;15008;;;Serviço;Motorista categoria D;23740606000169;DOMINI SERVICOS TECNICOS LTDA;001;1;1,00;1,00;0,00;0,00;60120,36;60120,36;0,00;18/07/2025;21/07/2025;21/07/2026;Não;21/07/2025;21/07/2025
atas_itens_RT_2025_p1.json;2026-07-29 14:27:28;00058/2025;10673078000120-1-000034/2025-000001;10673078000120-1-000034/2025;15813205900872025;00008;90087;2025;05;Pregão;158132;INST.FED.DE EDUC.,CIENC.E TEC.DO MAT.G.DO SUL;15008;;;Serviço;Hora extra Diurna -50%;23740606000169;DOMINI SERVICOS TECNICOS LTDA;001;1;144,00;144,00;0,00;0,00;30,88;4446,72;0,00;18/07/2025;21/07/2025;21/07/2026;Não;21/07/2025;21/07/2025
atas_itens_RT_2025_p1.json;2026-07-29 14:27:28;00058/2025;10673078000120-1-000034/2025-000001;10673078000120-1-000034/2025;15813205900872025;00009;90087;2025;05;Pregão;158132;INST.FED.DE EDUC.,CIENC.E TEC.DO MAT.G.DO SUL;15008;;;Serviço;Hora extra Noturna (22h a 5h) - 50%+20%;23740606000169;DOMINI SERVICOS TECNICOS LTDA;001;1;144,00;144,00;0,00;0,00;37,24;5362,56;0,00;18/07/2025;21/07/2025;21/07/2026;Não;21/07/2025;21/07/2025
atas_itens_RT_2025_p1.json;2026-07-29 14:27:28;00058/2025;10673078000120-1-000034/2025-000001;10673078000120-1-000034/2025;15813205900872025;00010;90087;2025;05;Pregão;158132;INST.FED.DE EDUC.,CIENC.E TEC.DO MAT.G.DO SUL;15008;;;Serviço;Hora extra domingos e feriados - 100%;23740606000169;DOMINI SERVICOS TECNICOS LTDA;001;1;72,00;72,00;0,00;0,00;40,86;2941,92;0,00;18/07/2025;21/07/2025;21/07/2026;Não;21/07/2025;21/07/2025
atas_itens_RT_2025_p1.json;2026-07-29 14:27:28;00058/2025;10673078000120-1-000034/2025-000001;10673078000120-1-000034/2025;15813205900872025;00011;90087;2025;05;Pregão;158132;INST.FED.DE EDUC.,CIENC.E TEC.DO MAT.G.DO SUL;15008;;;Serviço;Hora extra domingos e feriados Not - 100%+20%;23740606000169;DOMINI SERVICOS TECNICOS LTDA;001;1;72,00;72,00;0,00;0,00;48,64;3502,08;0,00;18/07/2025;21/07/2025;21/07/2026;Não;21/07/2025;21/07/2025
atas_itens_RT_2025_p1.json;2026-07-29 14:27:28;00058/2025;10673078000120-1-000034/2025-000001;10673078000120-1-000034/2025;15813205900872025;00012;90087;2025;05;Pregão;158132;INST.FED.DE EDUC.,CIENC.E TEC.DO MAT.G.DO SUL;15008;;;Serviço;Diária no país;23740606000169;DOMINI SERVICOS TECNICOS LTDA;001;1;72,00;72,00;0,00;0,00;369,66;26615,52;0,00;18/07/2025;21/07/2025;21/07/2026;Não;21/07/2025;21/07/2025
atas_itens_RT_2025_p1.json;2026-07-29 14:27:28;00058/2025;10673078000120-1-000034/2025-000001;10673078000120-1-000034/2025;15813205900872025;00013;90087;2025;05;Pregão;158132;INST.FED.DE EDUC.,CIENC.E TEC.DO MAT.G.DO SUL;15008;;;Serviço;Motorista categoria D;23740606000169;DOMINI SERVICOS TECNICOS LTDA;001;1;1,00;1,00;0,00;0,00;62439,36;62439,36;0,00;18/07/2025;21/07/2025;21/07/2026;Não;21/07/2025;21/07/2025
atas_itens_RT_2025_p1.json;2026-07-29 14:27:28;00058/2025;10673078000120-1-000034/2025-000001;10673078000120-1-000034/2025;15813205900872025;00014;90087;2025;05;Pregão;158132;INST.FED.DE EDUC.,CIENC.E TEC.DO MAT.G.DO SUL;15008;;;Serviço;Hora extra Diurna -50%;23740606000169;DOMINI SERVICOS TECNICOS LTDA;001;1;144,00;144,00;0,00;0,00;30,57;4402,08;0,00;18/07/2025;21/07/2025;21/07/2026;Não;21/07/2025;21/07/2025
atas_itens_RT_2025_p1.json;2026-07-29 14:27:28;00058/2025;10673078000120-1-000034/2025-000001;10673078000120-1-000034/2025;15813205900872025;00015;90087;2025;05;Pregão;158132;INST.FED.DE EDUC.,CIENC.E TEC.DO MAT.G.DO SUL;15008;;;Serviço;Hora extra Noturna (22h a 5h) - 50%+20%;23740606000169;DOMINI SERVICOS TECNICOS LTDA;001;1;144,00;144,00;0,00;0,00;36,69;5283,36;0,00;18/07/2025;21/07/2025;21/07/2026;Não;21/07/2025;21/07/2025
atas_itens_RT_2025_p1.json;2026-07-29 14:27:28;00058/2025;10673078000120-1-000034/2025-000001;10673078000120-1-000034/2025;15813205900872025;00016;90087;2025;05;Pregão;158132;INST.FED.DE EDUC.,CIENC.E TEC.DO MAT.G.DO SUL;15008;;;Serviço;Hora extra domingos e feriados - 100%;23740606000169;DOMINI SERVICOS TECNICOS LTDA;001;1;72,00;72,00;0,00;0,00;40,86;2941,92;0,00;18/07/2025;21/07/2025;21/07/2026;Não;21/07/2025;21/07/2025
atas_itens_RT_2025_p1.json;2026-07-29 14:27:28;00058/2025;10673078000120-1-000034/2025-000001;10673078000120-1-000034/2025;15813205900872025;00017;90087;2025;05;Pregão;158132;INST.FED.DE EDUC.,CIENC.E TEC.DO MAT.G.DO SUL;15008;;;Serviço;Hora extra domingos e feriados Not - 100%+20%;23740606000169;DOMINI SERVICOS TECNICOS LTDA;001;1;72,00;72,00;0,00;0,00;49,03;3530,16;0,00;18/07/2025;21/07/2025;21/07/2026;Não;21/07/2025;21/07/2025
atas_itens_RT_2025_p1.json;2026-07-29 14:27:28;00058/2025;10673078000120-1-000034/2025-000001;10673078000120-1-000034/2025;15813205900872025;00018;90087;2025;05;Pregão;158132;INST.FED.DE EDUC.,CIENC.E TEC.DO MAT.G.DO SUL;15008;;;Serviço;Diária no país;23740606000169;DOMINI SERVICOS TECNICOS LTDA;001;1;72,00;72,00;0,00;0,00;370,40;26668,80;0,00;18/07/2025;21/07/2025;21/07/2026;Não;21/07/2025;21/07/2025
atas_itens_RT_2025_p1.json;2026-07-29 14:27:28;00058/2025;10673078000120-1-000034/2025-000001;10673078000120-1-000034/2025;15813205900872025;00019;90087;2025;05;Pregão;158132;INST.FED.DE EDUC.,CIENC.E TEC.DO MAT.G.DO SUL;15008;;;Serviço;Motorista categoria D;23740606000169;DOMINI SERVICOS TECNICOS LTDA;001;1;1,00;1,00;0,00;0,00;61672,44;61672,44;0,00;18/07/2025;21/07/2025;21/07/2026;Não;21/07/2025;21/07/2025
atas_itens_RT_2025_p1.json;2026-07-29 14:27:28;00058/2025;10673078000120-1-000034/2025-000001;10673078000120-1-000034/2025;15813205900872025;00020;90087;2025;05;Pregão;158132;INST.FED.DE EDUC.,CIENC.E TEC.DO MAT.G.DO SUL;15008;;;Serviço;Hora extra Diurna -50%;23740606000169;DOMINI SERVICOS TECNICOS LTDA;001;1;156,00;156,00;0,00;0,00;30,45;4750,20;0,00;18/07/2025;21/07/2025;21/07/2026;Não;21/07/2025;21/07/2025
atas_itens_RT_2025_p1.json;2026-07-29 14:27:28;00058/2025;10673078000120-1-000034/2025-000001;10673078000120-1-000034/2025;15813205900872025;00021;90087;2025;05;Pregão;158132;INST.FED.DE EDUC.,CIENC.E TEC.DO MAT.G.DO SUL;15008;;;Serviço;Hora extra Noturna (22h a 5h) - 50%+20%;23740606000169;DOMINI SERVICOS TECNICOS LTDA;001;1;60,00;60,00;0,00;0,00;36,54;2192,40;0,00;18/07/2025;21/07/2025;21/07/2026;Não;21/07/2025;21/07/2025
atas_itens_RT_2025_p1.json;2026-07-29 14:27:28;00058/2025;10673078000120-1-000034/2025-000001;10673078000120-1-000034/2025;15813205900872025;00022;90087;2025;05;Pregão;158132;INST.FED.DE EDUC.,CIENC.E TEC.DO MAT.G.DO SUL;15008;;;Serviço;Hora extra domingos e feriados - 100%;23740606000169;DOMINI SERVICOS TECNICOS LTDA;001;1;48,00;48,00;0,00;0,00;40,37;1937,76;0,00;18/07/2025;21/07/2025;21/07/2026;Não;21/07/2025;21/07/2025
atas_itens_RT_2025_p1.json;2026-07-29 14:27:28;00058/2025;10673078000120-1-000034/2025-000001;10673078000120-1-000034/2025;15813205900872025;00023;90087;2025;05;Pregão;158132;INST.FED.DE EDUC.,CIENC.E TEC.DO MAT.G.DO SUL;15008;;;Serviço;Hora extra domingos e feriados Not - 100%+20%;23740606000169;DOMINI SERVICOS TECNICOS LTDA;001;1;72,00;72,00;0,00;0,00;48,64;3502,08;0,00;18/07/2025;21/07/2025;21/07/2026;Não;21/07/2025;21/07/2025
atas_itens_RT_2025_p1.json;2026-07-29 14:27:28;00058/2025;10673078000120-1-000034/2025-000001;10673078000120-1-000034/2025;15813205900872025;00024;90087;2025;05;Pregão;158132;INST.FED.DE EDUC.,CIENC.E TEC.DO MAT.G.DO SUL;15008;;;Serviço;Diária no país;23740606000169;DOMINI SERVICOS TECNICOS LTDA;001;1;120,00;120,00;0,00;0,00;368,93;44271,60;0,00;18/07/2025;21/07/2025;21/07/2026;Não;21/07/2025;21/07/2025
atas_itens_RT_2025_p1.json;2026-07-29 14:27:28;00057/2025;10673078000120-1-000034/2025-000002;10673078000120-1-000034/2025;15813205900872025;00025;90087;2025;05;Pregão;158132;INST.FED.DE EDUC.,CIENC.E TEC.DO MAT.G.DO SUL;15008;;;Serviço;Motorista categoria D;08720790000191;POLO ADMINISTRACAO LTDA;001;1;1,00;1,00;0,00;0,00;61350,00;61350,00;0,00;18/07/2025;29/07/2025;29/07/2026;Não;28/07/2025;28/07/2025
atas_itens_RT_2025_p1.json;2026-07-29 14:27:28;00057/2025;10673078000120-1-000034/2025-000002;10673078000120-1-000034/2025;15813205900872025;00026;90087;2025;05;Pregão;158132;INST.FED.DE EDUC.,CIENC.E TEC.DO MAT.G.DO SUL;15008;;;Serviço;Hora extra Diurna -50%;08720790000191;POLO ADMINISTRACAO LTDA;001;1;144,00;144,00;0,00;0,00;31,16;4487,04;0,00;18/07/2025;29/07/2025;29/07/2026;Não;28/07/2025;28/07/2025
atas_itens_RT_2025_p1.json;2026-07-29 14:27:28;00057/2025;10673078000120-1-000034/2025-000002;10673078000120-1-000034/2025;15813205900872025;00027;90087;2025;05;Pregão;158132;INST.FED.DE EDUC.,CIENC.E TEC.DO MAT.G.DO SUL;15008;;;Serviço;Hora extra Noturna (22h a 5h) - 50%+20%;08720790000191;POLO ADMINISTRACAO LTDA;001;1;144,00;144,00;0,00;0,00;37,39;5384,16;0,00;18/07/2025;29/07/2025;29/07/2026;Não;28/07/2025;28/07/2025
atas_itens_RT_2025_p1.json;2026-07-29 14:27:28;00057/2025;10673078000120-1-000034/2025-000002;10673078000120-1-000034/2025;15813205900872025;00028;90087;2025;05;Pregão;158132;INST.FED.DE EDUC.,CIENC.E TEC.DO MAT.G.DO SUL;15008;;;Serviço;Hora extra domingos e feriados - 100%;08720790000191;POLO ADMINISTRACAO LTDA;001;1;72,00;72,00;0,00;0,00;41,31;2974,32;0,00;18/07/2025;29/07/2025;29/07/2026;Não;28/07/2025;28/07/2025
atas_itens_RT_2025_p1.json;2026-07-29 14:27:28;00057/2025;10673078000120-1-000034/2025-000002;10673078000120-1-000034/2025;15813205900872025;00029;90087;2025;05;Pregão;158132;INST.FED.DE EDUC.,CIENC.E TEC.DO MAT.G.DO SUL;15008;;;Serviço;Hora extra domingos e feriados Not - 100%+20%;08720790000191;POLO ADMINISTRACAO LTDA;001;1;72,00;72,00;0,00;0,00;49,57;3569,04;0,00;18/07/2025;29/07/2025;29/07/2026;Não;28/07/2025;28/07/2025
atas_itens_RT_2025_p1.json;2026-07-29 14:27:28;00057/2025;10673078000120-1-000034/2025-000002;10673078000120-1-000034/2025;15813205900872025;00030;90087;2025;05;Pregão;158132;INST.FED.DE EDUC.,CIENC.E TEC.DO MAT.G.DO SUL;15008;;;Serviço;Diária no país;08720790000191;POLO ADMINISTRACAO LTDA;001;1;72,00;72,00;0,00;0,00;370,00;26640,00;0,00;18/07/2025;29/07/2025;29/07/2026;Não;28/07/2025;28/07/2025
atas_itens_RT_2025_p1.json;2026-07-29 14:27:28;00057/2025;10673078000120-1-000034/2025-000002;10673078000120-1-000034/2025;15813205900872025;00031;90087;2025;05;Pregão;158132;INST.FED.DE EDUC.,CIENC.E TEC.DO MAT.G.DO SUL;15008;;;Serviço;Motorista categoria D;08720790000191;POLO ADMINISTRACAO LTDA;001;1;1,00;1,00;0,00;0,00;61547,76;61547,76;0,00;18/07/2025;29/07/2025;29/07/2026;Não;28/07/2025;28/07/2025
atas_itens_RT_2025_p1.json;2026-07-29 14:27:28;00057/2025;10673078000120-1-000034/2025-000002;10673078000120-1-000034/2025;15813205900872025;00032;90087;2025;05;Pregão;158132;INST.FED.DE EDUC.,CIENC.E TEC.DO MAT.G.DO SUL;15008;;;Serviço;Hora extra Diurna -50%;08720790000191;POLO ADMINISTRACAO LTDA;001;1;120,00;120,00;0,00;0,00;30,85;3702,00;0,00;18/07/2025;29/07/2025;29/07/2026;Não;28/07/2025;28/07/2025
atas_itens_RT_2025_p1.json;2026-07-29 14:27:28;00057/2025;10673078000120-1-000034/2025-000002;10673078000120-1-000034/2025;15813205900872025;00033;90087;2025;05;Pregão;158132;INST.FED.DE EDUC.,CIENC.E TEC.DO MAT.G.DO SUL;15008;;;Serviço;Hora extra Noturna (22h a 5h) - 50%+20%;08720790000191;POLO ADMINISTRACAO LTDA;001;1;12,00;12,00;0,00;0,00;37,02;444,24;0,00;18/07/2025;29/07/2025;29/07/2026;Não;28/07/2025;28/07/2025
atas_itens_RT_2025_p1.json;2026-07-29 14:27:28;00057/2025;10673078000120-1-000034/2025-000002;10673078000120-1-000034/2025;15813205900872025;00034;90087;2025;05;Pregão;158132;INST.FED.DE EDUC.,CIENC.E TEC.DO MAT.G.DO SUL;15008;;;Serviço;Hora extra domingos e feriados - 100%;08720790000191;POLO ADMINISTRACAO LTDA;001;1;48,00;48,00;0,00;0,00;40,90;1963,20;0,00;18/07/2025;29/07/2025;29/07/2026;Não;28/07/2025;28/07/2025
atas_itens_RT_2025_p1.json;2026-07-29 14:27:28;00057/2025;10673078000120-1-000034/2025-000002;10673078000120-1-000034/2025;15813205900872025;00035;90087;2025;05;Pregão;158132;INST.FED.DE EDUC.,CIENC.E TEC.DO MAT.G.DO SUL;15008;;;Serviço;Hora extra domingos e feriados Not - 100%+20%;08720790000191;POLO ADMINISTRACAO LTDA;001;1;48,00;48,00;0,00;0,00;49,08;2355,84;0,00;18/07/2025;29/07/2025;29/07/2026;Não;28/07/2025;28/07/2025
atas_itens_RT_2025_p1.json;2026-07-29 14:27:28;00057/2025;10673078000120-1-000034/2025-000002;10673078000120-1-000034/2025;15813205900872025;00036;90087;2025;05;Pregão;158132;INST.FED.DE EDUC.,CIENC.E TEC.DO MAT.G.DO SUL;15008;;;Serviço;Diária no país;08720790000191;POLO ADMINISTRACAO LTDA;001;1;96,00;96,00;0,00;0,00;368,00;35328,00;0,00;18/07/2025;29/07/2025;29/07/2026;Não;28/07/2025;28/07/2025
atas_itens_RT_2025_p1.json;2026-07-29 14:27:28;00057/2025;10673078000120-1-000034/2025-000002;10673078000120-1-000034/2025;15813205900872025;00037;90087;2025;05;Pregão;158132;INST.FED.DE EDUC.,CIENC.E TEC.DO MAT.G.DO SUL;15008;;;Serviço;Motorista categoria D;08720790000191;POLO ADMINISTRACAO LTDA;001;1;1,00;1,00;0,00;0,00;61400,00;61400,00;0,00;18/07/2025;29/07/2025;29/07/2026;Não;28/07/2025;28/07/2025
atas_itens_RT_2025_p1.json;2026-07-29 14:27:28;00057/2025;10673078000120-1-000034/2025-000002;10673078000120-1-000034/2025;15813205900872025;00038;90087;2025;05;Pregão;158132;INST.FED.DE EDUC.,CIENC.E TEC.DO MAT.G.DO SUL;15008;;;Serviço;Hora extra Diurna -50%;08720790000191;POLO ADMINISTRACAO LTDA;001;1;144,00;144,00;0,00;0,00;30,85;4442,40;0,00;18/07/2025;29/07/2025;29/07/2026;Não;28/07/2025;28/07/2025
atas_itens_RT_2025_p1.json;2026-07-29 14:27:28;00057/2025;10673078000120-1-000034/2025-000002;10673078000120-1-000034/2025;15813205900872025;00039;90087;2025;05;Pregão;158132;INST.FED.DE EDUC.,CIENC.E TEC.DO MAT.G.DO SUL;15008;;;Serviço;Hora extra Noturna (22h a 5h) - 50%+20%;08720790000191;POLO ADMINISTRACAO LTDA;001;1;144,00;144,00;0,00;0,00;37,02;5330,88;0,00;18/07/2025;29/07/2025;29/07/2026;Não;28/07/2025;28/07/2025
atas_itens_RT_2025_p1.json;2026-07-29 14:27:28;00057/2025;10673078000120-1-000034/2025-000002;10673078000120-1-000034/2025;15813205900872025;00040;90087;2025;05;Pregão;158132;INST.FED.DE EDUC.,CIENC.E TEC.DO MAT.G.DO SUL;15008;;;Serviço;Hora extra domingos e feriados - 100%;08720790000191;POLO ADMINISTRACAO LTDA;001;1;72,00;72,00;0,00;0,00;40,90;2944,80;0,00;18/07/2025;29/07/2025;29/07/2026;Não;28/07/2025;28/07/2025
atas_itens_RT_2025_p1.json;2026-07-29 14:27:28;00057/2025;10673078000120-1-000034/2025-000002;10673078000120-1-000034/2025;15813205900872025;00041;90087;2025;05;Pregão;158132;INST.FED.DE EDUC.,CIENC.E TEC.DO MAT.G.DO SUL;15008;;;Serviço;Hora extra domingos e feriados Not - 100%+20%;08720790000191;POLO ADMINISTRACAO LTDA;001;1;72,00;72,00;0,00;0,00;49,08;3533,76;0,00;18/07/2025;29/07/2025;29/07/2026;Não;28/07/2025;28/07/2025
atas_itens_RT_2025_p1.json;2026-07-29 14:27:28;00057/2025;10673078000120-1-000034/2025-000002;10673078000120-1-000034/2025;15813205900872025;00042;90087;2025;05;Pregão;158132;INST.FED.DE EDUC.,CIENC.E TEC.DO MAT.G.DO SUL;15008;;;Serviço;Diária no país;08720790000191;POLO ADMINISTRACAO LTDA;001;1;72,00;72,00;0,00;0,00;370,00;26640,00;0,00;18/07/2025;29/07/2025;29/07/2026;Não;28/07/2025;28/07/2025
atas_itens_RT_2025_p1.json;2026-07-29 14:27:28;00057/2025;10673078000120-1-000034/2025-000002;10673078000120-1-000034/2025;15813205900872025;00043;90087;2025;05;Pregão;158132;INST.FED.DE EDUC.,CIENC.E TEC.DO MAT.G.DO SUL;15008;;;Serviço;Motorista categoria D;08720790000191;POLO ADMINISTRACAO LTDA;001;1;1,00;1,00;0,00;0,00;61450,00;61450,00;0,00;18/07/2025;29/07/2025;29/07/2026;Não;28/07/2025;28/07/2025
atas_itens_RT_2025_p1.json;2026-07-29 14:27:28;00057/2025;10673078000120-1-000034/2025-000002;10673078000120-1-000034/2025;15813205900872025;00044;90087;2025;05;Pregão;158132;INST.FED.DE EDUC.,CIENC.E TEC.DO MAT.G.DO SUL;15008;;;Serviço;Hora extra Diurna -50%;08720790000191;POLO ADMINISTRACAO LTDA;001;1;480,00;480,00;0,00;0,00;30,85;14808,00;0,00;18/07/2025;29/07/2025;29/07/2026;Não;28/07/2025;28/07/2025
atas_itens_RT_2025_p1.json;2026-07-29 14:27:28;00057/2025;10673078000120-1-000034/2025-000002;10673078000120-1-000034/2025;15813205900872025;00045;90087;2025;05;Pregão;158132;INST.FED.DE EDUC.,CIENC.E TEC.DO MAT.G.DO SUL;15008;;;Serviço;Hora extra Noturna (22h a 5h) - 50%+20%;08720790000191;POLO ADMINISTRACAO LTDA;001;1;216,00;216,00;0,00;0,00;37,02;7996,32;0,00;18/07/2025;29/07/2025;29/07/2026;Não;28/07/2025;28/07/2025
atas_itens_RT_2025_p1.json;2026-07-29 14:27:28;00057/2025;10673078000120-1-000034/2025-000002;10673078000120-1-000034/2025;15813205900872025;00046;90087;2025;05;Pregão;158132;INST.FED.DE EDUC.,CIENC.E TEC.DO MAT.G.DO SUL;15008;;;Serviço;Hora extra domingos e feriados - 100%;08720790000191;POLO ADMINISTRACAO LTDA;001;1;96,00;96,00;0,00;0,00;40,90;3926,40;0,00;18/07/2025;29/07/2025;29/07/2026;Não;28/07/2025;28/07/2025
atas_itens_RT_2025_p1.json;2026-07-29 14:27:28;00057/2025;10673078000120-1-000034/2025-000002;10673078000120-1-000034/2025;15813205900872025;00047;90087;2025;05;Pregão;158132;INST.FED.DE EDUC.,CIENC.E TEC.DO MAT.G.DO SUL;15008;;;Serviço;Hora extra domingos e feriados Not - 100%+20%;08720790000191;POLO ADMINISTRACAO LTDA;001;1;96,00;96,00;0,00;0,00;49,08;4711,68;0,00;18/07/2025;29/07/2025;29/07/2026;Não;28/07/2025;28/07/2025
atas_itens_RT_2025_p1.json;2026-07-29 14:27:28;00057/2025;10673078000120-1-000034/2025-000002;10673078000120-1-000034/2025;15813205900872025;00048;90087;2025;05;Pregão;158132;INST.FED.DE EDUC.,CIENC.E TEC.DO MAT.G.DO SUL;15008;;;Serviço;Diária no país;08720790000191;POLO ADMINISTRACAO LTDA;001;1;120,00;120,00;0,00;0,00;378,00;45360,00;0,00;18/07/2025;29/07/2025;29/07/2026;Não;28/07/2025;28/07/2025
atas_itens_RT_2025_p1.json;2026-07-29 14:27:28;00057/2025;10673078000120-1-000034/2025-000002;10673078000120-1-000034/2025;15813205900872025;00049;90087;2025;05;Pregão;158132;INST.FED.DE EDUC.,CIENC.E TEC.DO MAT.G.DO SUL;15008;;;Serviço;Motorista categoria D;08720790000191;POLO ADMINISTRACAO LTDA;001;1;1,00;1,00;0,00;0,00;61250,00;61250,00;0,00;18/07/2025;29/07/2025;29/07/2026;Não;28/07/2025;28/07/2025
atas_itens_RT_2025_p1.json;2026-07-29 14:27:28;00057/2025;10673078000120-1-000034/2025-000002;10673078000120-1-000034/2025;15813205900872025;00050;90087;2025;05;Pregão;158132;INST.FED.DE EDUC.,CIENC.E TEC.DO MAT.G.DO SUL;15008;;;Serviço;Hora extra Diurna -50%;08720790000191;POLO ADMINISTRACAO LTDA;001;1;528,00;528,00;0,00;0,00;30,84;16283,52;0,00;18/07/2025;29/07/2025;29/07/2026;Não;28/07/2025;28/07/2025
atas_itens_RT_2025_p1.json;2026-07-29 14:27:28;00057/2025;10673078000120-1-000034/2025-000002;10673078000120-1-000034/2025;15813205900872025;00051;90087;2025;05;Pregão;158132;INST.FED.DE EDUC.,CIENC.E TEC.DO MAT.G.DO SUL;15008;;;Serviço;Hora extra Noturna (22h a 5h) - 50%+20%;08720790000191;POLO ADMINISTRACAO LTDA;001;1;264,00;264,00;0,00;0,00;37,01;9770,64;0,00;18/07/2025;29/07/2025;29/07/2026;Não;28/07/2025;28/07/2025
atas_itens_RT_2025_p1.json;2026-07-29 14:27:28;00057/2025;10673078000120-1-000034/2025-000002;10673078000120-1-000034/2025;15813205900872025;00052;90087;2025;05;Pregão;158132;INST.FED.DE EDUC.,CIENC.E TEC.DO MAT.G.DO SUL;15008;;;Serviço;Hora extra domingos e feriados - 100%;08720790000191;POLO ADMINISTRACAO LTDA;001;1;288,00;288,00;0,00;0,00;40,88;11773,44;0,00;18/07/2025;29/07/2025;29/07/2026;Não;28/07/2025;28/07/2025
atas_itens_RT_2025_p1.json;2026-07-29 14:27:28;00057/2025;10673078000120-1-000034/2025-000002;10673078000120-1-000034/2025;15813205900872025;00053;90087;2025;05;Pregão;158132;INST.FED.DE EDUC.,CIENC.E TEC.DO MAT.G.DO SUL;15008;;;Serviço;Hora extra domingos e feriados Not - 100%+20%;08720790000191;POLO ADMINISTRACAO LTDA;001;1;144,00;144,00;0,00;0,00;49,06;7064,64;0,00;18/07/2025;29/07/2025;29/07/2026;Não;28/07/2025;28/07/2025
atas_itens_RT_2025_p1.json;2026-07-29 14:27:28;00057/2025;10673078000120-1-000034/2025-000002;10673078000120-1-000034/2025;15813205900872025;00054;90087;2025;05;Pregão;158132;INST.FED.DE EDUC.,CIENC.E TEC.DO MAT.G.DO SUL;15008;;;Serviço;Diária no país;08720790000191;POLO ADMINISTRACAO LTDA;001;1;180,00;180,00;0,00;0,00;369,00;66420,00;0,00;18/07/2025;29/07/2025;29/07/2026;Não;28/07/2025;28/07/2025
atas_itens_RT_2025_p1.json;2026-07-29 14:27:28;00057/2025;10673078000120-1-000034/2025-000002;10673078000120-1-000034/2025;15813205900872025;00055;90087;2025;05;Pregão;158132;INST.FED.DE EDUC.,CIENC.E TEC.DO MAT.G.DO SUL;15008;;;Serviço;Motorista categoria D;08720790000191;POLO ADMINISTRACAO LTDA;001;1;1,00;1,00;0,00;0,00;61848,36;61848,36;0,00;18/07/2025;29/07/2025;29/07/2026;Não;28/07/2025;28/07/2025
atas_itens_RT_2025_p1.json;2026-07-29 14:27:28;00057/2025;10673078000120-1-000034/2025-000002;10673078000120-1-000034/2025;15813205900872025;00056;90087;2025;05;Pregão;158132;INST.FED.DE EDUC.,CIENC.E TEC.DO MAT.G.DO SUL;15008;;;Serviço;Hora extra Diurna -50%;08720790000191;POLO ADMINISTRACAO LTDA;001;1;240,00;240,00;0,00;0,00;31,16;7478,40;0,00;18/07/2025;29/07/2025;29/07/2026;Não;28/07/2025;28/07/2025
atas_itens_RT_2025_p1.json;2026-07-29 14:27:28;00057/2025;10673078000120-1-000034/2025-000002;10673078000120-1-000034/2025;15813205900872025;00057;90087;2025;05;Pregão;158132;INST.FED.DE EDUC.,CIENC.E TEC.DO MAT.G.DO SUL;15008;;;Serviço;Hora extra Noturna (22h a 5h) - 50%+20%;08720790000191;POLO ADMINISTRACAO LTDA;001;1;144,00;144,00;0,00;0,00;37,39;5384,16;0,00;18/07/2025;29/07/2025;29/07/2026;Não;28/07/2025;28/07/2025
atas_itens_RT_2025_p1.json;2026-07-29 14:27:28;00057/2025;10673078000120-1-000034/2025-000002;10673078000120-1-000034/2025;15813205900872025;00058;90087;2025;05;Pregão;158132;INST.FED.DE EDUC.,CIENC.E TEC.DO MAT.G.DO SUL;15008;;;Serviço;Hora extra domingos e feriados - 100%;08720790000191;POLO ADMINISTRACAO LTDA;001;1;144,00;144,00;0,00;0,00;41,31;5948,64;0,00;18/07/2025;29/07/2025;29/07/2026;Não;28/07/2025;28/07/2025
atas_itens_RT_2025_p1.json;2026-07-29 14:27:28;00057/2025;10673078000120-1-000034/2025-000002;10673078000120-1-000034/2025;15813205900872025;00059;90087;2025;05;Pregão;158132;INST.FED.DE EDUC.,CIENC.E TEC.DO MAT.G.DO SUL;15008;;;Serviço;Hora extra domingos e feriados Not - 100%+20%;08720790000191;POLO ADMINISTRACAO LTDA;001;1;72,00;72,00;0,00;0,00;49,57;3569,04;0,00;18/07/2025;29/07/2025;29/07/2026;Não;28/07/2025;28/07/2025
atas_itens_RT_2025_p1.json;2026-07-29 14:27:28;00057/2025;10673078000120-1-000034/2025-000002;10673078000120-1-000034/2025;15813205900872025;00060;90087;2025;05;Pregão;158132;INST.FED.DE EDUC.,CIENC.E TEC.DO MAT.G.DO SUL;15008;;;Serviço;Diária no país;08720790000191;POLO ADMINISTRACAO LTDA;001;1;180,00;180,00;0,00;0,00;370,00;66600,00;0,00;18/07/2025;29/07/2025;29/07/2026;Não;28/07/2025;28/07/2025
atas_itens_RT_2025_p1.json;2026-07-29 14:27:28;00057/2025;10673078000120-1-000034/2025-000002;10673078000120-1-000034/2025;15813205900872025;00061;90087;2025;05;Pregão;158132;INST.FED.DE EDUC.,CIENC.E TEC.DO MAT.G.DO SUL;15008;;;Serviço;Motorista categoria D;08720790000191;POLO ADMINISTRACAO LTDA;001;1;1,00;1,00;0,00;0,00;62650,00;62650,00;0,00;18/07/2025;29/07/2025;29/07/2026;Não;28/07/2025;28/07/2025
atas_itens_RT_2025_p1.json;2026-07-29 14:27:28;00057/2025;10673078000120-1-000034/2025-000002;10673078000120-1-000034/2025;15813205900872025;00062;90087;2025;05;Pregão;158132;INST.FED.DE EDUC.,CIENC.E TEC.DO MAT.G.DO SUL;15008;;;Serviço;Hora extra Diurna -50%;08720790000191;POLO ADMINISTRACAO LTDA;001;1;300,00;300,00;0,00;0,00;31,16;9348,00;0,00;18/07/2025;29/07/2025;29/07/2026;Não;28/07/2025;28/07/2025
atas_itens_RT_2025_p1.json;2026-07-29 14:27:28;00057/2025;10673078000120-1-000034/2025-000002;10673078000120-1-000034/2025;15813205900872025;00063;90087;2025;05;Pregão;158132;INST.FED.DE EDUC.,CIENC.E TEC.DO MAT.G.DO SUL;15008;;;Serviço;Hora extra Noturna (22h a 5h) - 50%+20%;08720790000191;POLO ADMINISTRACAO LTDA;001;1;240,00;240,00;0,00;0,00;35,25;8460,00;0,00;18/07/2025;29/07/2025;29/07/2026;Não;28/07/2025;28/07/2025
atas_itens_RT_2025_p1.json;2026-07-29 14:27:28;00057/2025;10673078000120-1-000034/2025-000002;10673078000120-1-000034/2025;15813205900872025;00064;90087;2025;05;Pregão;158132;INST.FED.DE EDUC.,CIENC.E TEC.DO MAT.G.DO SUL;15008;;;Serviço;Hora extra domingos e feriados - 100%;08720790000191;POLO ADMINISTRACAO LTDA;001;1;48,00;48,00;0,00;0,00;40,35;1936,80;0,00;18/07/2025;29/07/2025;29/07/2026;Não;28/07/2025;28/07/2025
atas_itens_RT_2025_p1.json;2026-07-29 14:27:28;00057/2025;10673078000120-1-000034/2025-000002;10673078000120-1-000034/2025;15813205900872025;00065;90087;2025;05;Pregão;158132;INST.FED.DE EDUC.,CIENC.E TEC.DO MAT.G.DO SUL;15008;;;Serviço;Hora extra domingos e feriados Not - 100%+20%;08720790000191;POLO ADMINISTRACAO LTDA;001;1;72,00;72,00;0,00;0,00;47,59;3426,48;0,00;18/07/2025;29/07/2025;29/07/2026;Não;28/07/2025;28/07/2025
atas_itens_RT_2025_p1.json;2026-07-29 14:27:28;00057/2025;10673078000120-1-000034/2025-000002;10673078000120-1-000034/2025;15813205900872025;00066;90087;2025;05;Pregão;158132;INST.FED.DE EDUC.,CIENC.E TEC.DO MAT.G.DO SUL;15008;;;Serviço;Diária no país;08720790000191;POLO ADMINISTRACAO LTDA;001;1;84,00;84,00;0,00;0,00;368,00;30912,00;0,00;18/07/2025;29/07/2025;29/07/2026;Não;28/07/2025;28/07/2025
atas_itens_RT_2026_p1.json;2026-07-29 14:27:29;00065/2026;10673078000120-1-000037/2026-000001;10673078000120-1-000037/2026;15813205900632026;00045;90063;2026;05;Pregão;158132;INST.FED.DE EDUC.,CIENC.E TEC.DO MAT.G.DO SUL;15130;;;Serviço;Poda, Corte, Arrancamento de Árvores - Áreas Pública / Particular;50347656000153;HG COMERCIO E SERVICOS LTDA;001;1;100,00;100,00;0,00;0,00;410,00;41000,00;0,00;14/07/2026;15/07/2026;15/07/2027;Não;15/07/2026;15/07/2026
atas_itens_RT_2026_p1.json;2026-07-29 14:27:29;00065/2026;10673078000120-1-000037/2026-000001;10673078000120-1-000037/2026;15813205900632026;00046;90063;2026;05;Pregão;158132;INST.FED.DE EDUC.,CIENC.E TEC.DO MAT.G.DO SUL;15130;;;Serviço;Poda, Corte, Arrancamento de Árvores - Áreas Pública / Particular;50347656000153;HG COMERCIO E SERVICOS LTDA;001;1;100,00;100,00;0,00;0,00;410,00;41000,00;0,00;14/07/2026;15/07/2026;15/07/2027;Não;15/07/2026;15/07/2026
atas_itens_RT_2026_p1.json;2026-07-29 14:27:29;00065/2026;10673078000120-1-000037/2026-000001;10673078000120-1-000037/2026;15813205900632026;00047;90063;2026;05;Pregão;158132;INST.FED.DE EDUC.,CIENC.E TEC.DO MAT.G.DO SUL;15130;;;Serviço;Poda, Corte, Arrancamento de Árvores - Áreas Pública / Particular;50347656000153;HG COMERCIO E SERVICOS LTDA;001;1;30,00;30,00;0,00;0,00;290,00;8700,00;0,00;14/07/2026;15/07/2026;15/07/2027;Não;15/07/2026;15/07/2026
atas_itens_RT_2026_p1.json;2026-07-29 14:27:29;00065/2026;10673078000120-1-000037/2026-000001;10673078000120-1-000037/2026;15813205900632026;00048;90063;2026;05;Pregão;158132;INST.FED.DE EDUC.,CIENC.E TEC.DO MAT.G.DO SUL;15130;;;Serviço;Poda, Corte, Arrancamento de Árvores - Áreas Pública / Particular;50347656000153;HG COMERCIO E SERVICOS LTDA;001;1;40,00;40,00;0,00;0,00;420,00;16800,00;0,00;14/07/2026;15/07/2026;15/07/2027;Não;15/07/2026;15/07/2026
atas_itens_RT_2026_p1.json;2026-07-29 14:27:29;00065/2026;10673078000120-1-000037/2026-000001;10673078000120-1-000037/2026;15813205900632026;00049;90063;2026;05;Pregão;158132;INST.FED.DE EDUC.,CIENC.E TEC.DO MAT.G.DO SUL;218026;1011;GRAMA;Material;GRAMA, ASPECTO FÍSICO FOLHA ESTREITA, COR VERDE-ESMERALDA, TIPO ESMERALDA, APLICAÇÃO JARDIM RESIDENCIAL/PÚBLICO, CARACTERÍSTICAS ADICIONAIS RESISTÊNCIA PISOTEIO;50347656000153;HG COMERCIO E SERVICOS LTDA;001;1;2000,00;2000,00;0,00;0,00;15,00;30000,00;0,00;14/07/2026;15/07/2026;15/07/2027;Não;15/07/2026;15/07/2026
atas_itens_RT_2026_p1.json;2026-07-29 14:27:29;00063/2026;10673078000120-1-000037/2026-000002;10673078000120-1-000037/2026;15813205900632026;00010;90063;2026;05;Pregão;158132;INST.FED.DE EDUC.,CIENC.E TEC.DO MAT.G.DO SUL;15130;;;Serviço;Poda, Corte, Arrancamento de Árvores - Áreas Pública / Particular;46593322000192;L. A.DE OLIVEIRA SERVICOS LIMITADA;001;1;60,00;60,00;0,00;0,00;85,81;5148,55;0,00;14/07/2026;15/07/2026;15/07/2027;Não;15/07/2026;15/07/2026
atas_itens_RT_2026_p1.json;2026-07-29 14:27:29;00063/2026;10673078000120-1-000037/2026-000002;10673078000120-1-000037/2026;15813205900632026;00011;90063;2026;05;Pregão;158132;INST.FED.DE EDUC.,CIENC.E TEC.DO MAT.G.DO SUL;15130;;;Serviço;Poda, Corte, Arrancamento de Árvores - Áreas Pública / Particular;46593322000192;L. A.DE OLIVEIRA SERVICOS LIMITADA;001;1;200,00;200,00;0,00;0,00;259,93;51985,00;0,00;14/07/2026;15/07/2026;15/07/2027;Não;15/07/2026;15/07/2026
atas_itens_RT_2026_p1.json;2026-07-29 14:27:29;00063/2026;10673078000120-1-000037/2026-000002;10673078000120-1-000037/2026;15813205900632026;00012;90063;2026;05;Pregão;158132;INST.FED.DE EDUC.,CIENC.E TEC.DO MAT.G.DO SUL;15130;;;Serviço;Poda, Corte, Arrancamento de Árvores - Áreas Pública / Particular;46593322000192;L. A.DE OLIVEIRA SERVICOS LIMITADA;001;1;50,00;50,00;0,00;0,00;267,38;13368,75;0,00;14/07/2026;15/07/2026;15/07/2027;Não;15/07/2026;15/07/2026
atas_itens_RT_2026_p1.json;2026-07-29 14:27:29;00063/2026;10673078000120-1-000037/2026-000002;10673078000120-1-000037/2026;15813205900632026;00013;90063;2026;05;Pregão;158132;INST.FED.DE EDUC.,CIENC.E TEC.DO MAT.G.DO SUL;15130;;;Serviço;Poda, Corte, Arrancamento de Árvores - Áreas Pública / Particular;46593322000192;L. A.DE OLIVEIRA SERVICOS LIMITADA;001;1;20,00;20,00;0,00;0,00;168,14;3362,80;0,00;14/07/2026;15/07/2026;15/07/2027;Não;15/07/2026;15/07/2026
atas_itens_RT_2026_p1.json;2026-07-29 14:27:29;00063/2026;10673078000120-1-000037/2026-000002;10673078000120-1-000037/2026;15813205900632026;00014;90063;2026;05;Pregão;158132;INST.FED.DE EDUC.,CIENC.E TEC.DO MAT.G.DO SUL;15130;;;Serviço;Poda, Corte, Arrancamento de Árvores - Áreas Pública / Particular;46593322000192;L. A.DE OLIVEIRA SERVICOS LIMITADA;001;1;20,00;20,00;0,00;0,00;279,17;5583,30;0,00;14/07/2026;15/07/2026;15/07/2027;Não;15/07/2026;15/07/2026
atas_itens_RT_2026_p1.json;2026-07-29 14:27:29;00063/2026;10673078000120-1-000037/2026-000002;10673078000120-1-000037/2026;15813205900632026;00015;90063;2026;05;Pregão;158132;INST.FED.DE EDUC.,CIENC.E TEC.DO MAT.G.DO SUL;15130;;;Serviço;Poda, Corte, Arrancamento de Árvores - Áreas Pública / Particular;46593322000192;L. A.DE OLIVEIRA SERVICOS LIMITADA;001;1;40,00;40,00;0,00;0,00;146,60;5864,00;0,00;14/07/2026;15/07/2026;15/07/2027;Não;15/07/2026;15/07/2026
atas_itens_RT_2026_p1.json;2026-07-29 14:27:29;00063/2026;10673078000120-1-000037/2026-000002;10673078000120-1-000037/2026;15813205900632026;00016;90063;2026;05;Pregão;158132;INST.FED.DE EDUC.,CIENC.E TEC.DO MAT.G.DO SUL;24325;;;Serviço;Prestação de Serviço de Jardinagem - Outros Serviços - OutraProdutividade;46593322000192;L. A.DE OLIVEIRA SERVICOS LIMITADA;001;1;48,00;48,00;0,00;0,00;295,24;14171,42;0,00;14/07/2026;15/07/2026;15/07/2027;Não;15/07/2026;15/07/2026
atas_itens_RT_2026_p1.json;2026-07-29 14:27:29;00063/2026;10673078000120-1-000037/2026-000002;10673078000120-1-000037/2026;15813205900632026;00017;90063;2026;05;Pregão;158132;INST.FED.DE EDUC.,CIENC.E TEC.DO MAT.G.DO SUL;218026;1011;GRAMA;Material;GRAMA, ASPECTO FÍSICO FOLHA ESTREITA, COR VERDE-ESMERALDA, TIPO ESMERALDA, APLICAÇÃO JARDIM RESIDENCIAL/PÚBLICO, CARACTERÍSTICAS ADICIONAIS RESISTÊNCIA PISOTEIO;46593322000192;L. A.DE OLIVEIRA SERVICOS LIMITADA;001;1;2000,00;2000,00;0,00;0,00;14,00;28000,00;0,00;14/07/2026;15/07/2026;15/07/2027;Não;15/07/2026;15/07/2026
atas_itens_RT_2026_p1.json;2026-07-29 14:27:29;00063/2026;10673078000120-1-000037/2026-000002;10673078000120-1-000037/2026;15813205900632026;00018;90063;2026;05;Pregão;158132;INST.FED.DE EDUC.,CIENC.E TEC.DO MAT.G.DO SUL;15130;;;Serviço;Poda, Corte, Arrancamento de Árvores - Áreas Pública / Particular;46593322000192;L. A.DE OLIVEIRA SERVICOS LIMITADA;001;1;20,00;20,00;0,00;0,00;85,78;1715,70;0,00;14/07/2026;15/07/2026;15/07/2027;Não;15/07/2026;15/07/2026
atas_itens_RT_2026_p1.json;2026-07-29 14:27:29;00063/2026;10673078000120-1-000037/2026-000002;10673078000120-1-000037/2026;15813205900632026;00019;90063;2026;05;Pregão;158132;INST.FED.DE EDUC.,CIENC.E TEC.DO MAT.G.DO SUL;15130;;;Serviço;Poda, Corte, Arrancamento de Árvores - Áreas Pública / Particular;46593322000192;L. A.DE OLIVEIRA SERVICOS LIMITADA;001;1;100,00;100,00;0,00;0,00;259,93;25992,50;0,00;14/07/2026;15/07/2026;15/07/2027;Não;15/07/2026;15/07/2026
atas_itens_RT_2026_p1.json;2026-07-29 14:27:29;00063/2026;10673078000120-1-000037/2026-000002;10673078000120-1-000037/2026;15813205900632026;00020;90063;2026;05;Pregão;158132;INST.FED.DE EDUC.,CIENC.E TEC.DO MAT.G.DO SUL;15130;;;Serviço;Poda, Corte, Arrancamento de Árvores - Áreas Pública / Particular;46593322000192;L. A.DE OLIVEIRA SERVICOS LIMITADA;001;1;60,00;60,00;0,00;0,00;267,74;16064,10;0,00;14/07/2026;15/07/2026;15/07/2027;Não;15/07/2026;15/07/2026
atas_itens_RT_2026_p1.json;2026-07-29 14:27:29;00063/2026;10673078000120-1-000037/2026-000002;10673078000120-1-000037/2026;15813205900632026;00021;90063;2026;05;Pregão;158132;INST.FED.DE EDUC.,CIENC.E TEC.DO MAT.G.DO SUL;15130;;;Serviço;Poda, Corte, Arrancamento de Árvores - Áreas Pública / Particular;46593322000192;L. A.DE OLIVEIRA SERVICOS LIMITADA;001;1;20,00;20,00;0,00;0,00;168,14;3362,80;0,00;14/07/2026;15/07/2026;15/07/2027;Não;15/07/2026;15/07/2026
atas_itens_RT_2026_p1.json;2026-07-29 14:27:29;00063/2026;10673078000120-1-000037/2026-000002;10673078000120-1-000037/2026;15813205900632026;00022;90063;2026;05;Pregão;158132;INST.FED.DE EDUC.,CIENC.E TEC.DO MAT.G.DO SUL;15130;;;Serviço;Poda, Corte, Arrancamento de Árvores - Áreas Pública / Particular;46593322000192;L. A.DE OLIVEIRA SERVICOS LIMITADA;001;1;20,00;20,00;0,00;0,00;279,17;5583,30;0,00;14/07/2026;15/07/2026;15/07/2027;Não;15/07/2026;15/07/2026
atas_itens_RT_2026_p1.json;2026-07-29 14:27:29;00063/2026;10673078000120-1-000037/2026-000002;10673078000120-1-000037/2026;15813205900632026;00023;90063;2026;05;Pregão;158132;INST.FED.DE EDUC.,CIENC.E TEC.DO MAT.G.DO SUL;15130;;;Serviço;Poda, Corte, Arrancamento de Árvores - Áreas Pública / Particular;46593322000192;L. A.DE OLIVEIRA SERVICOS LIMITADA;001;1;20,00;20,00;0,00;0,00;146,60;2932,00;0,00;14/07/2026;15/07/2026;15/07/2027;Não;15/07/2026;15/07/2026
atas_itens_RT_2026_p1.json;2026-07-29 14:27:29;00063/2026;10673078000120-1-000037/2026-000002;10673078000120-1-000037/2026;15813205900632026;00024;90063;2026;05;Pregão;158132;INST.FED.DE EDUC.,CIENC.E TEC.DO MAT.G.DO SUL;218026;1011;GRAMA;Material;GRAMA, ASPECTO FÍSICO FOLHA ESTREITA, COR VERDE-ESMERALDA, TIPO ESMERALDA, APLICAÇÃO JARDIM RESIDENCIAL/PÚBLICO, CARACTERÍSTICAS ADICIONAIS RESISTÊNCIA PISOTEIO;46593322000192;L. A.DE OLIVEIRA SERVICOS LIMITADA;001;1;2000,00;2000,00;0,00;0,00;8,00;16000,00;0,00;14/07/2026;15/07/2026;15/07/2027;Não;15/07/2026;15/07/2026
atas_itens_RT_2026_p1.json;2026-07-29 14:27:29;00063/2026;10673078000120-1-000037/2026-000002;10673078000120-1-000037/2026;15813205900632026;00025;90063;2026;05;Pregão;158132;INST.FED.DE EDUC.,CIENC.E TEC.DO MAT.G.DO SUL;15130;;;Serviço;Poda, Corte, Arrancamento de Árvores - Áreas Pública / Particular;46593322000192;L. A.DE OLIVEIRA SERVICOS LIMITADA;001;1;40,00;40,00;0,00;0,00;168,13;6725,40;0,00;14/07/2026;15/07/2026;15/07/2027;Não;15/07/2026;15/07/2026
atas_itens_RT_2026_p1.json;2026-07-29 14:27:29;00063/2026;10673078000120-1-000037/2026-000002;10673078000120-1-000037/2026;15813205900632026;00026;90063;2026;05;Pregão;158132;INST.FED.DE EDUC.,CIENC.E TEC.DO MAT.G.DO SUL;15130;;;Serviço;Poda, Corte, Arrancamento de Árvores - Áreas Pública / Particular;46593322000192;L. A.DE OLIVEIRA SERVICOS LIMITADA;001;1;40,00;40,00;0,00;0,00;279,17;11166,60;0,00;14/07/2026;15/07/2026;15/07/2027;Não;15/07/2026;15/07/2026
atas_itens_RT_2026_p1.json;2026-07-29 14:27:29;00063/2026;10673078000120-1-000037/2026-000002;10673078000120-1-000037/2026;15813205900632026;00027;90063;2026;05;Pregão;158132;INST.FED.DE EDUC.,CIENC.E TEC.DO MAT.G.DO SUL;15130;;;Serviço;Poda, Corte, Arrancamento de Árvores - Áreas Pública / Particular;46593322000192;L. A.DE OLIVEIRA SERVICOS LIMITADA;001;1;50,00;50,00;0,00;0,00;146,60;7330,00;0,00;14/07/2026;15/07/2026;15/07/2027;Não;15/07/2026;15/07/2026
atas_itens_RT_2026_p1.json;2026-07-29 14:27:29;00063/2026;10673078000120-1-000037/2026-000002;10673078000120-1-000037/2026;15813205900632026;00028;90063;2026;05;Pregão;158132;INST.FED.DE EDUC.,CIENC.E TEC.DO MAT.G.DO SUL;218026;1011;GRAMA;Material;GRAMA, ASPECTO FÍSICO FOLHA ESTREITA, COR VERDE-ESMERALDA, TIPO ESMERALDA, APLICAÇÃO JARDIM RESIDENCIAL/PÚBLICO, CARACTERÍSTICAS ADICIONAIS RESISTÊNCIA PISOTEIO;46593322000192;L. A.DE OLIVEIRA SERVICOS LIMITADA;001;1;3000,00;3000,00;0,00;0,00;8,01;24030,00;0,00;14/07/2026;15/07/2026;15/07/2027;Não;15/07/2026;15/07/2026
atas_itens_RT_2026_p1.json;2026-07-29 14:27:29;00063/2026;10673078000120-1-000037/2026-000002;10673078000120-1-000037/2026;15813205900632026;00029;90063;2026;05;Pregão;158132;INST.FED.DE EDUC.,CIENC.E TEC.DO MAT.G.DO SUL;15130;;;Serviço;Poda, Corte, Arrancamento de Árvores - Áreas Pública / Particular;46593322000192;L. A.DE OLIVEIRA SERVICOS LIMITADA;001;1;120,00;120,00;0,00;0,00;85,83;10300,20;0,00;14/07/2026;15/07/2026;15/07/2027;Não;15/07/2026;15/07/2026
atas_itens_RT_2026_p1.json;2026-07-29 14:27:29;00063/2026;10673078000120-1-000037/2026-000002;10673078000120-1-000037/2026;15813205900632026;00030;90063;2026;05;Pregão;158132;INST.FED.DE EDUC.,CIENC.E TEC.DO MAT.G.DO SUL;15130;;;Serviço;Poda, Corte, Arrancamento de Árvores - Áreas Pública / Particular;46593322000192;L. A.DE OLIVEIRA SERVICOS LIMITADA;001;1;120,00;120,00;0,00;0,00;259,93;31191,00;0,00;14/07/2026;15/07/2026;15/07/2027;Não;15/07/2026;15/07/2026
atas_itens_RT_2026_p1.json;2026-07-29 14:27:29;00063/2026;10673078000120-1-000037/2026-000002;10673078000120-1-000037/2026;15813205900632026;00031;90063;2026;05;Pregão;158132;INST.FED.DE EDUC.,CIENC.E TEC.DO MAT.G.DO SUL;15130;;;Serviço;Poda, Corte, Arrancamento de Árvores - Áreas Pública / Particular;46593322000192;L. A.DE OLIVEIRA SERVICOS LIMITADA;001;1;120,00;120,00;0,00;0,00;267,38;32085,00;0,00;14/07/2026;15/07/2026;15/07/2027;Não;15/07/2026;15/07/2026
atas_itens_RT_2026_p1.json;2026-07-29 14:27:29;00063/2026;10673078000120-1-000037/2026-000002;10673078000120-1-000037/2026;15813205900632026;00032;90063;2026;05;Pregão;158132;INST.FED.DE EDUC.,CIENC.E TEC.DO MAT.G.DO SUL;15130;;;Serviço;Poda, Corte, Arrancamento de Árvores - Áreas Pública / Particular;46593322000192;L. A.DE OLIVEIRA SERVICOS LIMITADA;001;1;10,00;10,00;0,00;0,00;168,14;1681,40;0,00;14/07/2026;15/07/2026;15/07/2027;Não;15/07/2026;15/07/2026
atas_itens_RT_2026_p1.json;2026-07-29 14:27:29;00063/2026;10673078000120-1-000037/2026-000002;10673078000120-1-000037/2026;15813205900632026;00033;90063;2026;05;Pregão;158132;INST.FED.DE EDUC.,CIENC.E TEC.DO MAT.G.DO SUL;15130;;;Serviço;Poda, Corte, Arrancamento de Árvores - Áreas Pública / Particular;46593322000192;L. A.DE OLIVEIRA SERVICOS LIMITADA;001;1;10,00;10,00;0,00;0,00;279,17;2791,65;0,00;14/07/2026;15/07/2026;15/07/2027;Não;15/07/2026;15/07/2026
atas_itens_RT_2026_p1.json;2026-07-29 14:27:29;00063/2026;10673078000120-1-000037/2026-000002;10673078000120-1-000037/2026;15813205900632026;00034;90063;2026;05;Pregão;158132;INST.FED.DE EDUC.,CIENC.E TEC.DO MAT.G.DO SUL;15130;;;Serviço;Poda, Corte, Arrancamento de Árvores - Áreas Pública / Particular;46593322000192;L. A.DE OLIVEIRA SERVICOS LIMITADA;001;1;10,00;10,00;0,00;0,00;146,59;1465,95;0,00;14/07/2026;15/07/2026;15/07/2027;Não;15/07/2026;15/07/2026
atas_itens_RT_2026_p1.json;2026-07-29 14:27:29;00063/2026;10673078000120-1-000037/2026-000002;10673078000120-1-000037/2026;15813205900632026;00035;90063;2026;05;Pregão;158132;INST.FED.DE EDUC.,CIENC.E TEC.DO MAT.G.DO SUL;24325;;;Serviço;Prestação de Serviço de Jardinagem - Outros Serviços - OutraProdutividade;46593322000192;L. A.DE OLIVEIRA SERVICOS LIMITADA;001;1;20,00;20,00;0,00;0,00;295,25;5904,90;0,00;14/07/2026;15/07/2026;15/07/2027;Não;15/07/2026;15/07/2026
atas_itens_RT_2026_p1.json;2026-07-29 14:27:29;00063/2026;10673078000120-1-000037/2026-000002;10673078000120-1-000037/2026;15813205900632026;00036;90063;2026;05;Pregão;158132;INST.FED.DE EDUC.,CIENC.E TEC.DO MAT.G.DO SUL;218026;1011;GRAMA;Material;GRAMA, ASPECTO FÍSICO FOLHA ESTREITA, COR VERDE-ESMERALDA, TIPO ESMERALDA, APLICAÇÃO JARDIM RESIDENCIAL/PÚBLICO, CARACTERÍSTICAS ADICIONAIS RESISTÊNCIA PISOTEIO;46593322000192;L. A.DE OLIVEIRA SERVICOS LIMITADA;001;1;1000,00;1000,00;0,00;0,00;8,00;7998,10;0,00;14/07/2026;15/07/2026;15/07/2027;Não;15/07/2026;15/07/2026
atas_itens_RT_2026_p1.json;2026-07-29 14:27:29;00063/2026;10673078000120-1-000037/2026-000002;10673078000120-1-000037/2026;15813205900632026;00037;90063;2026;05;Pregão;158132;INST.FED.DE EDUC.,CIENC.E TEC.DO MAT.G.DO SUL;15130;;;Serviço;Poda, Corte, Arrancamento de Árvores - Áreas Pública / Particular;46593322000192;L. A.DE OLIVEIRA SERVICOS LIMITADA;001;1;100,00;100,00;0,00;0,00;259,92;25991,58;0,00;14/07/2026;15/07/2026;15/07/2027;Não;15/07/2026;15/07/2026
atas_itens_RT_2026_p1.json;2026-07-29 14:27:29;00063/2026;10673078000120-1-000037/2026-000002;10673078000120-1-000037/2026;15813205900632026;00038;90063;2026;05;Pregão;158132;INST.FED.DE EDUC.,CIENC.E TEC.DO MAT.G.DO SUL;15130;;;Serviço;Poda, Corte, Arrancamento de Árvores - Áreas Pública / Particular;46593322000192;L. A.DE OLIVEIRA SERVICOS LIMITADA;001;1;50,00;50,00;0,00;0,00;267,57;13378,75;0,00;14/07/2026;15/07/2026;15/07/2027;Não;15/07/2026;15/07/2026
atas_itens_RT_2026_p1.json;2026-07-29 14:27:29;00063/2026;10673078000120-1-000037/2026-000002;10673078000120-1-000037/2026;15813205900632026;00039;90063;2026;05;Pregão;158132;INST.FED.DE EDUC.,CIENC.E TEC.DO MAT.G.DO SUL;15130;;;Serviço;Poda, Corte, Arrancamento de Árvores - Áreas Pública / Particular;46593322000192;L. A.DE OLIVEIRA SERVICOS LIMITADA;001;1;10,00;10,00;0,00;0,00;168,14;1681,40;0,00;14/07/2026;15/07/2026;15/07/2027;Não;15/07/2026;15/07/2026
atas_itens_RT_2026_p1.json;2026-07-29 14:27:29;00063/2026;10673078000120-1-000037/2026-000002;10673078000120-1-000037/2026;15813205900632026;00040;90063;2026;05;Pregão;158132;INST.FED.DE EDUC.,CIENC.E TEC.DO MAT.G.DO SUL;15130;;;Serviço;Poda, Corte, Arrancamento de Árvores - Áreas Pública / Particular;46593322000192;L. A.DE OLIVEIRA SERVICOS LIMITADA;001;1;10,00;10,00;0,00;0,00;279,17;2791,65;0,00;14/07/2026;15/07/2026;15/07/2027;Não;15/07/2026;15/07/2026
atas_itens_RT_2026_p1.json;2026-07-29 14:27:29;00063/2026;10673078000120-1-000037/2026-000002;10673078000120-1-000037/2026;15813205900632026;00041;90063;2026;05;Pregão;158132;INST.FED.DE EDUC.,CIENC.E TEC.DO MAT.G.DO SUL;15130;;;Serviço;Poda, Corte, Arrancamento de Árvores - Áreas Pública / Particular;46593322000192;L. A.DE OLIVEIRA SERVICOS LIMITADA;001;1;10,00;10,00;0,00;0,00;146,60;1466,00;0,00;14/07/2026;15/07/2026;15/07/2027;Não;15/07/2026;15/07/2026
atas_itens_RT_2026_p1.json;2026-07-29 14:27:29;00063/2026;10673078000120-1-000037/2026-000002;10673078000120-1-000037/2026;15813205900632026;00042;90063;2026;05;Pregão;158132;INST.FED.DE EDUC.,CIENC.E TEC.DO MAT.G.DO SUL;24325;;;Serviço;Prestação de Serviço de Jardinagem - Outros Serviços - OutraProdutividade;46593322000192;L. A.DE OLIVEIRA SERVICOS LIMITADA;001;1;24,00;24,00;0,00;0,00;295,25;7085,88;0,00;14/07/2026;15/07/2026;15/07/2027;Não;15/07/2026;15/07/2026
atas_itens_RT_2026_p1.json;2026-07-29 14:27:29;00063/2026;10673078000120-1-000037/2026-000002;10673078000120-1-000037/2026;15813205900632026;00043;90063;2026;05;Pregão;158132;INST.FED.DE EDUC.,CIENC.E TEC.DO MAT.G.DO SUL;218026;1011;GRAMA;Material;GRAMA, ASPECTO FÍSICO FOLHA ESTREITA, COR VERDE-ESMERALDA, TIPO ESMERALDA, APLICAÇÃO JARDIM RESIDENCIAL/PÚBLICO, CARACTERÍSTICAS ADICIONAIS RESISTÊNCIA PISOTEIO;46593322000192;L. A.DE OLIVEIRA SERVICOS LIMITADA;001;1;1000,00;1000,00;0,00;0,00;8,00;8000,00;0,00;14/07/2026;15/07/2026;15/07/2027;Não;15/07/2026;15/07/2026
atas_itens_RT_2026_p1.json;2026-07-29 14:27:29;00063/2026;10673078000120-1-000037/2026-000002;10673078000120-1-000037/2026;15813205900632026;00044;90063;2026;05;Pregão;158132;INST.FED.DE EDUC.,CIENC.E TEC.DO MAT.G.DO SUL;15130;;;Serviço;Poda, Corte, Arrancamento de Árvores - Áreas Pública / Particular;46593322000192;L. A.DE OLIVEIRA SERVICOS LIMITADA;001;1;20,00;20,00;0,00;0,00;449,00;8980,00;0,00;14/07/2026;15/07/2026;15/07/2027;Não;15/07/2026;15/07/2026
atas_itens_RT_2026_p1.json;2026-07-29 14:27:29;00063/2026;10673078000120-1-000037/2026-000002;10673078000120-1-000037/2026;15813205900632026;00050;90063;2026;05;Pregão;158132;INST.FED.DE EDUC.,CIENC.E TEC.DO MAT.G.DO SUL;15130;;;Serviço;Poda, Corte, Arrancamento de Árvores - Áreas Pública / Particular;46593322000192;L. A.DE OLIVEIRA SERVICOS LIMITADA;001;1;50,00;50,00;0,00;0,00;128,75;6437,62;0,00;14/07/2026;15/07/2026;15/07/2027;Não;15/07/2026;15/07/2026
atas_itens_RT_2026_p1.json;2026-07-29 14:27:29;00063/2026;10673078000120-1-000037/2026-000002;10673078000120-1-000037/2026;15813205900632026;00051;90063;2026;05;Pregão;158132;INST.FED.DE EDUC.,CIENC.E TEC.DO MAT.G.DO SUL;15130;;;Serviço;Poda, Corte, Arrancamento de Árvores - Áreas Pública / Particular;46593322000192;L. A.DE OLIVEIRA SERVICOS LIMITADA;001;1;150,00;150,00;0,00;0,00;389,88;58482,38;0,00;14/07/2026;15/07/2026;15/07/2027;Não;15/07/2026;15/07/2026
atas_itens_RT_2026_p1.json;2026-07-29 14:27:29;00063/2026;10673078000120-1-000037/2026-000002;10673078000120-1-000037/2026;15813205900632026;00052;90063;2026;05;Pregão;158132;INST.FED.DE EDUC.,CIENC.E TEC.DO MAT.G.DO SUL;15130;;;Serviço;Poda, Corte, Arrancamento de Árvores - Áreas Pública / Particular;46593322000192;L. A.DE OLIVEIRA SERVICOS LIMITADA;001;1;50,00;50,00;0,00;0,00;401,06;20053,12;0,00;14/07/2026;15/07/2026;15/07/2027;Não;15/07/2026;15/07/2026
atas_itens_RT_2026_p1.json;2026-07-29 14:27:29;00063/2026;10673078000120-1-000037/2026-000002;10673078000120-1-000037/2026;15813205900632026;00053;90063;2026;05;Pregão;158132;INST.FED.DE EDUC.,CIENC.E TEC.DO MAT.G.DO SUL;15130;;;Serviço;Poda, Corte, Arrancamento de Árvores - Áreas Pública / Particular;46593322000192;L. A.DE OLIVEIRA SERVICOS LIMITADA;001;1;20,00;20,00;0,00;0,00;252,21;5044,20;0,00;14/07/2026;15/07/2026;15/07/2027;Não;15/07/2026;15/07/2026
atas_itens_RT_2026_p1.json;2026-07-29 14:27:29;00063/2026;10673078000120-1-000037/2026-000002;10673078000120-1-000037/2026;15813205900632026;00054;90063;2026;05;Pregão;158132;INST.FED.DE EDUC.,CIENC.E TEC.DO MAT.G.DO SUL;15130;;;Serviço;Poda, Corte, Arrancamento de Árvores - Áreas Pública / Particular;46593322000192;L. A.DE OLIVEIRA SERVICOS LIMITADA;001;1;20,00;20,00;0,00;0,00;418,75;8374,95;0,00;14/07/2026;15/07/2026;15/07/2027;Não;15/07/2026;15/07/2026
atas_itens_RT_2026_p1.json;2026-07-29 14:27:29;00063/2026;10673078000120-1-000037/2026-000002;10673078000120-1-000037/2026;15813205900632026;00055;90063;2026;05;Pregão;158132;INST.FED.DE EDUC.,CIENC.E TEC.DO MAT.G.DO SUL;15130;;;Serviço;Poda, Corte, Arrancamento de Árvores - Áreas Pública / Particular;46593322000192;L. A.DE OLIVEIRA SERVICOS LIMITADA;001;1;40,00;40,00;0,00;0,00;219,90;8796,00;0,00;14/07/2026;15/07/2026;15/07/2027;Não;15/07/2026;15/07/2026
atas_itens_RT_2026_p1.json;2026-07-29 14:27:29;00063/2026;10673078000120-1-000037/2026-000002;10673078000120-1-000037/2026;15813205900632026;00056;90063;2026;05;Pregão;158132;INST.FED.DE EDUC.,CIENC.E TEC.DO MAT.G.DO SUL;24325;;;Serviço;Prestação de Serviço de Jardinagem - Outros Serviços - OutraProdutividade;46593322000192;L. A.DE OLIVEIRA SERVICOS LIMITADA;001;1;30,00;30,00;0,00;0,00;442,87;13286,02;0,00;14/07/2026;15/07/2026;15/07/2027;Não;15/07/2026;15/07/2026
atas_itens_RT_2026_p1.json;2026-07-29 14:27:29;00063/2026;10673078000120-1-000037/2026-000002;10673078000120-1-000037/2026;15813205900632026;00057;90063;2026;05;Pregão;158132;INST.FED.DE EDUC.,CIENC.E TEC.DO MAT.G.DO SUL;218026;1011;GRAMA;Material;GRAMA, ASPECTO FÍSICO FOLHA ESTREITA, COR VERDE-ESMERALDA, TIPO ESMERALDA, APLICAÇÃO JARDIM RESIDENCIAL/PÚBLICO, CARACTERÍSTICAS ADICIONAIS RESISTÊNCIA PISOTEIO;46593322000192;L. A.DE OLIVEIRA SERVICOS LIMITADA;001;1;10000,00;10000,00;0,00;0,00;12,00;119999,00;0,00;14/07/2026;15/07/2026;15/07/2027;Não;15/07/2026;15/07/2026
atas_itens_RT_2026_p1.json;2026-07-29 14:27:29;00063/2026;10673078000120-1-000037/2026-000002;10673078000120-1-000037/2026;15813205900632026;00058;90063;2026;05;Pregão;158132;INST.FED.DE EDUC.,CIENC.E TEC.DO MAT.G.DO SUL;15130;;;Serviço;Poda, Corte, Arrancamento de Árvores - Áreas Pública / Particular;46593322000192;L. A.DE OLIVEIRA SERVICOS LIMITADA;001;1;20,00;20,00;0,00;0,00;127,96;2559,20;0,00;14/07/2026;15/07/2026;15/07/2027;Não;15/07/2026;15/07/2026
atas_itens_RT_2026_p1.json;2026-07-29 14:27:29;00063/2026;10673078000120-1-000037/2026-000002;10673078000120-1-000037/2026;15813205900632026;00059;90063;2026;05;Pregão;158132;INST.FED.DE EDUC.,CIENC.E TEC.DO MAT.G.DO SUL;15130;;;Serviço;Poda, Corte, Arrancamento de Árvores - Áreas Pública / Particular;46593322000192;L. A.DE OLIVEIRA SERVICOS LIMITADA;001;1;90,00;90,00;0,00;0,00;389,89;35089,88;0,00;14/07/2026;15/07/2026;15/07/2027;Não;15/07/2026;15/07/2026
atas_itens_RT_2026_p1.json;2026-07-29 14:27:29;00063/2026;10673078000120-1-000037/2026-000002;10673078000120-1-000037/2026;15813205900632026;00060;90063;2026;05;Pregão;158132;INST.FED.DE EDUC.,CIENC.E TEC.DO MAT.G.DO SUL;15130;;;Serviço;Poda, Corte, Arrancamento de Árvores - Áreas Pública / Particular;46593322000192;L. A.DE OLIVEIRA SERVICOS LIMITADA;001;1;20,00;20,00;0,00;0,00;401,06;8021,25;0,00;14/07/2026;15/07/2026;15/07/2027;Não;15/07/2026;15/07/2026
atas_itens_RT_2026_p1.json;2026-07-29 14:27:29;00063/2026;10673078000120-1-000037/2026-000002;10673078000120-1-000037/2026;15813205900632026;00061;90063;2026;05;Pregão;158132;INST.FED.DE EDUC.,CIENC.E TEC.DO MAT.G.DO SUL;15130;;;Serviço;Poda, Corte, Arrancamento de Árvores - Áreas Pública / Particular;46593322000192;L. A.DE OLIVEIRA SERVICOS LIMITADA;001;1;10,00;10,00;0,00;0,00;252,21;2522,10;0,00;14/07/2026;15/07/2026;15/07/2027;Não;15/07/2026;15/07/2026
atas_itens_RT_2026_p1.json;2026-07-29 14:27:29;00063/2026;10673078000120-1-000037/2026-000002;10673078000120-1-000037/2026;15813205900632026;00062;90063;2026;05;Pregão;158132;INST.FED.DE EDUC.,CIENC.E TEC.DO MAT.G.DO SUL;15130;;;Serviço;Poda, Corte, Arrancamento de Árvores - Áreas Pública / Particular;46593322000192;L. A.DE OLIVEIRA SERVICOS LIMITADA;001;1;10,00;10,00;0,00;0,00;418,75;4187,48;0,00;14/07/2026;15/07/2026;15/07/2027;Não;15/07/2026;15/07/2026
atas_itens_RT_2026_p1.json;2026-07-29 14:27:29;00063/2026;10673078000120-1-000037/2026-000002;10673078000120-1-000037/2026;15813205900632026;00063;90063;2026;05;Pregão;158132;INST.FED.DE EDUC.,CIENC.E TEC.DO MAT.G.DO SUL;15130;;;Serviço;Poda, Corte, Arrancamento de Árvores - Áreas Pública / Particular;46593322000192;L. A.DE OLIVEIRA SERVICOS LIMITADA;001;1;10,00;10,00;0,00;0,00;219,90;2199,00;0,00;14/07/2026;15/07/2026;15/07/2027;Não;15/07/2026;15/07/2026
atas_itens_RT_2026_p1.json;2026-07-29 14:27:29;00063/2026;10673078000120-1-000037/2026-000002;10673078000120-1-000037/2026;15813205900632026;00064;90063;2026;05;Pregão;158132;INST.FED.DE EDUC.,CIENC.E TEC.DO MAT.G.DO SUL;218026;1011;GRAMA;Material;GRAMA, ASPECTO FÍSICO FOLHA ESTREITA, COR VERDE-ESMERALDA, TIPO ESMERALDA, APLICAÇÃO JARDIM RESIDENCIAL/PÚBLICO, CARACTERÍSTICAS ADICIONAIS RESISTÊNCIA PISOTEIO;46593322000192;L. A.DE OLIVEIRA SERVICOS LIMITADA;001;1;1000,00;1000,00;0,00;0,00;11,00;11000,00;0,00;14/07/2026;15/07/2026;15/07/2027;Não;15/07/2026;15/07/2026
atas_itens_RT_2026_p1.json;2026-07-29 14:27:29;00064/2026;10673078000120-1-000037/2026-000003;10673078000120-1-000037/2026;15813205900632026;00001;90063;2026;05;Pregão;158132;INST.FED.DE EDUC.,CIENC.E TEC.DO MAT.G.DO SUL;14044;;;Serviço;Roçada / Limpeza de Área - Mecanizada / Manual;24706781000100;VALDEMIR DOMINGUES DE SOUZA LTDA;001;1;335000,00;335000,00;0,00;0,00;0,37;123950,00;0,00;14/07/2026;15/07/2026;15/07/2027;Não;15/07/2026;15/07/2026
atas_itens_RT_2026_p1.json;2026-07-29 14:27:29;00064/2026;10673078000120-1-000037/2026-000003;10673078000120-1-000037/2026;15813205900632026;00002;90063;2026;05;Pregão;158132;INST.FED.DE EDUC.,CIENC.E TEC.DO MAT.G.DO SUL;14044;;;Serviço;Roçada / Limpeza de Área - Mecanizada / Manual;24706781000100;VALDEMIR DOMINGUES DE SOUZA LTDA;001;1;420000,00;420000,00;0,00;0,00;0,37;155400,00;0,00;14/07/2026;15/07/2026;15/07/2027;Não;15/07/2026;15/07/2026
atas_itens_RT_2026_p1.json;2026-07-29 14:27:29;00064/2026;10673078000120-1-000037/2026-000003;10673078000120-1-000037/2026;15813205900632026;00003;90063;2026;05;Pregão;158132;INST.FED.DE EDUC.,CIENC.E TEC.DO MAT.G.DO SUL;14044;;;Serviço;Roçada / Limpeza de Área - Mecanizada / Manual;24706781000100;VALDEMIR DOMINGUES DE SOUZA LTDA;001;1;290000,00;290000,00;0,00;0,00;0,37;107300,00;0,00;14/07/2026;15/07/2026;15/07/2027;Não;15/07/2026;15/07/2026
atas_itens_RT_2026_p1.json;2026-07-29 14:27:29;00064/2026;10673078000120-1-000037/2026-000003;10673078000120-1-000037/2026;15813205900632026;00004;90063;2026;05;Pregão;158132;INST.FED.DE EDUC.,CIENC.E TEC.DO MAT.G.DO SUL;14044;;;Serviço;Roçada / Limpeza de Área - Mecanizada / Manual;24706781000100;VALDEMIR DOMINGUES DE SOUZA LTDA;001;1;394000,00;394000,00;0,00;0,00;0,37;145780,00;0,00;14/07/2026;15/07/2026;15/07/2027;Não;15/07/2026;15/07/2026
atas_itens_RT_2026_p1.json;2026-07-29 14:27:29;00064/2026;10673078000120-1-000037/2026-000003;10673078000120-1-000037/2026;15813205900632026;00005;90063;2026;05;Pregão;158132;INST.FED.DE EDUC.,CIENC.E TEC.DO MAT.G.DO SUL;14044;;;Serviço;Roçada / Limpeza de Área - Mecanizada / Manual;24706781000100;VALDEMIR DOMINGUES DE SOUZA LTDA;001;1;80000,00;80000,00;0,00;0,00;0,37;29600,00;0,00;14/07/2026;15/07/2026;15/07/2027;Não;15/07/2026;15/07/2026
atas_itens_RT_2026_p1.json;2026-07-29 14:27:29;00064/2026;10673078000120-1-000037/2026-000003;10673078000120-1-000037/2026;15813205900632026;00006;90063;2026;05;Pregão;158132;INST.FED.DE EDUC.,CIENC.E TEC.DO MAT.G.DO SUL;14044;;;Serviço;Roçada / Limpeza de Área - Mecanizada / Manual;24706781000100;VALDEMIR DOMINGUES DE SOUZA LTDA;001;1;240000,00;240000,00;0,00;0,00;0,37;88800,00;0,00;14/07/2026;15/07/2026;15/07/2027;Não;15/07/2026;15/07/2026
atas_itens_RT_2026_p1.json;2026-07-29 14:27:29;00064/2026;10673078000120-1-000037/2026-000003;10673078000120-1-000037/2026;15813205900632026;00007;90063;2026;05;Pregão;158132;INST.FED.DE EDUC.,CIENC.E TEC.DO MAT.G.DO SUL;14044;;;Serviço;Roçada / Limpeza de Área - Mecanizada / Manual;24706781000100;VALDEMIR DOMINGUES DE SOUZA LTDA;001;1;555000,00;555000,00;0,00;0,00;0,37;205350,00;0,00;14/07/2026;15/07/2026;15/07/2027;Não;15/07/2026;15/07/2026
atas_itens_RT_2026_p1.json;2026-07-29 14:27:29;00064/2026;10673078000120-1-000037/2026-000003;10673078000120-1-000037/2026;15813205900632026;00008;90063;2026;05;Pregão;158132;INST.FED.DE EDUC.,CIENC.E TEC.DO MAT.G.DO SUL;14044;;;Serviço;Roçada / Limpeza de Área - Mecanizada / Manual;24706781000100;VALDEMIR DOMINGUES DE SOUZA LTDA;001;1;80000,00;80000,00;0,00;0,00;0,37;29600,00;0,00;14/07/2026;15/07/2026;15/07/2027;Não;15/07/2026;15/07/2026
atas_itens_RT_2026_p1.json;2026-07-29 14:27:29;00064/2026;10673078000120-1-000037/2026-000003;10673078000120-1-000037/2026;15813205900632026;00009;90063;2026;05;Pregão;158132;INST.FED.DE EDUC.,CIENC.E TEC.DO MAT.G.DO SUL;14044;;;Serviço;Roçada / Limpeza de Área - Mecanizada / Manual;24706781000100;VALDEMIR DOMINGUES DE SOUZA LTDA;001;1;41000,00;41000,00;0,00;0,00;0,37;15170,00;0,00;14/07/2026;15/07/2026;15/07/2027;Não;15/07/2026;15/07/2026
atas_itens_RT_2025_p1.json;2026-07-29 14:27:28;00024/2025;10673078000120-1-000038/2024-000005;10673078000120-1-000038/2024;15813205900072024;00082;90007;2024;05;Pregão;158132;INST.FED.DE EDUC.,CIENC.E TEC.DO MAT.G.DO SUL;458904;19690;ARROZ BENEFICIADO;Material;ARROZ BENEFICIADO, TIPO AGULHINHA/BRANCO, SUBGRUPO POLIDO, CLASSE LONGO FINO, QUALIDADE TIPO 1;30553576000147;WM COMERCIO DE ALIMENTOS LTDA;001;1;1879,00;1879,00;0,00;0,00;27,33;51353,07;0,00;12/05/2025;13/05/2025;13/05/2026;Não;12/05/2025;12/05/2025
atas_itens_RT_2025_p1.json;2026-07-29 14:27:28;00024/2025;10673078000120-1-000038/2024-000005;10673078000120-1-000038/2024;15813205900072024;00127;90007;2024;05;Pregão;158132;INST.FED.DE EDUC.,CIENC.E TEC.DO MAT.G.DO SUL;460495;19727;PÃO DE QUEIJO;Material;PÃO DE QUEIJO, BASA DA MASSA POLVILHO DOCE OU AZEDO E QUEIJO, INGREDIENTES ADICIONAIS COM OUTROS SABORES, FORMATO LANCHE/GRANDE, APRESENTAÇÃO CRU CONGELADO;30553576000147;WM COMERCIO DE ALIMENTOS LTDA;001;1;160,00;160,00;0,00;0,00;19,00;3040,00;0,00;12/05/2025;13/05/2025;13/05/2026;Não;12/05/2025;12/05/2025
atas_itens_RT_2025_p1.json;2026-07-29 14:27:28;00024/2025;10673078000120-1-000038/2024-000005;10673078000120-1-000038/2024;15813205900072024;00141;90007;2024;05;Pregão;158132;INST.FED.DE EDUC.,CIENC.E TEC.DO MAT.G.DO SUL;279606;948;SUCO;Material;SUCO, APRESENTAÇÃO LÍQUIDO, SABOR LIMÃO, TIPO NATURAL, CARACTERÍSTICAS ADICIONAIS CONCENTRADO;30553576000147;WM COMERCIO DE ALIMENTOS LTDA;001;1;200,00;200,00;0,00;0,00;11,90;2380,00;0,00;12/05/2025;13/05/2025;13/05/2026;Não;12/05/2025;12/05/2025
atas_itens_RT_2025_p1.json;2026-07-29 14:27:28;00024/2025;10673078000120-1-000038/2024-000005;10673078000120-1-000038/2024;15813205900072024;00142;90007;2024;05;Pregão;158132;INST.FED.DE EDUC.,CIENC.E TEC.DO MAT.G.DO SUL;464754;948;SUCO;Material;SUCO, APRESENTAÇÃO LÍQUIDO, SABOR MANGA, TIPO NATURAL, CARACTERÍSTICAS ADICIONAIS CONCENTRADO, RENDIMENTO MÍNIMO, 1 PARTE DE SUCO-;30553576000147;WM COMERCIO DE ALIMENTOS LTDA;001;1;200,00;200,00;0,00;0,00;11,90;2380,00;0,00;12/05/2025;13/05/2025;13/05/2026;Não;12/05/2025;12/05/2025
atas_itens_RT_2025_p1.json;2026-07-29 14:27:28;00024/2025;10673078000120-1-000038/2024-000005;10673078000120-1-000038/2024;15813205900072024;00144;90007;2024;05;Pregão;158132;INST.FED.DE EDUC.,CIENC.E TEC.DO MAT.G.DO SUL;464759;948;SUCO;Material;SUCO, APRESENTAÇÃO LÍQUIDO, SABOR GOIABA, TIPO NATURAL, CARACTERÍSTICAS ADICIONAIS CONCENTRADO, RENDIMENTO MÍNIMO, 1 PARTE DE SUCO-;30553576000147;WM COMERCIO DE ALIMENTOS LTDA;001;1;200,00;200,00;0,00;0,00;11,90;2380,00;0,00;12/05/2025;13/05/2025;13/05/2026;Não;12/05/2025;12/05/2025
atas_itens_RT_2025_p1.json;2026-07-29 14:27:28;00024/2025;10673078000120-1-000038/2024-000005;10673078000120-1-000038/2024;15813205900072024;00145;90007;2024;05;Pregão;158132;INST.FED.DE EDUC.,CIENC.E TEC.DO MAT.G.DO SUL;464751;948;SUCO;Material;SUCO, APRESENTAÇÃO LÍQUIDO, SABOR MARACUJÁ, TIPO NATURAL, CARACTERÍSTICAS ADICIONAIS CONCENTRADO, RENDIMENTO MÍNIMO, 1 PARTE DE SUCO-;30553576000147;WM COMERCIO DE ALIMENTOS LTDA;001;1;200,00;200,00;0,00;0,00;11,90;2380,00;0,00;12/05/2025;13/05/2025;13/05/2026;Não;12/05/2025;12/05/2025
atas_itens_RT_2025_p1.json;2026-07-29 14:27:28;00078/2025;10673078000120-1-000039/2025-000001;10673078000120-1-000039/2025;15813205901702025;00088;90170;2025;05;Pregão;158132;INST.FED.DE EDUC.,CIENC.E TEC.DO MAT.G.DO SUL;298322;1172;RÁDIO TRANSCEPTOR;Material;RÁDIO TRANSCEPTOR, TIPO PORTÁTIL, POTÊNCIA 2 W, QUANTIDADE CANAIS 22 UN, ALCANCE MÁXIMO 12 KM, FONTE ALIMENTAÇÃO BATERIA, CARACTERÍSTICAS ADICIONAIS 38 CÓGIGOS ELIMINAÇÃO INTERFERÊNCIA,10 ALERTAS SO M, ACESSÓRIOS RÁDIO, BATERIA NIMH, CARREGADOR AC, CLIPE P/ CINT O;21802586000188;21.802.586 RAPHAEL VEIGA DA COSTA REIS;001;1;88,00;88,00;0,00;0,00;165,00;14520,00;0,00;07/08/2025;02/09/2025;02/09/2026;Não;01/09/2025;01/09/2025
atas_itens_RT_2025_p1.json;2026-07-29 14:27:28;00079/2025;10673078000120-1-000039/2025-000002;10673078000120-1-000039/2025;15813205901702025;00045;90170;2025;05;Pregão;158132;INST.FED.DE EDUC.,CIENC.E TEC.DO MAT.G.DO SUL;600317;8284;ILUMINADOR PARA FILMAGEM;Material;ILUMINADOR PARA FILMAGEM, TIPO ILUMINADOR LED INFRAVERMELHO, MODELO ANEL DE LUZ, SUPORTE ACESSÓRIOS COM SAPATA, DIÂMETRO 10 POL, POTÊNCIA 18 W, APLICAÇÃO SUPORTE TIPO TRIPÉ;48340933000154;ORIGEM COMERCIO E SOLUCOES INTEGRADAS LTDA;001;1;13,00;13,00;0,00;0,00;274,00;3562,00;0,00;07/08/2025;02/09/2025;02/09/2026;Não;01/09/2025;01/09/2025
atas_itens_RT_2025_p1.json;2026-07-29 14:27:28;00079/2025;10673078000120-1-000039/2025-000002;10673078000120-1-000039/2025;15813205901702025;00046;90170;2025;05;Pregão;158132;INST.FED.DE EDUC.,CIENC.E TEC.DO MAT.G.DO SUL;450278;5758;CONJUNTO ILUMINACAO;Material;CONJUNTO ILUMINACAO, TIPO LÂMPADA LED, POTÊNCIA LÂMPADA 500 W, CARACTERÍSTICAS ADICIONAIS TRIPÉ DE ILUMINAÇÃO MODELO GIRAFA, TIPO ESTÚDIO FOTOGRÁFICO;48340933000154;ORIGEM COMERCIO E SOLUCOES INTEGRADAS LTDA;001;1;5,00;5,00;0,00;0,00;793,00;3965,00;0,00;07/08/2025;02/09/2025;02/09/2026;Não;01/09/2025;01/09/2025
atas_itens_RT_2025_p1.json;2026-07-29 14:27:28;00080/2025;10673078000120-1-000039/2025-000003;10673078000120-1-000039/2025;15813205901702025;00048;90170;2025;05;Pregão;158132;INST.FED.DE EDUC.,CIENC.E TEC.DO MAT.G.DO SUL;452766;5758;CONJUNTO ILUMINACAO;Material;CONJUNTO ILUMINACAO, CARACTERÍSTICAS ADICIONAIS CONTENDO TRIPÉ E SOQUETE DUPLO E 27: 3 SEÇÕES, TIPO KIT SOMBRINHA DIFUSORA;51188920000116;MS CONSTRUCAO CIVIL E REPAROS NAVAIS LTDA;001;1;4,00;4,00;0,00;0,00;572,12;2288,48;0,00;07/08/2025;02/09/2025;02/09/2026;Não;01/09/2025;01/09/2025
atas_itens_RT_2025_p1.json;2026-07-29 14:27:28;00080/2025;10673078000120-1-000039/2025-000003;10673078000120-1-000039/2025;15813205901702025;00080;90170;2025;05;Pregão;158132;INST.FED.DE EDUC.,CIENC.E TEC.DO MAT.G.DO SUL;602679;9608;Mesa Áudio / Vídeo - switcher de vídeo;Material;MESA ÁUDIO / VÍDEO - SWITCHER DE VÍDEO, QUANTIDADE CANAIS 12 UN, TIPO ENTRADA ENTRADAS BALANCEADAS- XLR E DE LINHA P-10, EQUALIZAÇÃO GRÁFICO DE 5 BANDAS + 48V PHANTOM POWER, TENSÃO ALIMENTAÇÃO 110/220 V, CARACTERÍSTICAS ADICIONAIS PROCESSADOR DE EFEITOS COM TELA DE LCD, ACESSÓRIOS ENTRADA USB COM DISPLAY DIGITAL, SAÍDA ESTÉREO,;51188920000116;MS CONSTRUCAO CIVIL E REPAROS NAVAIS LTDA;001;1;4,00;4,00;0,00;0,00;995,00;3980,00;0,00;07/08/2025;02/09/2025;02/09/2026;Não;01/09/2025;01/09/2025
atas_itens_RT_2025_p1.json;2026-07-29 14:27:28;00081/2025;10673078000120-1-000039/2025-000004;10673078000120-1-000039/2025;15813205901702025;00044;90170;2025;05;Pregão;158132;INST.FED.DE EDUC.,CIENC.E TEC.DO MAT.G.DO SUL;610268;15806;REFLETOR;Material;REFLETOR, QUANTIDADE LÂMPADAS 18 UN, TIPO LED ULTRABRILHO, APLICAÇÃO ILUMINAÇÃO CÊNICA, TIPO LÂMPADA LED, POTÊNCIA LÂMPADA 10 W, TENSÃO ALIMENTAÇÃO BIVOLT, CARACTERÍSTICAS ADICIONAIS CANHÃO BLINDADO, RGBW;11175931000147;MASTERFER COMERCIO DE FERRAGENS LTDA;001;1;18,00;18,00;0,00;0,00;62,00;1116,00;0,00;07/08/2025;02/09/2025;02/09/2026;Não;01/09/2025;01/09/2025
atas_itens_RT_2025_p1.json;2026-07-29 14:27:28;00082/2025;10673078000120-1-000039/2025-000005;10673078000120-1-000039/2025;15813205901702025;00077;90170;2025;05;Pregão;158132;INST.FED.DE EDUC.,CIENC.E TEC.DO MAT.G.DO SUL;375375;4111;CAIXA ACÚSTICA;Material;CAIXA ACÚSTICA, POTÊNCIA 350 WRMS, TAMANHO ALTO-FALANTE 18 POL, RESPOSTA FREQÜÊNCIA 55 A 300 HZ, LARGURA 516 MM, ALTURA 597 MM, PROFUNDIDADE 559 MM, COR PRETA, CARACTERÍSTICAS ADICIONAIS SUB WOOFER PORTÁTIL, IMPEDÂNCIA ENTRADA 4 OHM, SENSIBILIDADE 101 DB, POTÊNCIA NOMINAL 350 WRMS;15838111000149;MARYLEIDE FONSECA ALMEIDA LTDA;001;1;21,00;21,00;0,00;0,00;2500,00;52500,00;0,00;07/08/2025;02/09/2025;02/09/2026;Não;01/09/2025;01/09/2025
atas_itens_RT_2025_p1.json;2026-07-29 14:27:28;00082/2025;10673078000120-1-000039/2025-000005;10673078000120-1-000039/2025;15813205901702025;00078;90170;2025;05;Pregão;158132;INST.FED.DE EDUC.,CIENC.E TEC.DO MAT.G.DO SUL;379558;13954;PEDESTAL CAIXA ACÚSTICA;Material;PEDESTAL CAIXA ACÚSTICA, MATERIAL HASTE ALUMÍNIO TUBULAR, MATERIAL BASE ALUMÍNIO TUBULAR, ALTURA DE 1,5M ATÉ 2,0 M, CARACTERÍSTICAS ADICIONAIS COM CHAPÉU DE PLÁSTICO P/FIXAÇAÃO DE CAIXA E PINO, PESO COM CARGA MÍNIMA DE 80 KG, TIPO PEDESTAL TRIPÉ TORRE;15838111000149;MARYLEIDE FONSECA ALMEIDA LTDA;001;1;21,00;21,00;0,00;0,00;160,00;3360,00;0,00;07/08/2025;02/09/2025;02/09/2026;Não;01/09/2025;01/09/2025
atas_itens_RT_2025_p1.json;2026-07-29 14:27:28;00082/2025;10673078000120-1-000039/2025-000005;10673078000120-1-000039/2025;15813205901702025;00079;90170;2025;05;Pregão;158132;INST.FED.DE EDUC.,CIENC.E TEC.DO MAT.G.DO SUL;366163;4111;CAIXA ACÚSTICA;Material;CAIXA ACÚSTICA, POTÊNCIA 350 W, TAMANHO ALTO-FALANTE 15 POL, RESPOSTA FREQÜÊNCIA 40 A 20 KHZ, TIPO TWEETER DRIVER TITÂNIO 1 3/4 POL, LARGURA 685 MM, ALTURA 478 MM, PROFUNDIDADE 442 MM, COR PRETA, CARACTERÍSTICAS ADICIONAIS CAIXA ATIVA 2 VIAS COM DIVISOR INTERNO, IMPEDÂNCIA ENTRADA 2.000 OHM, RESISTÊNCIA ÔHMICA 8 OHM, SENSIBILIDADE 100 DB;15838111000149;MARYLEIDE FONSECA ALMEIDA LTDA;001;1;16,00;16,00;0,00;0,00;1400,00;22400,00;0,00;07/08/2025;02/09/2025;02/09/2026;Não;01/09/2025;01/09/2025
atas_itens_RT_2025_p1.json;2026-07-29 14:27:28;00083/2025;10673078000120-1-000039/2025-000006;10673078000120-1-000039/2025;15813205901702025;00050;90170;2025;05;Pregão;158132;INST.FED.DE EDUC.,CIENC.E TEC.DO MAT.G.DO SUL;611883;5714;EXTENSÃO ELÉTRICA;Material;EXTENSÃO ELÉTRICA, TIPO RÉGUA, COMPRIMENTO 3 M, COMPONENTES 5 TOMADAS, 2P+T, SEÇÃO NOMINAL 0,75 MM2, NÚMERO PÓLOS 2P + T, FORMAÇÃO DO CABO 3 X 0,75 MM2, REFERÊNCIA FORCE LINE 0180200316, TENSÃO NOMINAL 110/220 VCA, TEMPERATURA OPERAÇÃO 70°, FORMATO CONTATO PADRÃO BRASILEIRO, NORMAS TÉCNICAS NBR 14136, GRAU PROTEÇÃO IP44, POTÊNCIA MÁXIMA 2.200 W, MATERIAL TERMOPLÁSTICO ANTI- CHAMA, CORRENTE NOMINAL 10 A, TENSÃO ENTRADA 110-127 V, CONEXÕES 1(UMA) ENTRADA 2P+T E 5 SAÍDAS 2P+T;10934762000119;M. ALCIONE DOS SANTOS GONCALVES;001;1;74,00;74,00;0,00;0,00;30,00;2220,00;0,00;07/08/2025;02/09/2025;02/09/2026;Não;01/09/2025;01/09/2025
atas_itens_RT_2025_p1.json;2026-07-29 14:27:28;00083/2025;10673078000120-1-000039/2025-000006;10673078000120-1-000039/2025;15813205901702025;00051;90170;2025;05;Pregão;158132;INST.FED.DE EDUC.,CIENC.E TEC.DO MAT.G.DO SUL;612557;5714;EXTENSÃO ELÉTRICA;Material;EXTENSÃO ELÉTRICA, TIPO CARRETEL, COMPRIMENTO 30 M, COMPONENTES 5 TOMADAS, 2P+T, SEÇÃO NOMINAL 2,5 MM2, NÚMERO PÓLOS 2P + T, FORMAÇÃO DO CABO 3 X 2,5 MM2 , REFERÊNCIA FORCE LINE 0181200019, TENSÃO NOMINAL 110/220 VCA, TEMPERATURA OPERAÇÃO 70°, FORMATO CONTATO PADRÃO BRASILEIRO, NORMAS TÉCNICAS NBR 14136, GRAU PROTEÇÃO IP44, POTÊNCIA MÁXIMA 2.200 W, MATERIAL TERMOPLÁSTICO ANTI- CHAMA, CORRENTE NOMINAL 10 A, TENSÃO ENTRADA 110-127 V, CONEXÕES 1(UMA) ENTRADA 2P+T E 5 SAÍDAS 2P+T;10934762000119;M. ALCIONE DOS SANTOS GONCALVES;001;1;27,00;27,00;0,00;0,00;280,00;7560,00;0,00;07/08/2025;02/09/2025;02/09/2026;Não;01/09/2025;01/09/2025
atas_itens_RT_2025_p1.json;2026-07-29 14:27:28;00083/2025;10673078000120-1-000039/2025-000006;10673078000120-1-000039/2025;15813205901702025;00089;90170;2025;05;Pregão;158132;INST.FED.DE EDUC.,CIENC.E TEC.DO MAT.G.DO SUL;448811;8762;LEITORA CARTÃO / PEÇAS E ACESSÓRIOS;Material;LEITORA CARTÃO / PEÇAS E ACESSÓRIOS, TIPO EXTERNA CARTÃO SDHC, CONECTIVIDADE USB 2.0, COMPATIBILIDADE WINDOWS 10, TAXA TRANSFERÊNCIA 480 MB/S, CARACTERÍSTICAS ADICIONAIS SEM NECESSIDADE DE ALIMENTAÇÃO EXTERNA;10934762000119;M. ALCIONE DOS SANTOS GONCALVES;001;1;5,00;5,00;0,00;0,00;70,00;350,00;0,00;07/08/2025;02/09/2025;02/09/2026;Não;01/09/2025;01/09/2025
atas_itens_RT_2025_p1.json;2026-07-29 14:27:28;00084/2025;10673078000120-1-000039/2025-000007;10673078000120-1-000039/2025;15813205901702025;00041;90170;2025;05;Pregão;158132;INST.FED.DE EDUC.,CIENC.E TEC.DO MAT.G.DO SUL;369749;1553;GUARDA-CHUVA;Material;GUARDA-CHUVA, MATERIAL ARMAÇÃO ALUMÍNIO, TIPO AUTOMÁTICO, MATERIAL CABO BORRACHA, MATERIAL COBERTURA POLIÉSTER, TIPO CABO RETO, TAMANHO GRANDE, COR PRETO;34777255000187;LUMEN SUPRIMENTAL E LOCACOES LTDA;001;1;70,00;70,00;0,00;0,00;44,77;3133,90;0,00;07/08/2025;02/09/2025;02/09/2026;Não;01/09/2025;01/09/2025
atas_itens_RT_2025_p1.json;2026-07-29 14:27:28;00084/2025;10673078000120-1-000039/2025-000007;10673078000120-1-000039/2025;15813205901702025;00042;90170;2025;05;Pregão;158132;INST.FED.DE EDUC.,CIENC.E TEC.DO MAT.G.DO SUL;445370;8117;PORTA GUARDA-CHUVAS;Material;PORTA GUARDA-CHUVAS, MATERIAL AÇO INOXIDÁVEL, ALTURA 50 CM, DIÂMETRO 21 CM, CAPACIDADE 10 UN, COR PRATA;34777255000187;LUMEN SUPRIMENTAL E LOCACOES LTDA;001;1;14,00;14,00;0,00;0,00;174,99;2449,86;0,00;07/08/2025;02/09/2025;02/09/2026;Não;01/09/2025;01/09/2025
atas_itens_RT_2025_p1.json;2026-07-29 14:27:28;00084/2025;10673078000120-1-000039/2025-000007;10673078000120-1-000039/2025;15813205901702025;00090;90170;2025;05;Pregão;158132;INST.FED.DE EDUC.,CIENC.E TEC.DO MAT.G.DO SUL;605860;9574;MEGAFONE;Material;MEGAFONE, MATERIAL PLÁSTICO ABS, TIPO DE MÃO, POTÊNCIA 30 W, VOLTAGEM 12 V, ALCANCE 600 M, FUNÇÕES MÚSICA/GRAVAÇÃO/REPRODUÇÃO;34777255000187;LUMEN SUPRIMENTAL E LOCACOES LTDA;001;1;7,00;7,00;0,00;0,00;144,27;1009,89;0,00;07/08/2025;02/09/2025;02/09/2026;Não;01/09/2025;01/09/2025
atas_itens_RT_2025_p1.json;2026-07-29 14:27:28;00085/2025;10673078000120-1-000039/2025-000008;10673078000120-1-000039/2025;15813205901702025;00037;90170;2025;05;Pregão;158132;INST.FED.DE EDUC.,CIENC.E TEC.DO MAT.G.DO SUL;440739;4149;CAIXA PLÁSTICA;Material;CAIXA PLÁSTICA, MATERIAL PLÁSTICO RESISTENTE, COMPRIMENTO 56,50 CM, LARGURA 38,50 CM, ALTURA 37 CM, TRANSMITÂNCIA TRANSPARENTE, CARACTERÍSTICAS ADICIONAIS TAMPA E TRAVAS, TIPO CAIXA ORGANIZADORA, CAPACIDADE 56 L;15923311000108;LOPEZ & FILHOS COMERCIO E SERVICOS LTDA.;001;1;68,00;68,00;0,00;0,00;75,80;5154,40;0,00;07/08/2025;02/09/2025;02/09/2026;Não;01/09/2025;01/09/2025
atas_itens_RT_2025_p1.json;2026-07-29 14:27:28;00085/2025;10673078000120-1-000039/2025-000008;10673078000120-1-000039/2025;15813205901702025;00038;90170;2025;05;Pregão;158132;INST.FED.DE EDUC.,CIENC.E TEC.DO MAT.G.DO SUL;455069;4149;CAIXA PLÁSTICA;Material;CAIXA PLÁSTICA, MATERIAL PLÁSTICO RESISTENTE, COMPRIMENTO 63 CM, LARGURA 45 CM , ALTURA 40 CM, TRANSMITÂNCIA TRANSPARENTE, CARACTERÍSTICAS ADICIONAIS TAMPA E TRAVAS, TIPO CAIXA ORGANIZADORA, CAPACIDADE 78 L;15923311000108;LOPEZ & FILHOS COMERCIO E SERVICOS LTDA.;001;1;48,00;48,00;0,00;0,00;118,90;5707,20;0,00;07/08/2025;02/09/2025;02/09/2026;Não;01/09/2025;01/09/2025
atas_itens_RT_2025_p1.json;2026-07-29 14:27:28;00086/2025;10673078000120-1-000039/2025-000009;10673078000120-1-000039/2025;15813205901702025;00064;90170;2025;05;Pregão;158132;INST.FED.DE EDUC.,CIENC.E TEC.DO MAT.G.DO SUL;358806;14302;FONTE ALIMENTAÇÃO ININTERRUPTA;Material;FONTE ALIMENTAÇÃO ININTERRUPTA, TENSÃO ENTRADA 110/220 V, TENSÃO SAÍDA 110/ 220 V, CARACTERÍSTICAS ADICIONAIS COM SELEÇÃO AUTOMÁTICA, FREQUÊNCIA 60 HZ, CAPACIDADE NOMINAL 1.500 VA;42288778000198;EGL LTDA;001;1;8,00;8,00;0,00;0,00;736,30;5890,40;0,00;07/08/2025;02/09/2025;02/09/2026;Não;01/09/2025;01/09/2025
atas_itens_RT_2025_p1.json;2026-07-29 14:27:28;00087/2025;10673078000120-1-000039/2025-000010;10673078000120-1-000039/2025;15813205901702025;00012;90170;2025;05;Pregão;158132;INST.FED.DE EDUC.,CIENC.E TEC.DO MAT.G.DO SUL;453112;17262;TECIDO;Material;TECIDO, MATERIAL 100% POLIÉSTER, COR AZUL-ESCURO, LARGURA 2,70 M, APLICAÇÃO FILMAGENS CHROMA KEY, COMPRIMENTO 11 M;59058349000127;COMERCIO DART LTDA;001;1;10,00;10,00;0,00;0,00;448,00;4480,00;0,00;07/08/2025;02/09/2025;02/09/2026;Não;01/09/2025;01/09/2025
atas_itens_RT_2025_p1.json;2026-07-29 14:27:28;00087/2025;10673078000120-1-000039/2025-000010;10673078000120-1-000039/2025;15813205901702025;00087;90170;2025;05;Pregão;158132;INST.FED.DE EDUC.,CIENC.E TEC.DO MAT.G.DO SUL;454630;979;TRIPÉ;Material;TRIPÉ, MATERIAL CHAPA METÁLICA, ALTURA MÁXIMA 1,50 M, CAPACIDADE 2 KG, TIPO CABEÇA HIDRÁULICA FIXA, APLICAÇÃO CÂMARA FOTOGRÁFICA OU FILMADORA, CARACTERÍSTICAS ADICIONAIS PLACA DE ENGATE RÁPIDO, NÍVEL TIPO BOLHA, ALTURA MÍNIMA 60 CM;59058349000127;COMERCIO DART LTDA;001;1;7,00;7,00;0,00;0,00;258,00;1806,00;0,00;07/08/2025;02/09/2025;02/09/2026;Não;01/09/2025;01/09/2025
atas_itens_RT_2025_p1.json;2026-07-29 14:27:28;00088/2025;10673078000120-1-000039/2025-000011;10673078000120-1-000039/2025;15813205901702025;00005;90170;2025;05;Pregão;158132;INST.FED.DE EDUC.,CIENC.E TEC.DO MAT.G.DO SUL;609856;753;TOALHA MESA;Material;TOALHA MESA, MATERIAL OXFORD, FORMATO RETANGULAR, COMPRIMENTO 7,0 M, LARGURA 2,50 M, COR BRANCA;58242296000137;58.242.296 DAVI JORGE LOPES DA SILVA BARILLI;001;1;11,00;11,00;0,00;0,00;110,00;1210,00;0,00;07/08/2025;02/09/2025;02/09/2026;Não;01/09/2025;01/09/2025
atas_itens_RT_2025_p1.json;2026-07-29 14:27:28;00088/2025;10673078000120-1-000039/2025-000011;10673078000120-1-000039/2025;15813205901702025;00006;90170;2025;05;Pregão;158132;INST.FED.DE EDUC.,CIENC.E TEC.DO MAT.G.DO SUL;609856;753;TOALHA MESA;Material;TOALHA MESA, MATERIAL OXFORD, FORMATO RETANGULAR, COMPRIMENTO 7,0 M, LARGURA 2,50 M, COR BRANCA;58242296000137;58.242.296 DAVI JORGE LOPES DA SILVA BARILLI;001;1;10,00;10,00;0,00;0,00;110,00;1100,00;0,00;07/08/2025;02/09/2025;02/09/2026;Não;01/09/2025;01/09/2025
atas_itens_RT_2025_p1.json;2026-07-29 14:27:28;00088/2025;10673078000120-1-000039/2025-000011;10673078000120-1-000039/2025;15813205901702025;00007;90170;2025;05;Pregão;158132;INST.FED.DE EDUC.,CIENC.E TEC.DO MAT.G.DO SUL;445458;753;TOALHA MESA;Material;TOALHA MESA, MATERIAL JACQUARD, FORMATO QUADRADA, COMPRIMENTO 2,20 M, LARGURA 2,20 M, COR NUDE;58242296000137;58.242.296 DAVI JORGE LOPES DA SILVA BARILLI;001;1;12,00;12,00;0,00;0,00;103,00;1236,00;0,00;07/08/2025;02/09/2025;02/09/2026;Não;01/09/2025;01/09/2025
atas_itens_RT_2025_p1.json;2026-07-29 14:27:28;00088/2025;10673078000120-1-000039/2025-000011;10673078000120-1-000039/2025;15813205901702025;00008;90170;2025;05;Pregão;158132;INST.FED.DE EDUC.,CIENC.E TEC.DO MAT.G.DO SUL;445458;753;TOALHA MESA;Material;TOALHA MESA, MATERIAL JACQUARD, FORMATO QUADRADA, COMPRIMENTO 2,20 M, LARGURA 2,20 M, COR NUDE;58242296000137;58.242.296 DAVI JORGE LOPES DA SILVA BARILLI;001;1;9,00;9,00;0,00;0,00;103,00;927,00;0,00;07/08/2025;02/09/2025;02/09/2026;Não;01/09/2025;01/09/2025
atas_itens_RT_2025_p1.json;2026-07-29 14:27:28;00088/2025;10673078000120-1-000039/2025-000011;10673078000120-1-000039/2025;15813205901702025;00009;90170;2025;05;Pregão;158132;INST.FED.DE EDUC.,CIENC.E TEC.DO MAT.G.DO SUL;603576;753;TOALHA MESA;Material;TOALHA MESA, MATERIAL OXFORD, FORMATO REDONDA, DIÂMETRO 3 M, CARACTERÍSTICAS ADICIONAIS SEM EMENDA EM TODA A EXTENSÃO;58242296000137;58.242.296 DAVI JORGE LOPES DA SILVA BARILLI;001;1;15,00;15,00;0,00;0,00;65,00;975,00;0,00;07/08/2025;02/09/2025;02/09/2026;Não;01/09/2025;01/09/2025
atas_itens_RT_2025_p1.json;2026-07-29 14:27:28;00088/2025;10673078000120-1-000039/2025-000011;10673078000120-1-000039/2025;15813205901702025;00010;90170;2025;05;Pregão;158132;INST.FED.DE EDUC.,CIENC.E TEC.DO MAT.G.DO SUL;615957;753;TOALHA MESA;Material;TOALHA MESA, MATERIAL JACQUARD, FORMATO RETANGULAR, COMPRIMENTO 3,70 M, LARGURA 2,50 M, COR VARIADA;58242296000137;58.242.296 DAVI JORGE LOPES DA SILVA BARILLI;001;1;15,00;15,00;0,00;0,00;79,00;1185,00;0,00;07/08/2025;02/09/2025;02/09/2026;Não;01/09/2025;01/09/2025
atas_itens_RT_2025_p1.json;2026-07-29 14:27:28;00088/2025;10673078000120-1-000039/2025-000011;10673078000120-1-000039/2025;15813205901702025;00011;90170;2025;05;Pregão;158132;INST.FED.DE EDUC.,CIENC.E TEC.DO MAT.G.DO SUL;464314;753;TOALHA MESA;Material;TOALHA MESA, MATERIAL JACQUARD, FORMATO QUADRADA, COMPRIMENTO 1,60 M, LARGURA 1,60 M, COR VARIADA;58242296000137;58.242.296 DAVI JORGE LOPES DA SILVA BARILLI;001;1;24,00;24,00;0,00;0,00;65,00;1560,00;0,00;07/08/2025;02/09/2025;02/09/2026;Não;01/09/2025;01/09/2025
atas_itens_RT_2025_p1.json;2026-07-29 14:27:28;00089/2025;10673078000120-1-000039/2025-000012;10673078000120-1-000039/2025;15813205901702025;00086;90170;2025;05;Pregão;158132;INST.FED.DE EDUC.,CIENC.E TEC.DO MAT.G.DO SUL;404601;14570;CÂMERA FOTOGRÁFICA DIGITAL;Material;CÂMERA FOTOGRÁFICA DIGITAL, TIPO ZOOM ÓPTICO 24X, TIPO MODO GRAVAÇÃO VÍDEO 720P, INTERFACE USB 2.0, TIPO MEMÓRIA CARTÃO SD, CAPACIDADE MEMÓRIA 4GB, RESOLUÇÃO MÍNIMA 10 MEGAPIXELS MPX, FLASH EMBUTIDO, ACESSÓRIOS 2 BATERIAS/ CARREGADOR BIVOLT/CABOS/MANUAL/ESTOJO;55738820000177;CMA LICITACOES LTDA;001;1;4,00;4,00;0,00;0,00;9999,99;39999,96;0,00;07/08/2025;02/09/2025;02/09/2026;Não;01/09/2025;01/09/2025
atas_itens_RT_2025_p1.json;2026-07-29 14:27:28;00090/2025;10673078000120-1-000039/2025-000013;10673078000120-1-000039/2025;15813205901702025;00021;90170;2025;05;Pregão;158132;INST.FED.DE EDUC.,CIENC.E TEC.DO MAT.G.DO SUL;326978;1581;BANDEIRA INSTITUCIONAL;Material;BANDEIRA INSTITUCIONAL, MATERIAL NÁILON PÁRA-QUEDAS, COMPRIMENTO 192 CM, LARGURA 135 CM, CARACTERÍSTICAS ADICIONAIS 3 PANOS,COM COSTURAS REFORÇADAS,BORDADAS EM AMBAS, REPRESENTAÇÃO NACIONAL DO BRASIL;46884905000172;COMPANHIA DAS BANDEIRAS E ACESSORIOS LTDA;001;1;30,00;30,00;0,00;0,00;109,00;3270,00;0,00;07/08/2025;02/09/2025;02/09/2026;Não;01/09/2025;01/09/2025
atas_itens_RT_2025_p1.json;2026-07-29 14:27:28;00090/2025;10673078000120-1-000039/2025-000013;10673078000120-1-000039/2025;15813205901702025;00022;90170;2025;05;Pregão;158132;INST.FED.DE EDUC.,CIENC.E TEC.DO MAT.G.DO SUL;245011;1581;BANDEIRA INSTITUCIONAL;Material;BANDEIRA INSTITUCIONAL, MATERIAL CETIM, COMPRIMENTO 128 CM, LARGURA 90 CM, COR DE ACORDO PROJETO, DESENHO DE ACORDO PROJETO, CARACTERÍSTICAS ADICIONAIS BORDADA;46884905000172;COMPANHIA DAS BANDEIRAS E ACESSORIOS LTDA;001;1;37,00;37,00;0,00;0,00;79,00;2923,00;0,00;07/08/2025;02/09/2025;02/09/2026;Não;01/09/2025;01/09/2025
atas_itens_RT_2025_p1.json;2026-07-29 14:27:28;00091/2025;10673078000120-1-000039/2025-000014;10673078000120-1-000039/2025;15813205901702025;00071;90170;2025;05;Pregão;158132;INST.FED.DE EDUC.,CIENC.E TEC.DO MAT.G.DO SUL;456322;13927;PASTA EVENTOS;Material;PASTA EVENTOS, MATERIAL PAPEL COUCHÊ, ALTURA 450 MM, TIPO IMPRESSÃO 4/0 CORES, GRAMATURA 300 G/M2, LARGURA 310 MM, ACABAMENTO LAMINAÇÃO FOSCA, COM ORELHAS, CARACTERÍSTICAS ADICIONAIS 1 PERSONALIZADA CONFORME MODELO;33083775000127;APS WORK COMERCIO E SERVICOS LTDA;001;1;3500,00;3500,00;0,00;0,00;2,16;7560,00;0,00;07/08/2025;02/09/2025;02/09/2026;Não;01/09/2025;01/09/2025
atas_itens_RT_2025_p1.json;2026-07-29 14:27:28;00092/2025;10673078000120-1-000039/2025-000015;10673078000120-1-000039/2025;15813205901702025;00052;90170;2025;05;Pregão;158132;INST.FED.DE EDUC.,CIENC.E TEC.DO MAT.G.DO SUL;398316;2085;ADAPTADOR;Material;ADAPTADOR, TIPO MONO, CONEXÃO P2 FÊMEA PARA P10 MACHO, APLICAÇÃO EQUIPAMENTOS ELETRÔNICOS;18047657000170;ALESSANDRA B. TONIETTI INSTRUMENTOS MUSICAIS;001;1;50,00;50,00;0,00;0,00;5,50;275,00;0,00;07/08/2025;02/09/2025;02/09/2026;Não;01/09/2025;01/09/2025
atas_itens_RT_2025_p1.json;2026-07-29 14:27:28;00092/2025;10673078000120-1-000039/2025-000015;10673078000120-1-000039/2025;15813205901702025;00053;90170;2025;05;Pregão;158132;INST.FED.DE EDUC.,CIENC.E TEC.DO MAT.G.DO SUL;472892;2085;ADAPTADOR;Material;ADAPTADOR, TIPO MONO, CONEXÃO P10 FÊMEA X RCA MACHO, APLICAÇÃO USO EM AUDIO;18047657000170;ALESSANDRA B. TONIETTI INSTRUMENTOS MUSICAIS;001;1;50,00;50,00;0,00;0,00;11,00;550,00;0,00;07/08/2025;02/09/2025;02/09/2026;Não;01/09/2025;01/09/2025
atas_itens_RT_2025_p1.json;2026-07-29 14:27:28;00092/2025;10673078000120-1-000039/2025-000015;10673078000120-1-000039/2025;15813205901702025;00054;90170;2025;05;Pregão;158132;INST.FED.DE EDUC.,CIENC.E TEC.DO MAT.G.DO SUL;394243;2085;ADAPTADOR;Material;ADAPTADOR, CONEXÃO P2/P10 ESTEREO, APLICAÇÃO ADAPTADOR ESTEREO;18047657000170;ALESSANDRA B. TONIETTI INSTRUMENTOS MUSICAIS;001;1;50,00;50,00;0,00;0,00;8,00;400,00;0,00;07/08/2025;02/09/2025;02/09/2026;Não;01/09/2025;01/09/2025
atas_itens_RT_2025_p1.json;2026-07-29 14:27:28;00092/2025;10673078000120-1-000039/2025-000015;10673078000120-1-000039/2025;15813205901702025;00055;90170;2025;05;Pregão;158132;INST.FED.DE EDUC.,CIENC.E TEC.DO MAT.G.DO SUL;394240;2085;ADAPTADOR;Material;ADAPTADOR, CONEXÃO BNC FÊMEA PARA RCA MACHO;18047657000170;ALESSANDRA B. TONIETTI INSTRUMENTOS MUSICAIS;001;1;54,00;54,00;0,00;0,00;4,33;233,82;0,00;07/08/2025;02/09/2025;02/09/2026;Não;01/09/2025;01/09/2025
atas_itens_RT_2025_p1.json;2026-07-29 14:27:28;00092/2025;10673078000120-1-000039/2025-000015;10673078000120-1-000039/2025;15813205901702025;00056;90170;2025;05;Pregão;158132;INST.FED.DE EDUC.,CIENC.E TEC.DO MAT.G.DO SUL;401489;2085;ADAPTADOR;Material;ADAPTADOR, CONEXÃO 2 JACK RCA PARA PLUG P-2 ESTÉREO, APLICAÇÃO USO EM AUDIO, MATERIAL PLÁSTICO;18047657000170;ALESSANDRA B. TONIETTI INSTRUMENTOS MUSICAIS;001;1;54,00;54,00;0,00;0,00;14,00;756,00;0,00;07/08/2025;02/09/2025;02/09/2026;Não;01/09/2025;01/09/2025
atas_itens_RT_2025_p1.json;2026-07-29 14:27:28;00092/2025;10673078000120-1-000039/2025-000015;10673078000120-1-000039/2025;15813205901702025;00057;90170;2025;05;Pregão;158132;INST.FED.DE EDUC.,CIENC.E TEC.DO MAT.G.DO SUL;382980;2085;ADAPTADOR;Material;ADAPTADOR, TIPO FÊMEA-FÊMEA, APLICAÇÃO USO EM AUDIO, MATERIAL METÁLICO, CONECTOR XLR;18047657000170;ALESSANDRA B. TONIETTI INSTRUMENTOS MUSICAIS;001;1;62,00;62,00;0,00;0,00;7,55;468,10;0,00;07/08/2025;02/09/2025;02/09/2026;Não;01/09/2025;01/09/2025
atas_itens_RT_2025_p1.json;2026-07-29 14:27:28;00092/2025;10673078000120-1-000039/2025-000015;10673078000120-1-000039/2025;15813205901702025;00058;90170;2025;05;Pregão;158132;INST.FED.DE EDUC.,CIENC.E TEC.DO MAT.G.DO SUL;368180;675;CABO AUDIOFREQUÊNCIA;Material;CABO AUDIOFREQUÊNCIA, DIÂMETRO MÁXIMO FIOS 0,30 MM, QUANTIDADE CONDUTORES 2, CARACTERÍSTICAS ADICIONAIS FIO ALMAK PARA MICROFONE STEREO, APLICAÇÃO ELETRONICA;18047657000170;ALESSANDRA B. TONIETTI INSTRUMENTOS MUSICAIS;001;1;1000,00;1000,00;0,00;0,00;5,77;5770,00;0,00;07/08/2025;02/09/2025;02/09/2026;Não;01/09/2025;01/09/2025
atas_itens_RT_2025_p1.json;2026-07-29 14:27:28;00092/2025;10673078000120-1-000039/2025-000015;10673078000120-1-000039/2025;15813205901702025;00059;90170;2025;05;Pregão;158132;INST.FED.DE EDUC.,CIENC.E TEC.DO MAT.G.DO SUL;432010;5575;CONECTOR ÁUDIO-VÍDEO;Material;CONECTOR ÁUDIO-VÍDEO, TIPO XLR FÊMEA X JACK P10 STEREO, MONTAGEM CHASSI, MATERIAL TERMOPLÁSTICO, CARACTERÍSTICAS ADICIONAIS TRAVA MECÂNICA;18047657000170;ALESSANDRA B. TONIETTI INSTRUMENTOS MUSICAIS;001;1;54,00;54,00;0,00;0,00;16,03;865,62;0,00;07/08/2025;02/09/2025;02/09/2026;Não;01/09/2025;01/09/2025
atas_itens_RT_2025_p1.json;2026-07-29 14:27:28;00092/2025;10673078000120-1-000039/2025-000015;10673078000120-1-000039/2025;15813205901702025;00060;90170;2025;05;Pregão;158132;INST.FED.DE EDUC.,CIENC.E TEC.DO MAT.G.DO SUL;450323;14943;CABO ÁUDIO E VÍDEO;Material;CABO ÁUDIO E VÍDEO, MATERIAL CONDUTOR COBRE, APLICAÇÃO ÁUDIO E VÍDEO, TIPO CABO BLINDADO E FLEXÍVEL, COMPRIMENTO 5 M, CONECTORES P10-XLR MACHO;18047657000170;ALESSANDRA B. TONIETTI INSTRUMENTOS MUSICAIS;001;1;16,00;16,00;0,00;0,00;33,58;537,28;0,00;07/08/2025;02/09/2025;02/09/2026;Não;01/09/2025;01/09/2025
atas_itens_RT_2025_p1.json;2026-07-29 14:27:28;00092/2025;10673078000120-1-000039/2025-000015;10673078000120-1-000039/2025;15813205901702025;00061;90170;2025;05;Pregão;158132;INST.FED.DE EDUC.,CIENC.E TEC.DO MAT.G.DO SUL;451749;14943;CABO ÁUDIO E VÍDEO;Material;CABO ÁUDIO E VÍDEO, MATERIAL CONDUTOR COBRE, MATERIAL ISOLAMENTO CONDUTOR POLIETILENO, APLICAÇÃO ÁUDIO E VÍDEO, COMPRIMENTO 2 M, CONECTORES 2 RCA- P2;18047657000170;ALESSANDRA B. TONIETTI INSTRUMENTOS MUSICAIS;001;1;26,00;26,00;0,00;0,00;16,75;435,50;0,00;07/08/2025;02/09/2025;02/09/2026;Não;01/09/2025;01/09/2025
atas_itens_RT_2025_p1.json;2026-07-29 14:27:28;00092/2025;10673078000120-1-000039/2025-000015;10673078000120-1-000039/2025;15813205901702025;00062;90170;2025;05;Pregão;158132;INST.FED.DE EDUC.,CIENC.E TEC.DO MAT.G.DO SUL;450326;14943;CABO ÁUDIO E VÍDEO;Material;CABO ÁUDIO E VÍDEO, MATERIAL CONDUTOR COBRE, APLICAÇÃO ÁUDIO E VÍDEO, TIPO CABO BLINDADO E FLEXÍVEL, COMPRIMENTO 5 M, CONECTORES 2 RCA MONO MACHO X 2 RCA MONO MACHO;18047657000170;ALESSANDRA B. TONIETTI INSTRUMENTOS MUSICAIS;001;1;8,00;8,00;0,00;0,00;25,65;205,20;0,00;07/08/2025;02/09/2025;02/09/2026;Não;01/09/2025;01/09/2025
atas_itens_RT_2025_p1.json;2026-07-29 14:27:28;00092/2025;10673078000120-1-000039/2025-000015;10673078000120-1-000039/2025;15813205901702025;00063;90170;2025;05;Pregão;158132;INST.FED.DE EDUC.,CIENC.E TEC.DO MAT.G.DO SUL;360591;14943;CABO ÁUDIO E VÍDEO;Material;CABO ÁUDIO E VÍDEO, APLICAÇÃO SISTEMA DE ÁUDIO E VÍDEO, CARACTERÍSTICAS ADICIONAIS XLR EM AMBAS AS PONTAS MEDUSA, TIPO CABO MULTICABO, QUANTIDADE DE VIAS 20;18047657000170;ALESSANDRA B. TONIETTI INSTRUMENTOS MUSICAIS;001;1;6,00;6,00;0,00;0,00;1640,00;9840,00;0,00;07/08/2025;02/09/2025;02/09/2026;Não;01/09/2025;01/09/2025
atas_itens_RT_2025_p1.json;2026-07-29 14:27:28;00092/2025;10673078000120-1-000039/2025-000015;10673078000120-1-000039/2025;15813205901702025;00081;90170;2025;05;Pregão;158132;INST.FED.DE EDUC.,CIENC.E TEC.DO MAT.G.DO SUL;236725;4170;CAIXA PROTETORA EQUIPAMENTO ELETRÔNICO;Material;CAIXA PROTETORA EQUIPAMENTO ELETRÔNICO, TIPO RACK, PADRÃO 19 POL, MATERIAL MADEIRA, REVESTIMENTO LAMINADO MELAMÍNICO, COR REVESTIMENTO PRETA, ACABAMENTO SUPERFICIAL ALUMÍNIO, PROFUNDIDADE 50 CM, ALTURA 96 CM, LARGURA 19 POL, CARACTERÍSTICAS ADICIONAIS COM CANTONEIRAS, COM ALÇAS LATERAIS, TAMPA FRONTA L , APLICAÇÃO AMPLIFICADOR;18047657000170;ALESSANDRA B. TONIETTI INSTRUMENTOS MUSICAIS;001;1;5,00;5,00;0,00;0,00;1965,00;9825,00;0,00;07/08/2025;02/09/2025;02/09/2026;Não;01/09/2025;01/09/2025
atas_itens_RT_2025_p1.json;2026-07-29 14:27:28;00092/2025;10673078000120-1-000039/2025-000015;10673078000120-1-000039/2025;15813205901702025;00082;90170;2025;05;Pregão;158132;INST.FED.DE EDUC.,CIENC.E TEC.DO MAT.G.DO SUL;396484;9732;MICROFONE;Material;MICROFONE, TIPO DE MÃO SEM FIO, RESPOSTA FREQÜÊNCIA 60HZ A 15 KHZ, TIPO RECEPTOR PG4 DEZ FREQUÊNCIAS EM UHF, ACESSÓRIOS TRANSMISSOR DE MÃO PG2/PG58 C/ CÁPSULA PG58 CP;18047657000170;ALESSANDRA B. TONIETTI INSTRUMENTOS MUSICAIS;001;1;26,00;26,00;0,00;0,00;400,00;10400,00;0,00;07/08/2025;02/09/2025;02/09/2026;Não;01/09/2025;01/09/2025
atas_itens_RT_2025_p1.json;2026-07-29 14:27:28;00092/2025;10673078000120-1-000039/2025-000015;10673078000120-1-000039/2025;15813205901702025;00083;90170;2025;05;Pregão;158132;INST.FED.DE EDUC.,CIENC.E TEC.DO MAT.G.DO SUL;391837;9732;MICROFONE;Material;"MICROFONE, TIPO LAPELA SEM FIO, ALIMENTAÇÃO BATERIA DE 9 V, RESPOSTA FREQÜÊNCIA 50HZ A 20 KHZ, CARACTERÍSTICAS ADICIONAIS DISPLAY LED;1 RECEPTOR, ALCANCE 100 M, RELAÇÃO SINAL/ RUIDO 98 DB";18047657000170;ALESSANDRA B. TONIETTI INSTRUMENTOS MUSICAIS;001;1;30,00;30,00;0,00;0,00;300,00;9000,00;0,00;07/08/2025;02/09/2025;02/09/2026;Não;01/09/2025;01/09/2025
atas_itens_RT_2025_p1.json;2026-07-29 14:27:28;00092/2025;10673078000120-1-000039/2025-000015;10673078000120-1-000039/2025;15813205901702025;00084;90170;2025;05;Pregão;158132;INST.FED.DE EDUC.,CIENC.E TEC.DO MAT.G.DO SUL;377632;17478;SUPORTE MICROFONE;Material;SUPORTE MICROFONE, MATERIAL PLASTICO INJETADO, TIPO CACHIMBO, APLICAÇÃO AUDIO, CARACTERÍSTICAS ADICIONAIS ROSCA DE LATÃO, DIAMETRO 25 MM, USO PARA SM 58, COR PRETO;18047657000170;ALESSANDRA B. TONIETTI INSTRUMENTOS MUSICAIS;001;1;6,00;6,00;0,00;0,00;28,00;168,00;0,00;07/08/2025;02/09/2025;02/09/2026;Não;01/09/2025;01/09/2025
atas_itens_RT_2025_p1.json;2026-07-29 14:27:28;00093/2025;10673078000120-1-000039/2025-000016;10673078000120-1-000039/2025;15813205901702025;00073;90170;2025;05;Pregão;158132;INST.FED.DE EDUC.,CIENC.E TEC.DO MAT.G.DO SUL;317246;7405;FERRO PASSAR ROUPA;Material;FERRO PASSAR ROUPA, TIPO ELÉTRICO VAPOR E SPRAY, TENSÃO ALIMENTAÇÃO 110/220 V, CARACTERÍSTICAS ADICIONAIS ANTI-ADERENTE, AUTO LIMPANTE, LÂMPADA PILOTO E GA, CONSUMO 0,96 KW/H;54638483000183;M & J REFRIGERACAO LTDA;001;1;4,00;4,00;0,00;0,00;109,45;437,80;0,00;07/08/2025;02/09/2025;02/09/2026;Não;01/09/2025;01/09/2025
atas_itens_RT_2025_p1.json;2026-07-29 14:27:28;00094/2025;10673078000120-1-000039/2025-000017;10673078000120-1-000039/2025;15813205901702025;00001;90170;2025;05;Pregão;158132;INST.FED.DE EDUC.,CIENC.E TEC.DO MAT.G.DO SUL;613391;11336;PULPITO PORTATIL;Material;PULPITO PORTATIL, MATERIAL ACRÍLICO, ESPESSURA DO TAMPO 10 MM, ALTURA 120 CM, PROFUNDIDADE 40 CM, LARGURA 50 CM, CARACTERíSTICAS ADICIONAIS INTEIRIÇO/1 PRATELEIRA/PÉS DE APOIO;47620121000108;EMPREENDIMENTO NTM LTDA;001;1;11,00;11,00;0,00;0,00;920,00;10120,00;0,00;07/08/2025;02/09/2025;02/09/2026;Não;01/09/2025;01/09/2025
atas_itens_RT_2025_p1.json;2026-07-29 14:27:28;00094/2025;10673078000120-1-000039/2025-000017;10673078000120-1-000039/2025;15813205901702025;00003;90170;2025;05;Pregão;158132;INST.FED.DE EDUC.,CIENC.E TEC.DO MAT.G.DO SUL;469725;18482;CAPA PROTETORA;Material;CAPA PROTETORA, MATERIAL COURO SINTÉTICO, APLICAÇÃO ENCOSTO PARA CADEIRA, CARACTERÍSTICAS ADICIONAIS COSTURA INTERNA/ELÁSTICO NAS LATERAIS/PERSONALIZA D , DIMENSÕES 43 X 43 CM;47620121000108;EMPREENDIMENTO NTM LTDA;001;1;165,00;165,00;0,00;0,00;26,99;4453,35;0,00;07/08/2025;02/09/2025;02/09/2026;Não;01/09/2025;01/09/2025
atas_itens_RT_2025_p1.json;2026-07-29 14:27:28;00094/2025;10673078000120-1-000039/2025-000017;10673078000120-1-000039/2025;15813205901702025;00004;90170;2025;05;Pregão;158132;INST.FED.DE EDUC.,CIENC.E TEC.DO MAT.G.DO SUL;469725;18482;CAPA PROTETORA;Material;CAPA PROTETORA, MATERIAL COURO SINTÉTICO, APLICAÇÃO ENCOSTO PARA CADEIRA, CARACTERÍSTICAS ADICIONAIS COSTURA INTERNA/ELÁSTICO NAS LATERAIS/PERSONALIZA D , DIMENSÕES 43 X 43 CM;47620121000108;EMPREENDIMENTO NTM LTDA;001;1;1240,00;1240,00;0,00;0,00;26,90;33356,00;0,00;07/08/2025;02/09/2025;02/09/2026;Não;01/09/2025;01/09/2025
atas_itens_RT_2025_p1.json;2026-07-29 14:27:28;00094/2025;10673078000120-1-000039/2025-000017;10673078000120-1-000039/2025;15813205901702025;00016;90170;2025;05;Pregão;158132;INST.FED.DE EDUC.,CIENC.E TEC.DO MAT.G.DO SUL;604841;9495;VESTUÁRIO ESPECIAL / ACESSÓRIOS;Material;VESTUÁRIO ESPECIAL / ACESSÓRIOS, TIPO PELERINE, MATERIAL CETIM, COR AZUL, APLICAçãO SOLENIDADES;47620121000108;EMPREENDIMENTO NTM LTDA;001;1;27,00;27,00;0,00;0,00;191,00;5157,00;0,00;07/08/2025;02/09/2025;02/09/2026;Não;01/09/2025;01/09/2025
atas_itens_RT_2025_p1.json;2026-07-29 14:27:28;00094/2025;10673078000120-1-000039/2025-000017;10673078000120-1-000039/2025;15813205901702025;00017;90170;2025;05;Pregão;158132;INST.FED.DE EDUC.,CIENC.E TEC.DO MAT.G.DO SUL;607782;9495;VESTUÁRIO ESPECIAL / ACESSÓRIOS;Material;VESTUÁRIO ESPECIAL / ACESSÓRIOS, TIPO PELERINE, MATERIAL CETIM, COR VERDE, APLICAçãO SOLENIDADES;47620121000108;EMPREENDIMENTO NTM LTDA;001;1;12,00;12,00;0,00;0,00;191,00;2292,00;0,00;07/08/2025;02/09/2025;02/09/2026;Não;01/09/2025;01/09/2025
atas_itens_RT_2025_p1.json;2026-07-29 14:27:28;00094/2025;10673078000120-1-000039/2025-000017;10673078000120-1-000039/2025;15813205901702025;00018;90170;2025;05;Pregão;158132;INST.FED.DE EDUC.,CIENC.E TEC.DO MAT.G.DO SUL;607785;9495;VESTUÁRIO ESPECIAL / ACESSÓRIOS;Material;VESTUÁRIO ESPECIAL / ACESSÓRIOS, TIPO FAIXA, MATERIAL CETIM, COR AMARELO, APLICAçãO SOLENIDADES;47620121000108;EMPREENDIMENTO NTM LTDA;001;1;8,00;8,00;0,00;0,00;191,00;1528,00;0,00;07/08/2025;02/09/2025;02/09/2026;Não;01/09/2025;01/09/2025
atas_itens_RT_2025_p1.json;2026-07-29 14:27:28;00094/2025;10673078000120-1-000039/2025-000017;10673078000120-1-000039/2025;15813205901702025;00019;90170;2025;05;Pregão;158132;INST.FED.DE EDUC.,CIENC.E TEC.DO MAT.G.DO SUL;604839;9495;VESTUÁRIO ESPECIAL / ACESSÓRIOS;Material;VESTUÁRIO ESPECIAL / ACESSÓRIOS, TIPO JABÔ, MATERIAL RENDA, COR BRANCO, APLICAçãO SOLENIDADES, TAMANHO SOB MEDIDA, CARACTERíSTICAS ADICIONAIS CONFORME MODELO;47620121000108;EMPREENDIMENTO NTM LTDA;001;1;3,00;3,00;0,00;0,00;191,00;573,00;0,00;07/08/2025;02/09/2025;02/09/2026;Não;01/09/2025;01/09/2025
atas_itens_RT_2025_p1.json;2026-07-29 14:27:28;00095/2025;10673078000120-1-000039/2025-000018;10673078000120-1-000039/2025;15813205901702025;00072;90170;2025;05;Pregão;158132;INST.FED.DE EDUC.,CIENC.E TEC.DO MAT.G.DO SUL;394724;112;TUBO PORTA-DOCUMENTO;Material;TUBO PORTA-DOCUMENTO, MATERIAL PAPELÃO, DIÂMETRO INTERNO 5 CM, COMPRIMENTO 30 CM, APLICAÇÃO EMBALAGEM PARA DIPLOMAS, CARACTERÍSTICAS ADICIONAIS REVESTIDO CAMURÇA AZUL MARINHO/SEM BORDA/FRISO PR A;27176482000191;DOUGLAS CORDEIRO LTDA;001;1;600,00;600,00;0,00;0,00;4,87;2922,00;0,00;07/08/2025;02/09/2025;02/09/2026;Não;01/09/2025;01/09/2025
atas_itens_RT_2025_p1.json;2026-07-29 14:27:28;00056/2025;10673078000120-1-000041/2025-000001;10673078000120-1-000041/2025;15813205900812025;00001;90081;2025;05;Pregão;158132;INST.FED.DE EDUC.,CIENC.E TEC.DO MAT.G.DO SUL;614916;16741;veículos teleguiados;Material;AERONAVES TELEGUIADAS, TIPO AERONAVE REMOTAMENTE PILOTADA (DRONE), QUANTIDADE MOTORES 4 MOTORES, TAMANHO DIAGONAL 350 MM, PESO MÁXIMO 1.375 G, VELOCIDADE ASCENSÃO VERTICAL 6 M/S, CARACTERÍSTICAS ADICIONAIS CMOS DE 20 MEGAPIXELS DE 1POL, CÂMERA 4K;32907435000100;NW DRONES COMERCIO E MANUTENCAO DE DRONES LTDA;001;1;4,00;4,00;0,00;8,00;44300,00;177200,00;0,00;01/07/2025;02/07/2025;02/07/2026;Não;02/07/2025;02/07/2025
atas_itens_RT_2023_p1.json;2026-07-29 14:27:27;00001/2023;10673078000120-1-000047/2023-000001;10673078000120-1-000047/2023;15813205000202023;00001;00020;2023;05;Pregão;158132;INST.FED.DE EDUC.,CIENC.E TEC.DO MAT.G.DO SUL;3719;;;Serviço;Prestação de Serviços de Agenciamento de Viagens (Taxa de Agenciamento);26722189000110;CERRADO VIAGENS LTDA;001;1;11515,00;11515,00;0,00;23030,00;0,01;115,15;0,00;01/11/2023;06/11/2023;06/11/2024;Não;06/11/2023;06/11/2023
atas_itens_RT_2023_p1.json;2026-07-29 14:27:27;00001/2023;10673078000120-1-000047/2023-000001;10673078000120-1-000047/2023;15813205000202023;00002;00020;2023;05;Pregão;158132;INST.FED.DE EDUC.,CIENC.E TEC.DO MAT.G.DO SUL;3719;;;Serviço;Prestação de Serviços de Agenciamento de Viagens- Repasse de seguro de viagem;26722189000110;CERRADO VIAGENS LTDA;001;1;1241,00;1241,00;0,00;2482,00;0,01;12,41;0,00;01/11/2023;06/11/2023;06/11/2024;Não;06/11/2023;06/11/2023
atas_itens_RT_2023_p1.json;2026-07-29 14:27:27;00001/2023;10673078000120-1-000047/2023-000001;10673078000120-1-000047/2023;15813205000202023;00003;00020;2023;05;Pregão;158132;INST.FED.DE EDUC.,CIENC.E TEC.DO MAT.G.DO SUL;3719;;;Serviço;Agenciamento de Viagens- Repasse - emissão de passagens aéreas Internacionais;26722189000110;CERRADO VIAGENS LTDA;001;1;1241,00;1241,00;0,00;2482,00;1866,73;2316611,93;0,00;01/11/2023;06/11/2023;06/11/2024;Não;06/11/2023;06/11/2023
atas_itens_RT_2023_p1.json;2026-07-29 14:27:27;00001/2023;10673078000120-1-000047/2023-000001;10673078000120-1-000047/2023;15813205000202023;00004;00020;2023;05;Pregão;158132;INST.FED.DE EDUC.,CIENC.E TEC.DO MAT.G.DO SUL;3719;;;Serviço;Prestação de Serviços de Agenciamento de Viagens- emissão de passagens aéreas nacionais;26722189000110;CERRADO VIAGENS LTDA;001;1;7256,00;7256,00;0,00;14512,00;1326,50;9625084,00;0,00;01/11/2023;06/11/2023;06/11/2024;Não;06/11/2023;06/11/2023
atas_itens_RT_2023_p1.json;2026-07-29 14:27:27;00001/2023;10673078000120-1-000047/2023-000001;10673078000120-1-000047/2023;15813205000202023;00005;00020;2023;05;Pregão;158132;INST.FED.DE EDUC.,CIENC.E TEC.DO MAT.G.DO SUL;3719;;;Serviço;Prestação de Serviços de Agenciamento de Viagens- Emissão de passagens Rodoviá rias;26722189000110;CERRADO VIAGENS LTDA;001;1;1663,00;1663,00;0,00;3326,00;251,99;419059,37;0,00;01/11/2023;06/11/2023;06/11/2024;Não;06/11/2023;06/11/2023
atas_itens_RT_2025_p1.json;2026-07-29 14:27:28;00062/2025;10673078000120-1-000047/2025-000001;10673078000120-1-000047/2025;15813205900862025;00001;90086;2025;05;Pregão;158132;INST.FED.DE EDUC.,CIENC.E TEC.DO MAT.G.DO SUL;22870;;;Serviço;Prestação de serviços contínuos de monitoramento remoto 24 horas, com acioname nto de alarmes e comunicação imediata em caso de ocorrências.;18717282000108;SEGURANCA ELETRONICA NAVIRAI LTDA;001;1;60,00;60,00;0,00;0,00;200,00;12000,00;0,00;06/08/2025;07/08/2025;06/08/2026;Não;06/08/2025;06/08/2025
atas_itens_RT_2025_p1.json;2026-07-29 14:27:28;00062/2025;10673078000120-1-000047/2025-000001;10673078000120-1-000047/2025;15813205900862025;00002;90086;2025;05;Pregão;158132;INST.FED.DE EDUC.,CIENC.E TEC.DO MAT.G.DO SUL;14818;;;Serviço;Fornecimento e manutenção de equipamentos necessários para o serviço de monito ramento, em regime de comodato, sem custo adicional para a Administração.;18717282000108;SEGURANCA ELETRONICA NAVIRAI LTDA;001;1;60,00;60,00;0,00;0,00;1500,00;90000,00;0,00;06/08/2025;07/08/2025;06/08/2026;Não;06/08/2025;06/08/2025
atas_itens_RT_2025_p1.json;2026-07-29 14:27:28;00062/2025;10673078000120-1-000047/2025-000001;10673078000120-1-000047/2025;15813205900862025;00003;90086;2025;05;Pregão;158132;INST.FED.DE EDUC.,CIENC.E TEC.DO MAT.G.DO SUL;14826;;;Serviço;Prestação de serviço de instalação inicial do sistema de monitoramento de alar me, incluindo configuração e testes, com cobrança única.;18717282000108;SEGURANCA ELETRONICA NAVIRAI LTDA;001;1;1,00;1,00;0,00;0,00;1500,00;1500,00;0,00;06/08/2025;07/08/2025;06/08/2026;Não;06/08/2025;06/08/2025
atas_itens_RT_2025_p1.json;2026-07-29 14:27:28;00062/2025;10673078000120-1-000047/2025-000001;10673078000120-1-000047/2025;15813205900862025;00004;90086;2025;05;Pregão;158132;INST.FED.DE EDUC.,CIENC.E TEC.DO MAT.G.DO SUL;22870;;;Serviço;Prestação de serviços contínuos de monitoramento remoto 24 horas, com acioname nto de alarmes e comunicação imediata em caso de ocorrências.;18717282000108;SEGURANCA ELETRONICA NAVIRAI LTDA;001;1;60,00;60,00;0,00;0,00;170,00;10200,00;0,00;06/08/2025;07/08/2025;06/08/2026;Não;06/08/2025;06/08/2025
atas_itens_RT_2025_p1.json;2026-07-29 14:27:28;00062/2025;10673078000120-1-000047/2025-000001;10673078000120-1-000047/2025;15813205900862025;00005;90086;2025;05;Pregão;158132;INST.FED.DE EDUC.,CIENC.E TEC.DO MAT.G.DO SUL;14818;;;Serviço;Fornecimento e manutenção de equipamentos necessários para o serviço de monito ramento, em regime de comodato, sem custo adicional para a Administração.;18717282000108;SEGURANCA ELETRONICA NAVIRAI LTDA;001;1;60,00;60,00;0,00;0,00;1465,00;87900,00;0,00;06/08/2025;07/08/2025;06/08/2026;Não;06/08/2025;06/08/2025
atas_itens_RT_2025_p1.json;2026-07-29 14:27:28;00062/2025;10673078000120-1-000047/2025-000001;10673078000120-1-000047/2025;15813205900862025;00006;90086;2025;05;Pregão;158132;INST.FED.DE EDUC.,CIENC.E TEC.DO MAT.G.DO SUL;14826;;;Serviço;Prestação de serviço de instalação inicial do sistema de monitoramento de alar me, incluindo configuração e testes, com cobrança única.;18717282000108;SEGURANCA ELETRONICA NAVIRAI LTDA;001;1;1,00;1,00;0,00;0,00;1895,00;1895,00;0,00;06/08/2025;07/08/2025;06/08/2026;Não;06/08/2025;06/08/2025
atas_itens_RT_2025_p1.json;2026-07-29 14:27:28;00063/2025;10673078000120-1-000047/2025-000002;10673078000120-1-000047/2025;15813205900862025;00007;90086;2025;05;Pregão;158132;INST.FED.DE EDUC.,CIENC.E TEC.DO MAT.G.DO SUL;14826;;;Serviço;Prestação de serviço de instalação inicial do sistema de monitoramento de alar me, incluindo configuração e testes, além da prestação de serviços contínuos d e monitoramento remoto 24 horas, com acionamento de alarmes e comunicação imed iata em caso de ocorrências.;09376330000150;MS SECURITY SERVICO DE SEGURANCA PATRIMONIAL LTDA;001;1;60,00;60,00;0,00;0,00;2350,00;141000,00;0,00;06/08/2025;07/08/2025;06/08/2026;Não;06/08/2025;06/08/2025
atas_itens_RT_2025_p1.json;2026-07-29 14:27:28;00063/2025;10673078000120-1-000047/2025-000002;10673078000120-1-000047/2025;15813205900862025;00008;90086;2025;05;Pregão;158132;INST.FED.DE EDUC.,CIENC.E TEC.DO MAT.G.DO SUL;22870;;;Serviço;Prestação de serviços contínuos de monitoramento remoto 24 horas, com acioname nto de alarmes e comunicação imediata em caso de ocorrências.;09376330000150;MS SECURITY SERVICO DE SEGURANCA PATRIMONIAL LTDA;001;1;60,00;60,00;0,00;0,00;940,00;56400,00;0,00;06/08/2025;07/08/2025;06/08/2026;Não;06/08/2025;06/08/2025
atas_itens_RT_2025_p1.json;2026-07-29 14:27:28;00063/2025;10673078000120-1-000047/2025-000002;10673078000120-1-000047/2025;15813205900862025;00009;90086;2025;05;Pregão;158132;INST.FED.DE EDUC.,CIENC.E TEC.DO MAT.G.DO SUL;14826;;;Serviço;Prestação de serviço de instalação inicial do sistema de monitoramento de alar me, incluindo configuração e testes, com cobrança única.;09376330000150;MS SECURITY SERVICO DE SEGURANCA PATRIMONIAL LTDA;001;1;1,00;1,00;0,00;0,00;2100,00;2100,00;0,00;06/08/2025;07/08/2025;06/08/2026;Não;06/08/2025;06/08/2025
atas_itens_RT_2023_p1.json;2026-07-29 14:27:27;00020/2023;10673078000120-1-000052/2023-000001;10673078000120-1-000052/2023;15813205000192023;00001;00019;2023;05;Pregão;158132;INST.FED.DE EDUC.,CIENC.E TEC.DO MAT.G.DO SUL;14044;;;Serviço;Serviço, sob demanda, de capina, roçagem de vegetação e gramado em solo natura l, estacionamentos, pavers, meios-fios e calçamentos nas áreas interna e exte rna da edificação do campus. IFMS CAMPUS COXIM;14509513000137;REZENDE E CARVALHO LTDA;001;1;315855,00;315855,00;0,00;0,00;0,37;116866,35;0,00;17/11/2023;18/11/2023;18/11/2024;Não;17/11/2023;17/11/2023
atas_itens_RT_2023_p1.json;2026-07-29 14:27:27;00020/2023;10673078000120-1-000052/2023-000001;10673078000120-1-000052/2023;15813205000192023;00002;00019;2023;05;Pregão;158132;INST.FED.DE EDUC.,CIENC.E TEC.DO MAT.G.DO SUL;15130;;;Serviço;Serviço, sob demanda, de poda de árvores e arbustos de pequeno porte, até 5 me tros, localizados nas áreas interna e externa da edificação do campus. IFMS CA MPUS COXIM;14509513000137;REZENDE E CARVALHO LTDA;001;1;60,00;60,00;0,00;0,00;80,00;4800,00;0,00;17/11/2023;18/11/2023;18/11/2024;Não;17/11/2023;17/11/2023
atas_itens_RT_2023_p1.json;2026-07-29 14:27:27;00020/2023;10673078000120-1-000052/2023-000001;10673078000120-1-000052/2023;15813205000192023;00003;00019;2023;05;Pregão;158132;INST.FED.DE EDUC.,CIENC.E TEC.DO MAT.G.DO SUL;15130;;;Serviço;Serviço, sob demanda, de poda de árvores de médio porte, entre 6 e 10 metros, localizadas nas áreas interna e externa da edificação do campus. IFMS CAMPUS C OXIM;14509513000137;REZENDE E CARVALHO LTDA;001;1;120,00;120,00;0,00;0,00;100,00;12000,00;0,00;17/11/2023;18/11/2023;18/11/2024;Não;17/11/2023;17/11/2023
atas_itens_RT_2023_p1.json;2026-07-29 14:27:27;00020/2023;10673078000120-1-000052/2023-000001;10673078000120-1-000052/2023;15813205000192023;00004;00019;2023;05;Pregão;158132;INST.FED.DE EDUC.,CIENC.E TEC.DO MAT.G.DO SUL;15130;;;Serviço;Serviço, sob demanda, de poda de árvores de grande porte, superior a 10 metros , localizadas nas áreas interna e externa da edificação do campus. IFMS CAMPUS COXIM;14509513000137;REZENDE E CARVALHO LTDA;001;1;60,00;60,00;0,00;0,00;180,00;10800,00;0,00;17/11/2023;18/11/2023;18/11/2024;Não;17/11/2023;17/11/2023
atas_itens_RT_2023_p1.json;2026-07-29 14:27:27;00020/2023;10673078000120-1-000052/2023-000001;10673078000120-1-000052/2023;15813205000192023;00005;00019;2023;05;Pregão;158132;INST.FED.DE EDUC.,CIENC.E TEC.DO MAT.G.DO SUL;15130;;;Serviço;Serviço, sob demanda, de supressão ou extração de árvores e arbustos de pequen o porte, até 5 metros, localizados nas áreas interna e externa da edificação d o campus. IFMS CAMPUS COXIM;14509513000137;REZENDE E CARVALHO LTDA;001;1;20,00;20,00;0,00;0,00;90,00;1800,00;0,00;17/11/2023;18/11/2023;18/11/2024;Não;17/11/2023;17/11/2023
atas_itens_RT_2023_p1.json;2026-07-29 14:27:27;00020/2023;10673078000120-1-000052/2023-000001;10673078000120-1-000052/2023;15813205000192023;00006;00019;2023;05;Pregão;158132;INST.FED.DE EDUC.,CIENC.E TEC.DO MAT.G.DO SUL;15130;;;Serviço;Serviço, sob demanda, de supressão ou extração de árvores de médio porte, entr e 6 e 10 metros, localizadas nas áreas interna e externa da edificação do camp us. IFMS CAMPUS COXIM;14509513000137;REZENDE E CARVALHO LTDA;001;1;20,00;20,00;0,00;0,00;120,00;2400,00;0,00;17/11/2023;18/11/2023;18/11/2024;Não;17/11/2023;17/11/2023
atas_itens_RT_2023_p1.json;2026-07-29 14:27:27;00020/2023;10673078000120-1-000052/2023-000001;10673078000120-1-000052/2023;15813205000192023;00007;00019;2023;05;Pregão;158132;INST.FED.DE EDUC.,CIENC.E TEC.DO MAT.G.DO SUL;15130;;;Serviço;Serviço, sob demanda, de supressão e extração de árvores de grande porte, supe rior a 10 metros, localizadas nas áreas interna e externa da edificação do cam pus. IFMS CAMPUS COXIM.;14509513000137;REZENDE E CARVALHO LTDA;001;1;20,00;20,00;0,00;0,00;190,00;3800,00;0,00;17/11/2023;18/11/2023;18/11/2024;Não;17/11/2023;17/11/2023
atas_itens_RT_2023_p1.json;2026-07-29 14:27:27;00020/2023;10673078000120-1-000052/2023-000001;10673078000120-1-000052/2023;15813205000192023;00008;00019;2023;05;Pregão;158132;INST.FED.DE EDUC.,CIENC.E TEC.DO MAT.G.DO SUL;14044;;;Serviço;Serviço, sob demanda, de capina, roçagem de vegetação e gramado em solo natura l nas áreas externas da edificação do campus. IFMS CAMPUS AQUIDAUANA;14509513000137;REZENDE E CARVALHO LTDA;001;1;210000,00;210000,00;0,00;0,00;0,19;39900,00;0,00;17/11/2023;18/11/2023;18/11/2024;Não;17/11/2023;17/11/2023
atas_itens_RT_2023_p1.json;2026-07-29 14:27:27;00020/2023;10673078000120-1-000052/2023-000001;10673078000120-1-000052/2023;15813205000192023;00009;00019;2023;05;Pregão;158132;INST.FED.DE EDUC.,CIENC.E TEC.DO MAT.G.DO SUL;14044;;;Serviço;Serviço, sob demanda, de capina, roçagem de vegetação e gramado em solo natura l, estacionamentos, pavers, meios-fios e calçamentos nas áreas interna e exte rna da edificação do campus. IFMS CAMPUS CAMPO GRANDE;14509513000137;REZENDE E CARVALHO LTDA;001;1;306484,00;306484,00;0,00;0,00;0,24;73556,16;0,00;17/11/2023;18/11/2023;18/11/2024;Não;17/11/2023;17/11/2023
atas_itens_RT_2023_p1.json;2026-07-29 14:27:27;00020/2023;10673078000120-1-000052/2023-000001;10673078000120-1-000052/2023;15813205000192023;00010;00019;2023;05;Pregão;158132;INST.FED.DE EDUC.,CIENC.E TEC.DO MAT.G.DO SUL;15130;;;Serviço;Serviço, sob demanda, de poda de árvores de médio porte, entre 6 e 10 metros, localizadas nas áreas interna e externa da edificação do campus. IFMS CAMPUS C AMPO GRANDE.;14509513000137;REZENDE E CARVALHO LTDA;001;1;60,00;60,00;0,00;0,00;70,00;4200,00;0,00;17/11/2023;18/11/2023;18/11/2024;Não;17/11/2023;17/11/2023
atas_itens_RT_2023_p1.json;2026-07-29 14:27:27;00020/2023;10673078000120-1-000052/2023-000001;10673078000120-1-000052/2023;15813205000192023;00011;00019;2023;05;Pregão;158132;INST.FED.DE EDUC.,CIENC.E TEC.DO MAT.G.DO SUL;14044;;;Serviço;Serviço, sob demanda, de capina, roçagem de vegetação e gramado em solo natura l, estacionamentos, pavers, meios-fios e calçamentos nas áreas interna e exter na da edificação do campus. FMS CAMPUS CORUMBÁ;14509513000137;REZENDE E CARVALHO LTDA;001;1;625998,00;625998,00;0,00;0,00;0,33;206579,34;0,00;17/11/2023;18/11/2023;18/11/2024;Não;17/11/2023;17/11/2023
atas_itens_RT_2023_p1.json;2026-07-29 14:27:27;00020/2023;10673078000120-1-000052/2023-000001;10673078000120-1-000052/2023;15813205000192023;00012;00019;2023;05;Pregão;158132;INST.FED.DE EDUC.,CIENC.E TEC.DO MAT.G.DO SUL;15130;;;Serviço;Serviço, sob demanda, de poda de árvores e arbustos de pequeno porte, até 5 me tros, localizados nas áreas interna e externa da edificação do campus. IFMS CA MPUS CORUMBÁ;14509513000137;REZENDE E CARVALHO LTDA;001;1;10,00;10,00;0,00;0,00;80,00;800,00;0,00;17/11/2023;18/11/2023;18/11/2024;Não;17/11/2023;17/11/2023
atas_itens_RT_2023_p1.json;2026-07-29 14:27:27;00020/2023;10673078000120-1-000052/2023-000001;10673078000120-1-000052/2023;15813205000192023;00013;00019;2023;05;Pregão;158132;INST.FED.DE EDUC.,CIENC.E TEC.DO MAT.G.DO SUL;15130;;;Serviço;Serviço, sob demanda, de poda de árvores de médio porte, entre 6 e 10 metros, localizadas nas áreas interna e externa da edificação do campus. IFMS CAMPUS C ORUMBÁ;14509513000137;REZENDE E CARVALHO LTDA;001;1;10,00;10,00;0,00;0,00;120,00;1200,00;0,00;17/11/2023;18/11/2023;18/11/2024;Não;17/11/2023;17/11/2023
atas_itens_RT_2023_p1.json;2026-07-29 14:27:27;00020/2023;10673078000120-1-000052/2023-000001;10673078000120-1-000052/2023;15813205000192023;00014;00019;2023;05;Pregão;158132;INST.FED.DE EDUC.,CIENC.E TEC.DO MAT.G.DO SUL;15130;;;Serviço;Serviço, sob demanda, de poda de árvores de grande porte, superior a 10 metros , localizadas nas áreas interna e externa da edificação do campus. IFMS CAMPUS CORUMBÁ;14509513000137;REZENDE E CARVALHO LTDA;001;1;10,00;10,00;0,00;0,00;190,00;1900,00;0,00;17/11/2023;18/11/2023;18/11/2024;Não;17/11/2023;17/11/2023
atas_itens_RT_2023_p1.json;2026-07-29 14:27:27;00020/2023;10673078000120-1-000052/2023-000001;10673078000120-1-000052/2023;15813205000192023;00015;00019;2023;05;Pregão;158132;INST.FED.DE EDUC.,CIENC.E TEC.DO MAT.G.DO SUL;15130;;;Serviço;Serviço, sob demanda, de supressão ou extração de árvores e arbustos de pequen o porte, até 5 metros, localizados nas áreas interna e externa da edificação d o campus. IFMS CAMPUS CORUMBÁ;14509513000137;REZENDE E CARVALHO LTDA;001;1;200,00;200,00;0,00;0,00;97,00;19400,00;0,00;17/11/2023;18/11/2023;18/11/2024;Não;17/11/2023;17/11/2023
atas_itens_RT_2023_p1.json;2026-07-29 14:27:27;00020/2023;10673078000120-1-000052/2023-000001;10673078000120-1-000052/2023;15813205000192023;00016;00019;2023;05;Pregão;158132;INST.FED.DE EDUC.,CIENC.E TEC.DO MAT.G.DO SUL;15130;;;Serviço;Serviço, sob demanda, de supressão ou extração de árvores de médio porte, entr e 6 e 10 metros, localizadas nas áreas interna e externa da edificação do camp us - IFMS CAMPUS CORUMBÁ.;14509513000137;REZENDE E CARVALHO LTDA;001;1;200,00;200,00;0,00;0,00;130,00;26000,00;0,00;17/11/2023;18/11/2023;18/11/2024;Não;17/11/2023;17/11/2023
atas_itens_RT_2023_p1.json;2026-07-29 14:27:27;00020/2023;10673078000120-1-000052/2023-000001;10673078000120-1-000052/2023;15813205000192023;00017;00019;2023;05;Pregão;158132;INST.FED.DE EDUC.,CIENC.E TEC.DO MAT.G.DO SUL;15130;;;Serviço;Serviço, sob demanda, de supressão e extração de árvores de grande porte, supe rior a 10 metros, localizadas nas áreas interna e externa da edificação do cam pus. IFMS CAMPUS CORUMBÁ;14509513000137;REZENDE E CARVALHO LTDA;001;1;100,00;100,00;0,00;0,00;100,00;10000,00;0,00;17/11/2023;18/11/2023;18/11/2024;Não;17/11/2023;17/11/2023
atas_itens_RT_2023_p1.json;2026-07-29 14:27:27;00020/2023;10673078000120-1-000052/2023-000001;10673078000120-1-000052/2023;15813205000192023;00018;00019;2023;05;Pregão;158132;INST.FED.DE EDUC.,CIENC.E TEC.DO MAT.G.DO SUL;14044;;;Serviço;Serviço, sob demanda, de capina, roçagem de vegetação e gramado em solo natura l, estacionamentos, pavers, meios-fios e calçamentos nas áreas interna e exter na da edificação do campus. IFMS CAMPUS DOURADOS;14509513000137;REZENDE E CARVALHO LTDA;001;1;314000,00;314000,00;0,00;0,00;0,34;106760,00;0,00;17/11/2023;18/11/2023;18/11/2024;Não;17/11/2023;17/11/2023
atas_itens_RT_2023_p1.json;2026-07-29 14:27:27;00020/2023;10673078000120-1-000052/2023-000001;10673078000120-1-000052/2023;15813205000192023;00019;00019;2023;05;Pregão;158132;INST.FED.DE EDUC.,CIENC.E TEC.DO MAT.G.DO SUL;15130;;;Serviço;Serviço, sob demanda, de poda de árvores e arbustos de pequeno porte, até 5 me tros, localizados nas áreas interna e externa da edificação do campus. IFMS CA MPUS DOURADOS.;14509513000137;REZENDE E CARVALHO LTDA;001;1;30,00;30,00;0,00;0,00;80,00;2400,00;0,00;17/11/2023;18/11/2023;18/11/2024;Não;17/11/2023;17/11/2023
atas_itens_RT_2023_p1.json;2026-07-29 14:27:27;00020/2023;10673078000120-1-000052/2023-000001;10673078000120-1-000052/2023;15813205000192023;00020;00019;2023;05;Pregão;158132;INST.FED.DE EDUC.,CIENC.E TEC.DO MAT.G.DO SUL;15130;;;Serviço;Serviço, sob demanda, de poda de árvores de médio porte, entre 6 e 10 metros, localizadas nas áreas interna e externa da edificação do campus.IFMS CAMPUS DO URADOS;14509513000137;REZENDE E CARVALHO LTDA;001;1;30,00;30,00;0,00;0,00;130,00;3900,00;0,00;17/11/2023;18/11/2023;18/11/2024;Não;17/11/2023;17/11/2023
atas_itens_RT_2023_p1.json;2026-07-29 14:27:27;00020/2023;10673078000120-1-000052/2023-000001;10673078000120-1-000052/2023;15813205000192023;00021;00019;2023;05;Pregão;158132;INST.FED.DE EDUC.,CIENC.E TEC.DO MAT.G.DO SUL;15130;;;Serviço;Serviço, sob demanda, de poda de árvores de grande porte, superior a 10 metros , localizadas nas áreas interna e externa da edificação do campus. IFMS CAMPUS DOURADOS;14509513000137;REZENDE E CARVALHO LTDA;001;1;10,00;10,00;0,00;0,00;220,00;2200,00;0,00;17/11/2023;18/11/2023;18/11/2024;Não;17/11/2023;17/11/2023
atas_itens_RT_2023_p1.json;2026-07-29 14:27:27;00020/2023;10673078000120-1-000052/2023-000001;10673078000120-1-000052/2023;15813205000192023;00022;00019;2023;05;Pregão;158132;INST.FED.DE EDUC.,CIENC.E TEC.DO MAT.G.DO SUL;15130;;;Serviço;Serviço, sob demanda, de supressão ou extração de árvores e arbustos de pequen o porte, até 5 metros, localizados nas áreas interna e externa da edificação d o campus. IFMS CAMPUS DOURADOS;14509513000137;REZENDE E CARVALHO LTDA;001;1;10,00;10,00;0,00;0,00;90,00;900,00;0,00;17/11/2023;18/11/2023;18/11/2024;Não;17/11/2023;17/11/2023
atas_itens_RT_2023_p1.json;2026-07-29 14:27:27;00020/2023;10673078000120-1-000052/2023-000001;10673078000120-1-000052/2023;15813205000192023;00023;00019;2023;05;Pregão;158132;INST.FED.DE EDUC.,CIENC.E TEC.DO MAT.G.DO SUL;15130;;;Serviço;Serviço, sob demanda, de supressão ou extração de árvores de médio porte, entr e 6 e 10 metros, localizadas nas áreas interna e externa da edificação do camp us. IFMS CAMPUS DOURADOS.;14509513000137;REZENDE E CARVALHO LTDA;001;1;10,00;10,00;0,00;0,00;150,00;1500,00;0,00;17/11/2023;18/11/2023;18/11/2024;Não;17/11/2023;17/11/2023
atas_itens_RT_2023_p1.json;2026-07-29 14:27:27;00020/2023;10673078000120-1-000052/2023-000001;10673078000120-1-000052/2023;15813205000192023;00024;00019;2023;05;Pregão;158132;INST.FED.DE EDUC.,CIENC.E TEC.DO MAT.G.DO SUL;15130;;;Serviço;Serviço, sob demanda, de supressão e extração de árvores de grande porte, supe rior a 10 metros, localizadas nas áreas interna e externa da edificação do cam pus. IFMS CAMPUS DOURADOS;14509513000137;REZENDE E CARVALHO LTDA;001;1;10,00;10,00;0,00;0,00;240,00;2400,00;0,00;17/11/2023;18/11/2023;18/11/2024;Não;17/11/2023;17/11/2023
atas_itens_RT_2023_p1.json;2026-07-29 14:27:27;00020/2023;10673078000120-1-000052/2023-000001;10673078000120-1-000052/2023;15813205000192023;00025;00019;2023;05;Pregão;158132;INST.FED.DE EDUC.,CIENC.E TEC.DO MAT.G.DO SUL;14044;;;Serviço;Serviço, sob demanda, de capina, roçagem de vegetação e gramado em solo natura l, estacionamentos, pavers, meios-fios e calçamentos nas áreas interna e exte rna da edificação do campus. IFMS CAMPUS JARDIM;14509513000137;REZENDE E CARVALHO LTDA;001;1;240000,00;240000,00;0,00;0,00;0,21;50400,00;0,00;17/11/2023;18/11/2023;18/11/2024;Não;17/11/2023;17/11/2023
atas_itens_RT_2023_p1.json;2026-07-29 14:27:27;00020/2023;10673078000120-1-000052/2023-000001;10673078000120-1-000052/2023;15813205000192023;00026;00019;2023;05;Pregão;158132;INST.FED.DE EDUC.,CIENC.E TEC.DO MAT.G.DO SUL;15130;;;Serviço;Serviço, sob demanda, de poda de árvores e arbustos de pequeno porte, até 5 me tros, localizados nas áreas interna e externa da edificação do campus.IFMS CAM PUS JARDIM.;14509513000137;REZENDE E CARVALHO LTDA;001;1;20,00;20,00;0,00;0,00;90,00;1800,00;0,00;17/11/2023;18/11/2023;18/11/2024;Não;17/11/2023;17/11/2023
atas_itens_RT_2023_p1.json;2026-07-29 14:27:27;00020/2023;10673078000120-1-000052/2023-000001;10673078000120-1-000052/2023;15813205000192023;00027;00019;2023;05;Pregão;158132;INST.FED.DE EDUC.,CIENC.E TEC.DO MAT.G.DO SUL;14044;;;Serviço;Serviço, sob demanda, de capina, roçagem de vegetação e gramado em solo natura l, estacionamentos, pavers, meios-fios e calçamentos nas áreas interna e exter na da edificação do campus. IFMS CAMPUS NAVIRAÍ;14509513000137;REZENDE E CARVALHO LTDA;001;1;144800,00;144800,00;0,00;0,00;0,36;52128,00;0,00;17/11/2023;18/11/2023;18/11/2024;Não;17/11/2023;17/11/2023
atas_itens_RT_2023_p1.json;2026-07-29 14:27:27;00020/2023;10673078000120-1-000052/2023-000001;10673078000120-1-000052/2023;15813205000192023;00028;00019;2023;05;Pregão;158132;INST.FED.DE EDUC.,CIENC.E TEC.DO MAT.G.DO SUL;15130;;;Serviço;Serviço, sob demanda, de poda de árvores e arbustos de pequeno porte, até 5 me tros, localizados nas áreas interna e externa da edificação do campus. IFMS C AMPUS NAVIRAÍ;14509513000137;REZENDE E CARVALHO LTDA;001;1;80,00;80,00;0,00;0,00;100,00;8000,00;0,00;17/11/2023;18/11/2023;18/11/2024;Não;17/11/2023;17/11/2023
atas_itens_RT_2023_p1.json;2026-07-29 14:27:27;00020/2023;10673078000120-1-000052/2023-000001;10673078000120-1-000052/2023;15813205000192023;00029;00019;2023;05;Pregão;158132;INST.FED.DE EDUC.,CIENC.E TEC.DO MAT.G.DO SUL;15130;;;Serviço;Serviço, sob demanda, de poda de árvores de médio porte, entre 6 e 10 metros, localizadas nas áreas interna e externa da edificação do campus. IFMS CAMPUS N AVIRAÍ;14509513000137;REZENDE E CARVALHO LTDA;001;1;80,00;80,00;0,00;0,00;150,00;12000,00;0,00;17/11/2023;18/11/2023;18/11/2024;Não;17/11/2023;17/11/2023
atas_itens_RT_2023_p1.json;2026-07-29 14:27:27;00020/2023;10673078000120-1-000052/2023-000001;10673078000120-1-000052/2023;15813205000192023;00030;00019;2023;05;Pregão;158132;INST.FED.DE EDUC.,CIENC.E TEC.DO MAT.G.DO SUL;15130;;;Serviço;Serviço, sob demanda, de poda de árvores de grande porte, superior a 10 metros , localizadas nas áreas interna e externa da edificação do campus. IFMS CAMPUS NAVIRAÍ;14509513000137;REZENDE E CARVALHO LTDA;001;1;80,00;80,00;0,00;0,00;200,00;16000,00;0,00;17/11/2023;18/11/2023;18/11/2024;Não;17/11/2023;17/11/2023
atas_itens_RT_2023_p1.json;2026-07-29 14:27:27;00020/2023;10673078000120-1-000052/2023-000001;10673078000120-1-000052/2023;15813205000192023;00031;00019;2023;05;Pregão;158132;INST.FED.DE EDUC.,CIENC.E TEC.DO MAT.G.DO SUL;15130;;;Serviço;Serviço, sob demanda, de supressão ou extração de árvores e arbustos de pequen o porte, até 5 metros, localizados nas áreas interna e externa da edificação d o campus. IFMS CAMPUS NAVIRAÍ;14509513000137;REZENDE E CARVALHO LTDA;001;1;20,00;20,00;0,00;0,00;100,00;2000,00;0,00;17/11/2023;18/11/2023;18/11/2024;Não;17/11/2023;17/11/2023
atas_itens_RT_2023_p1.json;2026-07-29 14:27:27;00020/2023;10673078000120-1-000052/2023-000001;10673078000120-1-000052/2023;15813205000192023;00032;00019;2023;05;Pregão;158132;INST.FED.DE EDUC.,CIENC.E TEC.DO MAT.G.DO SUL;15130;;;Serviço;Serviço, sob demanda, de supressão ou extração de árvores de médio porte, entr e 6 e 10 metros, localizadas nas áreas interna e externa da edificação do camp us. IFMS CAMPUS NAVIRAÍ;14509513000137;REZENDE E CARVALHO LTDA;001;1;20,00;20,00;0,00;0,00;170,00;3400,00;0,00;17/11/2023;18/11/2023;18/11/2024;Não;17/11/2023;17/11/2023
atas_itens_RT_2023_p1.json;2026-07-29 14:27:27;00020/2023;10673078000120-1-000052/2023-000001;10673078000120-1-000052/2023;15813205000192023;00033;00019;2023;05;Pregão;158132;INST.FED.DE EDUC.,CIENC.E TEC.DO MAT.G.DO SUL;15130;;;Serviço;Serviço, sob demanda, de supressão e extração de árvores de grande porte, supe rior a 10 metros, localizadas nas áreas interna e externa da edificação do cam pus.IFMS CAMPUS NAVIRAÍ.;14509513000137;REZENDE E CARVALHO LTDA;001;1;20,00;20,00;0,00;0,00;240,00;4800,00;0,00;17/11/2023;18/11/2023;18/11/2024;Não;17/11/2023;17/11/2023
atas_itens_RT_2023_p1.json;2026-07-29 14:27:27;00020/2023;10673078000120-1-000052/2023-000001;10673078000120-1-000052/2023;15813205000192023;00034;00019;2023;05;Pregão;158132;INST.FED.DE EDUC.,CIENC.E TEC.DO MAT.G.DO SUL;14044;;;Serviço;Serviço, sob demanda, de capina, roçagem de vegetação e gramado em solo natura l, estacionamentos, pavers, meios-fios e calçamentos nas áreas interna e exter na da edificação do campus. IFMS CAMPUS TRÊS LAGOAS.;14509513000137;REZENDE E CARVALHO LTDA;001;1;110000,00;110000,00;0,00;0,00;0,30;33000,00;0,00;17/11/2023;18/11/2023;18/11/2024;Não;17/11/2023;17/11/2023
atas_itens_RT_2023_p1.json;2026-07-29 14:27:27;00020/2023;10673078000120-1-000052/2023-000001;10673078000120-1-000052/2023;15813205000192023;00035;00019;2023;05;Pregão;158132;INST.FED.DE EDUC.,CIENC.E TEC.DO MAT.G.DO SUL;15130;;;Serviço;Serviço, sob demanda, de poda de árvores e arbustos de pequeno porte, até 5 me tros, localizados nas áreas interna e externa da edificação do campus. IFMS CA MPUS TRÊS LAGOAS;14509513000137;REZENDE E CARVALHO LTDA;001;1;200,00;200,00;0,00;0,00;76,00;15200,00;0,00;17/11/2023;18/11/2023;18/11/2024;Não;17/11/2023;17/11/2023
atas_itens_RT_2023_p1.json;2026-07-29 14:27:27;00020/2023;10673078000120-1-000052/2023-000001;10673078000120-1-000052/2023;15813205000192023;00036;00019;2023;05;Pregão;158132;INST.FED.DE EDUC.,CIENC.E TEC.DO MAT.G.DO SUL;15130;;;Serviço;Serviço, sob demanda, de poda de árvores de médio porte, entre 6 e 10 metros, localizadas nas áreas interna e externa da edificação do campus. IFMS CAMPUS T RÊS LAGOAS;14509513000137;REZENDE E CARVALHO LTDA;001;1;120,00;120,00;0,00;0,00;100,00;12000,00;0,00;17/11/2023;18/11/2023;18/11/2024;Não;17/11/2023;17/11/2023
atas_itens_RT_2023_p1.json;2026-07-29 14:27:27;00020/2023;10673078000120-1-000052/2023-000001;10673078000120-1-000052/2023;15813205000192023;00037;00019;2023;05;Pregão;158132;INST.FED.DE EDUC.,CIENC.E TEC.DO MAT.G.DO SUL;15130;;;Serviço;Serviço, sob demanda, de poda de árvores de grande porte, superior a 10 metros , localizadas nas áreas interna e externa da edificação do campus. IFMS CAMPUS TRÊS LAGOAS;14509513000137;REZENDE E CARVALHO LTDA;001;1;20,00;20,00;0,00;0,00;210,00;4200,00;0,00;17/11/2023;18/11/2023;18/11/2024;Não;17/11/2023;17/11/2023
atas_itens_RT_2023_p1.json;2026-07-29 14:27:27;00020/2023;10673078000120-1-000052/2023-000001;10673078000120-1-000052/2023;15813205000192023;00038;00019;2023;05;Pregão;158132;INST.FED.DE EDUC.,CIENC.E TEC.DO MAT.G.DO SUL;15130;;;Serviço;Serviço, sob demanda, de supressão ou extração de árvores e arbustos de pequen o porte, até 5 metros, localizados nas áreas interna e externa da edificação d o campus. IFMS CAMPUS TRÊS LAGOAS.;14509513000137;REZENDE E CARVALHO LTDA;001;1;20,00;20,00;0,00;0,00;90,00;1800,00;0,00;17/11/2023;18/11/2023;18/11/2024;Não;17/11/2023;17/11/2023
atas_itens_RT_2023_p1.json;2026-07-29 14:27:27;00020/2023;10673078000120-1-000052/2023-000001;10673078000120-1-000052/2023;15813205000192023;00039;00019;2023;05;Pregão;158132;INST.FED.DE EDUC.,CIENC.E TEC.DO MAT.G.DO SUL;15130;;;Serviço;Serviço, sob demanda, de supressão ou extração de árvores de médio porte, entr e 6 e 10 metros, localizadas nas áreas interna e externa da edificação do camp us. IFMS CAMPUS TRÊS LAGOAS.;14509513000137;REZENDE E CARVALHO LTDA;001;1;20,00;20,00;0,00;0,00;150,00;3000,00;0,00;17/11/2023;18/11/2023;18/11/2024;Não;17/11/2023;17/11/2023
atas_itens_RT_2025_p1.json;2026-07-29 14:27:28;00065/2025;10673078000120-1-000056/2025-000001;10673078000120-1-000056/2025;15813205901072025;00003;90107;2025;05;Pregão;158132;INST.FED.DE EDUC.,CIENC.E TEC.DO MAT.G.DO SUL;486091;8411;INSTRUMENTO MUSICAL - CORDA;Material;INSTRUMENTO MUSICAL - CORDA, COMPONENTES COM 4 CORDAS E CAPA, TIPO CONTRABAIXO ELÉTRICO;59476851000158;PW SOUND LTDA;001;1;9,00;9,00;0,00;18,00;970,72;8736,48;0,00;06/08/2025;14/08/2025;14/08/2026;Não;14/08/2025;14/08/2025
atas_itens_RT_2025_p1.json;2026-07-29 14:27:28;00065/2025;10673078000120-1-000056/2025-000001;10673078000120-1-000056/2025;15813205901072025;00004;90107;2025;05;Pregão;158132;INST.FED.DE EDUC.,CIENC.E TEC.DO MAT.G.DO SUL;486272;1218;PEÇAS E ACESSÓRIOS INSTRUMENTO MUSICAL;Material;PEÇAS E ACESSÓRIOS INSTRUMENTO MUSICAL, TIPO BOLSA PARA TRANSPORTE E PROTEÇÃO, APLICAÇÃO BAIXO, CARACTERÍSTICAS ADICIONAIS COR PRETA, COM ZÍPER E ALÇAS;59476851000158;PW SOUND LTDA;001;1;10,00;10,00;0,00;20,00;625,75;6257,50;0,00;06/08/2025;14/08/2025;14/08/2026;Não;14/08/2025;14/08/2025
atas_itens_RT_2025_p1.json;2026-07-29 14:27:28;00065/2025;10673078000120-1-000056/2025-000001;10673078000120-1-000056/2025;15813205901072025;00014;90107;2025;05;Pregão;158132;INST.FED.DE EDUC.,CIENC.E TEC.DO MAT.G.DO SUL;485496;8414;INSTRUMENTO MUSICAL - PERCURSÃO;Material;INSTRUMENTO MUSICAL - PERCURSÃO, TIPO BATERIA, COMPONENTES 1 PAD DE CAIXA, 3 PADS DE TONS, 2 PADS DE PRATOS,, CARACTERÍSTICAS ADICIONAIS ELETRÔNICA, COM SUPORTE/ESTANTE, COM PEDAL, COM E S;59476851000158;PW SOUND LTDA;001;1;7,00;7,00;0,00;14,00;3137,70;21963,90;0,00;06/08/2025;14/08/2025;14/08/2026;Não;14/08/2025;14/08/2025
atas_itens_RT_2025_p1.json;2026-07-29 14:27:28;00065/2025;10673078000120-1-000056/2025-000001;10673078000120-1-000056/2025;15813205901072025;00015;90107;2025;05;Pregão;158132;INST.FED.DE EDUC.,CIENC.E TEC.DO MAT.G.DO SUL;600823;8414;INSTRUMENTO MUSICAL - PERCURSÃO;Material;INSTRUMENTO MUSICAL - PERCURSÃO, TIPO BATERIA, COMPONENTES 3 TONS E 2 SURDOS SET UP: TONS: 8/ 10/ 12 &, CARACTERÍSTICAS ADICIONAIS COM BANCO, COM ESTANTE, 2 GIRAFAS, COM PRATOS;59476851000158;PW SOUND LTDA;001;1;4,00;4,00;0,00;8,00;8980,62;35922,48;0,00;06/08/2025;14/08/2025;14/08/2026;Não;14/08/2025;14/08/2025
atas_itens_RT_2025_p1.json;2026-07-29 14:27:28;00065/2025;10673078000120-1-000056/2025-000001;10673078000120-1-000056/2025;15813205901072025;00032;90107;2025;05;Pregão;158132;INST.FED.DE EDUC.,CIENC.E TEC.DO MAT.G.DO SUL;270429;9608;Mesa Áudio / Vídeo - switcher de vídeo;Material;MESA ÁUDIO / VÍDEO - SWITCHER DE VÍDEO, QUANTIDADE CANAIS 16 UN, TIPO ENTRADA 8 MONO, A ESTÉRIO, 2 MICROFONES E 2 LINHAS, EQUALIZAÇÃO 3 BANDAS DE EQUALIZAÇÃO, TENSÃO ALIMENTAÇÃO 110/220 V, CARACTERÍSTICAS ADICIONAIS 10 PRE- AMPLIFICADORES DE CONTROLE DE ALTA PRECISÃ O;59476851000158;PW SOUND LTDA;001;1;7,00;7,00;0,00;14,00;1445,00;10115,00;0,00;06/08/2025;14/08/2025;14/08/2026;Não;14/08/2025;14/08/2025
atas_itens_RT_2025_p1.json;2026-07-29 14:27:28;00066/2025;10673078000120-1-000056/2025-000002;10673078000120-1-000056/2025;15813205901072025;00005;90107;2025;05;Pregão;158132;INST.FED.DE EDUC.,CIENC.E TEC.DO MAT.G.DO SUL;486344;8411;INSTRUMENTO MUSICAL - CORDA;Material;INSTRUMENTO MUSICAL - CORDA, COMPONENTES COM 6 CORDAS, AÇO, AFINADOR DIGITAL, TIPO VIOLÃO ELÉTRICO;05019519000135;A.R.T.E. COMERCIAL LTDA;001;1;54,00;54,00;0,00;108,00;3012,99;162701,46;0,00;06/08/2025;12/08/2025;12/08/2026;Não;14/08/2025;14/08/2025
atas_itens_RT_2025_p1.json;2026-07-29 14:27:28;00066/2025;10673078000120-1-000056/2025-000002;10673078000120-1-000056/2025;15813205901072025;00006;90107;2025;05;Pregão;158132;INST.FED.DE EDUC.,CIENC.E TEC.DO MAT.G.DO SUL;465366;1218;PEÇAS E ACESSÓRIOS INSTRUMENTO MUSICAL;Material;PEÇAS E ACESSÓRIOS INSTRUMENTO MUSICAL, TIPO BOLSA PARA TRANSPORTE E PROTEÇÃO, APLICAÇÃO VIOLÃO FOLK, CARACTERÍSTICAS ADICIONAIS NYLON 600, ALCOCHOAMENTO EXPUMA, BOLSO COM ZÍPER;05019519000135;A.R.T.E. COMERCIAL LTDA;001;1;54,00;54,00;0,00;108,00;107,00;5778,00;0,00;06/08/2025;12/08/2025;12/08/2026;Não;14/08/2025;14/08/2025
atas_itens_RT_2025_p1.json;2026-07-29 14:27:28;00066/2025;10673078000120-1-000056/2025-000002;10673078000120-1-000056/2025;15813205901072025;00034;90107;2025;05;Pregão;158132;INST.FED.DE EDUC.,CIENC.E TEC.DO MAT.G.DO SUL;265051;3798;BOMBO;Material;BOMBO, MATERIAL ALUMÍNIO, TAMANHO 30 X 22 CM;05019519000135;A.R.T.E. COMERCIAL LTDA;001;1;6,00;6,00;0,00;12,00;14100,00;84600,00;0,00;06/08/2025;12/08/2025;12/08/2026;Não;14/08/2025;14/08/2025
atas_itens_RT_2025_p1.json;2026-07-29 14:27:28;00067/2025;10673078000120-1-000056/2025-000003;10673078000120-1-000056/2025;15813205901072025;00007;90107;2025;05;Pregão;158132;INST.FED.DE EDUC.,CIENC.E TEC.DO MAT.G.DO SUL;243235;15360;VIOLA;Material;VIOLA, MATERIAL MADEIRA, MATERIAL CORDA AÇO, CARACTERÍSTICAS ADICIONAIS ELETRO ACÚSTICA, COMPRIMENTO TOTAL 960 MM, COMPRIMENTO ESCALA 580 MM, QUANTIDADE CORDAS 10;19239746000180;THIMALU COMERCIO, INDUSTRIA & SERVICOS LTDA;001;1;5,00;5,00;0,00;10,00;850,00;4250,00;0,00;08/08/2025;12/08/2025;12/08/2026;Não;14/08/2025;14/08/2025
atas_itens_RT_2025_p1.json;2026-07-29 14:27:28;00067/2025;10673078000120-1-000056/2025-000003;10673078000120-1-000056/2025;15813205901072025;00008;90107;2025;05;Pregão;158132;INST.FED.DE EDUC.,CIENC.E TEC.DO MAT.G.DO SUL;465366;1218;PEÇAS E ACESSÓRIOS INSTRUMENTO MUSICAL;Material;PEÇAS E ACESSÓRIOS INSTRUMENTO MUSICAL, TIPO BOLSA PARA TRANSPORTE E PROTEÇÃO, APLICAÇÃO VIOLÃO FOLK, CARACTERÍSTICAS ADICIONAIS NYLON 600, ALCOCHOAMENTO EXPUMA, BOLSO COM ZÍPER;19239746000180;THIMALU COMERCIO, INDUSTRIA & SERVICOS LTDA;001;1;4,00;4,00;0,00;8,00;350,00;1400,00;0,00;08/08/2025;12/08/2025;12/08/2026;Não;14/08/2025;14/08/2025
atas_itens_RT_2025_p1.json;2026-07-29 14:27:28;00068/2025;10673078000120-1-000056/2025-000004;10673078000120-1-000056/2025;15813205901072025;00009;90107;2025;05;Pregão;158132;INST.FED.DE EDUC.,CIENC.E TEC.DO MAT.G.DO SUL;485242;1218;PEÇAS E ACESSÓRIOS INSTRUMENTO MUSICAL;Material;PEÇAS E ACESSÓRIOS INSTRUMENTO MUSICAL, TIPO ENCORDOAMENTO, APLICAÇÃO GUITARRA , CARACTERÍSTICAS ADICIONAIS MEDIDA: .010 .013 .017 .026 .036 .046 LIGHT. MATE;18047657000170;ALESSANDRA B. TONIETTI INSTRUMENTOS MUSICAIS;001;1;48,00;48,00;0,00;96,00;13,50;648,00;0,00;06/08/2025;14/08/2025;12/08/2026;Não;15/08/2025;15/08/2025
atas_itens_RT_2025_p1.json;2026-07-29 14:27:28;00068/2025;10673078000120-1-000056/2025-000004;10673078000120-1-000056/2025;15813205901072025;00010;90107;2025;05;Pregão;158132;INST.FED.DE EDUC.,CIENC.E TEC.DO MAT.G.DO SUL;445366;1218;PEÇAS E ACESSÓRIOS INSTRUMENTO MUSICAL;Material;PEÇAS E ACESSÓRIOS INSTRUMENTO MUSICAL, TIPO ENCODAMENTO, APLICAÇÃO BAIXO ELÉTRICO;18047657000170;ALESSANDRA B. TONIETTI INSTRUMENTOS MUSICAIS;001;1;28,00;28,00;0,00;56,00;85,00;2380,00;0,00;06/08/2025;14/08/2025;12/08/2026;Não;15/08/2025;15/08/2025
atas_itens_RT_2025_p1.json;2026-07-29 14:27:28;00068/2025;10673078000120-1-000056/2025-000004;10673078000120-1-000056/2025;15813205901072025;00011;90107;2025;05;Pregão;158132;INST.FED.DE EDUC.,CIENC.E TEC.DO MAT.G.DO SUL;601640;1218;PEÇAS E ACESSÓRIOS INSTRUMENTO MUSICAL;Material;PEÇAS E ACESSÓRIOS INSTRUMENTO MUSICAL, TIPO CORDA, APLICAÇÃO VIOLÃO;18047657000170;ALESSANDRA B. TONIETTI INSTRUMENTOS MUSICAIS;001;1;72,00;72,00;0,00;144,00;14,10;1015,20;0,00;06/08/2025;14/08/2025;12/08/2026;Não;15/08/2025;15/08/2025
atas_itens_RT_2025_p1.json;2026-07-29 14:27:28;00068/2025;10673078000120-1-000056/2025-000004;10673078000120-1-000056/2025;15813205901072025;00012;90107;2025;05;Pregão;158132;INST.FED.DE EDUC.,CIENC.E TEC.DO MAT.G.DO SUL;470911;1218;PEÇAS E ACESSÓRIOS INSTRUMENTO MUSICAL;Material;PEÇAS E ACESSÓRIOS INSTRUMENTO MUSICAL, TIPO ENCODAMENTO, APLICAÇÃO VIOLÃO/ VIOLA;18047657000170;ALESSANDRA B. TONIETTI INSTRUMENTOS MUSICAIS;001;1;10,00;10,00;0,00;20,00;17,23;172,30;0,00;06/08/2025;14/08/2025;12/08/2026;Não;15/08/2025;15/08/2025
atas_itens_RT_2025_p1.json;2026-07-29 14:27:28;00068/2025;10673078000120-1-000056/2025-000004;10673078000120-1-000056/2025;15813205901072025;00013;90107;2025;05;Pregão;158132;INST.FED.DE EDUC.,CIENC.E TEC.DO MAT.G.DO SUL;445341;1218;PEÇAS E ACESSÓRIOS INSTRUMENTO MUSICAL;Material;PEÇAS E ACESSÓRIOS INSTRUMENTO MUSICAL, TIPO BAQUETA, APLICAÇÃO BATERIA, CARACTERÍSTICAS ADICIONAIS MADEIRA MODELO 5A;18047657000170;ALESSANDRA B. TONIETTI INSTRUMENTOS MUSICAIS;001;1;56,00;56,00;0,00;112,00;24,00;1344,00;0,00;06/08/2025;14/08/2025;12/08/2026;Não;15/08/2025;15/08/2025
atas_itens_RT_2025_p1.json;2026-07-29 14:27:28;00068/2025;10673078000120-1-000056/2025-000004;10673078000120-1-000056/2025;15813205901072025;00022;90107;2025;05;Pregão;158132;INST.FED.DE EDUC.,CIENC.E TEC.DO MAT.G.DO SUL;414182;14943;CABO ÁUDIO E VÍDEO;Material;CABO ÁUDIO E VÍDEO, MATERIAL CONDUTOR COBRE, APLICAÇÃO MICROFONE/MESA DE SOM, COMPRIMENTO 5 M, CONECTORES XLR FÊMEA-XLR MACHO;18047657000170;ALESSANDRA B. TONIETTI INSTRUMENTOS MUSICAIS;001;1;48,00;48,00;0,00;96,00;35,00;1680,00;0,00;06/08/2025;14/08/2025;12/08/2026;Não;15/08/2025;15/08/2025
atas_itens_RT_2025_p1.json;2026-07-29 14:27:28;00068/2025;10673078000120-1-000056/2025-000004;10673078000120-1-000056/2025;15813205901072025;00027;90107;2025;05;Pregão;158132;INST.FED.DE EDUC.,CIENC.E TEC.DO MAT.G.DO SUL;472007;1218;PEÇAS E ACESSÓRIOS INSTRUMENTO MUSICAL;Material;PEÇAS E ACESSÓRIOS INSTRUMENTO MUSICAL, TIPO AMPLIFICADOR DE GUITARRA, APLICAÇÃO GUITARRA, CARACTERÍSTICAS ADICIONAIS COR PRETO COM POTêNCIA RMS DE 100 WATTS,CHORUS AN A;18047657000170;ALESSANDRA B. TONIETTI INSTRUMENTOS MUSICAIS;001;1;14,00;14,00;0,00;28,00;1700,00;23800,00;0,00;06/08/2025;14/08/2025;12/08/2026;Não;15/08/2025;15/08/2025
atas_itens_RT_2025_p1.json;2026-07-29 14:27:28;00068/2025;10673078000120-1-000056/2025-000004;10673078000120-1-000056/2025;15813205901072025;00035;90107;2025;05;Pregão;158132;INST.FED.DE EDUC.,CIENC.E TEC.DO MAT.G.DO SUL;419591;7715;FONTE DE ENERGIA DE BATERIA;Material;FONTE DE ENERGIA DE BATERIA, TENSÃO ENTRADA 5 V, IMPUT 230V/50HZ/26MA/3,3 W, OUTPUT 2,4-10V/125M/1,25 VA, TIPO CHAVEADA, REFERÊNCIA FABRICANTE FW 1199(BIBBYJET), APLICAÇÃO PIPETADOR AUTOMÁTICO;18047657000170;ALESSANDRA B. TONIETTI INSTRUMENTOS MUSICAIS;001;1;8,00;8,00;0,00;16,00;118,00;944,00;0,00;06/08/2025;14/08/2025;12/08/2026;Não;15/08/2025;15/08/2025
atas_itens_RT_2025_p1.json;2026-07-29 14:27:28;00068/2025;10673078000120-1-000056/2025-000004;10673078000120-1-000056/2025;15813205901072025;00038;90107;2025;05;Pregão;158132;INST.FED.DE EDUC.,CIENC.E TEC.DO MAT.G.DO SUL;486240;8414;INSTRUMENTO MUSICAL - PERCURSÃO;Material;INSTRUMENTO MUSICAL - PERCURSÃO, TIPO TAMBOR, MATERIAL MADEIRA/COURO, TAMANHO 16 POL;18047657000170;ALESSANDRA B. TONIETTI INSTRUMENTOS MUSICAIS;001;1;3,00;3,00;0,00;6,00;1050,00;3150,00;0,00;06/08/2025;14/08/2025;12/08/2026;Não;15/08/2025;15/08/2025
atas_itens_RT_2025_p1.json;2026-07-29 14:27:28;00068/2025;10673078000120-1-000056/2025-000004;10673078000120-1-000056/2025;15813205901072025;00039;90107;2025;05;Pregão;158132;INST.FED.DE EDUC.,CIENC.E TEC.DO MAT.G.DO SUL;486240;8414;INSTRUMENTO MUSICAL - PERCURSÃO;Material;INSTRUMENTO MUSICAL - PERCURSÃO, TIPO TAMBOR, MATERIAL MADEIRA/COURO, TAMANHO 16 POL;18047657000170;ALESSANDRA B. TONIETTI INSTRUMENTOS MUSICAIS;001;1;4,00;4,00;0,00;8,00;970,00;3880,00;0,00;06/08/2025;14/08/2025;12/08/2026;Não;15/08/2025;15/08/2025
atas_itens_RT_2025_p1.json;2026-07-29 14:27:28;00068/2025;10673078000120-1-000056/2025-000004;10673078000120-1-000056/2025;15813205901072025;00040;90107;2025;05;Pregão;158132;INST.FED.DE EDUC.,CIENC.E TEC.DO MAT.G.DO SUL;486240;8414;INSTRUMENTO MUSICAL - PERCURSÃO;Material;INSTRUMENTO MUSICAL - PERCURSÃO, TIPO TAMBOR, MATERIAL MADEIRA/COURO, TAMANHO 16 POL;18047657000170;ALESSANDRA B. TONIETTI INSTRUMENTOS MUSICAIS;001;1;3,00;3,00;0,00;6,00;950,00;2850,00;0,00;06/08/2025;14/08/2025;12/08/2026;Não;15/08/2025;15/08/2025
atas_itens_RT_2025_p1.json;2026-07-29 14:27:28;00068/2025;10673078000120-1-000056/2025-000004;10673078000120-1-000056/2025;15813205901072025;00044;90107;2025;05;Pregão;158132;INST.FED.DE EDUC.,CIENC.E TEC.DO MAT.G.DO SUL;602003;12485;TALABARTE DE BANDEIRA;Material;TALABARTE DE BANDEIRA, MODELO COM PONTEIRA NIQUELADA., MATERIAL TERGAL VERGÃO, ALTURA 13,50 CM, FORRAÇÃO VELUDO AMARELO, CARACTERÍSTICAS ADICIONAIS CONFORME MODELO DO ÓRGÃO;18047657000170;ALESSANDRA B. TONIETTI INSTRUMENTOS MUSICAIS;001;1;10,00;10,00;0,00;20,00;41,00;410,00;0,00;06/08/2025;14/08/2025;12/08/2026;Não;15/08/2025;15/08/2025
atas_itens_RT_2025_p1.json;2026-07-29 14:27:28;00068/2025;10673078000120-1-000056/2025-000004;10673078000120-1-000056/2025;15813205901072025;00048;90107;2025;05;Pregão;158132;INST.FED.DE EDUC.,CIENC.E TEC.DO MAT.G.DO SUL;601341;1218;PEÇAS E ACESSÓRIOS INSTRUMENTO MUSICAL;Material;PEÇAS E ACESSÓRIOS INSTRUMENTO MUSICAL, TIPO BAQUETA, APLICAÇÃO BOMBO;18047657000170;ALESSANDRA B. TONIETTI INSTRUMENTOS MUSICAIS;001;1;10,00;10,00;0,00;20,00;31,00;310,00;0,00;06/08/2025;14/08/2025;12/08/2026;Não;15/08/2025;15/08/2025
atas_itens_RT_2025_p1.json;2026-07-29 14:27:28;00068/2025;10673078000120-1-000056/2025-000004;10673078000120-1-000056/2025;15813205901072025;00049;90107;2025;05;Pregão;158132;INST.FED.DE EDUC.,CIENC.E TEC.DO MAT.G.DO SUL;602003;12485;TALABARTE DE BANDEIRA;Material;TALABARTE DE BANDEIRA, MODELO COM PONTEIRA NIQUELADA., MATERIAL TERGAL VERGÃO, ALTURA 13,50 CM, FORRAÇÃO VELUDO AMARELO, CARACTERÍSTICAS ADICIONAIS CONFORME MODELO DO ÓRGÃO;18047657000170;ALESSANDRA B. TONIETTI INSTRUMENTOS MUSICAIS;001;1;24,00;24,00;0,00;48,00;11,70;280,80;0,00;06/08/2025;14/08/2025;12/08/2026;Não;15/08/2025;15/08/2025
atas_itens_RT_2025_p1.json;2026-07-29 14:27:28;00068/2025;10673078000120-1-000056/2025-000004;10673078000120-1-000056/2025;15813205901072025;00050;90107;2025;05;Pregão;158132;INST.FED.DE EDUC.,CIENC.E TEC.DO MAT.G.DO SUL;602002;12485;TALABARTE DE BANDEIRA;Material;TALABARTE DE BANDEIRA, MATERIAL TERGAL VERGÃO, FORRAÇÃO VELUDO AMARELO, CARACTERÍSTICAS ADICIONAIS CONFORME MODELO DO ÓRGÃO, MODELO COM PONTEIRA NIQUELADA.;18047657000170;ALESSANDRA B. TONIETTI INSTRUMENTOS MUSICAIS;001;1;16,00;16,00;0,00;32,00;11,00;176,00;0,00;06/08/2025;14/08/2025;12/08/2026;Não;15/08/2025;15/08/2025
atas_itens_RT_2025_p1.json;2026-07-29 14:27:28;00069/2025;10673078000120-1-000056/2025-000005;10673078000120-1-000056/2025;15813205901072025;00016;90107;2025;05;Pregão;158132;INST.FED.DE EDUC.,CIENC.E TEC.DO MAT.G.DO SUL;485819;8414;INSTRUMENTO MUSICAL - PERCURSÃO;Material;INSTRUMENTO MUSICAL - PERCURSÃO, TIPO CAJON ACÚSTICO, MATERIAL MADEIRA, CARACTERÍSTICAS ADICIONAIS ASSENTO ACOLCHOADO;56997623000135;NEXUS PRODUTOS E SERVICOS LTDA;001;1;12,00;12,00;0,00;24,00;471,80;5661,60;0,00;06/08/2025;12/08/2025;12/08/2026;Não;15/08/2025;15/08/2025
atas_itens_RT_2025_p1.json;2026-07-29 14:27:28;00070/2025;10673078000120-1-000056/2025-000006;10673078000120-1-000056/2025;15813205901072025;00017;90107;2025;05;Pregão;158132;INST.FED.DE EDUC.,CIENC.E TEC.DO MAT.G.DO SUL;366423;9732;MICROFONE;Material;MICROFONE, TIPO DINÂMICO, ALIMENTAÇÃO 3 V, RESPOSTA FREQÜÊNCIA 50 A 15 KHZ, TIPO RECEPTOR 2 ANTENAS, CARACTERÍSTICAS ADICIONAIS VOLTAGEM DE OPERAÇÃO 100 Á 240 VOLTS, IMPEDÂNCIA 600 OHMS, ALCANCE 250 M, ALIMENTAÇÃO EXTERNA RECEPTOR FONTE DE 9 V, ALIMENTAÇÃO RECEPTOR 9 VDC, FREQUÊNCIA UHF, IMPEDÂNCIA SAÍDA 600 OHM, APLICAÇÃO VOZ PRINCIPAL, ALTURA 18,2 CM, DIMENSÃO 18,2 X 5,1 CM, PADRÃO CARDIÓIDE, ACESSÓRIOS GARRA E ESTOJO, SENSIBILIDADE-54 DB, MATERIAL CORPO EM PLÁSTICO, COR PRETA, ACABAMENTO PINTURA ELETROSTÁTICA, REFERÊNCIA FABRICANTE SHURE PGX 58, RELAÇÃO SINAL/ RUIDO MELHOR QUE 88 DB;50079413000181;BRETAS MULTIMARCAS LTDA;001;1;18,00;18,00;0,00;36,00;459,90;8278,20;0,00;06/08/2025;12/08/2025;12/08/2026;Não;15/08/2025;15/08/2025
atas_itens_RT_2025_p1.json;2026-07-29 14:27:28;00070/2025;10673078000120-1-000056/2025-000006;10673078000120-1-000056/2025;15813205901072025;00018;90107;2025;05;Pregão;158132;INST.FED.DE EDUC.,CIENC.E TEC.DO MAT.G.DO SUL;366406;9732;MICROFONE;Material;MICROFONE, RESPOSTA FREQÜÊNCIA 50HZ A 15 KHZ, IMPEDÂNCIA 150 OHMS, ALTURA 16,2 CM, DIMENSÃO 16,2 X 51 CM, PADRÃO CARDIÓIDE, ACESSÓRIOS CABO E GARRA, SENSIBILIDADE-54,5 DB, MATERIAL CORPO EM AÇO, COR CINZA, ACABAMENTO PINTURA EM EPÓXI, REFERÊNCIA FABRICANTE SHURE SM 58 LC;50079413000181;BRETAS MULTIMARCAS LTDA;001;1;40,00;40,00;0,00;80,00;573,90;22956,00;0,00;06/08/2025;12/08/2025;12/08/2026;Não;15/08/2025;15/08/2025
atas_itens_RT_2025_p1.json;2026-07-29 14:27:28;00071/2025;10673078000120-1-000056/2025-000007;10673078000120-1-000056/2025;15813205901072025;00019;90107;2025;05;Pregão;158132;INST.FED.DE EDUC.,CIENC.E TEC.DO MAT.G.DO SUL;485285;1218;PEÇAS E ACESSÓRIOS INSTRUMENTO MUSICAL;Material;PEÇAS E ACESSÓRIOS INSTRUMENTO MUSICAL, TIPO SUPORTE DE SOLO, APLICAÇÃO GUITARRA, BAIXO E VIOLÃO , CARACTERÍSTICAS ADICIONAIS CARGA MÍNIMO 5 KG, COM APOIO EMBORRACHADO;38387756000108;MAXXIMUM CONSULTORIA LTDA;001;1;64,00;64,00;0,00;128,00;59,90;3833,60;0,00;06/08/2025;12/08/2025;12/08/2026;Não;15/08/2025;15/08/2025
atas_itens_RT_2025_p1.json;2026-07-29 14:27:28;00071/2025;10673078000120-1-000056/2025-000007;10673078000120-1-000056/2025;15813205901072025;00030;90107;2025;05;Pregão;158132;INST.FED.DE EDUC.,CIENC.E TEC.DO MAT.G.DO SUL;603703;4111;CAIXA ACÚSTICA;Material;CAIXA ACÚSTICA, POTÊNCIA 1.100 W, TAMANHO ALTO-FALANTE 8 POL, RESPOSTA FREQÜÊNCIA 70 HZ- 16 KHZ, CARACTERÍSTICAS ADICIONAIS DISPERSÃO NOMINAL 40H X 120V, IMPEDÂNCIA ENTRADA 8 OHM, SENSIBILIDADE 90 DB, VOLTAGEM 110- 240 V, TIPO AMPLIFICADA;38387756000108;MAXXIMUM CONSULTORIA LTDA;001;1;7,00;7,00;0,00;14,00;15990,00;111930,00;0,00;06/08/2025;12/08/2025;12/08/2026;Não;15/08/2025;15/08/2025
atas_itens_RT_2025_p1.json;2026-07-29 14:27:28;00072/2025;10673078000120-1-000056/2025-000008;10673078000120-1-000056/2025;15813205901072025;00020;90107;2025;05;Pregão;158132;INST.FED.DE EDUC.,CIENC.E TEC.DO MAT.G.DO SUL;485351;14943;CABO ÁUDIO E VÍDEO;Material;CABO ÁUDIO E VÍDEO, MATERIAL CONDUTOR COBRE OFHC, APLICAÇÃO INSTRUMENTO MUSICAL, CARACTERÍSTICAS ADICIONAIS PLUG NÍQUEL ZINCADO, BITOLA 0,20MM, TIPO CABO MONO, BLINDADO, COMPRIMENTO 4 M, CONECTORES P10-P10;20971821000182;ESTACAO DA MUSICA LTDA;001;1;76,00;76,00;0,00;152,00;37,70;2865,20;0,00;06/08/2025;12/08/2025;12/08/2026;Não;15/08/2025;15/08/2025
atas_itens_RT_2025_p1.json;2026-07-29 14:27:28;00072/2025;10673078000120-1-000056/2025-000008;10673078000120-1-000056/2025;15813205901072025;00021;90107;2025;05;Pregão;158132;INST.FED.DE EDUC.,CIENC.E TEC.DO MAT.G.DO SUL;485350;14943;CABO ÁUDIO E VÍDEO;Material;CABO ÁUDIO E VÍDEO, MATERIAL CONDUTOR COBRE OFHC, APLICAÇÃO INSTRUMENTO MUSICAL, CARACTERÍSTICAS ADICIONAIS PLUG NÍQUEL ZINCADO, BITOLA 0,20MM, TIPO CABO MONO, BLINDADO, COMPRIMENTO 7 M, CONECTORES P10-P10;20971821000182;ESTACAO DA MUSICA LTDA;001;1;44,00;44,00;0,00;88,00;49,30;2169,20;0,00;06/08/2025;12/08/2025;12/08/2026;Não;15/08/2025;15/08/2025
atas_itens_RT_2025_p1.json;2026-07-29 14:27:28;00072/2025;10673078000120-1-000056/2025-000008;10673078000120-1-000056/2025;15813205901072025;00024;90107;2025;05;Pregão;158132;INST.FED.DE EDUC.,CIENC.E TEC.DO MAT.G.DO SUL;486235;1218;PEÇAS E ACESSÓRIOS INSTRUMENTO MUSICAL;Material;PEÇAS E ACESSÓRIOS INSTRUMENTO MUSICAL, TIPO SUPORTE/ESTANTE, APLICAÇÃO PIANO ELETRÔNICO, CARACTERÍSTICAS ADICIONAIS METAL, EM X, AJUSTE DE ALTURA, CARGA 80 KG;20971821000182;ESTACAO DA MUSICA LTDA;001;1;11,00;11,00;0,00;22,00;119,92;1319,12;0,00;06/08/2025;12/08/2025;12/08/2026;Não;15/08/2025;15/08/2025
atas_itens_RT_2025_p1.json;2026-07-29 14:27:28;00072/2025;10673078000120-1-000056/2025-000008;10673078000120-1-000056/2025;15813205901072025;00031;90107;2025;05;Pregão;158132;INST.FED.DE EDUC.,CIENC.E TEC.DO MAT.G.DO SUL;236331;15000;RETORNO PARA PALCO;Material;RETORNO PARA PALCO, MATERIAL GABINETE MDF, TIPO 2 VIAS PASSIVAS COM 1 A F.12 E DRIVER., POTÊNCIA 150 WATTS RMS, DIMENSÕES 415 X 550 X 475 MM MM, RESPOSTA FREQÜÊNCIA 65 HZ/ 17 KHZ, FORMATO TRAPEZOIDAL, CARACTERÍSTICAS ADICIONAIS SUPORTE PEDESTAL/ALÇA RETRÁTIL/TELA DE METAL COM;20971821000182;ESTACAO DA MUSICA LTDA;001;1;15,00;15,00;0,00;30,00;1232,50;18487,50;0,00;06/08/2025;12/08/2025;12/08/2026;Não;15/08/2025;15/08/2025
atas_itens_RT_2025_p1.json;2026-07-29 14:27:28;00072/2025;10673078000120-1-000056/2025-000008;10673078000120-1-000056/2025;15813205901072025;00041;90107;2025;05;Pregão;158132;INST.FED.DE EDUC.,CIENC.E TEC.DO MAT.G.DO SUL;289115;8414;INSTRUMENTO MUSICAL - PERCURSÃO;Material;INSTRUMENTO MUSICAL - PERCURSÃO, TIPO AGOGO, MATERIAL METAL, COMPONENTES 2 CONES E 1 HASTE, TAMANHO 35 X 9 CM;20971821000182;ESTACAO DA MUSICA LTDA;001;1;2,00;2,00;0,00;4,00;452,73;905,46;0,00;06/08/2025;12/08/2025;12/08/2026;Não;15/08/2025;15/08/2025
atas_itens_RT_2025_p1.json;2026-07-29 14:27:28;00073/2025;10673078000120-1-000056/2025-000009;10673078000120-1-000056/2025;15813205901072025;00023;90107;2025;05;Pregão;158132;INST.FED.DE EDUC.,CIENC.E TEC.DO MAT.G.DO SUL;604424;10580;PEDESTAL MICROFONE;Material;PEDESTAL MICROFONE, MATERIAL BASE SUSTENTAÇÃO LIGA DE PLÁSTICO, TIPO GIRAFA, FORMATO BASE TRIPÉ, ACABAMENTO SUPERFICIAL PINTURA A PÓ, COR PRETA, TIPO HASTE TELESCÓPICA, COMPRIMENTO HASTE 185 CM, CARACTERÍSTICAS ADICIONAIS FIVELA, GRAMPO DE MICROFONE REMOVÍVEL;08666165000109;T. M. T. INSTRUMENTOS MUSICAIS LTDA;001;1;44,00;44,00;0,00;88,00;75,00;3300,00;0,00;06/08/2025;12/08/2025;12/08/2026;Não;15/08/2025;15/08/2025
atas_itens_RT_2025_p1.json;2026-07-29 14:27:28;00073/2025;10673078000120-1-000056/2025-000009;10673078000120-1-000056/2025;15813205901072025;00046;90107;2025;05;Pregão;158132;INST.FED.DE EDUC.,CIENC.E TEC.DO MAT.G.DO SUL;485243;1218;PEÇAS E ACESSÓRIOS INSTRUMENTO MUSICAL;Material;PEÇAS E ACESSÓRIOS INSTRUMENTO MUSICAL, TIPO BAQUETA, APLICAÇÃO LIRA;08666165000109;T. M. T. INSTRUMENTOS MUSICAIS LTDA;001;1;12,00;12,00;0,00;24,00;12,00;144,00;0,00;06/08/2025;12/08/2025;12/08/2026;Não;15/08/2025;15/08/2025
atas_itens_RT_2025_p1.json;2026-07-29 14:27:28;00073/2025;10673078000120-1-000056/2025-000009;10673078000120-1-000056/2025;15813205901072025;00047;90107;2025;05;Pregão;158132;INST.FED.DE EDUC.,CIENC.E TEC.DO MAT.G.DO SUL;465352;1218;PEÇAS E ACESSÓRIOS INSTRUMENTO MUSICAL;Material;PEÇAS E ACESSÓRIOS INSTRUMENTO MUSICAL, TIPO BAQUETA, APLICAÇÃO MARIMBA, CARACTERÍSTICAS ADICIONAIS CABO MADEIRA MARFIM, CABEÇA REVESTIDA EM ALGODÃO;08666165000109;T. M. T. INSTRUMENTOS MUSICAIS LTDA;001;1;20,00;20,00;0,00;40,00;9,00;180,00;0,00;06/08/2025;12/08/2025;12/08/2026;Não;15/08/2025;15/08/2025
atas_itens_RT_2025_p1.json;2026-07-29 14:27:28;00074/2025;10673078000120-1-000056/2025-000010;10673078000120-1-000056/2025;15813205901072025;00026;90107;2025;05;Pregão;158132;INST.FED.DE EDUC.,CIENC.E TEC.DO MAT.G.DO SUL;328027;7703;FONE OUVIDO;Material;"FONE OUVIDO, TIPO PROFISSIONAL, TIPO FONE HEADPHONE, CARACTERÍSTICAS ADICIONAIS FONES E SUPORTES ALCOCHOADOS, ACESSÓRIOS PLUGUE P2 (3,4 MM); ADAPTADOR P2/P10 (3,5 MM PARA";37815556000146;BEST AUDIO ELETROELETRONICOS LTDA;001;1;21,00;21,00;0,00;42,00;285,00;5985,00;0,00;06/08/2025;12/08/2025;12/08/2026;Não;15/08/2025;15/08/2025
atas_itens_RT_2025_p1.json;2026-07-29 14:27:28;00074/2025;10673078000120-1-000056/2025-000010;10673078000120-1-000056/2025;15813205901072025;00029;90107;2025;05;Pregão;158132;INST.FED.DE EDUC.,CIENC.E TEC.DO MAT.G.DO SUL;485459;4111;CAIXA ACÚSTICA;Material;CAIXA ACÚSTICA, POTÊNCIA 300 WRMS, TAMANHO ALTO-FALANTE 15 POL, TIPO TWEETER TITÂNIO, CARACTERÍSTICAS ADICIONAIS ATIVA, BLUETOOTH, USB, IMPEDÂNCIA ENTRADA 8 OHM, APLICAÇÃO PROPAGAÇÃO SOM, VOLTAGEM BIVOLT V;37815556000146;BEST AUDIO ELETROELETRONICOS LTDA;001;1;15,00;15,00;0,00;30,00;3150,00;47250,00;0,00;06/08/2025;12/08/2025;12/08/2026;Não;15/08/2025;15/08/2025
atas_itens_RT_2025_p1.json;2026-07-29 14:27:28;00074/2025;10673078000120-1-000056/2025-000010;10673078000120-1-000056/2025;15813205901072025;00042;90107;2025;05;Pregão;158132;INST.FED.DE EDUC.,CIENC.E TEC.DO MAT.G.DO SUL;354001;8414;INSTRUMENTO MUSICAL - PERCURSÃO;Material;INSTRUMENTO MUSICAL - PERCURSÃO, TIPO CAXIXI, MATERIAL PALHA, TAMANHO 6,50 X 14 X 6,50 CM, CARACTERÍSTICAS ADICIONAIS FUNDO CABAÇA TRATADA E SEMENTES;37815556000146;BEST AUDIO ELETROELETRONICOS LTDA;001;1;2,00;2,00;0,00;4,00;467,00;934,00;0,00;06/08/2025;12/08/2025;12/08/2026;Não;15/08/2025;15/08/2025
atas_itens_RT_2025_p1.json;2026-07-29 14:27:28;00075/2025;10673078000120-1-000056/2025-000011;10673078000120-1-000056/2025;15813205901072025;00036;90107;2025;05;Pregão;158132;INST.FED.DE EDUC.,CIENC.E TEC.DO MAT.G.DO SUL;601097;3475;BATERIA RECARREGÁVEL;Material;BATERIA RECARREGÁVEL, APLICAÇÃO EQUIPAMENTOS ELETRÔNICOS, SISTEMA ELETROQUÍMICO NI-MH, TENSÃO NOMINAL 9 V, CAPACIDADE NOMINAL 1 450 MAH;58058522000124;BEEVOLT ENERGY LTDA;001;1;23,00;23,00;0,00;46,00;28,00;644,00;0,00;06/08/2025;12/08/2025;12/08/2026;Não;15/08/2025;15/08/2025
atas_itens_RT_2025_p1.json;2026-07-29 14:27:28;00076/2025;10673078000120-1-000056/2025-000012;10673078000120-1-000056/2025;15813205901072025;00037;90107;2025;05;Pregão;158132;INST.FED.DE EDUC.,CIENC.E TEC.DO MAT.G.DO SUL;600771;4569;CARREGADOR BATERIA;Material;CARREGADOR BATERIA, TIPO DUPLO, VELOCIDADE CARGA RÁPIDA, TENSÃO ALIMENTAÇÃO BIVOLT V, CAPACIDADE 4 PILHAS AA NIMH 2100 MAH E 4 PILHAS AAA 1000 MAH, CARACTERÍSTICAS ADICIONAIS DIGITAL, APLICAÇÃO BATERIA 9V/PILHA 1,5V, TIPO BATERIA RECARREGÁVEIS AA, AAA E 9 VOLTS, CORRENTE SAÍDA 500 (AA)/ 250 (AAA) A, TENSÃO BATERIA 9 V, TEMPO RECARGA 10 H;15724019000158;QUALITY ATACADO LTDA;001;1;11,00;11,00;0,00;22,00;42,90;471,90;0,00;06/08/2025;12/08/2025;12/08/2026;Não;15/08/2025;15/08/2025
atas_itens_RT_2025_p1.json;2026-07-29 14:27:28;00077/2025;10673078000120-1-000056/2025-000013;10673078000120-1-000056/2025;15813205901072025;00043;90107;2025;05;Pregão;158132;INST.FED.DE EDUC.,CIENC.E TEC.DO MAT.G.DO SUL;442153;8414;INSTRUMENTO MUSICAL - PERCURSÃO;Material;INSTRUMENTO MUSICAL - PERCURSÃO, TIPO GLOCKENSPIEL, MATERIAL AÇO CARBONO, COMPONENTES 34 TECLAS, CARACTERÍSTICAS ADICIONAIS MESA EM MADEIRA;12559500000147;GS COMERCIO DE INSTRUMENTOS MUSICAIS LTDA;001;1;6,00;6,00;0,00;12,00;568,08;3408,48;0,00;06/08/2025;12/08/2025;12/08/2026;Não;15/08/2025;15/08/2025
atas_itens_RT_2025_p1.json;2026-07-29 14:27:28;00077/2025;10673078000120-1-000056/2025-000013;10673078000120-1-000056/2025;15813205901072025;00045;90107;2025;05;Pregão;158132;INST.FED.DE EDUC.,CIENC.E TEC.DO MAT.G.DO SUL;615780;8414;INSTRUMENTO MUSICAL - PERCURSÃO;Material;"INSTRUMENTO MUSICAL - PERCURSÃO, TIPO QUADRITON, MATERIAL MADEIRA, COMPONENTES 1 COLETE; 8-10-12-13, CARACTERÍSTICAS ADICIONAIS ACABAMENTO EM FÓRMICA BRANCA";12559500000147;GS COMERCIO DE INSTRUMENTOS MUSICAIS LTDA;001;1;2,00;2,00;0,00;4,00;997,58;1995,16;0,00;06/08/2025;12/08/2025;12/08/2026;Não;15/08/2025;15/08/2025
atas_itens_RT_2025_p1.json;2026-07-29 14:27:28;00064/2025;10673078000120-1-000056/2025-000016;10673078000120-1-000056/2025;15813205901072025;00001;90107;2025;05;Pregão;158132;INST.FED.DE EDUC.,CIENC.E TEC.DO MAT.G.DO SUL;441710;8411;INSTRUMENTO MUSICAL - CORDA;Material;INSTRUMENTO MUSICAL - CORDA, COMPONENTES COM 6 CORDAS E ESTOJO, TIPO GUITARRA ELÉTRICA;32846158000173;TEC SERV EMPRENDIMENTOS LTDA;001;1;14,00;14,00;0,00;28,00;2400,00;33600,00;0,00;15/08/2025;25/08/2025;25/08/2026;Não;26/08/2025;26/08/2025
atas_itens_RT_2025_p1.json;2026-07-29 14:27:28;00064/2025;10673078000120-1-000056/2025-000016;10673078000120-1-000056/2025;15813205901072025;00002;90107;2025;05;Pregão;158132;INST.FED.DE EDUC.,CIENC.E TEC.DO MAT.G.DO SUL;486481;1218;PEÇAS E ACESSÓRIOS INSTRUMENTO MUSICAL;Material;PEÇAS E ACESSÓRIOS INSTRUMENTO MUSICAL, TIPO BOLSA PARA TRANSPORTE E PROTEÇÃO, APLICAÇÃO GUITARRA, CARACTERÍSTICAS ADICIONAIS COR PRETA, COM ZÍPER E ALÇAS;32846158000173;TEC SERV EMPRENDIMENTOS LTDA;001;1;14,00;14,00;0,00;28,00;770,00;10780,00;0,00;15/08/2025;25/08/2025;25/08/2026;Não;26/08/2025;26/08/2025
atas_itens_RT_2023_p1.json;2026-07-29 14:27:27;00022/2023;10673078000120-1-000057/2023-000001;10673078000120-1-000057/2023;15813205000282023;00007;00028;2023;05;Pregão;158132;INST.FED.DE EDUC.,CIENC.E TEC.DO MAT.G.DO SUL;458219;13768;APARELHO AR CONDICIONADO;Material;APARELHO AR CONDICIONADO, CAPACIDADE REFRIGERAÇÃO 9.000 BTU, TENSÃO 220 V, TIPO SPLIT HI WALL, MODELO FANCOLETE HIDRÔNICO, CARACTERÍSTICAS ADICIONAIS 1 CONTROLE REMOTO S/FIO, INVERTER;01590728000930;MICROTECNICA INFORMATICA LTDA;001;1;5,00;5,00;0,00;10,00;1752,81;8764,05;0,00;12/12/2023;13/12/2023;13/12/2024;Não;12/12/2023;12/12/2023
atas_itens_RT_2023_p1.json;2026-07-29 14:27:27;00022/2023;10673078000120-1-000057/2023-000001;10673078000120-1-000057/2023;15813205000282023;00008;00028;2023;05;Pregão;158132;INST.FED.DE EDUC.,CIENC.E TEC.DO MAT.G.DO SUL;485550;13768;APARELHO AR CONDICIONADO;Material;APARELHO AR CONDICIONADO, CAPACIDADE REFRIGERAÇÃO 12.000 BTU/H, VAZÃO AR 430 M3/H, TENSÃO 220 V, MODELO PORTÁTIL, CARACTERÍSTICAS ADICIONAIS 1 COM CONTROLE REMOTO;01590728000930;MICROTECNICA INFORMATICA LTDA;001;1;20,00;20,00;0,00;40,00;2042,59;40851,80;0,00;12/12/2023;13/12/2023;13/12/2024;Não;12/12/2023;12/12/2023
atas_itens_RT_2023_p1.json;2026-07-29 14:27:27;00022/2023;10673078000120-1-000057/2023-000001;10673078000120-1-000057/2023;15813205000282023;00009;00028;2023;05;Pregão;158132;INST.FED.DE EDUC.,CIENC.E TEC.DO MAT.G.DO SUL;486538;13768;APARELHO AR CONDICIONADO;Material;APARELHO AR CONDICIONADO, CAPACIDADE REFRIGERAÇÃO 18.000 BTU, VAZÃO AR 1.100 M3/H, TENSÃO 220 V, FREQÜÊNCIA 60 HZ, TIPO HI-WALL, MODELO PAREDE, HIDRÔNICO;01590728000930;MICROTECNICA INFORMATICA LTDA;001;1;24,00;24,00;0,00;48,00;2763,32;66319,68;0,00;12/12/2023;13/12/2023;13/12/2024;Não;12/12/2023;12/12/2023
atas_itens_RT_2023_p1.json;2026-07-29 14:27:27;00022/2023;10673078000120-1-000057/2023-000001;10673078000120-1-000057/2023;15813205000282023;00010;00028;2023;05;Pregão;158132;INST.FED.DE EDUC.,CIENC.E TEC.DO MAT.G.DO SUL;480928;13768;APARELHO AR CONDICIONADO;Material;APARELHO AR CONDICIONADO, CAPACIDADE REFRIGERAÇÃO 24.000 BTU/H, TENSÃO 220 V, FREQÜÊNCIA 60 HZ, TIPO SPLIT;01590728000930;MICROTECNICA INFORMATICA LTDA;001;1;124,00;124,00;0,00;248,00;3506,35;434787,40;0,00;12/12/2023;13/12/2023;13/12/2024;Não;12/12/2023;12/12/2023
atas_itens_RT_2023_p1.json;2026-07-29 14:27:27;00022/2023;10673078000120-1-000057/2023-000001;10673078000120-1-000057/2023;15813205000282023;00011;00028;2023;05;Pregão;158132;INST.FED.DE EDUC.,CIENC.E TEC.DO MAT.G.DO SUL;463213;13768;APARELHO AR CONDICIONADO;Material;APARELHO AR CONDICIONADO, CAPACIDADE REFRIGERAÇÃO 30.000 BTU, TENSÃO 220 V, TIPO SPLIT, MODELO SPLIT INVERTER, CARACTERÍSTICAS ADICIONAIS 1 CONTROLE REMOTO S/FIO, QUENTE/FRIO, SELO PROCEL, GARANTIA 1 ANO;01590728000930;MICROTECNICA INFORMATICA LTDA;001;1;76,00;76,00;0,00;152,00;4576,31;347799,56;0,00;12/12/2023;13/12/2023;13/12/2024;Não;12/12/2023;12/12/2023
atas_itens_RT_2023_p1.json;2026-07-29 14:27:27;00022/2023;10673078000120-1-000057/2023-000001;10673078000120-1-000057/2023;15813205000282023;00012;00028;2023;05;Pregão;158132;INST.FED.DE EDUC.,CIENC.E TEC.DO MAT.G.DO SUL;459763;13768;APARELHO AR CONDICIONADO;Material;APARELHO AR CONDICIONADO, CAPACIDADE REFRIGERAÇÃO 48.000 BTU, TENSÃO 380 V, TIPO SPLIT, MODELO PISO-TETO INVERTER, CARACTERÍSTICAS ADICIONAIS 1 COM CONTROLE REMOTO;01590728000930;MICROTECNICA INFORMATICA LTDA;001;1;31,00;31,00;0,00;62,00;9025,01;279775,31;0,00;12/12/2023;13/12/2023;13/12/2024;Não;12/12/2023;12/12/2023
atas_itens_RT_2023_p1.json;2026-07-29 14:27:27;00021/2023;10673078000120-1-000057/2023-000002;10673078000120-1-000057/2023;15813205000282023;00001;00028;2023;05;Pregão;158132;INST.FED.DE EDUC.,CIENC.E TEC.DO MAT.G.DO SUL;482947;4661;CARTEIRA ESCOLAR;Material;CARTEIRA ESCOLAR, MATERIAL ESTRUTURA TUBO AÇO, MATERIAL TAMPO PLÁSTICO INJETADO, ESPESSURA TAMPO 18 MM, TAMANHO 76 X 60 X 45 CM, REVESTIMENTO TAMPO LAMINADO MELAMÍNICO;01597132000105;LBS DO BRASIL LTDA;001;1;1495,00;1495,00;0,00;2990,00;440,00;657800,00;0,00;12/12/2023;13/12/2023;13/12/2025;Não;12/12/2023;12/12/2023
atas_itens_RT_2023_p1.json;2026-07-29 14:27:27;00021/2023;10673078000120-1-000057/2023-000002;10673078000120-1-000057/2023;15813205000282023;00002;00028;2023;05;Pregão;158132;INST.FED.DE EDUC.,CIENC.E TEC.DO MAT.G.DO SUL;482947;4661;CARTEIRA ESCOLAR;Material;CARTEIRA ESCOLAR, MATERIAL ESTRUTURA TUBO AÇO, MATERIAL TAMPO PLÁSTICO INJETADO, ESPESSURA TAMPO 18 MM, TAMANHO 76 X 60 X 45 CM, REVESTIMENTO TAMPO LAMINADO MELAMÍNICO;01597132000105;LBS DO BRASIL LTDA;001;1;114,00;114,00;0,00;228,00;760,00;86640,00;0,00;12/12/2023;13/12/2023;13/12/2025;Não;12/12/2023;12/12/2023
atas_itens_RT_2023_p1.json;2026-07-29 14:27:27;00023/2023;10673078000120-1-000057/2023-000003;10673078000120-1-000057/2023;15813205000282023;00006;00028;2023;05;Pregão;158132;INST.FED.DE EDUC.,CIENC.E TEC.DO MAT.G.DO SUL;473582;1045;FORNO MICROONDAS;Material;FORNO MICROONDAS, CAPACIDADE 32 L, POTÊNCIA 900 W, VOLTAGEM 220 V, CARACTERÍSTICAS ADICIONAIS ALARME SONORO;28706488000196;INOVA TECH INFORMATICA LTDA;001;1;33,00;33,00;0,00;66,00;718,00;23694,00;0,00;13/12/2023;14/12/2023;14/12/2024;Não;19/12/2023;19/12/2023
atas_itens_RT_2023_p1.json;2026-07-29 14:27:27;00026/2023;10673078000120-1-000057/2023-000004;10673078000120-1-000057/2023;15813205000282023;00017;00028;2023;05;Pregão;158132;INST.FED.DE EDUC.,CIENC.E TEC.DO MAT.G.DO SUL;461112;328;ARMÁRIO ESCRITÓRIO;Material;ARMÁRIO ESCRITÓRIO, MATERIAL MADEIRA MDF, QUANTIDADE PORTAS 1 UN, REVESTIMENTO LAMINADO MELAMÍNICO BAIXA PRESSÃO, LARGURA 60 CM, ALTURA 46 CM, CARACTERÍSTICAS ADICIONAIS PORTA DE GIRO E PUXADOR DE METAL, PROFUNDIDADE 31 CM, TIPO AÉREO, ESPESSURA 25 MM;49369570000142;MEGA PETZ COMERCIO E DISTRIBUICAO LTDA;001;1;24,00;24,00;0,00;48,00;895,00;21480,00;0,00;13/12/2023;14/12/2023;13/12/2024;Não;19/12/2023;19/12/2023
atas_itens_RT_2023_p1.json;2026-07-29 14:27:27;00026/2023;10673078000120-1-000057/2023-000004;10673078000120-1-000057/2023;15813205000282023;00018;00028;2023;05;Pregão;158132;INST.FED.DE EDUC.,CIENC.E TEC.DO MAT.G.DO SUL;486510;14250;MÓDULO DE TRABALHO;Material;MÓDULO DE TRABALHO, MATERIAL MADEIRA MDP, CARACTERÍSTICAS ADICIONAIS PAINEL ALTO, TAMPO COM FURO PARA PASSAGEM DE FIAÇ, REVESTIMENTO LAMINADO MELAMÍNICO, COR BEGE, TIPO INDIVIDUAL, ALTURA 1.200 MM, PROFUNDIDADE 600 MM;49369570000142;MEGA PETZ COMERCIO E DISTRIBUICAO LTDA;001;1;10,00;10,00;0,00;20,00;1257,00;12570,00;0,00;13/12/2023;14/12/2023;13/12/2024;Não;19/12/2023;19/12/2023
atas_itens_RT_2023_p1.json;2026-07-29 14:27:27;00028/2023;10673078000120-1-000057/2023-000005;10673078000120-1-000057/2023;15813205000282023;00004;00028;2023;05;Pregão;158132;INST.FED.DE EDUC.,CIENC.E TEC.DO MAT.G.DO SUL;315040;5073;CLAVICULÁRIO;Material;CLAVICULÁRIO, MATERIAL CHAPA AÇO FOSFATIZADA, LARGURA 47 CM, CAPACIDADE 100 CHAVES, ACABAMENTO SUPERFICIAL PINTURA EPÓXI COR CINZA, PROFUNDIDADE 9 CM, ALTURA 52 CM, CARACTERÍSTICAS ADICIONAIS FECHADURA TIPO YALI, IDENTIFICAÇÃO SEQÜÊNCIAL POR;37597436000110;BUFFOS COMERCIO DE ARTIGOS LTDA;001;1;8,00;8,00;0,00;16,00;490,00;3920,00;0,00;19/12/2023;20/12/2023;20/12/2025;Não;19/12/2023;19/12/2023
atas_itens_RT_2023_p1.json;2026-07-29 14:27:27;00027/2023;10673078000120-1-000057/2023-000006;10673078000120-1-000057/2023;15813205000282023;00005;00028;2023;05;Pregão;158132;INST.FED.DE EDUC.,CIENC.E TEC.DO MAT.G.DO SUL;217445;906;PROJETOR IMAGEM;Material;PROJETOR IMAGEM, TIPO IMAGEM IMAGEM MICROCOMPUTADOR (MULTIMÍDIA), TIPO FOCO AUTO FOCO, VOLTAGEM 110/220 V, CARACTERÍSTICAS ADICIONAIS CONTROLE REMOTO;31788699000120;ADL PRODUTOS E SERVICOS LTDA;001;1;120,00;120,00;0,00;240,00;5490,00;658800,00;0,00;19/12/2023;20/12/2023;20/12/2024;Não;19/12/2023;19/12/2023
atas_itens_RT_2023_p1.json;2026-07-29 14:27:27;00024/2023;10673078000120-1-000057/2023-000007;10673078000120-1-000057/2023;15813205000282023;00015;00028;2023;05;Pregão;158132;INST.FED.DE EDUC.,CIENC.E TEC.DO MAT.G.DO SUL;603756;12177;SOFÁ;Material;SOFÁ, MATERIAL ESTRUTURA AÇO, MATERIAL ESTOFAMENTO ESPUMA INJETADA, REVESTIMENTO TECIDO POLIÉSTER, QUANTIDADE MÓDULOS 1 UN, CARACTERÍSTICAS ADICIONAIS MÓDULO DE CENTRO RETO, QUANTIDADE ASSENTOS 1 UN, LARGURA 60 CM, PROFUNDIDADE 52 CM, ALTURA 45 CM;03869166000137;BRTOP INDUSTRIA E COMERCIO DE MOVEIS LTDA;001;1;95,00;95,00;0,00;190,00;397,48;37760,60;0,00;13/12/2023;14/12/2023;14/12/2024;Não;21/12/2023;21/12/2023
atas_itens_RT_2023_p1.json;2026-07-29 14:27:27;00025/2023;10673078000120-1-000057/2023-000008;10673078000120-1-000057/2023;15813205000282023;00003;00028;2023;05;Pregão;158132;INST.FED.DE EDUC.,CIENC.E TEC.DO MAT.G.DO SUL;460829;334;ESTANTE METÁLICA;Material;ESTANTE METÁLICA, MATERIAL AÇO, ALTURA 1,98 M, LARGURA 0,92 M, PROFUNDIDADE 0,40 M, TIPO PRATELEIRAS REGULÁVEIS, QUANTIDADE PRATELEIRAS 6 UN, TRATAMENTO SUPERFICIAL PINTURA ELETROSTÁTICA, COR CINZA;10144274000108;ZELLITEC COMERCIO DE PRODUTOS ALIMENTICIOS LTDA;001;1;71,00;71,00;0,00;142,00;320,00;22720,00;0,00;13/12/2023;14/12/2023;14/12/2024;Não;21/12/2023;21/12/2023
atas_itens_RT_2023_p1.json;2026-07-29 14:27:27;00025/2023;10673078000120-1-000057/2023-000008;10673078000120-1-000057/2023;15813205000282023;00016;00028;2023;05;Pregão;158132;INST.FED.DE EDUC.,CIENC.E TEC.DO MAT.G.DO SUL;433305;10984;POLTRONA;Material;POLTRONA, MATERIAL ESTRUTURA AÇO, MATERIAL ASSENTO E ENCOSTO ESPUMA POLIURETANO INJETADO, ACABAMENTO SUPERFICIAL ESTRUTURA PINTURA ELETROSTÁTICA EM EPÓXI-PÓ, MATERIAL REVESTIMENTO ASSENTO E ENCOSTO COURO SINTÉTICO, TIPO FIXA, TIPO ESPALDAR MÉDIO;10144274000108;ZELLITEC COMERCIO DE PRODUTOS ALIMENTICIOS LTDA;001;1;65,00;65,00;0,00;130,00;208,00;13520,00;0,00;13/12/2023;14/12/2023;14/12/2024;Não;21/12/2023;21/12/2023
atas_itens_RT_2023_p1.json;2026-07-29 14:27:27;00025/2023;10673078000120-1-000057/2023-000008;10673078000120-1-000057/2023;15813205000282023;00019;00028;2023;05;Pregão;158132;INST.FED.DE EDUC.,CIENC.E TEC.DO MAT.G.DO SUL;458914;12395;SUPORTE DE VIDEOCASSETE / TELEVISAO;Material;SUPORTE DE VIDEOCASSETE / TELEVISAO, MATERIAL AÇO, TIPO PAREDE, TAMANHO PARA TV DE 32 ATÉ 75, ACABAMENTO SUPERFICIAL NATURAL;10144274000108;ZELLITEC COMERCIO DE PRODUTOS ALIMENTICIOS LTDA;001;1;40,00;40,00;0,00;80,00;90,00;3600,00;0,00;13/12/2023;14/12/2023;14/12/2024;Não;21/12/2023;21/12/2023
atas_itens_RT_2024_p1.json;2026-07-29 14:27:28;00004/2024;10673078000120-1-000057/2023-000009;10673078000120-1-000057/2023;15813205000282023;00014;00028;2023;05;Pregão;158132;INST.FED.DE EDUC.,CIENC.E TEC.DO MAT.G.DO SUL;258455;17368;CONJUNTO ESCOLAR;Material;CONJUNTO ESCOLAR, COMPONENTES MESA E CADEIRA, MATERIAL RESINA PLÁSTICA DE ALTO IMPACTO, TAMANHO ADULTO, FORMATO MESA BITRAPEZOIDAL, MATERIAL TAMPO ABS- ACRILONITRILE/BUTADIENE/STIRENE, TRATAMENTO SUPERFICIAL ESTRUTURA ANTIFERRUGINOSO/PINTURA ELETROSTÁTICA EM EPÓXI PÓ, CARACTERÍSTICAS ADICIONAIS ASSENTO E ENCOSTO DA CADEIRA COM CURVATURA ANATÔ-, APLICAÇÃO SALA DE AULA;47700282000101;MOBIE ATACADISTA E DISTRIBUIDORA LTDA.;001;1;327,00;327,00;0,00;654,00;1130,00;369510,00;0,00;31/01/2024;01/02/2024;01/02/2026;Não;01/02/2024;01/02/2024
atas_itens_RT_2025_p1.json;2026-07-29 14:27:28;00060/2025;10673078000120-1-000062/2025-000001;10673078000120-1-000062/2025;15813205901892025;00312;90189;2025;05;Pregão;158132;INST.FED.DE EDUC.,CIENC.E TEC.DO MAT.G.DO SUL;464371;19789;FRUTA;Material;FRUTA, TIPO ABACATE MANTEIGA, APRESENTAÇÃO NATURAL;13425923000137;JG COMERCIAL LTDA;001;1;88,00;88,00;0,00;0,00;11,24;989,12;0,00;05/08/2025;06/08/2025;05/08/2026;Não;05/08/2025;05/08/2025
atas_itens_RT_2025_p1.json;2026-07-29 14:27:28;00060/2025;10673078000120-1-000062/2025-000001;10673078000120-1-000062/2025;15813205901892025;00313;90189;2025;05;Pregão;158132;INST.FED.DE EDUC.,CIENC.E TEC.DO MAT.G.DO SUL;464374;19789;FRUTA;Material;FRUTA, TIPO ABACAXI PÉROLA, APRESENTAÇÃO NATURAL;13425923000137;JG COMERCIAL LTDA;001;1;200,00;200,00;0,00;0,00;9,48;1896,00;0,00;05/08/2025;06/08/2025;05/08/2026;Não;05/08/2025;05/08/2025
atas_itens_RT_2025_p1.json;2026-07-29 14:27:28;00060/2025;10673078000120-1-000062/2025-000001;10673078000120-1-000062/2025;15813205901892025;00314;90189;2025;05;Pregão;158132;INST.FED.DE EDUC.,CIENC.E TEC.DO MAT.G.DO SUL;467424;19772;LEGUME IN NATURA;Material;LEGUME IN NATURA, TIPO ABÓBORA CABOTIÁ/ JAPONESA, ADICIONAL CORTADO;13425923000137;JG COMERCIAL LTDA;001;1;336,00;336,00;0,00;0,00;7,75;2604,00;0,00;05/08/2025;06/08/2025;05/08/2026;Não;05/08/2025;05/08/2025
atas_itens_RT_2025_p1.json;2026-07-29 14:27:28;00060/2025;10673078000120-1-000062/2025-000001;10673078000120-1-000062/2025;15813205901892025;00315;90189;2025;05;Pregão;158132;INST.FED.DE EDUC.,CIENC.E TEC.DO MAT.G.DO SUL;463751;19772;LEGUME IN NATURA;Material;LEGUME IN NATURA, TIPO ABOBRINHA DE PESCOÇO/ MENINA;13425923000137;JG COMERCIAL LTDA;001;1;336,00;336,00;0,00;0,00;6,37;2140,32;0,00;05/08/2025;06/08/2025;05/08/2026;Não;05/08/2025;05/08/2025
atas_itens_RT_2025_p1.json;2026-07-29 14:27:28;00060/2025;10673078000120-1-000062/2025-000001;10673078000120-1-000062/2025;15813205901892025;00316;90189;2025;05;Pregão;158132;INST.FED.DE EDUC.,CIENC.E TEC.DO MAT.G.DO SUL;463818;19773;VERDURA IN NATURA;Material;VERDURA IN NATURA, TIPO ACELGA;13425923000137;JG COMERCIAL LTDA;001;1;90,00;90,00;0,00;0,00;5,59;503,10;0,00;05/08/2025;06/08/2025;05/08/2026;Não;05/08/2025;05/08/2025
atas_itens_RT_2025_p1.json;2026-07-29 14:27:28;00060/2025;10673078000120-1-000062/2025-000001;10673078000120-1-000062/2025;15813205901892025;00317;90189;2025;05;Pregão;158132;INST.FED.DE EDUC.,CIENC.E TEC.DO MAT.G.DO SUL;463832;19773;VERDURA IN NATURA;Material;VERDURA IN NATURA, TIPO ALFACE CRESPA;13425923000137;JG COMERCIAL LTDA;001;1;1170,00;1170,00;0,00;0,00;6,00;7020,00;0,00;05/08/2025;06/08/2025;05/08/2026;Não;05/08/2025;05/08/2025
atas_itens_RT_2025_p1.json;2026-07-29 14:27:28;00060/2025;10673078000120-1-000062/2025-000001;10673078000120-1-000062/2025;15813205901892025;00318;90189;2025;05;Pregão;158132;INST.FED.DE EDUC.,CIENC.E TEC.DO MAT.G.DO SUL;611980;19774;CONDIMENTO;Material;CONDIMENTO, TIPO ALHO, APRESENTAÇÃO NATURAL, ADICIONAL DENTE DESCASCADO, CONGELADO;13425923000137;JG COMERCIAL LTDA;001;1;672,00;672,00;0,00;0,00;25,00;16800,00;0,00;05/08/2025;06/08/2025;05/08/2026;Não;05/08/2025;05/08/2025
atas_itens_RT_2025_p1.json;2026-07-29 14:27:28;00060/2025;10673078000120-1-000062/2025-000001;10673078000120-1-000062/2025;15813205901892025;00319;90189;2025;05;Pregão;158132;INST.FED.DE EDUC.,CIENC.E TEC.DO MAT.G.DO SUL;464376;19789;FRUTA;Material;FRUTA, TIPO BANANA MAÇÃ, APRESENTAÇÃO NATURAL;13425923000137;JG COMERCIAL LTDA;001;1;200,00;200,00;0,00;0,00;16,57;3314,00;0,00;05/08/2025;06/08/2025;05/08/2026;Não;05/08/2025;05/08/2025
atas_itens_RT_2025_p1.json;2026-07-29 14:27:28;00060/2025;10673078000120-1-000062/2025-000001;10673078000120-1-000062/2025;15813205901892025;00320;90189;2025;05;Pregão;158132;INST.FED.DE EDUC.,CIENC.E TEC.DO MAT.G.DO SUL;464380;19789;FRUTA;Material;FRUTA, TIPO BANANA NANICA/ BANANA D'ÁGUA, APRESENTAÇÃO NATURAL;13425923000137;JG COMERCIAL LTDA;001;1;300,00;300,00;0,00;0,00;8,78;2634,00;0,00;05/08/2025;06/08/2025;05/08/2026;Não;05/08/2025;05/08/2025
atas_itens_RT_2025_p1.json;2026-07-29 14:27:28;00060/2025;10673078000120-1-000062/2025-000001;10673078000120-1-000062/2025;15813205901892025;00321;90189;2025;05;Pregão;158132;INST.FED.DE EDUC.,CIENC.E TEC.DO MAT.G.DO SUL;463753;19772;LEGUME IN NATURA;Material;LEGUME IN NATURA, TIPO BATATA DOCE;13425923000137;JG COMERCIAL LTDA;001;1;252,00;252,00;0,00;0,00;6,76;1703,52;0,00;05/08/2025;06/08/2025;05/08/2026;Não;05/08/2025;05/08/2025
atas_itens_RT_2025_p1.json;2026-07-29 14:27:28;00060/2025;10673078000120-1-000062/2025-000001;10673078000120-1-000062/2025;15813205901892025;00322;90189;2025;05;Pregão;158132;INST.FED.DE EDUC.,CIENC.E TEC.DO MAT.G.DO SUL;463754;19772;LEGUME IN NATURA;Material;LEGUME IN NATURA, TIPO BATATA INGLESA;13425923000137;JG COMERCIAL LTDA;001;1;336,00;336,00;0,00;0,00;8,04;2701,44;0,00;05/08/2025;06/08/2025;05/08/2026;Não;05/08/2025;05/08/2025
atas_itens_RT_2025_p1.json;2026-07-29 14:27:28;00060/2025;10673078000120-1-000062/2025-000001;10673078000120-1-000062/2025;15813205901892025;00323;90189;2025;05;Pregão;158132;INST.FED.DE EDUC.,CIENC.E TEC.DO MAT.G.DO SUL;463764;19772;LEGUME IN NATURA;Material;LEGUME IN NATURA, TIPO BERINJELA;13425923000137;JG COMERCIAL LTDA;001;1;450,00;450,00;0,00;0,00;7,55;3397,50;0,00;05/08/2025;06/08/2025;05/08/2026;Não;05/08/2025;05/08/2025
atas_itens_RT_2025_p1.json;2026-07-29 14:27:28;00060/2025;10673078000120-1-000062/2025-000001;10673078000120-1-000062/2025;15813205901892025;00324;90189;2025;05;Pregão;158132;INST.FED.DE EDUC.,CIENC.E TEC.DO MAT.G.DO SUL;463767;19772;LEGUME IN NATURA;Material;LEGUME IN NATURA, TIPO BETERRABA;13425923000137;JG COMERCIAL LTDA;001;1;540,00;540,00;0,00;0,00;6,88;3715,20;0,00;05/08/2025;06/08/2025;05/08/2026;Não;05/08/2025;05/08/2025
atas_itens_RT_2025_p1.json;2026-07-29 14:27:28;00060/2025;10673078000120-1-000062/2025-000001;10673078000120-1-000062/2025;15813205901892025;00325;90189;2025;05;Pregão;158132;INST.FED.DE EDUC.,CIENC.E TEC.DO MAT.G.DO SUL;463781;19772;LEGUME IN NATURA;Material;LEGUME IN NATURA, TIPO CEBOLA BRANCA;13425923000137;JG COMERCIAL LTDA;001;1;437,00;437,00;0,00;0,00;6,57;2871,09;0,00;05/08/2025;06/08/2025;05/08/2026;Não;05/08/2025;05/08/2025
atas_itens_RT_2025_p1.json;2026-07-29 14:27:28;00060/2025;10673078000120-1-000062/2025-000001;10673078000120-1-000062/2025;15813205901892025;00326;90189;2025;05;Pregão;158132;INST.FED.DE EDUC.,CIENC.E TEC.DO MAT.G.DO SUL;463878;19774;CONDIMENTO;Material;CONDIMENTO, TIPO CEBOLINHA, APRESENTAÇÃO NATURAL;13425923000137;JG COMERCIAL LTDA;001;1;224,00;224,00;0,00;0,00;7,00;1568,00;0,00;05/08/2025;06/08/2025;05/08/2026;Não;05/08/2025;05/08/2025
atas_itens_RT_2025_p1.json;2026-07-29 14:27:28;00060/2025;10673078000120-1-000062/2025-000001;10673078000120-1-000062/2025;15813205901892025;00327;90189;2025;05;Pregão;158132;INST.FED.DE EDUC.,CIENC.E TEC.DO MAT.G.DO SUL;463770;19772;LEGUME IN NATURA;Material;LEGUME IN NATURA, TIPO CENOURA;13425923000137;JG COMERCIAL LTDA;001;1;570,00;570,00;0,00;0,00;6,99;3984,30;0,00;05/08/2025;06/08/2025;05/08/2026;Não;05/08/2025;05/08/2025
atas_itens_RT_2025_p1.json;2026-07-29 14:27:28;00060/2025;10673078000120-1-000062/2025-000001;10673078000120-1-000062/2025;15813205901892025;00328;90189;2025;05;Pregão;158132;INST.FED.DE EDUC.,CIENC.E TEC.DO MAT.G.DO SUL;463876;19774;CONDIMENTO;Material;CONDIMENTO, TIPO COENTRO, APRESENTAÇÃO NATURAL;13425923000137;JG COMERCIAL LTDA;001;1;224,00;224,00;0,00;0,00;11,32;2535,68;0,00;05/08/2025;06/08/2025;05/08/2026;Não;05/08/2025;05/08/2025
atas_itens_RT_2025_p1.json;2026-07-29 14:27:28;00060/2025;10673078000120-1-000062/2025-000001;10673078000120-1-000062/2025;15813205901892025;00329;90189;2025;05;Pregão;158132;INST.FED.DE EDUC.,CIENC.E TEC.DO MAT.G.DO SUL;463831;19773;VERDURA IN NATURA;Material;VERDURA IN NATURA, TIPO COUVE-FLOR;13425923000137;JG COMERCIAL LTDA;001;1;1008,00;1008,00;0,00;0,00;13,83;13940,64;0,00;05/08/2025;06/08/2025;05/08/2026;Não;05/08/2025;05/08/2025
atas_itens_RT_2025_p1.json;2026-07-29 14:27:28;00060/2025;10673078000120-1-000062/2025-000001;10673078000120-1-000062/2025;15813205901892025;00330;90189;2025;05;Pregão;158132;INST.FED.DE EDUC.,CIENC.E TEC.DO MAT.G.DO SUL;463822;19773;VERDURA IN NATURA;Material;VERDURA IN NATURA, TIPO COUVE;13425923000137;JG COMERCIAL LTDA;001;1;120,00;120,00;0,00;0,00;14,65;1758,00;0,00;05/08/2025;06/08/2025;05/08/2026;Não;05/08/2025;05/08/2025
atas_itens_RT_2025_p1.json;2026-07-29 14:27:28;00060/2025;10673078000120-1-000062/2025-000001;10673078000120-1-000062/2025;15813205901892025;00331;90189;2025;05;Pregão;158132;INST.FED.DE EDUC.,CIENC.E TEC.DO MAT.G.DO SUL;464392;19789;FRUTA;Material;FRUTA, TIPO GOIABA VERMELHA, APRESENTAÇÃO NATURAL;13425923000137;JG COMERCIAL LTDA;001;1;200,00;200,00;0,00;0,00;10,64;2128,00;0,00;05/08/2025;06/08/2025;05/08/2026;Não;05/08/2025;05/08/2025
atas_itens_RT_2025_p1.json;2026-07-29 14:27:28;00060/2025;10673078000120-1-000062/2025-000001;10673078000120-1-000062/2025;15813205901892025;00332;90189;2025;05;Pregão;158132;INST.FED.DE EDUC.,CIENC.E TEC.DO MAT.G.DO SUL;464393;19789;FRUTA;Material;FRUTA, TIPO LARANJA PERA, APRESENTAÇÃO NATURAL;13425923000137;JG COMERCIAL LTDA;001;1;300,00;300,00;0,00;0,00;6,76;2028,00;0,00;05/08/2025;06/08/2025;05/08/2026;Não;05/08/2025;05/08/2025
atas_itens_RT_2025_p1.json;2026-07-29 14:27:28;00060/2025;10673078000120-1-000062/2025-000001;10673078000120-1-000062/2025;15813205901892025;00333;90189;2025;05;Pregão;158132;INST.FED.DE EDUC.,CIENC.E TEC.DO MAT.G.DO SUL;464401;19789;FRUTA;Material;FRUTA, TIPO MAÇÃ FUJI, APRESENTAÇÃO NATURAL;13425923000137;JG COMERCIAL LTDA;001;1;200,00;200,00;0,00;0,00;12,79;2558,00;0,00;05/08/2025;06/08/2025;05/08/2026;Não;05/08/2025;05/08/2025
atas_itens_RT_2025_p1.json;2026-07-29 14:27:28;00060/2025;10673078000120-1-000062/2025-000001;10673078000120-1-000062/2025;15813205901892025;00334;90189;2025;05;Pregão;158132;INST.FED.DE EDUC.,CIENC.E TEC.DO MAT.G.DO SUL;464405;19789;FRUTA;Material;FRUTA, TIPO MAMÃO FORMOSA, APRESENTAÇÃO NATURAL;13425923000137;JG COMERCIAL LTDA;001;1;300,00;300,00;0,00;0,00;8,29;2487,00;0,00;05/08/2025;06/08/2025;05/08/2026;Não;05/08/2025;05/08/2025
atas_itens_RT_2025_p1.json;2026-07-29 14:27:28;00060/2025;10673078000120-1-000062/2025-000001;10673078000120-1-000062/2025;15813205901892025;00335;90189;2025;05;Pregão;158132;INST.FED.DE EDUC.,CIENC.E TEC.DO MAT.G.DO SUL;463795;19772;LEGUME IN NATURA;Material;LEGUME IN NATURA, TIPO MANDIOCA/ AIPIM;13425923000137;JG COMERCIAL LTDA;001;1;168,00;168,00;0,00;0,00;7,80;1310,40;0,00;05/08/2025;06/08/2025;05/08/2026;Não;05/08/2025;05/08/2025
atas_itens_RT_2025_p1.json;2026-07-29 14:27:28;00060/2025;10673078000120-1-000062/2025-000001;10673078000120-1-000062/2025;15813205901892025;00336;90189;2025;05;Pregão;158132;INST.FED.DE EDUC.,CIENC.E TEC.DO MAT.G.DO SUL;464374;19789;FRUTA;Material;FRUTA, TIPO ABACAXI PÉROLA, APRESENTAÇÃO NATURAL;13425923000137;JG COMERCIAL LTDA;001;1;200,00;200,00;0,00;0,00;13,66;2732,00;0,00;05/08/2025;06/08/2025;05/08/2026;Não;05/08/2025;05/08/2025
atas_itens_RT_2025_p1.json;2026-07-29 14:27:28;00060/2025;10673078000120-1-000062/2025-000001;10673078000120-1-000062/2025;15813205901892025;00337;90189;2025;05;Pregão;158132;INST.FED.DE EDUC.,CIENC.E TEC.DO MAT.G.DO SUL;463791;19772;LEGUME IN NATURA;Material;LEGUME IN NATURA, TIPO MAXIXE;13425923000137;JG COMERCIAL LTDA;001;1;200,00;200,00;0,00;0,00;13,16;2632,00;0,00;05/08/2025;06/08/2025;05/08/2026;Não;05/08/2025;05/08/2025
atas_itens_RT_2025_p1.json;2026-07-29 14:27:28;00060/2025;10673078000120-1-000062/2025-000001;10673078000120-1-000062/2025;15813205901892025;00338;90189;2025;05;Pregão;158132;INST.FED.DE EDUC.,CIENC.E TEC.DO MAT.G.DO SUL;464418;19789;FRUTA;Material;FRUTA, TIPO MELANCIA VERMELHA, APRESENTAÇÃO NATURAL;13425923000137;JG COMERCIAL LTDA;001;1;300,00;300,00;0,00;0,00;5,06;1518,00;0,00;05/08/2025;06/08/2025;05/08/2026;Não;05/08/2025;05/08/2025
atas_itens_RT_2025_p1.json;2026-07-29 14:27:28;00060/2025;10673078000120-1-000062/2025-000001;10673078000120-1-000062/2025;15813205901892025;00339;90189;2025;05;Pregão;158132;INST.FED.DE EDUC.,CIENC.E TEC.DO MAT.G.DO SUL;464422;19789;FRUTA;Material;FRUTA, TIPO MELÃO AMARELO, APRESENTAÇÃO NATURAL;13425923000137;JG COMERCIAL LTDA;001;1;200,00;200,00;0,00;0,00;8,64;1728,00;0,00;05/08/2025;06/08/2025;05/08/2026;Não;05/08/2025;05/08/2025
atas_itens_RT_2025_p1.json;2026-07-29 14:27:28;00060/2025;10673078000120-1-000062/2025-000001;10673078000120-1-000062/2025;15813205901892025;00340;90189;2025;05;Pregão;158132;INST.FED.DE EDUC.,CIENC.E TEC.DO MAT.G.DO SUL;463796;19772;LEGUME IN NATURA;Material;LEGUME IN NATURA, TIPO PEPINO;13425923000137;JG COMERCIAL LTDA;001;1;1008,00;1008,00;0,00;0,00;6,35;6400,80;0,00;05/08/2025;06/08/2025;05/08/2026;Não;05/08/2025;05/08/2025
atas_itens_RT_2025_p1.json;2026-07-29 14:27:28;00060/2025;10673078000120-1-000062/2025-000001;10673078000120-1-000062/2025;15813205901892025;00341;90189;2025;05;Pregão;158132;INST.FED.DE EDUC.,CIENC.E TEC.DO MAT.G.DO SUL;463809;19772;LEGUME IN NATURA;Material;LEGUME IN NATURA, TIPO PIMENTÃO VERDE;13425923000137;JG COMERCIAL LTDA;001;1;270,00;270,00;0,00;0,00;10,51;2837,70;0,00;05/08/2025;06/08/2025;05/08/2026;Não;05/08/2025;05/08/2025
atas_itens_RT_2025_p1.json;2026-07-29 14:27:28;00060/2025;10673078000120-1-000062/2025-000001;10673078000120-1-000062/2025;15813205901892025;00342;90189;2025;05;Pregão;158132;INST.FED.DE EDUC.,CIENC.E TEC.DO MAT.G.DO SUL;463792;19772;LEGUME IN NATURA;Material;LEGUME IN NATURA, TIPO QUIABO;13425923000137;JG COMERCIAL LTDA;001;1;252,00;252,00;0,00;0,00;13,66;3442,32;0,00;05/08/2025;06/08/2025;05/08/2026;Não;05/08/2025;05/08/2025
atas_itens_RT_2025_p1.json;2026-07-29 14:27:28;00060/2025;10673078000120-1-000062/2025-000001;10673078000120-1-000062/2025;15813205901892025;00343;90189;2025;05;Pregão;158132;INST.FED.DE EDUC.,CIENC.E TEC.DO MAT.G.DO SUL;463839;19773;VERDURA IN NATURA;Material;VERDURA IN NATURA, TIPO REPOLHO BRANCO/ VERDE;13425923000137;JG COMERCIAL LTDA;001;1;900,00;900,00;0,00;0,00;6,94;6246,00;0,00;05/08/2025;06/08/2025;05/08/2026;Não;05/08/2025;05/08/2025
atas_itens_RT_2025_p1.json;2026-07-29 14:27:28;00060/2025;10673078000120-1-000062/2025-000001;10673078000120-1-000062/2025;15813205901892025;00344;90189;2025;05;Pregão;158132;INST.FED.DE EDUC.,CIENC.E TEC.DO MAT.G.DO SUL;463826;19773;VERDURA IN NATURA;Material;VERDURA IN NATURA, TIPO RÚCULA;13425923000137;JG COMERCIAL LTDA;001;1;1440,00;1440,00;0,00;0,00;11,11;15998,40;0,00;05/08/2025;06/08/2025;05/08/2026;Não;05/08/2025;05/08/2025
atas_itens_RT_2025_p1.json;2026-07-29 14:27:28;00060/2025;10673078000120-1-000062/2025-000001;10673078000120-1-000062/2025;15813205901892025;00345;90189;2025;05;Pregão;158132;INST.FED.DE EDUC.,CIENC.E TEC.DO MAT.G.DO SUL;463930;19774;CONDIMENTO;Material;CONDIMENTO, TIPO SALSA, APRESENTAÇÃO NATURAL;13425923000137;JG COMERCIAL LTDA;001;1;224,00;224,00;0,00;0,00;13,97;3129,28;0,00;05/08/2025;06/08/2025;05/08/2026;Não;05/08/2025;05/08/2025
atas_itens_RT_2025_p1.json;2026-07-29 14:27:28;00060/2025;10673078000120-1-000062/2025-000001;10673078000120-1-000062/2025;15813205901892025;00346;90189;2025;05;Pregão;158132;INST.FED.DE EDUC.,CIENC.E TEC.DO MAT.G.DO SUL;464436;19789;FRUTA;Material;FRUTA, TIPO TANGERINA PONCAN, APRESENTAÇÃO NATURAL;13425923000137;JG COMERCIAL LTDA;001;1;200,00;200,00;0,00;0,00;7,83;1566,00;0,00;05/08/2025;06/08/2025;05/08/2026;Não;05/08/2025;05/08/2025
atas_itens_RT_2025_p1.json;2026-07-29 14:27:28;00060/2025;10673078000120-1-000062/2025-000001;10673078000120-1-000062/2025;15813205901892025;00347;90189;2025;05;Pregão;158132;INST.FED.DE EDUC.,CIENC.E TEC.DO MAT.G.DO SUL;463806;19772;LEGUME IN NATURA;Material;LEGUME IN NATURA, TIPO TOMATE SALADA;13425923000137;JG COMERCIAL LTDA;001;1;450,00;450,00;0,00;0,00;9,89;4450,50;0,00;05/08/2025;06/08/2025;05/08/2026;Não;05/08/2025;05/08/2025
atas_itens_RT_2025_p1.json;2026-07-29 14:27:28;00060/2025;10673078000120-1-000062/2025-000001;10673078000120-1-000062/2025;15813205901892025;00348;90189;2025;05;Pregão;158132;INST.FED.DE EDUC.,CIENC.E TEC.DO MAT.G.DO SUL;463814;19772;LEGUME IN NATURA;Material;LEGUME IN NATURA, TIPO 1 VAGEM MANTEIGA;13425923000137;JG COMERCIAL LTDA;001;1;504,00;504,00;0,00;0,00;18,63;9389,52;0,00;05/08/2025;06/08/2025;05/08/2026;Não;05/08/2025;05/08/2025
atas_itens_RT_2025_p1.json;2026-07-29 14:27:28;00060/2025;10673078000120-1-000062/2025-000001;10673078000120-1-000062/2025;15813205901892025;00349;90189;2025;05;Pregão;158132;INST.FED.DE EDUC.,CIENC.E TEC.DO MAT.G.DO SUL;458904;19690;ARROZ BENEFICIADO;Material;ARROZ BENEFICIADO, TIPO AGULHINHA/BRANCO, SUBGRUPO POLIDO, CLASSE LONGO FINO, QUALIDADE TIPO 1;13425923000137;JG COMERCIAL LTDA;001;1;1632,00;1632,00;0,00;0,00;24,33;39706,56;0,00;05/08/2025;06/08/2025;05/08/2026;Não;05/08/2025;05/08/2025
atas_itens_RT_2025_p1.json;2026-07-29 14:27:28;00060/2025;10673078000120-1-000062/2025-000001;10673078000120-1-000062/2025;15813205901892025;00350;90189;2025;05;Pregão;158132;INST.FED.DE EDUC.,CIENC.E TEC.DO MAT.G.DO SUL;476449;883;BISCOITO;Material;BISCOITO, SABOR QUEIJO, CARACTERÍSTICAS ADICIONAIS SEM RECHEIO, CRU E CONGELADO, TIPO MEIA LUA, INGREDIENTES FÉCULA DE MANDIOCA, POLVILHO AZEDO, AMIDO MODIFIC A;13425923000137;JG COMERCIAL LTDA;001;1;1000,00;1000,00;0,00;0,00;39,32;39320,00;0,00;05/08/2025;06/08/2025;05/08/2026;Não;05/08/2025;05/08/2025
atas_itens_RT_2025_p1.json;2026-07-29 14:27:28;00060/2025;10673078000120-1-000062/2025-000001;10673078000120-1-000062/2025;15813205901892025;00351;90189;2025;05;Pregão;158132;INST.FED.DE EDUC.,CIENC.E TEC.DO MAT.G.DO SUL;456469;883;BISCOITO;Material;BISCOITO, SABOR MAIZENA, CARACTERÍSTICAS ADICIONAIS SEM LACTOSE, TIPO BOLACHA, INGREDIENTES SEM GORDURA TRANS;13425923000137;JG COMERCIAL LTDA;001;1;70,00;70,00;0,00;0,00;8,57;599,90;0,00;05/08/2025;06/08/2025;05/08/2026;Não;05/08/2025;05/08/2025
atas_itens_RT_2025_p1.json;2026-07-29 14:27:28;00060/2025;10673078000120-1-000062/2025-000001;10673078000120-1-000062/2025;15813205901892025;00352;90189;2025;05;Pregão;158132;INST.FED.DE EDUC.,CIENC.E TEC.DO MAT.G.DO SUL;346922;7261;EXTRATO ALIMENTÍCIO;Material;EXTRATO ALIMENTÍCIO, INGREDIENTE BÁSICO TOMATE, PRAZO VALIDADE 12 MESES, CONSERVAÇÃO ISENTO DE FERMENTAÇÃO, CARACTERÍSTICAS ADICIONAIS MADUROS, SELECIONADOS, SEM PELE E SEM SEMENTES;13425923000137;JG COMERCIAL LTDA;001;1;420,00;420,00;0,00;0,00;14,16;5947,20;0,00;05/08/2025;06/08/2025;05/08/2026;Não;05/08/2025;05/08/2025
atas_itens_RT_2025_p1.json;2026-07-29 14:27:28;00060/2025;10673078000120-1-000062/2025-000001;10673078000120-1-000062/2025;15813205901892025;00353;90189;2025;05;Pregão;158132;INST.FED.DE EDUC.,CIENC.E TEC.DO MAT.G.DO SUL;465332;19720;FARINHA DE TRIGO;Material;FARINHA DE TRIGO, GRUPO INDUSTRIAL, TIPO TIPO 1, ESPECIAL, INGREDIENTE ADICIONAL SEM FERMENTO;13425923000137;JG COMERCIAL LTDA;001;1;135,00;135,00;0,00;0,00;7,80;1053,00;0,00;05/08/2025;06/08/2025;05/08/2026;Não;05/08/2025;05/08/2025
atas_itens_RT_2025_p1.json;2026-07-29 14:27:28;00060/2025;10673078000120-1-000062/2025-000001;10673078000120-1-000062/2025;15813205901892025;00354;90189;2025;05;Pregão;158132;INST.FED.DE EDUC.,CIENC.E TEC.DO MAT.G.DO SUL;459009;19692;FARINHA DE MANDIOCA;Material;FARINHA DE MANDIOCA, GRUPO D'ÁGUA, SUBGRUPO BRANCA, CLASSE GROSSA, ASPECTO FÍSICO TIPO 1, ACIDEZ BAIXA ACIDEZ;13425923000137;JG COMERCIAL LTDA;001;1;400,00;400,00;0,00;0,00;10,33;4132,00;0,00;05/08/2025;06/08/2025;05/08/2026;Não;05/08/2025;05/08/2025
atas_itens_RT_2025_p1.json;2026-07-29 14:27:28;00060/2025;10673078000120-1-000062/2025-000001;10673078000120-1-000062/2025;15813205901892025;00355;90189;2025;05;Pregão;158132;INST.FED.DE EDUC.,CIENC.E TEC.DO MAT.G.DO SUL;464553;19792;LEGUMINOSA;Material;LEGUMINOSA, VARIEDADE FEIJÃO CARIOCA, TIPO TIPO 1;13425923000137;JG COMERCIAL LTDA;001;1;3600,00;3600,00;0,00;0,00;8,24;29664,00;0,00;05/08/2025;06/08/2025;05/08/2026;Não;05/08/2025;05/08/2025
atas_itens_RT_2025_p1.json;2026-07-29 14:27:28;00060/2025;10673078000120-1-000062/2025-000001;10673078000120-1-000062/2025;15813205901892025;00356;90189;2025;05;Pregão;158132;INST.FED.DE EDUC.,CIENC.E TEC.DO MAT.G.DO SUL;464552;19792;LEGUMINOSA;Material;LEGUMINOSA, VARIEDADE FEIJÃO PRETO, TIPO TIPO 1;13425923000137;JG COMERCIAL LTDA;001;1;1120,00;1120,00;0,00;0,00;8,94;10012,80;0,00;05/08/2025;06/08/2025;05/08/2026;Não;05/08/2025;05/08/2025
atas_itens_RT_2025_p1.json;2026-07-29 14:27:28;00060/2025;10673078000120-1-000062/2025-000001;10673078000120-1-000062/2025;15813205901892025;00357;90189;2025;05;Pregão;158132;INST.FED.DE EDUC.,CIENC.E TEC.DO MAT.G.DO SUL;470688;19694;FARINHA DE MILHO;Material;FARINHA DE MILHO, GRÃO AMARELO, TIPO FUBÁ, CARACTERÍSTICA ADICIONAL NÃO TRANSGÊNICO;13425923000137;JG COMERCIAL LTDA;001;1;150,00;150,00;0,00;0,00;8,29;1243,50;0,00;05/08/2025;06/08/2025;05/08/2026;Não;05/08/2025;05/08/2025
atas_itens_RT_2025_p1.json;2026-07-29 14:27:28;00060/2025;10673078000120-1-000062/2025-000001;10673078000120-1-000062/2025;15813205901892025;00358;90189;2025;05;Pregão;158132;INST.FED.DE EDUC.,CIENC.E TEC.DO MAT.G.DO SUL;462679;19754;DOCE NÃO CONFEITADO;Material;DOCE NÃO CONFEITADO, TIPO MASSA, SABOR GOIABA;13425923000137;JG COMERCIAL LTDA;001;1;300,00;300,00;0,00;0,00;11,32;3396,00;0,00;05/08/2025;06/08/2025;05/08/2026;Não;05/08/2025;05/08/2025
atas_itens_RT_2025_p1.json;2026-07-29 14:27:28;00060/2025;10673078000120-1-000062/2025-000001;10673078000120-1-000062/2025;15813205901892025;00359;90189;2025;05;Pregão;158132;INST.FED.DE EDUC.,CIENC.E TEC.DO MAT.G.DO SUL;293348;8122;GUARDANAPO DE PAPEL;Material;GUARDANAPO DE PAPEL, MATERIAL CELULOSE, LARGURA 22 CM, COMPRIMENTO 23 CM, COR BRANCA, TIPO FOLHAS SIMPLES;13425923000137;JG COMERCIAL LTDA;001;1;150,00;150,00;0,00;0,00;4,56;684,00;0,00;05/08/2025;06/08/2025;05/08/2026;Não;05/08/2025;05/08/2025
atas_itens_RT_2025_p1.json;2026-07-29 14:27:28;00060/2025;10673078000120-1-000062/2025-000001;10673078000120-1-000062/2025;15813205901892025;00360;90189;2025;05;Pregão;158132;INST.FED.DE EDUC.,CIENC.E TEC.DO MAT.G.DO SUL;445995;8753;LEITE FLUIDO;Material;LEITE FLUIDO, ORIGEM DE VACA, TIPO A, TEOR GORDURA INTEGRAL, PROCESSAMENTO UHT;13425923000137;JG COMERCIAL LTDA;001;1;200,00;200,00;0,00;0,00;7,27;1454,00;0,00;05/08/2025;06/08/2025;05/08/2026;Não;05/08/2025;05/08/2025
atas_itens_RT_2025_p1.json;2026-07-29 14:27:28;00060/2025;10673078000120-1-000062/2025-000001;10673078000120-1-000062/2025;15813205901892025;00361;90189;2025;05;Pregão;158132;INST.FED.DE EDUC.,CIENC.E TEC.DO MAT.G.DO SUL;458955;19691;MACARRÃO;Material;MACARRÃO, TEOR DE UMIDADE MASSA SECA, BASE DA MASSA DE SÊMOLA/SEMOLINA, INGREDIENTES ADICIONAIS COM OVOS, APRESENTAÇÃO ESPAGUETE;13425923000137;JG COMERCIAL LTDA;001;1;1260,00;1260,00;0,00;0,00;7,13;8983,80;0,00;05/08/2025;06/08/2025;05/08/2026;Não;05/08/2025;05/08/2025
atas_itens_RT_2025_p1.json;2026-07-29 14:27:28;00060/2025;10673078000120-1-000062/2025-000001;10673078000120-1-000062/2025;15813205901892025;00362;90189;2025;05;Pregão;158132;INST.FED.DE EDUC.,CIENC.E TEC.DO MAT.G.DO SUL;462824;19714;LEGUME EM CONSERVA;Material;LEGUME EM CONSERVA, TIPO MILHO VERDE;13425923000137;JG COMERCIAL LTDA;001;1;360,00;360,00;0,00;0,00;26,94;9698,40;0,00;05/08/2025;06/08/2025;05/08/2026;Não;05/08/2025;05/08/2025
atas_itens_RT_2025_p1.json;2026-07-29 14:27:28;00060/2025;10673078000120-1-000062/2025-000001;10673078000120-1-000062/2025;15813205901892025;00363;90189;2025;05;Pregão;158132;INST.FED.DE EDUC.,CIENC.E TEC.DO MAT.G.DO SUL;463699;19769;Gordura Vegetal / Margarina;Material;GORDURA VEGETAL - MARGARINA, TIPO MARGARINA, SUBTIPO CREMOSA, COMPOSIÇÃO BÁSICA MÍNIMO DE 80% DE GORDURA, SABOR COM SAL;13425923000137;JG COMERCIAL LTDA;001;1;30,00;30,00;0,00;0,00;15,00;450,00;0,00;05/08/2025;06/08/2025;05/08/2026;Não;05/08/2025;05/08/2025
atas_itens_RT_2025_p1.json;2026-07-29 14:27:28;00060/2025;10673078000120-1-000062/2025-000001;10673078000120-1-000062/2025;15813205901892025;00364;90189;2025;05;Pregão;158132;INST.FED.DE EDUC.,CIENC.E TEC.DO MAT.G.DO SUL;416665;10213;ÓLEO VEGETAL;Material;ÓLEO VEGETAL, MATÉRIA PRIMA SOJA, TIPO DEGOMADO;13425923000137;JG COMERCIAL LTDA;001;1;996,00;996,00;0,00;0,00;8,17;8137,32;0,00;05/08/2025;06/08/2025;05/08/2026;Não;05/08/2025;05/08/2025
atas_itens_RT_2025_p1.json;2026-07-29 14:27:28;00060/2025;10673078000120-1-000062/2025-000001;10673078000120-1-000062/2025;15813205901892025;00365;90189;2025;05;Pregão;158132;INST.FED.DE EDUC.,CIENC.E TEC.DO MAT.G.DO SUL;297483;4560;PROTEÍNA TEXTURIZADA SOJA;Material;PROTEÍNA TEXTURIZADA SOJA, APRESENTAÇÃO FLOCOS, ASPECTO FÍSICO DESIDRATADA;13425923000137;JG COMERCIAL LTDA;001;1;100,00;100,00;0,00;0,00;19,28;1928,00;0,00;05/08/2025;06/08/2025;05/08/2026;Não;05/08/2025;05/08/2025
atas_itens_RT_2025_p1.json;2026-07-29 14:27:28;00060/2025;10673078000120-1-000062/2025-000001;10673078000120-1-000062/2025;15813205901892025;00366;90189;2025;05;Pregão;158132;INST.FED.DE EDUC.,CIENC.E TEC.DO MAT.G.DO SUL;297483;4560;PROTEÍNA TEXTURIZADA SOJA;Material;PROTEÍNA TEXTURIZADA SOJA, APRESENTAÇÃO FLOCOS, ASPECTO FÍSICO DESIDRATADA;13425923000137;JG COMERCIAL LTDA;001;1;100,00;100,00;0,00;0,00;21,43;2143,00;0,00;05/08/2025;06/08/2025;05/08/2026;Não;05/08/2025;05/08/2025
atas_itens_RT_2025_p1.json;2026-07-29 14:27:28;00060/2025;10673078000120-1-000062/2025-000001;10673078000120-1-000062/2025;15813205901892025;00367;90189;2025;05;Pregão;158132;INST.FED.DE EDUC.,CIENC.E TEC.DO MAT.G.DO SUL;460495;19727;PÃO DE QUEIJO;Material;PÃO DE QUEIJO, BASA DA MASSA POLVILHO DOCE OU AZEDO E QUEIJO, INGREDIENTES ADICIONAIS COM OUTROS SABORES, FORMATO LANCHE/GRANDE, APRESENTAÇÃO CRU CONGELADO;13425923000137;JG COMERCIAL LTDA;001;1;1000,00;1000,00;0,00;0,00;45,62;45620,00;0,00;05/08/2025;06/08/2025;05/08/2026;Não;05/08/2025;05/08/2025
atas_itens_RT_2025_p1.json;2026-07-29 14:27:28;00060/2025;10673078000120-1-000062/2025-000001;10673078000120-1-000062/2025;15813205901892025;00368;90189;2025;05;Pregão;158132;INST.FED.DE EDUC.,CIENC.E TEC.DO MAT.G.DO SUL;461092;852;SAL;Material;SAL, TIPO REFINADO, APLICAÇÃO ALIMENTÍCIA, TEOR MÁXIMO SÓDIO 390 MG/G, ADITIVOS IODATO DE POTASSIO E ANTIUMECTANTE FERROCIANETO D E;13425923000137;JG COMERCIAL LTDA;001;1;336,00;336,00;0,00;0,00;3,10;1041,60;0,00;05/08/2025;06/08/2025;05/08/2026;Não;05/08/2025;05/08/2025
atas_itens_RT_2025_p1.json;2026-07-29 14:27:28;00060/2025;10673078000120-1-000062/2025-000001;10673078000120-1-000062/2025;15813205901892025;00369;90189;2025;05;Pregão;158132;INST.FED.DE EDUC.,CIENC.E TEC.DO MAT.G.DO SUL;269223;853;VINAGRE;Material;VINAGRE, MATÉRIA-PRIMA FERMENTADO ACÉTICO DE ÁLCOOL E VINHO TINTO, TIPO AGRIN, ASPECTO FÍSICO LÍQUIDO;13425923000137;JG COMERCIAL LTDA;001;1;448,00;448,00;0,00;0,00;4,95;2217,60;0,00;05/08/2025;06/08/2025;05/08/2026;Não;05/08/2025;05/08/2025
atas_itens_RT_2025_p1.json;2026-07-29 14:27:28;00060/2025;10673078000120-1-000062/2025-000001;10673078000120-1-000062/2025;15813205901892025;00370;90189;2025;05;Pregão;158132;INST.FED.DE EDUC.,CIENC.E TEC.DO MAT.G.DO SUL;449094;4552;CARNE DEFUMADA;Material;CARNE DEFUMADA, TIPO CORTE TENDER, TIPO ANIMAL SUÍNA, APRESENTAÇÃO PEÇA INTEIRA, ESTADO DE CONSERVAÇÃO FRESCO(A);13425923000137;JG COMERCIAL LTDA;001;1;30,00;30,00;0,00;0,00;37,78;1133,40;0,00;05/08/2025;06/08/2025;05/08/2026;Não;05/08/2025;05/08/2025
atas_itens_RT_2025_p1.json;2026-07-29 14:27:28;00060/2025;10673078000120-1-000062/2025-000001;10673078000120-1-000062/2025;15813205901892025;00371;90189;2025;05;Pregão;158132;INST.FED.DE EDUC.,CIENC.E TEC.DO MAT.G.DO SUL;447383;4548;CARNE BOVINA IN NATURA;Material;CARNE BOVINA IN NATURA, TIPO CORTE ACÉM, APRESENTAÇÃO PEÇA INTEIRA, PROCESSAMENTO SEM OSSO, ESTADO DE CONSERVAÇÃO CONGELADO(A);13425923000137;JG COMERCIAL LTDA;001;1;3600,00;3600,00;0,00;0,00;33,63;121068,00;0,00;05/08/2025;06/08/2025;05/08/2026;Não;05/08/2025;05/08/2025
atas_itens_RT_2025_p1.json;2026-07-29 14:27:28;00060/2025;10673078000120-1-000062/2025-000001;10673078000120-1-000062/2025;15813205901892025;00372;90189;2025;05;Pregão;158132;INST.FED.DE EDUC.,CIENC.E TEC.DO MAT.G.DO SUL;447383;4548;CARNE BOVINA IN NATURA;Material;CARNE BOVINA IN NATURA, TIPO CORTE ACÉM, APRESENTAÇÃO PEÇA INTEIRA, PROCESSAMENTO SEM OSSO, ESTADO DE CONSERVAÇÃO CONGELADO(A);13425923000137;JG COMERCIAL LTDA;001;1;3780,00;3780,00;0,00;0,00;32,47;122736,60;0,00;05/08/2025;06/08/2025;05/08/2026;Não;05/08/2025;05/08/2025
atas_itens_RT_2025_p1.json;2026-07-29 14:27:28;00060/2025;10673078000120-1-000062/2025-000001;10673078000120-1-000062/2025;15813205901892025;00373;90189;2025;05;Pregão;158132;INST.FED.DE EDUC.,CIENC.E TEC.DO MAT.G.DO SUL;447508;17294;CARNE SUÍNA IN NATURA;Material;CARNE SUÍNA IN NATURA, TIPO CORTE CARRÉ (BISTECA), APRESENTAÇÃO FATIADA, PROCESSAMENTO COM OSSO, ESTADO DE CONSERVAÇÃO CONGELADO(A);13425923000137;JG COMERCIAL LTDA;001;1;1080,00;1080,00;0,00;0,00;30,42;32853,60;0,00;05/08/2025;06/08/2025;05/08/2026;Não;05/08/2025;05/08/2025
atas_itens_RT_2025_p1.json;2026-07-29 14:27:28;00060/2025;10673078000120-1-000062/2025-000001;10673078000120-1-000062/2025;15813205901892025;00374;90189;2025;05;Pregão;158132;INST.FED.DE EDUC.,CIENC.E TEC.DO MAT.G.DO SUL;447636;4550;CARNE DE AVE IN NATURA;Material;CARNE DE AVE IN NATURA, TIPO ANIMAL FRANGO, TIPO CORTE COXA E SOBRECOXA, APRESENTAÇÃO INTEIRO, ESTADO DE CONSERVAÇÃO CONGELADO(A), PROCESSAMENTO COM PELE, COM OSSO;13425923000137;JG COMERCIAL LTDA;001;1;2160,00;2160,00;0,00;0,00;12,13;26200,80;0,00;05/08/2025;06/08/2025;05/08/2026;Não;05/08/2025;05/08/2025
atas_itens_RT_2025_p1.json;2026-07-29 14:27:28;00060/2025;10673078000120-1-000062/2025-000001;10673078000120-1-000062/2025;15813205901892025;00375;90189;2025;05;Pregão;158132;INST.FED.DE EDUC.,CIENC.E TEC.DO MAT.G.DO SUL;447702;9806;EMBUTIDO;Material;EMBUTIDO, TIPO LINGUIÇA CALABRESA, TAMANHO GROSSA, TIPO PREPARAÇÃO DEFUMADA, ESTADO DE CONSERVAÇÃO RESFRIADO(A);13425923000137;JG COMERCIAL LTDA;001;1;448,00;448,00;0,00;0,00;21,26;9524,48;0,00;05/08/2025;06/08/2025;05/08/2026;Não;05/08/2025;05/08/2025
atas_itens_RT_2025_p1.json;2026-07-29 14:27:28;00060/2025;10673078000120-1-000062/2025-000001;10673078000120-1-000062/2025;15813205901892025;00376;90189;2025;05;Pregão;158132;INST.FED.DE EDUC.,CIENC.E TEC.DO MAT.G.DO SUL;446618;19586;OVO;Material;OVO, ORIGEM GALINHA, GRUPO BRANCO, CLASSE A, TIPO GRANDE;13425923000137;JG COMERCIAL LTDA;001;1;160,00;160,00;0,00;0,00;26,44;4230,40;0,00;05/08/2025;06/08/2025;05/08/2026;Não;05/08/2025;05/08/2025
atas_itens_RT_2025_p1.json;2026-07-29 14:27:28;00060/2025;10673078000120-1-000062/2025-000001;10673078000120-1-000062/2025;15813205901892025;00377;90189;2025;05;Pregão;158132;INST.FED.DE EDUC.,CIENC.E TEC.DO MAT.G.DO SUL;447581;4550;CARNE DE AVE IN NATURA;Material;CARNE DE AVE IN NATURA, TIPO ANIMAL FRANGO, TIPO CORTE FILÉ DE PEITO, APRESENTAÇÃO FATIADO, ESTADO DE CONSERVAÇÃO CONGELADO(A), PROCESSAMENTO SEM PELE, SEM OSSO;13425923000137;JG COMERCIAL LTDA;001;1;1800,00;1800,00;0,00;0,00;20,16;36288,00;0,00;05/08/2025;06/08/2025;05/08/2026;Não;05/08/2025;05/08/2025
atas_itens_RT_2025_p1.json;2026-07-29 14:27:28;00060/2025;10673078000120-1-000062/2025-000001;10673078000120-1-000062/2025;15813205901892025;00378;90189;2025;05;Pregão;158132;INST.FED.DE EDUC.,CIENC.E TEC.DO MAT.G.DO SUL;448953;9382;PEIXE IN NATURA;Material;PEIXE IN NATURA, VARIEDADE TILÁPIA, TIPO CORTE FILÉ, APRESENTAÇÃO SEM PELE, ESTADO DE CONSERVAÇÃO CONGELADO(A);13425923000137;JG COMERCIAL LTDA;001;1;360,00;360,00;0,00;0,00;29,62;10663,20;0,00;05/08/2025;06/08/2025;05/08/2026;Não;05/08/2025;05/08/2025
atas_itens_RT_2025_p1.json;2026-07-29 14:27:28;00061/2025;10673078000120-1-000062/2025-000002;10673078000120-1-000062/2025;15813205901892025;00070;90189;2025;05;Pregão;158132;INST.FED.DE EDUC.,CIENC.E TEC.DO MAT.G.DO SUL;463781;19772;LEGUME IN NATURA;Material;LEGUME IN NATURA, TIPO CEBOLA BRANCA;24602765000160;SIMEIA A. H. M. MUSTAFA;001;1;200,00;200,00;0,00;0,00;5,25;1050,00;0,00;11/08/2025;12/08/2025;12/08/2026;Não;11/08/2025;11/08/2025
atas_itens_RT_2025_p1.json;2026-07-29 14:27:28;00061/2025;10673078000120-1-000062/2025-000002;10673078000120-1-000062/2025;15813205901892025;00071;90189;2025;05;Pregão;158132;INST.FED.DE EDUC.,CIENC.E TEC.DO MAT.G.DO SUL;464371;19789;FRUTA;Material;FRUTA, TIPO ABACATE MANTEIGA, APRESENTAÇÃO NATURAL;24602765000160;SIMEIA A. H. M. MUSTAFA;001;1;300,00;300,00;0,00;0,00;7,32;2196,00;0,00;11/08/2025;12/08/2025;12/08/2026;Não;11/08/2025;11/08/2025
atas_itens_RT_2025_p1.json;2026-07-29 14:27:28;00061/2025;10673078000120-1-000062/2025-000002;10673078000120-1-000062/2025;15813205901892025;00072;90189;2025;05;Pregão;158132;INST.FED.DE EDUC.,CIENC.E TEC.DO MAT.G.DO SUL;467424;19772;LEGUME IN NATURA;Material;LEGUME IN NATURA, TIPO ABÓBORA CABOTIÁ/ JAPONESA, ADICIONAL CORTADO;24602765000160;SIMEIA A. H. M. MUSTAFA;001;1;100,00;100,00;0,00;0,00;9,82;982,00;0,00;11/08/2025;12/08/2025;12/08/2026;Não;11/08/2025;11/08/2025
atas_itens_RT_2025_p1.json;2026-07-29 14:27:28;00061/2025;10673078000120-1-000062/2025-000002;10673078000120-1-000062/2025;15813205901892025;00073;90189;2025;05;Pregão;158132;INST.FED.DE EDUC.,CIENC.E TEC.DO MAT.G.DO SUL;463822;19773;VERDURA IN NATURA;Material;VERDURA IN NATURA, TIPO COUVE;24602765000160;SIMEIA A. H. M. MUSTAFA;001;1;45,00;45,00;0,00;0,00;13,09;589,05;0,00;11/08/2025;12/08/2025;12/08/2026;Não;11/08/2025;11/08/2025
atas_itens_RT_2025_p1.json;2026-07-29 14:27:28;00061/2025;10673078000120-1-000062/2025-000002;10673078000120-1-000062/2025;15813205901892025;00074;90189;2025;05;Pregão;158132;INST.FED.DE EDUC.,CIENC.E TEC.DO MAT.G.DO SUL;464393;19789;FRUTA;Material;FRUTA, TIPO LARANJA PERA, APRESENTAÇÃO NATURAL;24602765000160;SIMEIA A. H. M. MUSTAFA;001;1;1650,00;1650,00;0,00;0,00;6,46;10659,00;0,00;11/08/2025;12/08/2025;12/08/2026;Não;11/08/2025;11/08/2025
atas_itens_RT_2025_p1.json;2026-07-29 14:27:28;00061/2025;10673078000120-1-000062/2025-000002;10673078000120-1-000062/2025;15813205901892025;00075;90189;2025;05;Pregão;158132;INST.FED.DE EDUC.,CIENC.E TEC.DO MAT.G.DO SUL;464401;19789;FRUTA;Material;FRUTA, TIPO MAÇÃ FUJI, APRESENTAÇÃO NATURAL;24602765000160;SIMEIA A. H. M. MUSTAFA;001;1;1000,00;1000,00;0,00;0,00;10,96;10960,00;0,00;11/08/2025;12/08/2025;12/08/2026;Não;11/08/2025;11/08/2025
atas_itens_RT_2025_p1.json;2026-07-29 14:27:28;00061/2025;10673078000120-1-000062/2025-000002;10673078000120-1-000062/2025;15813205901892025;00076;90189;2025;05;Pregão;158132;INST.FED.DE EDUC.,CIENC.E TEC.DO MAT.G.DO SUL;464405;19789;FRUTA;Material;FRUTA, TIPO MAMÃO FORMOSA, APRESENTAÇÃO NATURAL;24602765000160;SIMEIA A. H. M. MUSTAFA;001;1;800,00;800,00;0,00;0,00;5,43;4344,00;0,00;11/08/2025;12/08/2025;12/08/2026;Não;11/08/2025;11/08/2025
atas_itens_RT_2025_p1.json;2026-07-29 14:27:28;00061/2025;10673078000120-1-000062/2025-000002;10673078000120-1-000062/2025;15813205901892025;00077;90189;2025;05;Pregão;158132;INST.FED.DE EDUC.,CIENC.E TEC.DO MAT.G.DO SUL;463795;19772;LEGUME IN NATURA;Material;LEGUME IN NATURA, TIPO MANDIOCA/ AIPIM;24602765000160;SIMEIA A. H. M. MUSTAFA;001;1;300,00;300,00;0,00;0,00;5,18;1554,00;0,00;11/08/2025;12/08/2025;12/08/2026;Não;11/08/2025;11/08/2025
atas_itens_RT_2025_p1.json;2026-07-29 14:27:28;00061/2025;10673078000120-1-000062/2025-000002;10673078000120-1-000062/2025;15813205901892025;00078;90189;2025;05;Pregão;158132;INST.FED.DE EDUC.,CIENC.E TEC.DO MAT.G.DO SUL;463839;19773;VERDURA IN NATURA;Material;VERDURA IN NATURA, TIPO REPOLHO BRANCO/ VERDE;24602765000160;SIMEIA A. H. M. MUSTAFA;001;1;320,00;320,00;0,00;0,00;3,88;1241,60;0,00;11/08/2025;12/08/2025;12/08/2026;Não;11/08/2025;11/08/2025
atas_itens_RT_2025_p1.json;2026-07-29 14:27:28;00061/2025;10673078000120-1-000062/2025-000002;10673078000120-1-000062/2025;15813205901892025;00079;90189;2025;05;Pregão;158132;INST.FED.DE EDUC.,CIENC.E TEC.DO MAT.G.DO SUL;463806;19772;LEGUME IN NATURA;Material;LEGUME IN NATURA, TIPO TOMATE SALADA;24602765000160;SIMEIA A. H. M. MUSTAFA;001;1;820,00;820,00;0,00;0,00;10,46;8577,20;0,00;11/08/2025;12/08/2025;12/08/2026;Não;11/08/2025;11/08/2025
atas_itens_RT_2025_p1.json;2026-07-29 14:27:28;00061/2025;10673078000120-1-000062/2025-000002;10673078000120-1-000062/2025;15813205901892025;00080;90189;2025;05;Pregão;158132;INST.FED.DE EDUC.,CIENC.E TEC.DO MAT.G.DO SUL;463832;19773;VERDURA IN NATURA;Material;VERDURA IN NATURA, TIPO ALFACE CRESPA;24602765000160;SIMEIA A. H. M. MUSTAFA;001;1;80,00;80,00;0,00;0,00;17,44;1395,20;0,00;11/08/2025;12/08/2025;12/08/2026;Não;11/08/2025;11/08/2025
atas_itens_RT_2025_p1.json;2026-07-29 14:27:28;00061/2025;10673078000120-1-000062/2025-000002;10673078000120-1-000062/2025;15813205901892025;00081;90189;2025;05;Pregão;158132;INST.FED.DE EDUC.,CIENC.E TEC.DO MAT.G.DO SUL;464380;19789;FRUTA;Material;FRUTA, TIPO BANANA NANICA/ BANANA D'ÁGUA, APRESENTAÇÃO NATURAL;24602765000160;SIMEIA A. H. M. MUSTAFA;001;1;600,00;600,00;0,00;0,00;8,31;4986,00;0,00;11/08/2025;12/08/2025;12/08/2026;Não;11/08/2025;11/08/2025
atas_itens_RT_2025_p1.json;2026-07-29 14:27:28;00061/2025;10673078000120-1-000062/2025-000002;10673078000120-1-000062/2025;15813205901892025;00082;90189;2025;05;Pregão;158132;INST.FED.DE EDUC.,CIENC.E TEC.DO MAT.G.DO SUL;463753;19772;LEGUME IN NATURA;Material;LEGUME IN NATURA, TIPO BATATA DOCE;24602765000160;SIMEIA A. H. M. MUSTAFA;001;1;200,00;200,00;0,00;0,00;6,98;1396,00;0,00;11/08/2025;12/08/2025;12/08/2026;Não;11/08/2025;11/08/2025
atas_itens_RT_2025_p1.json;2026-07-29 14:27:28;00061/2025;10673078000120-1-000062/2025-000002;10673078000120-1-000062/2025;15813205901892025;00083;90189;2025;05;Pregão;158132;INST.FED.DE EDUC.,CIENC.E TEC.DO MAT.G.DO SUL;463764;19772;LEGUME IN NATURA;Material;LEGUME IN NATURA, TIPO BERINJELA;24602765000160;SIMEIA A. H. M. MUSTAFA;001;1;100,00;100,00;0,00;0,00;9,76;976,00;0,00;11/08/2025;12/08/2025;12/08/2026;Não;11/08/2025;11/08/2025
atas_itens_RT_2025_p1.json;2026-07-29 14:27:28;00061/2025;10673078000120-1-000062/2025-000002;10673078000120-1-000062/2025;15813205901892025;00084;90189;2025;05;Pregão;158132;INST.FED.DE EDUC.,CIENC.E TEC.DO MAT.G.DO SUL;463767;19772;LEGUME IN NATURA;Material;LEGUME IN NATURA, TIPO BETERRABA;24602765000160;SIMEIA A. H. M. MUSTAFA;001;1;100,00;100,00;0,00;0,00;8,84;884,00;0,00;11/08/2025;12/08/2025;12/08/2026;Não;11/08/2025;11/08/2025
atas_itens_RT_2025_p1.json;2026-07-29 14:27:28;00061/2025;10673078000120-1-000062/2025-000002;10673078000120-1-000062/2025;15813205901892025;00085;90189;2025;05;Pregão;158132;INST.FED.DE EDUC.,CIENC.E TEC.DO MAT.G.DO SUL;463878;19774;CONDIMENTO;Material;CONDIMENTO, TIPO CEBOLINHA, APRESENTAÇÃO NATURAL;24602765000160;SIMEIA A. H. M. MUSTAFA;001;1;60,00;60,00;0,00;0,00;10,13;607,80;0,00;11/08/2025;12/08/2025;12/08/2026;Não;11/08/2025;11/08/2025
atas_itens_RT_2025_p1.json;2026-07-29 14:27:28;00061/2025;10673078000120-1-000062/2025-000002;10673078000120-1-000062/2025;15813205901892025;00086;90189;2025;05;Pregão;158132;INST.FED.DE EDUC.,CIENC.E TEC.DO MAT.G.DO SUL;463770;19772;LEGUME IN NATURA;Material;LEGUME IN NATURA, TIPO CENOURA;24602765000160;SIMEIA A. H. M. MUSTAFA;001;1;180,00;180,00;0,00;0,00;8,51;1531,80;0,00;11/08/2025;12/08/2025;12/08/2026;Não;11/08/2025;11/08/2025
atas_itens_RT_2025_p1.json;2026-07-29 14:27:28;00061/2025;10673078000120-1-000062/2025-000002;10673078000120-1-000062/2025;15813205901892025;00087;90189;2025;05;Pregão;158132;INST.FED.DE EDUC.,CIENC.E TEC.DO MAT.G.DO SUL;463876;19774;CONDIMENTO;Material;CONDIMENTO, TIPO COENTRO, APRESENTAÇÃO NATURAL;24602765000160;SIMEIA A. H. M. MUSTAFA;001;1;60,00;60,00;0,00;0,00;14,06;843,60;0,00;11/08/2025;12/08/2025;12/08/2026;Não;11/08/2025;11/08/2025
atas_itens_RT_2025_p1.json;2026-07-29 14:27:28;00061/2025;10673078000120-1-000062/2025-000002;10673078000120-1-000062/2025;15813205901892025;00088;90189;2025;05;Pregão;158132;INST.FED.DE EDUC.,CIENC.E TEC.DO MAT.G.DO SUL;463791;19772;LEGUME IN NATURA;Material;LEGUME IN NATURA, TIPO MAXIXE;24602765000160;SIMEIA A. H. M. MUSTAFA;001;1;90,00;90,00;0,00;0,00;13,11;1179,90;0,00;11/08/2025;12/08/2025;12/08/2026;Não;11/08/2025;11/08/2025
atas_itens_RT_2025_p1.json;2026-07-29 14:27:28;00061/2025;10673078000120-1-000062/2025-000002;10673078000120-1-000062/2025;15813205901892025;00089;90189;2025;05;Pregão;158132;INST.FED.DE EDUC.,CIENC.E TEC.DO MAT.G.DO SUL;464418;19789;FRUTA;Material;FRUTA, TIPO MELANCIA VERMELHA, APRESENTAÇÃO NATURAL;24602765000160;SIMEIA A. H. M. MUSTAFA;001;1;400,00;400,00;0,00;0,00;4,37;1748,00;0,00;11/08/2025;12/08/2025;12/08/2026;Não;11/08/2025;11/08/2025
atas_itens_RT_2025_p1.json;2026-07-29 14:27:28;00061/2025;10673078000120-1-000062/2025-000002;10673078000120-1-000062/2025;15813205901892025;00090;90189;2025;05;Pregão;158132;INST.FED.DE EDUC.,CIENC.E TEC.DO MAT.G.DO SUL;464422;19789;FRUTA;Material;FRUTA, TIPO MELÃO AMARELO, APRESENTAÇÃO NATURAL;24602765000160;SIMEIA A. H. M. MUSTAFA;001;1;180,00;180,00;0,00;0,00;10,09;1816,20;0,00;11/08/2025;12/08/2025;12/08/2026;Não;11/08/2025;11/08/2025
atas_itens_RT_2025_p1.json;2026-07-29 14:27:28;00061/2025;10673078000120-1-000062/2025-000002;10673078000120-1-000062/2025;15813205901892025;00091;90189;2025;05;Pregão;158132;INST.FED.DE EDUC.,CIENC.E TEC.DO MAT.G.DO SUL;463796;19772;LEGUME IN NATURA;Material;LEGUME IN NATURA, TIPO PEPINO;24602765000160;SIMEIA A. H. M. MUSTAFA;001;1;300,00;300,00;0,00;0,00;9,35;2805,00;0,00;11/08/2025;12/08/2025;12/08/2026;Não;11/08/2025;11/08/2025
atas_itens_RT_2025_p1.json;2026-07-29 14:27:28;00061/2025;10673078000120-1-000062/2025-000002;10673078000120-1-000062/2025;15813205901892025;00092;90189;2025;05;Pregão;158132;INST.FED.DE EDUC.,CIENC.E TEC.DO MAT.G.DO SUL;463809;19772;LEGUME IN NATURA;Material;LEGUME IN NATURA, TIPO PIMENTÃO VERDE;24602765000160;SIMEIA A. H. M. MUSTAFA;001;1;130,00;130,00;0,00;0,00;13,72;1783,60;0,00;11/08/2025;12/08/2025;12/08/2026;Não;11/08/2025;11/08/2025
atas_itens_RT_2025_p1.json;2026-07-29 14:27:28;00061/2025;10673078000120-1-000062/2025-000002;10673078000120-1-000062/2025;15813205901892025;00093;90189;2025;05;Pregão;158132;INST.FED.DE EDUC.,CIENC.E TEC.DO MAT.G.DO SUL;464436;19789;FRUTA;Material;FRUTA, TIPO TANGERINA PONCAN, APRESENTAÇÃO NATURAL;24602765000160;SIMEIA A. H. M. MUSTAFA;001;1;150,00;150,00;0,00;0,00;9,00;1350,00;0,00;11/08/2025;12/08/2025;12/08/2026;Não;11/08/2025;11/08/2025
atas_itens_RT_2025_p1.json;2026-07-29 14:27:28;00061/2025;10673078000120-1-000062/2025-000002;10673078000120-1-000062/2025;15813205901892025;00094;90189;2025;05;Pregão;158132;INST.FED.DE EDUC.,CIENC.E TEC.DO MAT.G.DO SUL;463792;19772;LEGUME IN NATURA;Material;LEGUME IN NATURA, TIPO QUIABO;24602765000160;SIMEIA A. H. M. MUSTAFA;001;1;90,00;90,00;0,00;0,00;9,74;876,60;0,00;11/08/2025;12/08/2025;12/08/2026;Não;11/08/2025;11/08/2025
atas_itens_RT_2025_p1.json;2026-07-29 14:27:28;00061/2025;10673078000120-1-000062/2025-000002;10673078000120-1-000062/2025;15813205901892025;00095;90189;2025;05;Pregão;158132;INST.FED.DE EDUC.,CIENC.E TEC.DO MAT.G.DO SUL;463930;19774;CONDIMENTO;Material;CONDIMENTO, TIPO SALSA, APRESENTAÇÃO NATURAL;24602765000160;SIMEIA A. H. M. MUSTAFA;001;1;60,00;60,00;0,00;0,00;11,94;716,40;0,00;11/08/2025;12/08/2025;12/08/2026;Não;11/08/2025;11/08/2025
atas_itens_RT_2025_p1.json;2026-07-29 14:27:28;00061/2025;10673078000120-1-000062/2025-000002;10673078000120-1-000062/2025;15813205901892025;00096;90189;2025;05;Pregão;158132;INST.FED.DE EDUC.,CIENC.E TEC.DO MAT.G.DO SUL;463754;19772;LEGUME IN NATURA;Material;LEGUME IN NATURA, TIPO BATATA INGLESA;24602765000160;SIMEIA A. H. M. MUSTAFA;001;1;400,00;400,00;0,00;0,00;7,87;3148,00;0,00;11/08/2025;12/08/2025;12/08/2026;Não;11/08/2025;11/08/2025
atas_itens_RT_2025_p1.json;2026-07-29 14:27:28;00061/2025;10673078000120-1-000062/2025-000002;10673078000120-1-000062/2025;15813205901892025;00097;90189;2025;05;Pregão;158132;INST.FED.DE EDUC.,CIENC.E TEC.DO MAT.G.DO SUL;463938;19774;CONDIMENTO;Material;CONDIMENTO, TIPO ALHO, APRESENTAÇÃO NATURAL, ADICIONAL CABEÇA;24602765000160;SIMEIA A. H. M. MUSTAFA;001;1;250,00;250,00;0,00;0,00;43,10;10775,00;0,00;11/08/2025;12/08/2025;12/08/2026;Não;11/08/2025;11/08/2025
atas_itens_RT_2025_p1.json;2026-07-29 14:27:28;00061/2025;10673078000120-1-000062/2025-000002;10673078000120-1-000062/2025;15813205901892025;00098;90189;2025;05;Pregão;158132;INST.FED.DE EDUC.,CIENC.E TEC.DO MAT.G.DO SUL;463814;19772;LEGUME IN NATURA;Material;LEGUME IN NATURA, TIPO 1 VAGEM MANTEIGA;24602765000160;SIMEIA A. H. M. MUSTAFA;001;1;80,00;80,00;0,00;0,00;12,47;997,60;0,00;11/08/2025;12/08/2025;12/08/2026;Não;11/08/2025;11/08/2025
atas_itens_RT_2025_p1.json;2026-07-29 14:27:28;00061/2025;10673078000120-1-000062/2025-000002;10673078000120-1-000062/2025;15813205901892025;00099;90189;2025;05;Pregão;158132;INST.FED.DE EDUC.,CIENC.E TEC.DO MAT.G.DO SUL;464553;19792;LEGUMINOSA;Material;LEGUMINOSA, VARIEDADE FEIJÃO CARIOCA, TIPO TIPO 1;24602765000160;SIMEIA A. H. M. MUSTAFA;001;1;1000,00;1000,00;0,00;0,00;8,96;8960,00;0,00;11/08/2025;12/08/2025;12/08/2026;Não;11/08/2025;11/08/2025
atas_itens_RT_2025_p1.json;2026-07-29 14:27:28;00061/2025;10673078000120-1-000062/2025-000002;10673078000120-1-000062/2025;15813205901892025;00100;90189;2025;05;Pregão;158132;INST.FED.DE EDUC.,CIENC.E TEC.DO MAT.G.DO SUL;464553;19792;LEGUMINOSA;Material;LEGUMINOSA, VARIEDADE FEIJÃO CARIOCA, TIPO TIPO 1;24602765000160;SIMEIA A. H. M. MUSTAFA;001;1;80,00;80,00;0,00;0,00;13,91;1112,80;0,00;11/08/2025;12/08/2025;12/08/2026;Não;11/08/2025;11/08/2025
atas_itens_RT_2025_p1.json;2026-07-29 14:27:28;00061/2025;10673078000120-1-000062/2025-000002;10673078000120-1-000062/2025;15813205901892025;00101;90189;2025;05;Pregão;158132;INST.FED.DE EDUC.,CIENC.E TEC.DO MAT.G.DO SUL;458955;19691;MACARRÃO;Material;MACARRÃO, TEOR DE UMIDADE MASSA SECA, BASE DA MASSA DE SÊMOLA/SEMOLINA, INGREDIENTES ADICIONAIS COM OVOS, APRESENTAÇÃO ESPAGUETE;24602765000160;SIMEIA A. H. M. MUSTAFA;001;1;1080,00;1080,00;0,00;0,00;5,58;6026,40;0,00;11/08/2025;12/08/2025;12/08/2026;Não;11/08/2025;11/08/2025
atas_itens_RT_2025_p1.json;2026-07-29 14:27:28;00061/2025;10673078000120-1-000062/2025-000002;10673078000120-1-000062/2025;15813205901892025;00102;90189;2025;05;Pregão;158132;INST.FED.DE EDUC.,CIENC.E TEC.DO MAT.G.DO SUL;346922;7261;EXTRATO ALIMENTÍCIO;Material;EXTRATO ALIMENTÍCIO, INGREDIENTE BÁSICO TOMATE, PRAZO VALIDADE 12 MESES, CONSERVAÇÃO ISENTO DE FERMENTAÇÃO, CARACTERÍSTICAS ADICIONAIS MADUROS, SELECIONADOS, SEM PELE E SEM SEMENTES;24602765000160;SIMEIA A. H. M. MUSTAFA;001;1;150,00;150,00;0,00;0,00;11,40;1710,00;0,00;11/08/2025;12/08/2025;12/08/2026;Não;11/08/2025;11/08/2025
atas_itens_RT_2025_p1.json;2026-07-29 14:27:28;00061/2025;10673078000120-1-000062/2025-000002;10673078000120-1-000062/2025;15813205901892025;00103;90189;2025;05;Pregão;158132;INST.FED.DE EDUC.,CIENC.E TEC.DO MAT.G.DO SUL;462824;19714;LEGUME EM CONSERVA;Material;LEGUME EM CONSERVA, TIPO MILHO VERDE;24602765000160;SIMEIA A. H. M. MUSTAFA;001;1;30,00;30,00;0,00;0,00;36,65;1099,50;0,00;11/08/2025;12/08/2025;12/08/2026;Não;11/08/2025;11/08/2025
atas_itens_RT_2025_p1.json;2026-07-29 14:27:28;00061/2025;10673078000120-1-000062/2025-000002;10673078000120-1-000062/2025;15813205901892025;00104;90189;2025;05;Pregão;158132;INST.FED.DE EDUC.,CIENC.E TEC.DO MAT.G.DO SUL;465332;19720;FARINHA DE TRIGO;Material;FARINHA DE TRIGO, GRUPO INDUSTRIAL, TIPO TIPO 1, ESPECIAL, INGREDIENTE ADICIONAL SEM FERMENTO;24602765000160;SIMEIA A. H. M. MUSTAFA;001;1;50,00;50,00;0,00;0,00;5,60;280,00;0,00;11/08/2025;12/08/2025;12/08/2026;Não;11/08/2025;11/08/2025
atas_itens_RT_2025_p1.json;2026-07-29 14:27:28;00061/2025;10673078000120-1-000062/2025-000002;10673078000120-1-000062/2025;15813205901892025;00105;90189;2025;05;Pregão;158132;INST.FED.DE EDUC.,CIENC.E TEC.DO MAT.G.DO SUL;445995;8753;LEITE FLUIDO;Material;LEITE FLUIDO, ORIGEM DE VACA, TIPO A, TEOR GORDURA INTEGRAL, PROCESSAMENTO UHT;24602765000160;SIMEIA A. H. M. MUSTAFA;001;1;1350,00;1350,00;0,00;0,00;9,74;13149,00;0,00;11/08/2025;12/08/2025;12/08/2026;Não;11/08/2025;11/08/2025
atas_itens_RT_2025_p1.json;2026-07-29 14:27:28;00061/2025;10673078000120-1-000062/2025-000002;10673078000120-1-000062/2025;15813205901892025;00106;90189;2025;05;Pregão;158132;INST.FED.DE EDUC.,CIENC.E TEC.DO MAT.G.DO SUL;461092;852;SAL;Material;SAL, TIPO REFINADO, APLICAÇÃO ALIMENTÍCIA, TEOR MÁXIMO SÓDIO 390 MG/G, ADITIVOS IODATO DE POTASSIO E ANTIUMECTANTE FERROCIANETO D E;24602765000160;SIMEIA A. H. M. MUSTAFA;001;1;500,00;500,00;0,00;0,00;3,71;1855,00;0,00;11/08/2025;12/08/2025;12/08/2026;Não;11/08/2025;11/08/2025
atas_itens_RT_2025_p1.json;2026-07-29 14:27:28;00061/2025;10673078000120-1-000062/2025-000002;10673078000120-1-000062/2025;15813205901892025;00107;90189;2025;05;Pregão;158132;INST.FED.DE EDUC.,CIENC.E TEC.DO MAT.G.DO SUL;463692;19767;ÓLEO VEGETAL COMESTÍVEL;Material;ÓLEO VEGETAL COMESTÍVEL, TIPO PURO, ESPÉCIE VEGETAL SOJA, TIPO QUALIDADE TIPO 1;24602765000160;SIMEIA A. H. M. MUSTAFA;001;1;300,00;300,00;0,00;0,00;11,81;3543,00;0,00;11/08/2025;12/08/2025;12/08/2026;Não;11/08/2025;11/08/2025
atas_itens_RT_2025_p1.json;2026-07-29 14:27:28;00061/2025;10673078000120-1-000062/2025-000002;10673078000120-1-000062/2025;15813205901892025;00108;90189;2025;05;Pregão;158132;INST.FED.DE EDUC.,CIENC.E TEC.DO MAT.G.DO SUL;269223;853;VINAGRE;Material;VINAGRE, MATÉRIA-PRIMA FERMENTADO ACÉTICO DE ÁLCOOL E VINHO TINTO, TIPO AGRIN, ASPECTO FÍSICO LÍQUIDO;24602765000160;SIMEIA A. H. M. MUSTAFA;001;1;50,00;50,00;0,00;0,00;3,50;175,00;0,00;11/08/2025;12/08/2025;12/08/2026;Não;11/08/2025;11/08/2025
atas_itens_RT_2025_p1.json;2026-07-29 14:27:28;00061/2025;10673078000120-1-000062/2025-000002;10673078000120-1-000062/2025;15813205901892025;00109;90189;2025;05;Pregão;158132;INST.FED.DE EDUC.,CIENC.E TEC.DO MAT.G.DO SUL;463556;19765;ACHOCOLATADO;Material;ACHOCOLATADO, APRESENTAÇÃO PÓ, SABOR TRADICIONAL, CARACTERÍSTICA ADICIONAL ENRIQUECIDO COM VITAMINAS;24602765000160;SIMEIA A. H. M. MUSTAFA;001;1;20,00;20,00;0,00;0,00;11,30;226,00;0,00;11/08/2025;12/08/2025;12/08/2026;Não;11/08/2025;11/08/2025
atas_itens_RT_2025_p1.json;2026-07-29 14:27:28;00061/2025;10673078000120-1-000062/2025-000002;10673078000120-1-000062/2025;15813205901892025;00110;90189;2025;05;Pregão;158132;INST.FED.DE EDUC.,CIENC.E TEC.DO MAT.G.DO SUL;463594;19766;CAFÉ;Material;CAFÉ, APRESENTAÇÃO TORRADO MOÍDO, INTENSIDADE SUAVE, TIPO TRADICIONAL, EMPACOTAMENTO VÁCUO;24602765000160;SIMEIA A. H. M. MUSTAFA;001;1;150,00;150,00;0,00;0,00;20,97;3145,50;0,00;11/08/2025;12/08/2025;12/08/2026;Não;11/08/2025;11/08/2025
atas_itens_RT_2025_p1.json;2026-07-29 14:27:28;00061/2025;10673078000120-1-000062/2025-000002;10673078000120-1-000062/2025;15813205901892025;00111;90189;2025;05;Pregão;158132;INST.FED.DE EDUC.,CIENC.E TEC.DO MAT.G.DO SUL;463988;19777;AÇÚCAR;Material;AÇÚCAR, TIPO CRISTAL;24602765000160;SIMEIA A. H. M. MUSTAFA;001;1;200,00;200,00;0,00;0,00;10,73;2146,00;0,00;11/08/2025;12/08/2025;12/08/2026;Não;11/08/2025;11/08/2025
atas_itens_RT_2025_p1.json;2026-07-29 14:27:28;00061/2025;10673078000120-1-000062/2025-000002;10673078000120-1-000062/2025;15813205901892025;00112;90189;2025;05;Pregão;158132;INST.FED.DE EDUC.,CIENC.E TEC.DO MAT.G.DO SUL;459586;19712;FERMENTO;Material;FERMENTO, TIPO QUÍMICO, APRESENTAÇÃO PÓ;24602765000160;SIMEIA A. H. M. MUSTAFA;001;1;20,00;20,00;0,00;0,00;6,97;139,40;0,00;11/08/2025;12/08/2025;12/08/2026;Não;11/08/2025;11/08/2025
atas_itens_RT_2025_p1.json;2026-07-29 14:27:28;00061/2025;10673078000120-1-000062/2025-000002;10673078000120-1-000062/2025;15813205901892025;00113;90189;2025;05;Pregão;158132;INST.FED.DE EDUC.,CIENC.E TEC.DO MAT.G.DO SUL;470688;19694;FARINHA DE MILHO;Material;FARINHA DE MILHO, GRÃO AMARELO, TIPO FUBÁ, CARACTERÍSTICA ADICIONAL NÃO TRANSGÊNICO;24602765000160;SIMEIA A. H. M. MUSTAFA;001;1;150,00;150,00;0,00;0,00;6,89;1033,50;0,00;11/08/2025;12/08/2025;12/08/2026;Não;11/08/2025;11/08/2025
atas_itens_RT_2025_p1.json;2026-07-29 14:27:28;00061/2025;10673078000120-1-000062/2025-000002;10673078000120-1-000062/2025;15813205901892025;00114;90189;2025;05;Pregão;158132;INST.FED.DE EDUC.,CIENC.E TEC.DO MAT.G.DO SUL;232930;883;BISCOITO;Material;BISCOITO, APRESENTAÇÃO QUADRADO, SABOR CREAM CRACKER, CLASSIFICAÇÃO SALGADO, CARACTERÍSTICAS ADICIONAIS SEM RECHEIO, APLICAÇÃO ALIMENTAÇÃO HUMANA;24602765000160;SIMEIA A. H. M. MUSTAFA;001;1;80,00;80,00;0,00;0,00;4,78;382,40;0,00;11/08/2025;12/08/2025;12/08/2026;Não;11/08/2025;11/08/2025
atas_itens_RT_2025_p1.json;2026-07-29 14:27:28;00061/2025;10673078000120-1-000062/2025-000002;10673078000120-1-000062/2025;15813205901892025;00115;90189;2025;05;Pregão;158132;INST.FED.DE EDUC.,CIENC.E TEC.DO MAT.G.DO SUL;463699;19769;Gordura Vegetal / Margarina;Material;GORDURA VEGETAL - MARGARINA, TIPO MARGARINA, SUBTIPO CREMOSA, COMPOSIÇÃO BÁSICA MÍNIMO DE 80% DE GORDURA, SABOR COM SAL;24602765000160;SIMEIA A. H. M. MUSTAFA;001;1;50,00;50,00;0,00;0,00;14,35;717,50;0,00;11/08/2025;12/08/2025;12/08/2026;Não;11/08/2025;11/08/2025
atas_itens_RT_2025_p1.json;2026-07-29 14:27:28;00061/2025;10673078000120-1-000062/2025-000002;10673078000120-1-000062/2025;15813205901892025;00116;90189;2025;05;Pregão;158132;INST.FED.DE EDUC.,CIENC.E TEC.DO MAT.G.DO SUL;460408;19721;PÃO;Material;PÃO, BASE DE FARINHA DE MILHO E DE TRIGO REFINADA, TIPO DE FORMA, APRESENTAÇÃO FATIADO, TIPO EMBALAGEM EMBALAGEM INDIVIDUAL;24602765000160;SIMEIA A. H. M. MUSTAFA;001;1;350,00;350,00;0,00;0,00;15,70;5495,00;0,00;11/08/2025;12/08/2025;12/08/2026;Não;11/08/2025;11/08/2025
atas_itens_RT_2025_p1.json;2026-07-29 14:27:28;00061/2025;10673078000120-1-000062/2025-000002;10673078000120-1-000062/2025;15813205901892025;00117;90189;2025;05;Pregão;158132;INST.FED.DE EDUC.,CIENC.E TEC.DO MAT.G.DO SUL;461222;13807;AROMATIZANTE ARTIFICIAL;Material;AROMATIZANTE ARTIFICIAL, APRESENTAÇÃO LÍQUIDO INCOLOR, SABOR BAUNILHA;24602765000160;SIMEIA A. H. M. MUSTAFA;001;1;10,00;10,00;0,00;0,00;8,27;82,70;0,00;11/08/2025;12/08/2025;12/08/2026;Não;11/08/2025;11/08/2025
atas_itens_RT_2025_p1.json;2026-07-29 14:27:28;00061/2025;10673078000120-1-000062/2025-000002;10673078000120-1-000062/2025;15813205901892025;00118;90189;2025;05;Pregão;158132;INST.FED.DE EDUC.,CIENC.E TEC.DO MAT.G.DO SUL;474371;19690;ARROZ BENEFICIADO;Material;ARROZ BENEFICIADO, TIPO BRANCO, SUBGRUPO INTEGRAL, CLASSE LONGO FINO, QUALIDADE TIPO 1;24602765000160;SIMEIA A. H. M. MUSTAFA;001;1;1300,00;1300,00;0,00;0,00;34,25;44525,00;0,00;11/08/2025;12/08/2025;12/08/2026;Não;11/08/2025;11/08/2025
atas_itens_RT_2025_p1.json;2026-07-29 14:27:28;00061/2025;10673078000120-1-000062/2025-000002;10673078000120-1-000062/2025;15813205901892025;00119;90189;2025;05;Pregão;158132;INST.FED.DE EDUC.,CIENC.E TEC.DO MAT.G.DO SUL;456469;883;BISCOITO;Material;BISCOITO, SABOR MAIZENA, CARACTERÍSTICAS ADICIONAIS SEM LACTOSE, TIPO BOLACHA, INGREDIENTES SEM GORDURA TRANS;24602765000160;SIMEIA A. H. M. MUSTAFA;001;1;70,00;70,00;0,00;0,00;6,82;477,40;0,00;11/08/2025;12/08/2025;12/08/2026;Não;11/08/2025;11/08/2025
atas_itens_RT_2025_p1.json;2026-07-29 14:27:28;00061/2025;10673078000120-1-000062/2025-000002;10673078000120-1-000062/2025;15813205901892025;00120;90189;2025;05;Pregão;158132;INST.FED.DE EDUC.,CIENC.E TEC.DO MAT.G.DO SUL;297483;4560;PROTEÍNA TEXTURIZADA SOJA;Material;PROTEÍNA TEXTURIZADA SOJA, APRESENTAÇÃO FLOCOS, ASPECTO FÍSICO DESIDRATADA;24602765000160;SIMEIA A. H. M. MUSTAFA;001;1;200,00;200,00;0,00;0,00;21,74;4348,00;0,00;11/08/2025;12/08/2025;12/08/2026;Não;11/08/2025;11/08/2025
atas_itens_RT_2025_p1.json;2026-07-29 14:27:28;00061/2025;10673078000120-1-000062/2025-000002;10673078000120-1-000062/2025;15813205901892025;00121;90189;2025;05;Pregão;158132;INST.FED.DE EDUC.,CIENC.E TEC.DO MAT.G.DO SUL;460495;19727;PÃO DE QUEIJO;Material;PÃO DE QUEIJO, BASA DA MASSA POLVILHO DOCE OU AZEDO E QUEIJO, INGREDIENTES ADICIONAIS COM OUTROS SABORES, FORMATO LANCHE/GRANDE, APRESENTAÇÃO CRU CONGELADO;24602765000160;SIMEIA A. H. M. MUSTAFA;001;1;1000,00;1000,00;0,00;0,00;25,85;25850,00;0,00;11/08/2025;12/08/2025;12/08/2026;Não;11/08/2025;11/08/2025
atas_itens_RT_2025_p1.json;2026-07-29 14:27:28;00059/2025;10673078000120-1-000065/2025-000001;10673078000120-1-000065/2025;15813206001972025;00001;00197;2025;06;Dispensa;158132;INST.FED.DE EDUC.,CIENC.E TEC.DO MAT.G.DO SUL;277138;14428;TAMPO MOBILIÁRIO;Material;Tampo Mobiliário Material: Aço, Cor: Cinza Claro, Comprimento: 480MM, Largura: 30MM, Espessura: 2,5MM, Características Adicionais: Com Suporte Para Fixação Painel Divisório.;09480223000178;SL COMERCIO E REPRESENTACOES LTDA;001;1;20,00;20,00;0,00;40,00;439,90;8798,00;0,00;23/07/2025;24/07/2025;23/07/2026;Não;23/07/2025;23/07/2025
atas_itens_RT_2024_p1.json;2026-07-29 14:27:28;00003/2024;10673078000120-1-000068/2023-000013;10673078000120-1-000068/2023;15813205000262023;00026;00026;2023;05;Pregão;158132;INST.FED.DE EDUC.,CIENC.E TEC.DO MAT.G.DO SUL;457184;6661;MICROCOMPUTADOR;Material;MICROCOMPUTADOR, MEMÓRIA RAM 32 GB, NÚCLEOS POR PROCESSADOR 5 A 8, ARMAZENAMENTO HDD 2 TB., ARMAZENAMENTO SSD ATÉ 2 TB, MONITOR 21 A 29 POL, COMPONENTES ADICIONAIS COM TECLADO E MOUSE, SISTEMA OPERACIONAL PROPRIETÁRIO, GARANTIA ON SITE SUPERIOR A 36 MESES;05778325000547;E.R. SOLUCOES INFORMATICA LTDA;001;1;1089,00;1089,00;0,00;2178,00;7509,31;8177638,59;0,00;26/01/2024;29/01/2024;29/01/2026;Não;29/01/2024;29/01/2024
atas_itens_RT_2025_p1.json;2026-07-29 14:27:28;00011/2025;10673078000120-1-000069/2025-000001;10673078000120-1-000069/2025;15813206001932025;00002;00193;2025;06;Dispensa;158132;INST.FED.DE EDUC.,CIENC.E TEC.DO MAT.G.DO SUL;471988;9634;MESA TÊNIS DE MESA / FUTMESA;Material;Mesa Tênis De Mesa / Futmesa Material Tampo: Mdf, Material Estrutura: Tubo De Aço, Tipo: Dobrável, Acabamento Tampo: Pintado, Acabamento Estrutura: Pintura, Espessura Tampo: 25MM, Cor: Azul, Características Opcionais: Com Medidas Oficiais Padrão Ittf (International Ta, Características Adicionais: Com Rodízios, Permite O Uso Como Paredão Para Trei;50827589000174;VARIEDADE COMERCIAL JGB LTDA;001;1;8,00;8,00;0,00;16,00;1478,99;11831,92;0,00;01/08/2025;04/08/2025;04/08/2026;Não;12/08/2025;12/08/2025
atas_itens_RT_2025_p1.json;2026-07-29 14:27:28;00011/2025;10673078000120-1-000069/2025-000001;10673078000120-1-000069/2025;15813206001932025;00003;00193;2025;06;Dispensa;158132;INST.FED.DE EDUC.,CIENC.E TEC.DO MAT.G.DO SUL;618959;12466;TABULEIRO;Material;Tabuleiro Material: Madeira, Tipo: Futebol De Botão, Aplicação: Lazer E Entretenimento, Características Adicionais: Cor: Verde Com Linhas De Marcação Brancas. Medidas;50827589000174;VARIEDADE COMERCIAL JGB LTDA;001;1;4,00;4,00;0,00;8,00;789,95;3159,80;0,00;01/08/2025;04/08/2025;04/08/2026;Não;12/08/2025;12/08/2025
atas_itens_RT_2025_p1.json;2026-07-29 14:27:28;00010/2025;10673078000120-1-000069/2025-000002;10673078000120-1-000069/2025;15813206001932025;00001;00193;2025;06;Dispensa;158132;INST.FED.DE EDUC.,CIENC.E TEC.DO MAT.G.DO SUL;604323;6811;EQUIPAMENTO / ACESSÓRIOS DESPORTO;Material;Equipamento / Acessórios Desporto Tipo: Mesa De Jogo Pebolim, Material: Madeira Maciça, Dimensões: Comprimento 1,36 , Largura 0,78 Atura 0,87CM, Características Adicionais: Com Bonecos Em Polipropileno,Vaões Passantes Embut;49221606000146;49.221.606 ISABELLA CAETANO MAGALHAES BETIOL;001;1;12,00;12,00;0,00;24,00;3068,00;36816,00;0,00;01/08/2025;04/08/2025;04/08/2026;Não;04/08/2025;04/08/2025
atas_itens_RT_2024_p1.json;2026-07-29 14:27:28;00001/2024;10673078000120-1-000076/2023-000001;10673078000120-1-000076/2023;15813205000232023;00001;00023;2023;05;Pregão;158132;INST.FED.DE EDUC.,CIENC.E TEC.DO MAT.G.DO SUL;478047;5792;CONTAINER;Material;CONTAINER, MATERIAL AÇO INOXIDÁVEL, TIPO DRY STANDARD, CAPACIDADE 26.000 KG, APLICAÇÃO ARMAZENAMENTO DE MATERIAIS, CARACTERÍSTICAS ADICIONAIS DISPOSITIVO PARA CADEADO, DIMENSÕES 2,44 X 2,69 X 12,0 M;25287494000168;FUNCIONAL CONTAINERS LTDA;001;1;23,00;23,00;0,00;46,00;53000,00;1219000,00;0,00;08/01/2024;09/01/2024;09/01/2025;Não;10/01/2024;10/01/2024
atas_itens_RT_2024_p1.json;2026-07-29 14:27:28;00001/2024;10673078000120-1-000076/2023-000001;10673078000120-1-000076/2023;15813205000232023;00002;00023;2023;05;Pregão;158132;INST.FED.DE EDUC.,CIENC.E TEC.DO MAT.G.DO SUL;478047;5792;CONTAINER;Material;CONTAINER, MATERIAL AÇO INOXIDÁVEL, TIPO DRY STANDARD, CAPACIDADE 26.000 KG, APLICAÇÃO ARMAZENAMENTO DE MATERIAIS, CARACTERÍSTICAS ADICIONAIS DISPOSITIVO PARA CADEADO, DIMENSÕES 2,44 X 2,69 X 12,0 M;25287494000168;FUNCIONAL CONTAINERS LTDA;001;1;9,00;9,00;0,00;18,00;55850,00;502650,00;0,00;08/01/2024;09/01/2024;09/01/2025;Não;10/01/2024;10/01/2024
atas_itens_RT_2024_p1.json;2026-07-29 14:27:28;00001/2024;10673078000120-1-000076/2023-000001;10673078000120-1-000076/2023;15813205000232023;00003;00023;2023;05;Pregão;158132;INST.FED.DE EDUC.,CIENC.E TEC.DO MAT.G.DO SUL;600252;5792;CONTAINER;Material;CONTAINER, MATERIAL AÇO CORTEN, TIPO DRY HIGH CUBE, CAPACIDADE 24.000 KG, CARACTERÍSTICAS ADICIONAIS DIVISÓRIA SALA/WC, PORTAS E JANELAS, COM, COR VERDE , DIMENSÕES 6,06 X 2,44 X 2,89 CM;25287494000168;FUNCIONAL CONTAINERS LTDA;001;1;19,00;19,00;0,00;38,00;32000,00;608000,00;0,00;08/01/2024;09/01/2024;09/01/2025;Não;10/01/2024;10/01/2024
atas_itens_RT_2024_p1.json;2026-07-29 14:27:28;00001/2024;10673078000120-1-000076/2023-000001;10673078000120-1-000076/2023;15813205000232023;00004;00023;2023;05;Pregão;158132;INST.FED.DE EDUC.,CIENC.E TEC.DO MAT.G.DO SUL;600252;5792;CONTAINER;Material;CONTAINER, MATERIAL AÇO CORTEN, TIPO DRY HIGH CUBE, CAPACIDADE 24.000 KG, CARACTERÍSTICAS ADICIONAIS DIVISÓRIA SALA/WC, PORTAS E JANELAS, COM, COR VERDE , DIMENSÕES 6,06 X 2,44 X 2,89 CM;25287494000168;FUNCIONAL CONTAINERS LTDA;001;1;10,00;10,00;0,00;20,00;32000,00;320000,00;0,00;08/01/2024;09/01/2024;09/01/2025;Não;10/01/2024;10/01/2024
atas_itens_RT_2024_p1.json;2026-07-29 14:27:28;00001/2024;10673078000120-1-000076/2023-000001;10673078000120-1-000076/2023;15813205000232023;00005;00023;2023;05;Pregão;158132;INST.FED.DE EDUC.,CIENC.E TEC.DO MAT.G.DO SUL;477976;5792;CONTAINER;Material;CONTAINER, MATERIAL AÇO INOXIDÁVEL, TIPO DRY STANDARD, CAPACIDADE 22.360 KG, APLICAÇÃO ARMAZENAMENTO DE MATERIAIS, CARACTERÍSTICAS ADICIONAIS DISPOSITIVO PARA CADEADO, DIMENSÕES 2,44 X 2,59 X 3,00 M;25287494000168;FUNCIONAL CONTAINERS LTDA;001;1;4,00;4,00;0,00;8,00;20000,00;80000,00;0,00;08/01/2024;09/01/2024;09/01/2025;Não;10/01/2024;10/01/2024
atas_itens_RT_2024_p1.json;2026-07-29 14:27:28;00002/2024;10673078000120-1-000076/2023-000002;10673078000120-1-000076/2023;15813205000232023;00006;00023;2023;05;Pregão;158132;INST.FED.DE EDUC.,CIENC.E TEC.DO MAT.G.DO SUL;477976;5792;CONTAINER;Material;CONTAINER, MATERIAL AÇO INOXIDÁVEL, TIPO DRY STANDARD, CAPACIDADE 22.360 KG, APLICAÇÃO ARMAZENAMENTO DE MATERIAIS, CARACTERÍSTICAS ADICIONAIS DISPOSITIVO PARA CADEADO, DIMENSÕES 2,44 X 2,59 X 3,00 M;40989882000184;SEVEN COMERCIO E SERVICOS LTDA;001;1;4,00;4,00;0,00;8,00;17750,00;71000,00;0,00;08/01/2024;09/01/2024;09/01/2025;Não;10/01/2024;10/01/2024
atas_itens_RT_2026_p1.json;2026-07-29 14:27:29;00191/2025;10673078000120-1-000077/2025-000017;10673078000120-1-000077/2025;15813205902412025;00001;90241;2025;05;Pregão;158132;INST.FED.DE EDUC.,CIENC.E TEC.DO MAT.G.DO SUL;248013;14792;FLANGE;Material;FLANGE, MATERIAL PVC- CLORETO DE POLIVINILA, TIPO COM FUROS, DIÂMETRO NOMINAL 60 MM, CARACTERÍSTICAS ADICIONAIS PARA JUNÇÃO DE TUBULACÕES, APLICAÇÃO REDE HIDRÁULICA, TIPO FIXAÇÃO PARAFUSADA;47759958000124;MADIMBA EMPREENDIMENTOS LTDA;001;1;100,00;100,00;0,00;0,00;210,00;21000,00;0,00;07/01/2026;09/01/2026;09/01/2027;Não;08/01/2026;08/01/2026
atas_itens_RT_2026_p1.json;2026-07-29 14:27:29;00001/2026;10673078000120-1-000080/2024-000004;10673078000120-1-000080/2024;15813205900142024;00007;90014;2024;05;Pregão;158132;INST.FED.DE EDUC.,CIENC.E TEC.DO MAT.G.DO SUL;23647;;;Serviço;Vigilância patrimonial, ARMADA, DIURNO, em turnos de 12 (doze) x 36 (trinta e seis) horas, de segunda-feira a domingo, inclusive feriados. (Campus Campo Gra nde);19097389000163;KARBECK SEGURANCA LTDA;001;1;1,00;1,00;0,00;0,00;148268,40;148268,40;0,00;05/01/2026;06/01/2026;06/01/2027;Não;05/01/2026;05/01/2026
atas_itens_RT_2026_p1.json;2026-07-29 14:27:29;00001/2026;10673078000120-1-000080/2024-000004;10673078000120-1-000080/2024;15813205900142024;00008;90014;2024;05;Pregão;158132;INST.FED.DE EDUC.,CIENC.E TEC.DO MAT.G.DO SUL;23957;;;Serviço;Vigilância patrimonial, ARMADA, NOTURNO, em turnos de 12 (doze) x 36 (trinta e seis) horas, de segunda-feira a domingo, inclusive feriados.(Campus Campo Gra nde);19097389000163;KARBECK SEGURANCA LTDA;001;1;2,00;2,00;0,00;0,00;170712,15;341424,30;0,00;05/01/2026;06/01/2026;06/01/2027;Não;05/01/2026;05/01/2026
atas_itens_RT_2026_p1.json;2026-07-29 14:27:29;00001/2026;10673078000120-1-000080/2024-000004;10673078000120-1-000080/2024;15813205900142024;00009;90014;2024;05;Pregão;158132;INST.FED.DE EDUC.,CIENC.E TEC.DO MAT.G.DO SUL;23647;;;Serviço;Vigilância patrimonial, DESARMADA, DIURNO, em turnos de 12 (doze) x 36 (trinta e seis) horas, de segunda-feira a domingo, inclusive feriados.(Campus Campo G rande);19097389000163;KARBECK SEGURANCA LTDA;001;1;2,00;2,00;0,00;0,00;145134,45;290268,90;0,00;05/01/2026;06/01/2026;06/01/2027;Não;05/01/2026;05/01/2026
atas_itens_RT_2024_p1.json;2026-07-29 14:27:28;00005/2024;10673078000120-1-000092/2023-000001;10673078000120-1-000092/2023;15813205000182023;00001;00018;2023;05;Pregão;158132;INST.FED.DE EDUC.,CIENC.E TEC.DO MAT.G.DO SUL;409534;10757;PIPETADOR;Material;PIPETADOR, MATERIAL BORRACHA, TIPO MANUAL, CAPACIDADE ATÉ 50 ML, AJUSTE TIPO PERA, COMPONENTES* COM 3 VIAS;11301724000191;QUALY COMERCIAL LTDA;001;1;58,00;58,00;0,00;116,00;17,90;1038,20;0,00;26/02/2024;27/02/2024;27/02/2025;Não;05/03/2024;05/03/2024
atas_itens_RT_2024_p1.json;2026-07-29 14:27:28;00005/2024;10673078000120-1-000092/2023-000001;10673078000120-1-000092/2023;15813205000182023;00002;00018;2023;05;Pregão;158132;INST.FED.DE EDUC.,CIENC.E TEC.DO MAT.G.DO SUL;446952;7824;FRASCO;Material;FRASCO, MATERIAL VIDRO, CAPACIDADE 500 ML, CARACTERÍSTICAS ADICIONAIS TAMPA ROSQUEÁVEL, TIPO EMBALAGEM EMBALAGEM INDIVIDUAL, TIPO GARRAFA, SEM GRADUAÇÃO, BOCA LARGA;06153182000117;LILIANE ALARCAO DIAS CORREA RAMANZINI;001;1;37,00;37,00;0,00;74,00;19,30;714,10;0,00;26/02/2024;27/02/2024;27/02/2025;Não;05/03/2024;05/03/2024
atas_itens_RT_2024_p1.json;2026-07-29 14:27:28;00005/2024;10673078000120-1-000092/2023-000001;10673078000120-1-000092/2023;15813205000182023;00003;00018;2023;05;Pregão;158132;INST.FED.DE EDUC.,CIENC.E TEC.DO MAT.G.DO SUL;433874;7824;FRASCO;Material;FRASCO, MATERIAL BOROSSILICATO, COR ÂMBAR, CAPACIDADE 100 ML, CARACTERÍSTICAS ADICIONAIS COM TAMPA;35257760000163;LAB VISION - COMERCIO DE PRODUTOS LABORATORIAIS LTDA;001;1;45,00;45,00;0,00;90,00;7,80;351,00;0,00;26/02/2024;27/02/2024;27/02/2025;Não;05/03/2024;05/03/2024
atas_itens_RT_2024_p1.json;2026-07-29 14:27:28;00005/2024;10673078000120-1-000092/2023-000001;10673078000120-1-000092/2023;15813205000182023;00004;00018;2023;05;Pregão;158132;INST.FED.DE EDUC.,CIENC.E TEC.DO MAT.G.DO SUL;419733;4736;FUNIL LABORATÓRIO;Material;FUNIL LABORATÓRIO, MATERIAL VIDRO, FORMATO CONE IMHOFF, CAPACIDADE 100 ML, ACESSÓRIOS TORNEIRA DE TEFLON E ROLHA DE PLÁSTICO, GRADUAÇÃO GRADUADO;12498340000173;LIN LAB COMERCIAL LTDA;001;1;24,00;24,00;0,00;48,00;99,99;2399,76;0,00;26/02/2024;27/02/2024;27/02/2025;Não;05/03/2024;05/03/2024
atas_itens_RT_2024_p1.json;2026-07-29 14:27:28;00005/2024;10673078000120-1-000092/2023-000001;10673078000120-1-000092/2023;15813205000182023;00005;00018;2023;05;Pregão;158132;INST.FED.DE EDUC.,CIENC.E TEC.DO MAT.G.DO SUL;419733;4736;FUNIL LABORATÓRIO;Material;FUNIL LABORATÓRIO, MATERIAL VIDRO, FORMATO CONE IMHOFF, CAPACIDADE 100 ML, ACESSÓRIOS TORNEIRA DE TEFLON E ROLHA DE PLÁSTICO, GRADUAÇÃO GRADUADO;35257760000163;LAB VISION - COMERCIO DE PRODUTOS LABORATORIAIS LTDA;001;1;8,00;8,00;0,00;16,00;164,50;1316,00;0,00;26/02/2024;27/02/2024;27/02/2025;Não;05/03/2024;05/03/2024
atas_itens_RT_2024_p1.json;2026-07-29 14:27:28;00005/2024;10673078000120-1-000092/2023-000001;10673078000120-1-000092/2023;15813205000182023;00006;00018;2023;05;Pregão;158132;INST.FED.DE EDUC.,CIENC.E TEC.DO MAT.G.DO SUL;411572;8673;LAMPARINA LABORATÓRIO;Material;LAMPARINA LABORATÓRIO, MATERIAL VIDRO, CAPACIDADE 100 ML, CARACTERÍSTICAS ADICIONAIS COM TAMPA E PAVIO;35257760000163;LAB VISION - COMERCIO DE PRODUTOS LABORATORIAIS LTDA;001;1;16,00;16,00;0,00;32,00;21,80;348,80;0,00;26/02/2024;27/02/2024;27/02/2025;Não;05/03/2024;05/03/2024
atas_itens_RT_2024_p1.json;2026-07-29 14:27:28;00005/2024;10673078000120-1-000092/2023-000001;10673078000120-1-000092/2023;15813205000182023;00008;00018;2023;05;Pregão;158132;INST.FED.DE EDUC.,CIENC.E TEC.DO MAT.G.DO SUL;409510;10703;PICNÔMETRO;Material;PICNÔMETRO, MATERIAL VIDRO, CAPACIDADE 50 ML, CALIBRAGEM CALIBRADO;35257760000163;LAB VISION - COMERCIO DE PRODUTOS LABORATORIAIS LTDA;001;1;16,00;16,00;0,00;32,00;36,90;590,40;0,00;26/02/2024;27/02/2024;27/02/2025;Não;05/03/2024;05/03/2024
atas_itens_RT_2024_p1.json;2026-07-29 14:27:28;00005/2024;10673078000120-1-000092/2023-000001;10673078000120-1-000092/2023;15813205000182023;00010;00018;2023;05;Pregão;158132;INST.FED.DE EDUC.,CIENC.E TEC.DO MAT.G.DO SUL;467008;13114;TUBO LABORATÓRIO;Material;TUBO LABORATÓRIO, TIPO CAPILAR, MATERIAL VIDRO, DIMENSÕES CERCA DE 2 MM X 150 MM;11301724000191;QUALY COMERCIAL LTDA;001;1;6,00;6,00;0,00;12,00;28,00;168,00;0,00;26/02/2024;27/02/2024;27/02/2025;Não;05/03/2024;05/03/2024
atas_itens_RT_2024_p1.json;2026-07-29 14:27:28;00005/2024;10673078000120-1-000092/2023-000001;10673078000120-1-000092/2023;15813205000182023;00011;00018;2023;05;Pregão;158132;INST.FED.DE EDUC.,CIENC.E TEC.DO MAT.G.DO SUL;414352;10679;PÉROLA DE VIDRO - LABORATÓRIO;Material;PÉROLA DE VIDRO - LABORATÓRIO, DIÂMETRO CERCA DE 2 MM;11301724000191;QUALY COMERCIAL LTDA;001;1;3,00;3,00;0,00;6,00;94,00;282,00;0,00;26/02/2024;27/02/2024;27/02/2025;Não;05/03/2024;05/03/2024
atas_itens_RT_2024_p1.json;2026-07-29 14:27:28;00005/2024;10673078000120-1-000092/2023-000001;10673078000120-1-000092/2023;15813205000182023;00012;00018;2023;05;Pregão;158132;INST.FED.DE EDUC.,CIENC.E TEC.DO MAT.G.DO SUL;411079;8874;PIPETA;Material;PIPETA, TIPO PASTEUR, MATERIAL VIDRO, COMPRIMENTO 230 MM;11301724000191;QUALY COMERCIAL LTDA;001;1;2,00;2,00;0,00;4,00;119,00;238,00;0,00;26/02/2024;27/02/2024;27/02/2025;Não;05/03/2024;05/03/2024
atas_itens_RT_2024_p1.json;2026-07-29 14:27:28;00005/2024;10673078000120-1-000092/2023-000001;10673078000120-1-000092/2023;15813205000182023;00013;00018;2023;05;Pregão;158132;INST.FED.DE EDUC.,CIENC.E TEC.DO MAT.G.DO SUL;419922;10757;PIPETADOR;Material;PIPETADOR, MATERIAL SILICONE, CAPACIDADE ATÉ 3 ML, AJUSTE TIPO BULBO PARA PIPETA PASTEUR;35257760000163;LAB VISION - COMERCIO DE PRODUTOS LABORATORIAIS LTDA;001;1;48,00;48,00;0,00;96,00;6,80;326,40;0,00;26/02/2024;27/02/2024;27/02/2025;Não;05/03/2024;05/03/2024
atas_itens_RT_2024_p1.json;2026-07-29 14:27:28;00005/2024;10673078000120-1-000092/2023-000001;10673078000120-1-000092/2023;15813205000182023;00014;00018;2023;05;Pregão;158132;INST.FED.DE EDUC.,CIENC.E TEC.DO MAT.G.DO SUL;417814;8874;PIPETA;Material;PIPETA, TIPO PASTEUR, GRADUAÇÃO GRADUADA, CAPACIDADE 3 ML, MATERIAL PLÁSTICO, ESCALA ESCALA 0,5 EM 0,5 ML, TIPO USO DESCARTÁVEL;11301724000191;QUALY COMERCIAL LTDA;001;1;3,00;3,00;0,00;6,00;39,90;119,70;0,00;26/02/2024;27/02/2024;27/02/2025;Não;05/03/2024;05/03/2024
atas_itens_RT_2024_p1.json;2026-07-29 14:27:28;00005/2024;10673078000120-1-000092/2023-000001;10673078000120-1-000092/2023;15813205000182023;00015;00018;2023;05;Pregão;158132;INST.FED.DE EDUC.,CIENC.E TEC.DO MAT.G.DO SUL;608780;13904;CONEXÃO LABORATÓRIO;Material;CONEXÃO LABORATÓRIO, TIPO TUBO DE DESTILAÇÃO, MATERIAL 1 VIDRO, COMPONENTES COM 2 JUNTAS, DIÂMETRO JUNTA JUNTA MACHO 45/50 E 24/40;35257760000163;LAB VISION - COMERCIO DE PRODUTOS LABORATORIAIS LTDA;001;1;16,00;16,00;0,00;32,00;19,00;304,00;0,00;26/02/2024;27/02/2024;27/02/2025;Não;05/03/2024;05/03/2024
atas_itens_RT_2024_p1.json;2026-07-29 14:27:28;00005/2024;10673078000120-1-000092/2023-000001;10673078000120-1-000092/2023;15813205000182023;00016;00018;2023;05;Pregão;158132;INST.FED.DE EDUC.,CIENC.E TEC.DO MAT.G.DO SUL;415000;2242;ALÇA BACTERIOLÓGICA;Material;ALÇA BACTERIOLÓGICA, TIPO* DRIGALSKY, MATERIAL* VIDRO, DIMENSÕES CERCA DE 40 X 100 MM, FORMATO PONTA TRIANGULAR;35257760000163;LAB VISION - COMERCIO DE PRODUTOS LABORATORIAIS LTDA;001;1;10,00;10,00;0,00;20,00;11,00;110,00;0,00;26/02/2024;27/02/2024;27/02/2025;Não;05/03/2024;05/03/2024
atas_itens_RT_2024_p1.json;2026-07-29 14:27:28;00005/2024;10673078000120-1-000092/2023-000001;10673078000120-1-000092/2023;15813205000182023;00017;00018;2023;05;Pregão;158132;INST.FED.DE EDUC.,CIENC.E TEC.DO MAT.G.DO SUL;408811;2242;ALÇA BACTERIOLÓGICA;Material;ALÇA BACTERIOLÓGICA, MATERIAL* PLATINA, COMPONENTES COM CABO, CALIBRAGEM CALIBRADA, VOLUME 10 MCL;35257760000163;LAB VISION - COMERCIO DE PRODUTOS LABORATORIAIS LTDA;001;1;24,00;24,00;0,00;48,00;5,00;120,00;0,00;26/02/2024;27/02/2024;27/02/2025;Não;05/03/2024;05/03/2024
atas_itens_RT_2024_p1.json;2026-07-29 14:27:28;00005/2024;10673078000120-1-000092/2023-000001;10673078000120-1-000092/2023;15813205000182023;00018;00018;2023;05;Pregão;158132;INST.FED.DE EDUC.,CIENC.E TEC.DO MAT.G.DO SUL;408987;17079;CABO DE KOLLE;Material;CABO DE KOLLE, MATERIAL ALUMÍNIO, COMPRIMENTO CERCA DE 25 CM, CARACTERÍSTICAS ADICIONAIS EXTREMIDADE ROSQUEÁVEL, PROTEÇÃO TÉRMICA;11301724000191;QUALY COMERCIAL LTDA;001;1;15,00;15,00;0,00;30,00;22,00;330,00;0,00;26/02/2024;27/02/2024;27/02/2025;Não;05/03/2024;05/03/2024
atas_itens_RT_2024_p1.json;2026-07-29 14:27:28;00005/2024;10673078000120-1-000092/2023-000001;10673078000120-1-000092/2023;15813205000182023;00019;00018;2023;05;Pregão;158132;INST.FED.DE EDUC.,CIENC.E TEC.DO MAT.G.DO SUL;474252;11902;SACO;Material;"SACO, MATERIAL POLIETILENO ALTA DENSIDADE, CAPACIDADE 20 L, APLICAÇÃO LABORATORIAL, TRANSMITÂNCIA FOSCO TRANSPARENTE, CARACTERÍSTICAS ADICIONAIS 1 P AUTOCLAVE; RESISTENTE Á TEMPERATURA DE 121°C";12498340000173;LIN LAB COMERCIAL LTDA;001;1;5,00;5,00;0,00;10,00;20,55;102,75;0,00;26/02/2024;27/02/2024;27/02/2025;Não;05/03/2024;05/03/2024
atas_itens_RT_2024_p1.json;2026-07-29 14:27:28;00005/2024;10673078000120-1-000092/2023-000001;10673078000120-1-000092/2023;15813205000182023;00020;00018;2023;05;Pregão;158132;INST.FED.DE EDUC.,CIENC.E TEC.DO MAT.G.DO SUL;332343;18996;INDICADOR QUÍMICO;Material;INDICADOR QUÍMICO, CLASSE CLASSE I, TIPO USO EXTERNO, APRESENTAÇÃO FITA ADESIVA, CARACTERÍSTICAS ADICIONAIS PARA ESTERILIZAÇÃO A VAPOR;12498340000173;LIN LAB COMERCIAL LTDA;001;1;10,00;10,00;0,00;20,00;4,68;46,80;0,00;26/02/2024;27/02/2024;27/02/2025;Não;05/03/2024;05/03/2024
atas_itens_RT_2024_p1.json;2026-07-29 14:27:28;00005/2024;10673078000120-1-000092/2023-000001;10673078000120-1-000092/2023;15813205000182023;00021;00018;2023;05;Pregão;158132;INST.FED.DE EDUC.,CIENC.E TEC.DO MAT.G.DO SUL;419586;9501;MATERIAL LABORATÓRIO;Material;MATERIAL LABORATÓRIO, TIPO ALONGA, MATERIAL BORRACHA, DIMENSÕES CERCA DE 50 X 25 MM;35257760000163;LAB VISION - COMERCIO DE PRODUTOS LABORATORIAIS LTDA;001;1;11,00;11,00;0,00;22,00;16,40;180,40;0,00;26/02/2024;27/02/2024;27/02/2025;Não;05/03/2024;05/03/2024
atas_itens_RT_2024_p1.json;2026-07-29 14:27:28;00005/2024;10673078000120-1-000092/2023-000001;10673078000120-1-000092/2023;15813205000182023;00022;00018;2023;05;Pregão;158132;INST.FED.DE EDUC.,CIENC.E TEC.DO MAT.G.DO SUL;212694;513;ROLHA BORRACHA;Material;ROLHA BORRACHA, TIPO MACIÇA, TAMANHO 6;35257760000163;LAB VISION - COMERCIO DE PRODUTOS LABORATORIAIS LTDA;001;1;1,00;1,00;0,00;2,00;24,50;24,50;0,00;26/02/2024;27/02/2024;27/02/2025;Não;05/03/2024;05/03/2024
atas_itens_RT_2024_p1.json;2026-07-29 14:27:28;00005/2024;10673078000120-1-000092/2023-000001;10673078000120-1-000092/2023;15813205000182023;00023;00018;2023;05;Pregão;158132;INST.FED.DE EDUC.,CIENC.E TEC.DO MAT.G.DO SUL;231328;513;ROLHA BORRACHA;Material;ROLHA BORRACHA, TIPO MACIÇA, TAMANHO 7;35257760000163;LAB VISION - COMERCIO DE PRODUTOS LABORATORIAIS LTDA;001;1;1,00;1,00;0,00;2,00;28,00;28,00;0,00;26/02/2024;27/02/2024;27/02/2025;Não;05/03/2024;05/03/2024
atas_itens_RT_2024_p1.json;2026-07-29 14:27:28;00005/2024;10673078000120-1-000092/2023-000001;10673078000120-1-000092/2023;15813205000182023;00024;00018;2023;05;Pregão;158132;INST.FED.DE EDUC.,CIENC.E TEC.DO MAT.G.DO SUL;330842;513;ROLHA BORRACHA;Material;ROLHA BORRACHA, CARACTERÍSTICAS ADICIONAIS DIÂMETRO MAIOR 3,2 CM;35257760000163;LAB VISION - COMERCIO DE PRODUTOS LABORATORIAIS LTDA;001;1;10,00;10,00;0,00;20,00;4,30;43,00;0,00;26/02/2024;27/02/2024;27/02/2025;Não;05/03/2024;05/03/2024
atas_itens_RT_2024_p1.json;2026-07-29 14:27:28;00005/2024;10673078000120-1-000092/2023-000001;10673078000120-1-000092/2023;15813205000182023;00027;00018;2023;05;Pregão;158132;INST.FED.DE EDUC.,CIENC.E TEC.DO MAT.G.DO SUL;330843;513;ROLHA BORRACHA;Material;ROLHA BORRACHA, CARACTERÍSTICAS ADICIONAIS DIÂMETRO MAIOR 4,4 CM;35257760000163;LAB VISION - COMERCIO DE PRODUTOS LABORATORIAIS LTDA;001;1;3,00;3,00;0,00;6,00;43,00;129,00;0,00;26/02/2024;27/02/2024;27/02/2025;Não;05/03/2024;05/03/2024
atas_itens_RT_2024_p1.json;2026-07-29 14:27:28;00005/2024;10673078000120-1-000092/2023-000001;10673078000120-1-000092/2023;15813205000182023;00028;00018;2023;05;Pregão;158132;INST.FED.DE EDUC.,CIENC.E TEC.DO MAT.G.DO SUL;436424;10848;PLACA LABORATÓRIO;Material;PLACA LABORATÓRIO, TIPO PARA DESSECADOR, MATERIAL PORCELANA, DIMENSÕES CERCA DE 30 CM;35257760000163;LAB VISION - COMERCIO DE PRODUTOS LABORATORIAIS LTDA;001;1;3,00;3,00;0,00;6,00;166,00;498,00;0,00;26/02/2024;27/02/2024;27/02/2025;Não;05/03/2024;05/03/2024
atas_itens_RT_2024_p1.json;2026-07-29 14:27:28;00005/2024;10673078000120-1-000092/2023-000001;10673078000120-1-000092/2023;15813205000182023;00029;00018;2023;05;Pregão;158132;INST.FED.DE EDUC.,CIENC.E TEC.DO MAT.G.DO SUL;445336;12061;SÍLICA GEL;Material;SÍLICA GEL, COMPOSIÇÃO SIO2, COR AZUL, CARACTERÍSTICAS ADICIONAIS INDICADOR DE UMIDADE, MASSA MOLECULAR 60,8 G/MOL, GRANULOMETRIA 1 A 4 MM;12498340000173;LIN LAB COMERCIAL LTDA;001;1;6,00;6,00;0,00;12,00;62,59;375,54;0,00;26/02/2024;27/02/2024;27/02/2025;Não;05/03/2024;05/03/2024
atas_itens_RT_2024_p1.json;2026-07-29 14:27:28;00005/2024;10673078000120-1-000092/2023-000001;10673078000120-1-000092/2023;15813205000182023;00030;00018;2023;05;Pregão;158132;INST.FED.DE EDUC.,CIENC.E TEC.DO MAT.G.DO SUL;453656;8518;JALECO;Material;JALECO, MATERIAL MICROFIBRA, TIPO LONGO, TIPO MANGA COMPRIDA, QUANTIDADE BOTÕES 5 UN, QUANTIDADE BOLSOS 3 UN, TAMANHO GG, COR BRANCA;18386337000144;SILVENINA UNIFORMES LTDA;001;1;35,00;35,00;0,00;70,00;59,90;2096,50;0,00;26/02/2024;27/02/2024;27/02/2025;Não;05/03/2024;05/03/2024
atas_itens_RT_2024_p1.json;2026-07-29 14:27:28;00005/2024;10673078000120-1-000092/2023-000001;10673078000120-1-000092/2023;15813205000182023;00031;00018;2023;05;Pregão;158132;INST.FED.DE EDUC.,CIENC.E TEC.DO MAT.G.DO SUL;305170;8518;JALECO;Material;JALECO, MATERIAL OXFORD, TIPO LONGO, TIPO MANGA CURTA, QUANTIDADE BOTÕES 4, QUANTIDADE BOLSOS 3, TAMANHO EXTRA GG, COR BRANCO GELO, CARACTERÍSTICAS ADICIONAIS COM GOLA, POSIÇÃO BOLSOS 1 LADO ESQUERDO PEITO E 2 LATERAIS ABAIXO CINTURA, TIPO ABERTURA ABERTURA FRONTAL, USO MASCULINO;18386337000144;SILVENINA UNIFORMES LTDA;001;1;8,00;8,00;0,00;16,00;84,00;672,00;0,00;26/02/2024;27/02/2024;27/02/2025;Não;05/03/2024;05/03/2024
atas_itens_RT_2024_p1.json;2026-07-29 14:27:28;00005/2024;10673078000120-1-000092/2023-000001;10673078000120-1-000092/2023;15813205000182023;00032;00018;2023;05;Pregão;158132;INST.FED.DE EDUC.,CIENC.E TEC.DO MAT.G.DO SUL;424742;13114;TUBO LABORATÓRIO;Material;TUBO LABORATÓRIO, TIPO DURAN, MATERIAL VIDRO, TIPO FUNDO FUNDO REDONDO, DIMENSÕES CERCA DE 5 X 40 MM;11301724000191;QUALY COMERCIAL LTDA;001;1;100,00;100,00;0,00;200,00;0,45;45,00;0,00;26/02/2024;27/02/2024;27/02/2025;Não;05/03/2024;05/03/2024
atas_itens_RT_2024_p1.json;2026-07-29 14:27:28;00005/2024;10673078000120-1-000092/2023-000001;10673078000120-1-000092/2023;15813205000182023;00033;00018;2023;05;Pregão;158132;INST.FED.DE EDUC.,CIENC.E TEC.DO MAT.G.DO SUL;450200;13114;TUBO LABORATÓRIO;Material;TUBO LABORATÓRIO, TIPO THIELE, MATERIAL VIDRO, TIPO FUNDO FUNDO REDONDO, DIMENSÕES CERCA DE 25 X 150 MM, ADICIONAL COM ORLA;35257760000163;LAB VISION - COMERCIO DE PRODUTOS LABORATORIAIS LTDA;001;1;4,00;4,00;0,00;8,00;29,90;119,60;0,00;26/02/2024;27/02/2024;27/02/2025;Não;05/03/2024;05/03/2024
atas_itens_RT_2024_p1.json;2026-07-29 14:27:28;00005/2024;10673078000120-1-000092/2023-000001;10673078000120-1-000092/2023;15813205000182023;00034;00018;2023;05;Pregão;158132;INST.FED.DE EDUC.,CIENC.E TEC.DO MAT.G.DO SUL;414161;13114;TUBO LABORATÓRIO;Material;TUBO LABORATÓRIO, TIPO ENSAIO, MATERIAL VIDRO, TIPO FUNDO FUNDO REDONDO, DIMENSÕES CERCA DE 25 X 250 MM, ACESSÓRIOS TAMPA ROSQUEÁVEL;11301724000191;QUALY COMERCIAL LTDA;001;1;60,00;60,00;0,00;120,00;8,40;504,00;0,00;26/02/2024;27/02/2024;27/02/2025;Não;05/03/2024;05/03/2024
atas_itens_RT_2024_p1.json;2026-07-29 14:27:28;00005/2024;10673078000120-1-000092/2023-000001;10673078000120-1-000092/2023;15813205000182023;00036;00018;2023;05;Pregão;158132;INST.FED.DE EDUC.,CIENC.E TEC.DO MAT.G.DO SUL;440478;15695;APARELHO PURIFICADOR DE ÁGUA;Material;APARELHO PURIFICADOR DE ÁGUA, TIPO OSMOSE REVERSA/ELETRODEIONIZAÇÃO OU DESTILAÇÃO, CAPACIDADE 10 L/H, CARACTERÍSTICAS ADICIONAIS PREFILTRO CARVÃO ATIVADO, CONDUTIVIDADE 1,3 ?S/CM 1;10217205000187;S&S REPARO DE MAQUINAS E EQUIPAMENTOS ELETRO-ELETRONICOS LTDA;001;1;3,00;3,00;0,00;6,00;7980,00;23940,00;0,00;26/02/2024;27/02/2024;27/02/2025;Não;05/03/2024;05/03/2024
atas_itens_RT_2024_p1.json;2026-07-29 14:27:28;00005/2024;10673078000120-1-000092/2023-000001;10673078000120-1-000092/2023;15813205000182023;00038;00018;2023;05;Pregão;158132;INST.FED.DE EDUC.,CIENC.E TEC.DO MAT.G.DO SUL;408751;526;AGITADOR MAGNÉTICO;Material;AGITADOR MAGNÉTICO, MATERIAL GABINETE METÁLICO, ANTICORROSIVO, AJUSTE AJUSTE DIGITAL, CAPACIDADE ATÉ 20 L, ROTAÇÃO ATÉ 2000 RPM, TEMPERATURA CONTROLE TEMPERATURA ATÉ 300 °C;30569912000140;FLASHLAB COMERCIO E SERVICOS LTDA;001;1;23,00;23,00;0,00;46,00;1189,90;27367,70;0,00;26/02/2024;27/02/2024;27/02/2025;Não;05/03/2024;05/03/2024
atas_itens_RT_2024_p1.json;2026-07-29 14:27:28;00005/2024;10673078000120-1-000092/2023-000001;10673078000120-1-000092/2023;15813205000182023;00040;00018;2023;05;Pregão;158132;INST.FED.DE EDUC.,CIENC.E TEC.DO MAT.G.DO SUL;439613;9471;EQUIPAMENTO LABORATÓRIO;Material;EQUIPAMENTO LABORATÓRIO, TIPO MEDIDOR DE PONTO DE FUSÃO, AJUSTE AJUSTE DIGITAL,C/ TELA SENSÍVEL TOQUE, PROGRAMÁVE L, CAPACIDADE ATÉ 3 CAPILARES, TEMPERATURA ATÉ 400 °C;29926189000120;SIS COMERCIO DE MATERIAIS E EQUIPAMENTOS LTDA;001;1;6,00;6,00;0,00;12,00;2970,51;17823,06;0,00;26/02/2024;27/02/2024;27/02/2025;Não;05/03/2024;05/03/2024
atas_itens_RT_2024_p1.json;2026-07-29 14:27:28;00005/2024;10673078000120-1-000092/2023-000001;10673078000120-1-000092/2023;15813205000182023;00044;00018;2023;05;Pregão;158132;INST.FED.DE EDUC.,CIENC.E TEC.DO MAT.G.DO SUL;601029;13720;CONJUNTO INSTRUÇÃO;Material;CONJUNTO INSTRUÇÃO, TIPO MODELO ANATÔMICO DE CÉLULA VEGETAL, COMPONENTES PEÇAS ANATÔMICAS PARA ESTUDO DA CELULA VEGETAL, FINALIDADE AULAS PRÁTICAS DE CIÊNCIAS;47031476000153;GS MATERIAIS E EQUIPAMENTOS LTDA;001;1;2,00;2,00;0,00;4,00;329,00;658,00;0,00;26/02/2024;27/02/2024;27/02/2025;Não;05/03/2024;05/03/2024
atas_itens_RT_2024_p1.json;2026-07-29 14:27:28;00005/2024;10673078000120-1-000092/2023-000001;10673078000120-1-000092/2023;15813205000182023;00045;00018;2023;05;Pregão;158132;INST.FED.DE EDUC.,CIENC.E TEC.DO MAT.G.DO SUL;601028;13720;CONJUNTO INSTRUÇÃO;Material;CONJUNTO INSTRUÇÃO, TIPO MODELO ANATÔMICO DE CÉLULA ANIMAL, COMPONENTES PEÇAS ANATOMICAS PARA ESTUDO DA CELULA ANIMAL, FINALIDADE AULAS PRÁTICAS DE CIÊNCIAS;47031476000153;GS MATERIAIS E EQUIPAMENTOS LTDA;001;1;2,00;2,00;0,00;4,00;450,00;900,00;0,00;26/02/2024;27/02/2024;27/02/2025;Não;05/03/2024;05/03/2024
atas_itens_RT_2024_p1.json;2026-07-29 14:27:28;00005/2024;10673078000120-1-000092/2023-000001;10673078000120-1-000092/2023;15813205000182023;00046;00018;2023;05;Pregão;158132;INST.FED.DE EDUC.,CIENC.E TEC.DO MAT.G.DO SUL;601334;9837;MODELO ANATÔMICO PARA FINS DIDÁTICOS;Material;MODELO ANATÔMICO PARA FINS DIDÁTICOS, MATERIAL RESINA PLÁSTICA/PVC, FINALIDADE DEMONSTRAR O PAREAMENTO DE BASES, TIPO MODELO ANATÔMICO DE DNA, APLICAÇÃO PARA FINS DIDÁTICOS, CARACTERÍSTICAS ADICIONAIS COM 3 ESPIRAIS DE HÉLICE DUPLA DE ÁCIDO NUCLÉICO;47031476000153;GS MATERIAIS E EQUIPAMENTOS LTDA;001;1;2,00;2,00;0,00;4,00;360,00;720,00;0,00;26/02/2024;27/02/2024;27/02/2025;Não;05/03/2024;05/03/2024
atas_itens_RT_2024_p1.json;2026-07-29 14:27:28;00005/2024;10673078000120-1-000092/2023-000001;10673078000120-1-000092/2023;15813205000182023;00047;00018;2023;05;Pregão;158132;INST.FED.DE EDUC.,CIENC.E TEC.DO MAT.G.DO SUL;601334;9837;MODELO ANATÔMICO PARA FINS DIDÁTICOS;Material;MODELO ANATÔMICO PARA FINS DIDÁTICOS, MATERIAL RESINA PLÁSTICA/PVC, FINALIDADE DEMONSTRAR O PAREAMENTO DE BASES, TIPO MODELO ANATÔMICO DE DNA, APLICAÇÃO PARA FINS DIDÁTICOS, CARACTERÍSTICAS ADICIONAIS COM 3 ESPIRAIS DE HÉLICE DUPLA DE ÁCIDO NUCLÉICO;48437606000115;TRIUNFY COMERCIO E INOVACOES TECNOLOGICAS LTDA;001;1;2,00;2,00;0,00;4,00;560,00;1120,00;0,00;26/02/2024;27/02/2024;27/02/2025;Não;05/03/2024;05/03/2024
atas_itens_RT_2024_p1.json;2026-07-29 14:27:28;00005/2024;10673078000120-1-000092/2023-000001;10673078000120-1-000092/2023;15813205000182023;00050;00018;2023;05;Pregão;158132;INST.FED.DE EDUC.,CIENC.E TEC.DO MAT.G.DO SUL;374793;6539;MAGNÉSIO;Material;MAGNÉSIO, ASPECTO FÍSICO RASPAS PRATEADAS, FÓRMULA QUÍMICA MG, PESO MOLECULAR 24,31 G/MOL, GRAU DE PUREZA PUREZA MÍNIMA DE 99,8%, NÚMERO DE REFERÊNCIA QUÍMICA CAS 7439-95-4;40392813000199;COMERCIAL SOL RADIANTE LTDA;001;1;3,00;3,00;0,00;6,00;185,00;555,00;0,00;26/02/2024;27/02/2024;27/02/2025;Não;05/03/2024;05/03/2024
atas_itens_RT_2024_p1.json;2026-07-29 14:27:28;00005/2024;10673078000120-1-000092/2023-000001;10673078000120-1-000092/2023;15813205000182023;00054;00018;2023;05;Pregão;158132;INST.FED.DE EDUC.,CIENC.E TEC.DO MAT.G.DO SUL;387015;2146;ÁGAR;Material;ÁGAR, TIPO ÁGAR BACTERIOLÓGICO, ASPECTO FÍSICO PÓ;09134068000138;OBAH PRODUTOS E SERVICOS ANALITICOS LTDA;001;1;2,00;2,00;0,00;4,00;190,00;380,00;0,00;26/02/2024;27/02/2024;27/02/2025;Não;05/03/2024;05/03/2024
atas_itens_RT_2024_p1.json;2026-07-29 14:27:28;00005/2024;10673078000120-1-000092/2023-000001;10673078000120-1-000092/2023;15813205000182023;00056;00018;2023;05;Pregão;158132;INST.FED.DE EDUC.,CIENC.E TEC.DO MAT.G.DO SUL;461991;12254;SOLUÇÃO TAMPÃO;Material;SOLUÇÃO TAMPÃO, LEITURA PH 4,01, APLICAÇÃO CALIBRAGEM DE PEAGÂMETRO;12498340000173;LIN LAB COMERCIAL LTDA;001;1;3,00;3,00;0,00;6,00;38,00;114,00;0,00;26/02/2024;27/02/2024;27/02/2025;Não;05/03/2024;05/03/2024
atas_itens_RT_2024_p1.json;2026-07-29 14:27:28;00005/2024;10673078000120-1-000092/2023-000001;10673078000120-1-000092/2023;15813205000182023;00057;00018;2023;05;Pregão;158132;INST.FED.DE EDUC.,CIENC.E TEC.DO MAT.G.DO SUL;461991;12254;SOLUÇÃO TAMPÃO;Material;SOLUÇÃO TAMPÃO, LEITURA PH 4,01, APLICAÇÃO CALIBRAGEM DE PEAGÂMETRO;12498340000173;LIN LAB COMERCIAL LTDA;001;1;3,00;3,00;0,00;6,00;24,99;74,97;0,00;26/02/2024;27/02/2024;27/02/2025;Não;05/03/2024;05/03/2024
atas_itens_RT_2024_p1.json;2026-07-29 14:27:28;00005/2024;10673078000120-1-000092/2023-000001;10673078000120-1-000092/2023;15813205000182023;00058;00018;2023;05;Pregão;158132;INST.FED.DE EDUC.,CIENC.E TEC.DO MAT.G.DO SUL;414473;19330;CARBONO;Material;CARBONO, FÓRMULA QUÍMICA C (GRAFITE), ASPECTO FÍSICO PÓ CINZA ESCURO, MASSA MOLECULAR 12,01 G/MOL, GRAU DE PUREZA PUREZA MÍNIMA DE 99,99%, CARACTERÍSTICA ADICIONAL GRANULOMETRIA ESPECÍFICA, NÚMERO DE REFERÊNCIA QUÍMICA CAS 7782-42- 5;12498340000173;LIN LAB COMERCIAL LTDA;001;1;2,00;2,00;0,00;4,00;60,00;120,00;0,00;26/02/2024;27/02/2024;27/02/2025;Não;05/03/2024;05/03/2024
atas_itens_RT_2024_p1.json;2026-07-29 14:27:28;00005/2024;10673078000120-1-000092/2023-000001;10673078000120-1-000092/2023;15813205000182023;00059;00018;2023;05;Pregão;158132;INST.FED.DE EDUC.,CIENC.E TEC.DO MAT.G.DO SUL;608832;18144;PETROLATO;Material;PETROLATO, ASPECTO FÍSICO LÍQUIDO, CARACTERÍSTICA ADICIONAL REAGENTE USP, NÚMERO DE REFERÊNCIA QUÍMICA CAS 8042-47-5;12498340000173;LIN LAB COMERCIAL LTDA;001;1;3,00;3,00;0,00;6,00;51,53;154,59;0,00;26/02/2024;27/02/2024;27/02/2025;Não;05/03/2024;05/03/2024
atas_itens_RT_2024_p1.json;2026-07-29 14:27:28;00005/2024;10673078000120-1-000092/2023-000001;10673078000120-1-000092/2023;15813205000182023;00060;00018;2023;05;Pregão;158132;INST.FED.DE EDUC.,CIENC.E TEC.DO MAT.G.DO SUL;347395;1867;NITRATO DE COBRE II;Material;NITRATO DE COBRE II, ASPECTO FÍSICO PÓ OU CRISTAL AZUL, FÓRMULA QUÍMICA CU(NO3)2.3H2O, PESO MOLECULAR 241,60 G/MOL, GRAU DE PUREZA PUREZA MÍNIMA DE 99%, CARACTERÍSTICA ADICIONAL REAGENTE P.A., NÚMERO DE REFERÊNCIA QUÍMICA CAS 10031-43-3;37771209000169;ERINALDO FIGUEIREDO DA SILVA;001;1;2,00;2,00;0,00;4,00;113,50;227,00;0,00;26/02/2024;27/02/2024;27/02/2025;Não;05/03/2024;05/03/2024
atas_itens_RT_2024_p1.json;2026-07-29 14:27:28;00005/2024;10673078000120-1-000092/2023-000001;10673078000120-1-000092/2023;15813205000182023;00061;00018;2023;05;Pregão;158132;INST.FED.DE EDUC.,CIENC.E TEC.DO MAT.G.DO SUL;359279;1761;NITRATO DE ZINCO;Material;NITRATO DE ZINCO, ASPECTO FÍSICO CRISTAL INCOLOR A ESBRANQUIÇADO, LEVE ODOR NÍTRIC O, FÓRMULA QUÍMICA ZN(NO3)2 (ANIDRO), PESO MOLECULAR 189,4 G/MOL, GRAU DE PUREZA PUREZA MÍNIMA DE 99%, CARACTERÍSTICA ADICIONAL REAGENTE P.A., NÚMERO DE REFERÊNCIA QUÍMICA CAS 7779-88-6;12498340000173;LIN LAB COMERCIAL LTDA;001;1;2,00;2,00;0,00;4,00;67,45;134,90;0,00;26/02/2024;27/02/2024;27/02/2025;Não;05/03/2024;05/03/2024
atas_itens_RT_2024_p1.json;2026-07-29 14:27:28;00005/2024;10673078000120-1-000092/2023-000001;10673078000120-1-000092/2023;15813205000182023;00062;00018;2023;05;Pregão;158132;INST.FED.DE EDUC.,CIENC.E TEC.DO MAT.G.DO SUL;400839;14127;NITRATO DE CHUMBO;Material;NITRATO DE CHUMBO, ASPECTO FÍSICO CRISTAL BRANCO, INODORO, PESO MOLECULAR 331,21 G/MOL, COMPOSIÇÃO QUÍMICA PB(NO3)2 (CHUMBO II), GRAU DE PUREZA PUREZA MÍNIMA DE 99%, CARACTERÍSTICA ADICIONAL REAGENTE P.A. ACS, NÚMERO DE REFERÊNCIA QUÍMICA CAS 10099-74-8;12498340000173;LIN LAB COMERCIAL LTDA;001;1;3,00;3,00;0,00;6,00;60,00;180,00;0,00;26/02/2024;27/02/2024;27/02/2025;Não;05/03/2024;05/03/2024
atas_itens_RT_2024_p1.json;2026-07-29 14:27:28;00005/2024;10673078000120-1-000092/2023-000001;10673078000120-1-000092/2023;15813205000182023;00064;00018;2023;05;Pregão;158132;INST.FED.DE EDUC.,CIENC.E TEC.DO MAT.G.DO SUL;327508;13893;CORANTE;Material;CORANTE, TIPO VERDE BROMOCRESOL, ASPECTO FÍSICO PÓ;12498340000173;LIN LAB COMERCIAL LTDA;001;1;2,00;2,00;0,00;4,00;52,99;105,98;0,00;26/02/2024;27/02/2024;27/02/2025;Não;05/03/2024;05/03/2024
atas_itens_RT_2024_p1.json;2026-07-29 14:27:28;00005/2024;10673078000120-1-000092/2023-000001;10673078000120-1-000092/2023;15813205000182023;00065;00018;2023;05;Pregão;158132;INST.FED.DE EDUC.,CIENC.E TEC.DO MAT.G.DO SUL;374994;13893;CORANTE;Material;CORANTE, ASPECTO FÍSICO PÓ, TIPO* VERMELHO DE METILA, NÚMERO DE REFERÊNCIA QUÍMICA CI 13020;12498340000173;LIN LAB COMERCIAL LTDA;001;1;2,00;2,00;0,00;4,00;46,00;92,00;0,00;26/02/2024;27/02/2024;27/02/2025;Não;05/03/2024;05/03/2024
atas_itens_RT_2024_p1.json;2026-07-29 14:27:28;00005/2024;10673078000120-1-000092/2023-000001;10673078000120-1-000092/2023;15813205000182023;00066;00018;2023;05;Pregão;158132;INST.FED.DE EDUC.,CIENC.E TEC.DO MAT.G.DO SUL;347883;717;CARBONATO DE CÁLCIO;Material;CARBONATO DE CÁLCIO, ASPECTO FÍSICO PÓ BRANCO, INODORO, HIGROSCÓPICO, PESO MOLECULAR 100,09 G/MOL, FÓRMULA QUÍMICA CACO3, GRAU DE PUREZA PUREZA MÍNIMA DE 98%, NÚMERO DE REFERÊNCIA QUÍMICA CAS 471-34-1;12498340000173;LIN LAB COMERCIAL LTDA;001;1;1,00;1,00;0,00;2,00;35,00;35,00;0,00;26/02/2024;27/02/2024;27/02/2025;Não;05/03/2024;05/03/2024
atas_itens_RT_2024_p1.json;2026-07-29 14:27:28;00005/2024;10673078000120-1-000092/2023-000001;10673078000120-1-000092/2023;15813205000182023;00067;00018;2023;05;Pregão;158132;INST.FED.DE EDUC.,CIENC.E TEC.DO MAT.G.DO SUL;347386;3552;BIFTALATO DE POTÁSSIO;Material;BIFTALATO DE POTÁSSIO, ASPECTO FÍSICO PÓ OU CRISTAL BRANCO OU INCOLOR, INODORO , PESO MOLECULAR 204,23 G/MOL, FÓRMULA QUÍMICA HOOC-C6H4COOK, GRAU DE PUREZA PUREZA MÍNIMA DE 99,95%, CARACTERÍSTICA ADICIONAL REAGENTE PADRÃO PRIMÁRIO, NÚMERO DE REFERÊNCIA QUÍMICA CAS 877-24-7;12498340000173;LIN LAB COMERCIAL LTDA;001;1;2,00;2,00;0,00;4,00;95,00;190,00;0,00;26/02/2024;27/02/2024;27/02/2025;Não;05/03/2024;05/03/2024
atas_itens_RT_2024_p1.json;2026-07-29 14:27:28;00005/2024;10673078000120-1-000092/2023-000001;10673078000120-1-000092/2023;15813205000182023;00069;00018;2023;05;Pregão;158132;INST.FED.DE EDUC.,CIENC.E TEC.DO MAT.G.DO SUL;354392;15013;NEGRO DE ERIOCROMO T;Material;NEGRO DE ERIOCROMO T, PESO MOLECULAR 461,38 G/MOL, ASPECTO FÍSICO PÓ ESCURO, PRETO MARROM, INODORO, FÓRMULA QUÍMICA C20H12N3O7SNA, CARACTERÍSTICA ADICIONAL REAGENTE P.A., NÚMERO DE REFERÊNCIA QUÍMICA CAS 1787-61-7;12498340000173;LIN LAB COMERCIAL LTDA;001;1;2,00;2,00;0,00;4,00;75,00;150,00;0,00;26/02/2024;27/02/2024;27/02/2025;Não;05/03/2024;05/03/2024
atas_itens_RT_2024_p1.json;2026-07-29 14:27:28;00005/2024;10673078000120-1-000092/2023-000001;10673078000120-1-000092/2023;15813205000182023;00075;00018;2023;05;Pregão;158132;INST.FED.DE EDUC.,CIENC.E TEC.DO MAT.G.DO SUL;356902;2020;ÁCIDO PÍCRICO;Material;ÁCIDO PÍCRICO, COMPOSIÇÃO QUÍMICA 2,4,6-(NO2)3C6H2OH, ASPECTO FÍSICO PÓ CRISTALINO AMARELO, INODORO, PESO MOLECULAR 229,11 G/MOL, GRAU DE PUREZA PUREZA MÍNIMA DE 99% EM BASE ANIDRA, CARACTERÍSTICA ADICIONAL REAGENTE P.A., NÚMERO DE REFERÊNCIA QUÍMICA CAS 88-89-1;37771209000169;ERINALDO FIGUEIREDO DA SILVA;001;1;2,00;2,00;0,00;4,00;248,00;496,00;0,00;26/02/2024;27/02/2024;27/02/2025;Não;05/03/2024;05/03/2024
atas_itens_RT_2024_p1.json;2026-07-29 14:27:28;00005/2024;10673078000120-1-000092/2023-000001;10673078000120-1-000092/2023;15813205000182023;00086;00018;2023;05;Pregão;158132;INST.FED.DE EDUC.,CIENC.E TEC.DO MAT.G.DO SUL;308740;5984;CRONÔMETRO;Material;CRONÔMETRO, TIPO MOSTRADOR DIGITAL, CARACTERÍSTICAS ADICIONAIS FUNCÕES INÍCIO, PARADA E RESET, MEMÓRIA, RELÓGIO E, TIPO DISPLAY LCD TRIPLO COM 22 DÍGITOS, TAMANHO NÚMEROS 5,5 X 3,5 MM, PESO 110 G, DIMENSÕES 80 X 57 X 18 MM, MOSTRADOR 9 H, 59 MIN E 59,99 S, SUBDIVISÃO 1/100 S, 1/1.000 MIN E 1/100.000 H;35257760000163;LAB VISION - COMERCIO DE PRODUTOS LABORATORIAIS LTDA;001;1;2,00;2,00;0,00;4,00;43,00;86,00;0,00;26/02/2024;27/02/2024;27/02/2025;Não;05/03/2024;05/03/2024
atas_itens_RT_2024_p1.json;2026-07-29 14:27:28;00005/2024;10673078000120-1-000092/2023-000001;10673078000120-1-000092/2023;15813205000182023;00089;00018;2023;05;Pregão;158132;INST.FED.DE EDUC.,CIENC.E TEC.DO MAT.G.DO SUL;471027;1908;2,2-DIFENIL-1-PICRILHIDRAZIL (DPPH);Material;2,2-DIFENIL-1-PICRILHIDRAZIL (DPPH), ASPECTO FÍSICO PÓ, FÓRMULA QUÍMICA C18H12N5O6, PESO MOLECULAR 394,32 G/MOL, GRAU DE PUREZA PUREZA MÍNIMA DE 95%, NÚMERO DE REFERÊNCIA QUÍMICA CAS 1898-66-4;09134068000138;OBAH PRODUTOS E SERVICOS ANALITICOS LTDA;001;1;1,00;1,00;0,00;2,00;1090,00;1090,00;0,00;26/02/2024;27/02/2024;27/02/2025;Não;05/03/2024;05/03/2024
atas_itens_RT_2024_p1.json;2026-07-29 14:27:28;00005/2024;10673078000120-1-000092/2023-000001;10673078000120-1-000092/2023;15813205000182023;00092;00018;2023;05;Pregão;158132;INST.FED.DE EDUC.,CIENC.E TEC.DO MAT.G.DO SUL;452273;4760;ESCOVA LABORATÓRIO;Material;ESCOVA LABORATÓRIO, FORMATO CILÍNDRICA, MATERIAL CABO ARAME, MATERIAL CERDA CERDA EM CRINA DE CAVALO, ACESSÓRIOS PONTA EM PINCEL, DIMENSÕES CERCA DE 2,5 CM X 20 CM;35257760000163;LAB VISION - COMERCIO DE PRODUTOS LABORATORIAIS LTDA;001;1;16,00;16,00;0,00;32,00;7,25;116,00;0,00;26/02/2024;27/02/2024;27/02/2025;Não;05/03/2024;05/03/2024
atas_itens_RT_2024_p1.json;2026-07-29 14:27:28;00005/2024;10673078000120-1-000092/2023-000001;10673078000120-1-000092/2023;15813205000182023;00093;00018;2023;05;Pregão;158132;INST.FED.DE EDUC.,CIENC.E TEC.DO MAT.G.DO SUL;422256;4760;ESCOVA LABORATÓRIO;Material;ESCOVA LABORATÓRIO, FORMATO CILÍNDRICA, MATERIAL CABO ARAME, MATERIAL CERDA CERDA EM CRINA DE CAVALO, DIÂMETRO 12 CM, COMPRIMENTO 25 CM, ACESSÓRIOS PONTA EM PINCEL;35257760000163;LAB VISION - COMERCIO DE PRODUTOS LABORATORIAIS LTDA;001;1;16,00;16,00;0,00;32,00;9,30;148,80;0,00;26/02/2024;27/02/2024;27/02/2025;Não;05/03/2024;05/03/2024
atas_itens_RT_2024_p1.json;2026-07-29 14:27:28;00005/2024;10673078000120-1-000092/2023-000001;10673078000120-1-000092/2023;15813205000182023;00094;00018;2023;05;Pregão;158132;INST.FED.DE EDUC.,CIENC.E TEC.DO MAT.G.DO SUL;408574;4760;ESCOVA LABORATÓRIO;Material;ESCOVA LABORATÓRIO, FORMATO CILÍNDRICA, MATERIAL CABO ARAME, MATERIAL CERDA CERDA EM CRINA DE CAVALO, DIÂMETRO 3 CM, COMPRIMENTO 30 CM, ACESSÓRIOS PONTA EM PINCEL;35257760000163;LAB VISION - COMERCIO DE PRODUTOS LABORATORIAIS LTDA;001;1;10,00;10,00;0,00;20,00;12,60;126,00;0,00;26/02/2024;27/02/2024;27/02/2025;Não;05/03/2024;05/03/2024
atas_itens_RT_2024_p1.json;2026-07-29 14:27:28;00005/2024;10673078000120-1-000092/2023-000001;10673078000120-1-000092/2023;15813205000182023;00095;00018;2023;05;Pregão;158132;INST.FED.DE EDUC.,CIENC.E TEC.DO MAT.G.DO SUL;408574;4760;ESCOVA LABORATÓRIO;Material;ESCOVA LABORATÓRIO, FORMATO CILÍNDRICA, MATERIAL CABO ARAME, MATERIAL CERDA CERDA EM CRINA DE CAVALO, DIÂMETRO 3 CM, COMPRIMENTO 30 CM, ACESSÓRIOS PONTA EM PINCEL;11301724000191;QUALY COMERCIAL LTDA;001;1;8,00;8,00;0,00;16,00;11,85;94,80;0,00;26/02/2024;27/02/2024;27/02/2025;Não;05/03/2024;05/03/2024
atas_itens_RT_2024_p1.json;2026-07-29 14:27:28;00005/2024;10673078000120-1-000092/2023-000001;10673078000120-1-000092/2023;15813205000182023;00096;00018;2023;05;Pregão;158132;INST.FED.DE EDUC.,CIENC.E TEC.DO MAT.G.DO SUL;408573;4760;ESCOVA LABORATÓRIO;Material;ESCOVA LABORATÓRIO, FORMATO CILÍNDRICA, MATERIAL CABO ARAME, MATERIAL CERDA CERDA EM CRINA DE CAVALO, DIÂMETRO 8 CM, COMPRIMENTO 50 CM, ACESSÓRIOS PONTA EM PINCEL;35257760000163;LAB VISION - COMERCIO DE PRODUTOS LABORATORIAIS LTDA;001;1;8,00;8,00;0,00;16,00;27,30;218,40;0,00;26/02/2024;27/02/2024;27/02/2025;Não;05/03/2024;05/03/2024
atas_itens_RT_2024_p1.json;2026-07-29 14:27:28;00005/2024;10673078000120-1-000092/2023-000001;10673078000120-1-000092/2023;15813205000182023;00106;00018;2023;05;Pregão;158132;INST.FED.DE EDUC.,CIENC.E TEC.DO MAT.G.DO SUL;362991;8207;HEXANO;Material;HEXANO, ASPECTO FÍSICO LÍQUIDO TRANSPARENTE, PESO MOLECULAR 86,18 G/MOL, COMPOSIÇÃO QUÍMICA C6H14 (MISTURA DE ISÔMEROS), TEOR DE PUREZA PUREZA MÍNIMA DE 98,5%, CARACTERÍSTICA ADICIONAL REAGENTE P.A.;37771209000169;ERINALDO FIGUEIREDO DA SILVA;001;1;6,00;6,00;0,00;12,00;50,95;305,70;0,00;26/02/2024;27/02/2024;27/02/2025;Não;05/03/2024;05/03/2024
atas_itens_RT_2024_p1.json;2026-07-29 14:27:28;00005/2024;10673078000120-1-000092/2023-000001;10673078000120-1-000092/2023;15813205000182023;00112;00018;2023;05;Pregão;158132;INST.FED.DE EDUC.,CIENC.E TEC.DO MAT.G.DO SUL;312215;421;LUVA PARA PROCEDIMENTO NÃO CIRÚRGICO ( VER NOVO PDM 30247 );Material;LUVA PARA PROCEDIMENTO NÃO CIRÚRGICO, MATERIAL LÁTEX, TAMANHO PEQUENO, CARACTERÍSTICAS ADICIONAIS LUBRIFICADA COM PÓ BIOABSORVÍVEL, ESTERILIDADE ESTÉRIL, COR BRANCA, COMPRIMENTO CANO MÍNIMO 80 MM, TIPO AMBIDESTRA, TIPO USO DESCARTÁVEL;12498340000173;LIN LAB COMERCIAL LTDA;001;1;10,00;10,00;0,00;20,00;24,14;241,40;0,00;26/02/2024;27/02/2024;27/02/2025;Não;05/03/2024;05/03/2024
atas_itens_RT_2024_p1.json;2026-07-29 14:27:28;00005/2024;10673078000120-1-000092/2023-000001;10673078000120-1-000092/2023;15813205000182023;00114;00018;2023;05;Pregão;158132;INST.FED.DE EDUC.,CIENC.E TEC.DO MAT.G.DO SUL;312215;421;LUVA PARA PROCEDIMENTO NÃO CIRÚRGICO ( VER NOVO PDM 30247 );Material;LUVA PARA PROCEDIMENTO NÃO CIRÚRGICO, MATERIAL LÁTEX, TAMANHO PEQUENO, CARACTERÍSTICAS ADICIONAIS LUBRIFICADA COM PÓ BIOABSORVÍVEL, ESTERILIDADE ESTÉRIL, COR BRANCA, COMPRIMENTO CANO MÍNIMO 80 MM, TIPO AMBIDESTRA, TIPO USO DESCARTÁVEL;12498340000173;LIN LAB COMERCIAL LTDA;001;1;8,00;8,00;0,00;0,00;21,16;169,28;0,00;26/02/2024;27/02/2024;27/02/2025;Não;05/03/2024;05/03/2024
atas_itens_RT_2024_p1.json;2026-07-29 14:27:28;00005/2024;10673078000120-1-000092/2023-000001;10673078000120-1-000092/2023;15813205000182023;00119;00018;2023;05;Pregão;158132;INST.FED.DE EDUC.,CIENC.E TEC.DO MAT.G.DO SUL;412644;10384;INDICADOR DE PH;Material;INDICADOR DE PH, TIPO TIRA DE PAPEL, ESCALA 0 A 14;12498340000173;LIN LAB COMERCIAL LTDA;001;1;12,00;12,00;0,00;24,00;63,99;767,88;0,00;26/02/2024;27/02/2024;27/02/2025;Não;05/03/2024;05/03/2024
atas_itens_RT_2024_p1.json;2026-07-29 14:27:28;00005/2024;10673078000120-1-000092/2023-000001;10673078000120-1-000092/2023;15813205000182023;00121;00018;2023;05;Pregão;158132;INST.FED.DE EDUC.,CIENC.E TEC.DO MAT.G.DO SUL;467746;19829;PINÇA ANATÔMICA;Material;PINÇA ANATÔMICA, MODELO 1 DISSECÇÃO, FORMATO PONTA PONTA RETA, TIPO PONTA SERRILHADA, COMPRIMENTO TOTAL CERCA DE 16 CM, COMPONENTE S/ CREMALHEIRA, MATERIAL AÇO INOXIDÁVEL, ESTERILIDADE ESTERILIZÁVEL;11301724000191;QUALY COMERCIAL LTDA;001;1;20,00;20,00;0,00;40,00;24,97;499,40;0,00;26/02/2024;27/02/2024;27/02/2025;Não;05/03/2024;05/03/2024
atas_itens_RT_2024_p1.json;2026-07-29 14:27:28;00005/2024;10673078000120-1-000092/2023-000001;10673078000120-1-000092/2023;15813205000182023;00122;00018;2023;05;Pregão;158132;INST.FED.DE EDUC.,CIENC.E TEC.DO MAT.G.DO SUL;467748;19829;PINÇA ANATÔMICA;Material;PINÇA ANATÔMICA, MODELO 1 DISSECÇÃO, FORMATO PONTA PONTA RETA, TIPO PONTA SERRILHADA, COMPRIMENTO TOTAL CERCA DE 26 CM, COMPONENTE S/ CREMALHEIRA, MATERIAL AÇO INOXIDÁVEL, ESTERILIDADE ESTERILIZÁVEL;11301724000191;QUALY COMERCIAL LTDA;001;1;10,00;10,00;0,00;20,00;49,89;498,90;0,00;26/02/2024;27/02/2024;27/02/2025;Não;05/03/2024;05/03/2024
atas_itens_RT_2024_p1.json;2026-07-29 14:27:28;00005/2024;10673078000120-1-000092/2023-000001;10673078000120-1-000092/2023;15813205000182023;00123;00018;2023;05;Pregão;158132;INST.FED.DE EDUC.,CIENC.E TEC.DO MAT.G.DO SUL;467743;19829;PINÇA ANATÔMICA;Material;PINÇA ANATÔMICA, MODELO 1 DISSECÇÃO, FORMATO PONTA PONTA RETA, TIPO PONTA SERRILHADA, COMPRIMENTO TOTAL CERCA DE 30 CM, COMPONENTE S/ CREMALHEIRA, MATERIAL AÇO INOXIDÁVEL, ESTERILIDADE ESTERILIZÁVEL;11301724000191;QUALY COMERCIAL LTDA;001;1;5,00;5,00;0,00;10,00;82,71;413,55;0,00;26/02/2024;27/02/2024;27/02/2025;Não;05/03/2024;05/03/2024
atas_itens_RT_2024_p1.json;2026-07-29 14:27:28;00005/2024;10673078000120-1-000092/2023-000001;10673078000120-1-000092/2023;15813205000182023;00124;00018;2023;05;Pregão;158132;INST.FED.DE EDUC.,CIENC.E TEC.DO MAT.G.DO SUL;411111;2281;PINÇA LABORATÓRIO;Material;PINÇA LABORATÓRIO, MATERIAL AÇO INOX, MODELO HISTOLÓGICA, TIPO PONTA PONTA FINA, COMPRIMENTO CERCA DE 15 CM;11301724000191;QUALY COMERCIAL LTDA;001;1;20,00;20,00;0,00;40,00;30,75;615,00;0,00;26/02/2024;27/02/2024;27/02/2025;Não;05/03/2024;05/03/2024
atas_itens_RT_2024_p1.json;2026-07-29 14:27:28;00005/2024;10673078000120-1-000092/2023-000001;10673078000120-1-000092/2023;15813205000182023;00125;00018;2023;05;Pregão;158132;INST.FED.DE EDUC.,CIENC.E TEC.DO MAT.G.DO SUL;423863;5363;PROVETA;Material;PROVETA, MATERIAL POLIPROPILENO, GRADUAÇÃO GRADUADA, CAPACIDADE 250 ML, BASE BASE PLÁSTICA, ACESSÓRIOS COM ROLHA PLÁSTICA;12498340000173;LIN LAB COMERCIAL LTDA;001;1;7,00;7,00;0,00;14,00;10,98;76,86;0,00;26/02/2024;27/02/2024;27/02/2025;Não;05/03/2024;05/03/2024
atas_itens_RT_2024_p1.json;2026-07-29 14:27:28;00005/2024;10673078000120-1-000092/2023-000001;10673078000120-1-000092/2023;15813205000182023;00126;00018;2023;05;Pregão;158132;INST.FED.DE EDUC.,CIENC.E TEC.DO MAT.G.DO SUL;409895;5363;PROVETA;Material;PROVETA, MATERIAL POLIPROPILENO, GRADUAÇÃO GRADUADA, CAPACIDADE 500 ML, BASE BASE PLÁSTICA, ADICIONAL COM ORLA E BICO;35257760000163;LAB VISION - COMERCIO DE PRODUTOS LABORATORIAIS LTDA;001;1;7,00;7,00;0,00;14,00;16,20;113,40;0,00;26/02/2024;27/02/2024;27/02/2025;Não;05/03/2024;05/03/2024
atas_itens_RT_2024_p1.json;2026-07-29 14:27:28;00005/2024;10673078000120-1-000092/2023-000001;10673078000120-1-000092/2023;15813205000182023;00127;00018;2023;05;Pregão;158132;INST.FED.DE EDUC.,CIENC.E TEC.DO MAT.G.DO SUL;476418;12247;REAGENTE ANALÍTICO 3;Material;REAGENTE ANALÍTICO 3, TIPO DRAGENDORFF, ASPECTO FÍSICO LÍQUIDO;37771209000169;ERINALDO FIGUEIREDO DA SILVA;001;1;2,00;2,00;0,00;4,00;318,00;636,00;0,00;26/02/2024;27/02/2024;27/02/2025;Não;05/03/2024;05/03/2024
atas_itens_RT_2024_p1.json;2026-07-29 14:27:28;00005/2024;10673078000120-1-000092/2023-000001;10673078000120-1-000092/2023;15813205000182023;00128;00018;2023;05;Pregão;158132;INST.FED.DE EDUC.,CIENC.E TEC.DO MAT.G.DO SUL;408443;14801;REAGENTE ANALÍTICO 4;Material;REAGENTE ANALÍTICO 4, TIPO REAGENTE DE NESSLER, ASPECTO FÍSICO LÍQUIDO;12498340000173;LIN LAB COMERCIAL LTDA;001;1;2,00;2,00;0,00;4,00;268,00;536,00;0,00;26/02/2024;27/02/2024;27/02/2025;Não;05/03/2024;05/03/2024
atas_itens_RT_2024_p1.json;2026-07-29 14:27:28;00005/2024;10673078000120-1-000092/2023-000001;10673078000120-1-000092/2023;15813205000182023;00134;00018;2023;05;Pregão;158132;INST.FED.DE EDUC.,CIENC.E TEC.DO MAT.G.DO SUL;409759;13114;TUBO LABORATÓRIO;Material;TUBO LABORATÓRIO, TIPO CENTRÍFUGA, MATERIAL POLIPROPILENO, TIPO FUNDO FUNDO CÔNICO, CAPACIDADE 50 ML, ACESSÓRIOS TAMPA ROSQUEÁVEL, GRADUAÇÃO GRADUADO, USO AUTOCLAVÁVEL;11301724000191;QUALY COMERCIAL LTDA;001;1;2,00;2,00;0,00;4,00;39,50;79,00;0,00;26/02/2024;27/02/2024;27/02/2025;Não;05/03/2024;05/03/2024
atas_itens_RT_2025_p1.json;2026-07-29 14:27:28;00001/2025;10673078000120-1-000092/2024-000001;10673078000120-1-000092/2024;15813205902012024;00001;90201;2024;05;Pregão;158132;INST.FED.DE EDUC.,CIENC.E TEC.DO MAT.G.DO SUL;392350;8309;IMPRESSORA - CARTÃO / CRACHÁ;Material;IMPRESSORA - CARTÃO / CRACHÁ, CAPACIDADE MÍNIMA DE 125 CARTÕES/HORA COLORIDO FRENTE E VERS O, CAPACIDADE MEMÓRIA 16 MB, RESOLUÇÃO MÍNIMA 300 DPI, MATERIAL CARTÃO PVC E PVC COMPOSTO, TAMANHO ISO CR-80 E ISO- 7810, INTERFACE WINDOWS XP 2000/2003/XP/7, MAC E LINUX, VOLTAGEM 110/220 V, FREQUÊNCIA 50/60 HZ, CARACTERÍSTICAS ADICIONAIS SOFTWARE P/CRIAÇÃO DE BANCO DE DADOS E MODELOS PA D;06797803000103;PRO INK - SUPRIMENTOS E MAQUINAS DE IMPRESSAO LTDA.;001;1;10,00;10,00;0,00;0,00;8300,00;83000,00;0,00;21/01/2025;22/01/2025;22/01/2026;Não;20/01/2025;20/01/2025
atas_itens_RT_2024_p1.json;2026-07-29 14:27:28;00011/2024;10673078000120-1-000094/2023-000001;10673078000120-1-000094/2023;15813205000372023;00001;00037;2023;05;Pregão;158132;INST.FED.DE EDUC.,CIENC.E TEC.DO MAT.G.DO SUL;464374;19789;FRUTA;Material;FRUTA, TIPO ABACAXI PÉROLA, APRESENTAÇÃO NATURAL;40572454000151;V4 COMERCIO DE ALIMENTOS LTDA;001;1;1131,00;1131,00;0,00;0,00;5,00;5655,00;0,00;26/03/2024;27/03/2024;27/03/2025;Não;27/03/2024;27/03/2024
atas_itens_RT_2024_p1.json;2026-07-29 14:27:28;00011/2024;10673078000120-1-000094/2023-000001;10673078000120-1-000094/2023;15813205000372023;00002;00037;2023;05;Pregão;158132;INST.FED.DE EDUC.,CIENC.E TEC.DO MAT.G.DO SUL;463751;19772;LEGUME IN NATURA;Material;LEGUME IN NATURA, TIPO ABOBRINHA DE PESCOÇO/ MENINA;40572454000151;V4 COMERCIO DE ALIMENTOS LTDA;001;1;174,00;174,00;0,00;0,00;4,25;739,50;0,00;26/03/2024;27/03/2024;27/03/2025;Não;27/03/2024;27/03/2024
atas_itens_RT_2024_p1.json;2026-07-29 14:27:28;00011/2024;10673078000120-1-000094/2023-000001;10673078000120-1-000094/2023;15813205000372023;00004;00037;2023;05;Pregão;158132;INST.FED.DE EDUC.,CIENC.E TEC.DO MAT.G.DO SUL;463988;19777;AÇÚCAR;Material;AÇÚCAR, TIPO CRISTAL;10144274000108;ZELLITEC COMERCIO DE PRODUTOS ALIMENTICIOS LTDA;001;1;36,00;36,00;0,00;0,00;7,99;287,64;0,00;26/03/2024;27/03/2024;27/03/2025;Não;27/03/2024;27/03/2024
atas_itens_RT_2024_p1.json;2026-07-29 14:27:28;00011/2024;10673078000120-1-000094/2023-000001;10673078000120-1-000094/2023;15813205000372023;00007;00037;2023;05;Pregão;158132;INST.FED.DE EDUC.,CIENC.E TEC.DO MAT.G.DO SUL;463938;19774;CONDIMENTO;Material;CONDIMENTO, TIPO ALHO, APRESENTAÇÃO NATURAL, ADICIONAL CABEÇA;10144274000108;ZELLITEC COMERCIO DE PRODUTOS ALIMENTICIOS LTDA;001;1;348,00;348,00;0,00;0,00;16,00;5568,00;0,00;26/03/2024;27/03/2024;27/03/2025;Não;27/03/2024;27/03/2024
atas_itens_RT_2024_p1.json;2026-07-29 14:27:28;00011/2024;10673078000120-1-000094/2023-000001;10673078000120-1-000094/2023;15813205000372023;00009;00037;2023;05;Pregão;158132;INST.FED.DE EDUC.,CIENC.E TEC.DO MAT.G.DO SUL;447666;4552;CARNE DEFUMADA;Material;CARNE DEFUMADA, TIPO CORTE TOUCINHO (BACON), TIPO ANIMAL SUÍNA, APRESENTAÇÃO EM MANTAS, ESTADO DE CONSERVAÇÃO RESFRIADO(A);10144274000108;ZELLITEC COMERCIO DE PRODUTOS ALIMENTICIOS LTDA;001;1;29,00;29,00;0,00;0,00;23,00;667,00;0,00;26/03/2024;27/03/2024;27/03/2025;Não;27/03/2024;27/03/2024
atas_itens_RT_2024_p1.json;2026-07-29 14:27:28;00011/2024;10673078000120-1-000094/2023-000001;10673078000120-1-000094/2023;15813205000372023;00010;00037;2023;05;Pregão;158132;INST.FED.DE EDUC.,CIENC.E TEC.DO MAT.G.DO SUL;464380;19789;FRUTA;Material;FRUTA, TIPO BANANA NANICA/ BANANA D'ÁGUA, APRESENTAÇÃO NATURAL;40572454000151;V4 COMERCIO DE ALIMENTOS LTDA;001;1;1160,00;1160,00;0,00;0,00;4,15;4814,00;0,00;26/03/2024;27/03/2024;27/03/2025;Não;27/03/2024;27/03/2024
atas_itens_RT_2024_p1.json;2026-07-29 14:27:28;00011/2024;10673078000120-1-000094/2023-000001;10673078000120-1-000094/2023;15813205000372023;00011;00037;2023;05;Pregão;158132;INST.FED.DE EDUC.,CIENC.E TEC.DO MAT.G.DO SUL;463754;19772;LEGUME IN NATURA;Material;LEGUME IN NATURA, TIPO BATATA INGLESA;40572454000151;V4 COMERCIO DE ALIMENTOS LTDA;001;1;261,00;261,00;0,00;0,00;5,42;1414,62;0,00;26/03/2024;27/03/2024;27/03/2025;Não;27/03/2024;27/03/2024
atas_itens_RT_2024_p1.json;2026-07-29 14:27:28;00011/2024;10673078000120-1-000094/2023-000001;10673078000120-1-000094/2023;15813205000372023;00012;00037;2023;05;Pregão;158132;INST.FED.DE EDUC.,CIENC.E TEC.DO MAT.G.DO SUL;469775;18653;BEBIDA LÁCTEA;Material;BEBIDA LÁCTEA, SABOR LEITE FERMENTADO;40572454000151;V4 COMERCIO DE ALIMENTOS LTDA;001;1;580,00;580,00;0,00;0,00;4,05;2349,00;0,00;26/03/2024;27/03/2024;27/03/2025;Não;27/03/2024;27/03/2024
atas_itens_RT_2024_p1.json;2026-07-29 14:27:28;00011/2024;10673078000120-1-000094/2023-000001;10673078000120-1-000094/2023;15813205000372023;00013;00037;2023;05;Pregão;158132;INST.FED.DE EDUC.,CIENC.E TEC.DO MAT.G.DO SUL;463767;19772;LEGUME IN NATURA;Material;LEGUME IN NATURA, TIPO BETERRABA;40572454000151;V4 COMERCIO DE ALIMENTOS LTDA;001;1;914,00;914,00;0,00;0,00;5,34;4880,76;0,00;26/03/2024;27/03/2024;27/03/2025;Não;27/03/2024;27/03/2024
atas_itens_RT_2024_p1.json;2026-07-29 14:27:28;00011/2024;10673078000120-1-000094/2023-000001;10673078000120-1-000094/2023;15813205000372023;00014;00037;2023;05;Pregão;158132;INST.FED.DE EDUC.,CIENC.E TEC.DO MAT.G.DO SUL;447383;4548;CARNE BOVINA IN NATURA;Material;CARNE BOVINA IN NATURA, TIPO CORTE ACÉM, APRESENTAÇÃO PEÇA INTEIRA, PROCESSAMENTO SEM OSSO, ESTADO DE CONSERVAÇÃO CONGELADO(A);10144274000108;ZELLITEC COMERCIO DE PRODUTOS ALIMENTICIOS LTDA;001;1;580,00;580,00;0,00;0,00;22,00;12760,00;0,00;26/03/2024;27/03/2024;27/03/2025;Não;27/03/2024;27/03/2024
atas_itens_RT_2024_p1.json;2026-07-29 14:27:28;00011/2024;10673078000120-1-000094/2023-000001;10673078000120-1-000094/2023;15813205000372023;00015;00037;2023;05;Pregão;158132;INST.FED.DE EDUC.,CIENC.E TEC.DO MAT.G.DO SUL;451059;4548;CARNE BOVINA IN NATURA;Material;CARNE BOVINA IN NATURA, TIPO CORTE ACÉM, APRESENTAÇÃO MOIDA, ESTADO DE CONSERVAÇÃO CONGELADO(A);20847099000179;YOUC DISTRIBUIDORA LTDA;001;1;2767,00;2767,00;0,00;0,00;18,00;49806,00;0,00;26/03/2024;27/03/2024;27/03/2025;Não;27/03/2024;27/03/2024
atas_itens_RT_2024_p1.json;2026-07-29 14:27:28;00011/2024;10673078000120-1-000094/2023-000001;10673078000120-1-000094/2023;15813205000372023;00016;00037;2023;05;Pregão;158132;INST.FED.DE EDUC.,CIENC.E TEC.DO MAT.G.DO SUL;463781;19772;LEGUME IN NATURA;Material;LEGUME IN NATURA, TIPO CEBOLA BRANCA;40572454000151;V4 COMERCIO DE ALIMENTOS LTDA;001;1;1740,00;1740,00;0,00;0,00;4,70;8178,00;0,00;26/03/2024;27/03/2024;27/03/2025;Não;27/03/2024;27/03/2024
atas_itens_RT_2024_p1.json;2026-07-29 14:27:28;00011/2024;10673078000120-1-000094/2023-000001;10673078000120-1-000094/2023;15813205000372023;00019;00037;2023;05;Pregão;158132;INST.FED.DE EDUC.,CIENC.E TEC.DO MAT.G.DO SUL;447732;3267;CARNE SALGADA;Material;CARNE SALGADA, TIPO CORTE MÚSCULO DIANTEIRO- CHARQUE, ORIGEM BOVINA, APRESENTAÇÃO CORTADA, ESTADO DE CONSERVAÇÃO SECO(A);40572454000151;V4 COMERCIO DE ALIMENTOS LTDA;001;1;464,00;464,00;0,00;0,00;30,95;14360,80;0,00;26/03/2024;27/03/2024;27/03/2025;Não;27/03/2024;27/03/2024
atas_itens_RT_2024_p1.json;2026-07-29 14:27:28;00011/2024;10673078000120-1-000094/2023-000001;10673078000120-1-000094/2023;15813205000372023;00022;00037;2023;05;Pregão;158132;INST.FED.DE EDUC.,CIENC.E TEC.DO MAT.G.DO SUL;447636;4550;CARNE DE AVE IN NATURA;Material;CARNE DE AVE IN NATURA, TIPO ANIMAL FRANGO, TIPO CORTE COXA E SOBRECOXA, APRESENTAÇÃO INTEIRO, ESTADO DE CONSERVAÇÃO CONGELADO(A), PROCESSAMENTO COM PELE, COM OSSO;10144274000108;ZELLITEC COMERCIO DE PRODUTOS ALIMENTICIOS LTDA;001;1;1044,00;1044,00;0,00;0,00;8,20;8560,80;0,00;26/03/2024;27/03/2024;27/03/2025;Não;27/03/2024;27/03/2024
atas_itens_RT_2024_p1.json;2026-07-29 14:27:28;00011/2024;10673078000120-1-000094/2023-000001;10673078000120-1-000094/2023;15813205000372023;00024;00037;2023;05;Pregão;158132;INST.FED.DE EDUC.,CIENC.E TEC.DO MAT.G.DO SUL;346922;7261;EXTRATO ALIMENTÍCIO;Material;EXTRATO ALIMENTÍCIO, INGREDIENTE BÁSICO TOMATE, PRAZO VALIDADE 12 MESES, CONSERVAÇÃO ISENTO DE FERMENTAÇÃO, CARACTERÍSTICAS ADICIONAIS MADUROS, SELECIONADOS, SEM PELE E SEM SEMENTES;40572454000151;V4 COMERCIO DE ALIMENTOS LTDA;001;1;1206,00;1206,00;0,00;0,00;3,95;4763,70;0,00;26/03/2024;27/03/2024;27/03/2025;Não;27/03/2024;27/03/2024
atas_itens_RT_2024_p1.json;2026-07-29 14:27:28;00011/2024;10673078000120-1-000094/2023-000001;10673078000120-1-000094/2023;15813205000372023;00025;00037;2023;05;Pregão;158132;INST.FED.DE EDUC.,CIENC.E TEC.DO MAT.G.DO SUL;458918;19692;FARINHA DE MANDIOCA;Material;FARINHA DE MANDIOCA, GRUPO SECA, SUBGRUPO BRANCA, CLASSE FINA, ASPECTO FÍSICO TIPO 1, ACIDEZ BAIXA ACIDEZ;40572454000151;V4 COMERCIO DE ALIMENTOS LTDA;001;1;464,00;464,00;0,00;0,00;5,05;2343,20;0,00;26/03/2024;27/03/2024;27/03/2025;Não;27/03/2024;27/03/2024
atas_itens_RT_2024_p1.json;2026-07-29 14:27:28;00011/2024;10673078000120-1-000094/2023-000001;10673078000120-1-000094/2023;15813205000372023;00026;00037;2023;05;Pregão;158132;INST.FED.DE EDUC.,CIENC.E TEC.DO MAT.G.DO SUL;465332;19720;FARINHA DE TRIGO;Material;FARINHA DE TRIGO, GRUPO INDUSTRIAL, TIPO TIPO 1, ESPECIAL, INGREDIENTE ADICIONAL SEM FERMENTO;10144274000108;ZELLITEC COMERCIO DE PRODUTOS ALIMENTICIOS LTDA;001;1;435,00;435,00;0,00;0,00;3,10;1348,50;0,00;26/03/2024;27/03/2024;27/03/2025;Não;27/03/2024;27/03/2024
atas_itens_RT_2024_p1.json;2026-07-29 14:27:28;00011/2024;10673078000120-1-000094/2023-000001;10673078000120-1-000094/2023;15813205000372023;00027;00037;2023;05;Pregão;158132;INST.FED.DE EDUC.,CIENC.E TEC.DO MAT.G.DO SUL;464553;19792;LEGUMINOSA;Material;LEGUMINOSA, VARIEDADE FEIJÃO CARIOCA, TIPO TIPO 1;10144274000108;ZELLITEC COMERCIO DE PRODUTOS ALIMENTICIOS LTDA;001;1;1610,00;1610,00;0,00;0,00;6,00;9660,00;0,00;26/03/2024;27/03/2024;27/03/2025;Não;27/03/2024;27/03/2024
atas_itens_RT_2024_p1.json;2026-07-29 14:27:28;00011/2024;10673078000120-1-000094/2023-000001;10673078000120-1-000094/2023;15813205000372023;00028;00037;2023;05;Pregão;158132;INST.FED.DE EDUC.,CIENC.E TEC.DO MAT.G.DO SUL;241343;7795;FÓSFORO;Material;FÓSFORO, MATERIAL CORPO MADEIRA, COR CABEÇA VERMELHA, TIPO LONGO;40572454000151;V4 COMERCIO DE ALIMENTOS LTDA;001;1;20,00;20,00;0,00;0,00;4,00;80,00;0,00;26/03/2024;27/03/2024;27/03/2025;Não;27/03/2024;27/03/2024
atas_itens_RT_2024_p1.json;2026-07-29 14:27:28;00011/2024;10673078000120-1-000094/2023-000001;10673078000120-1-000094/2023;15813205000372023;00029;00037;2023;05;Pregão;158132;INST.FED.DE EDUC.,CIENC.E TEC.DO MAT.G.DO SUL;445995;8753;LEITE FLUIDO;Material;LEITE FLUIDO, ORIGEM DE VACA, TIPO A, TEOR GORDURA INTEGRAL, PROCESSAMENTO UHT;10144274000108;ZELLITEC COMERCIO DE PRODUTOS ALIMENTICIOS LTDA;001;1;1421,00;1421,00;0,00;0,00;4,90;6962,90;0,00;26/03/2024;27/03/2024;27/03/2025;Não;27/03/2024;27/03/2024
atas_itens_RT_2024_p1.json;2026-07-29 14:27:28;00011/2024;10673078000120-1-000094/2023-000001;10673078000120-1-000094/2023;15813205000372023;00030;00037;2023;05;Pregão;158132;INST.FED.DE EDUC.,CIENC.E TEC.DO MAT.G.DO SUL;447702;9806;EMBUTIDO;Material;EMBUTIDO, TIPO LINGUIÇA CALABRESA, TAMANHO GROSSA, TIPO PREPARAÇÃO DEFUMADA, ESTADO DE CONSERVAÇÃO RESFRIADO(A);10144274000108;ZELLITEC COMERCIO DE PRODUTOS ALIMENTICIOS LTDA;001;1;290,00;290,00;0,00;0,00;14,90;4321,00;0,00;26/03/2024;27/03/2024;27/03/2025;Não;27/03/2024;27/03/2024
atas_itens_RT_2024_p1.json;2026-07-29 14:27:28;00011/2024;10673078000120-1-000094/2023-000001;10673078000120-1-000094/2023;15813205000372023;00032;00037;2023;05;Pregão;158132;INST.FED.DE EDUC.,CIENC.E TEC.DO MAT.G.DO SUL;458955;19691;MACARRÃO;Material;MACARRÃO, TEOR DE UMIDADE MASSA SECA, BASE DA MASSA DE SÊMOLA/SEMOLINA, INGREDIENTES ADICIONAIS COM OVOS, APRESENTAÇÃO ESPAGUETE;10144274000108;ZELLITEC COMERCIO DE PRODUTOS ALIMENTICIOS LTDA;001;1;2146,00;2146,00;0,00;0,00;3,00;6438,00;0,00;26/03/2024;27/03/2024;27/03/2025;Não;27/03/2024;27/03/2024
atas_itens_RT_2024_p1.json;2026-07-29 14:27:28;00011/2024;10673078000120-1-000094/2023-000001;10673078000120-1-000094/2023;15813205000372023;00033;00037;2023;05;Pregão;158132;INST.FED.DE EDUC.,CIENC.E TEC.DO MAT.G.DO SUL;463795;19772;LEGUME IN NATURA;Material;LEGUME IN NATURA, TIPO MANDIOCA/ AIPIM;40572454000151;V4 COMERCIO DE ALIMENTOS LTDA;001;1;174,00;174,00;0,00;0,00;6,86;1193,64;0,00;26/03/2024;27/03/2024;27/03/2025;Não;27/03/2024;27/03/2024
atas_itens_RT_2024_p1.json;2026-07-29 14:27:28;00011/2024;10673078000120-1-000094/2023-000001;10673078000120-1-000094/2023;15813205000372023;00036;00037;2023;05;Pregão;158132;INST.FED.DE EDUC.,CIENC.E TEC.DO MAT.G.DO SUL;464418;19789;FRUTA;Material;FRUTA, TIPO MELANCIA VERMELHA, APRESENTAÇÃO NATURAL;40572454000151;V4 COMERCIO DE ALIMENTOS LTDA;001;1;1392,00;1392,00;0,00;0,00;3,25;4524,00;0,00;26/03/2024;27/03/2024;27/03/2025;Não;27/03/2024;27/03/2024
atas_itens_RT_2024_p1.json;2026-07-29 14:27:28;00011/2024;10673078000120-1-000094/2023-000001;10673078000120-1-000094/2023;15813205000372023;00037;00037;2023;05;Pregão;158132;INST.FED.DE EDUC.,CIENC.E TEC.DO MAT.G.DO SUL;464422;19789;FRUTA;Material;FRUTA, TIPO MELÃO AMARELO, APRESENTAÇÃO NATURAL;40572454000151;V4 COMERCIO DE ALIMENTOS LTDA;001;1;464,00;464,00;0,00;0,00;4,09;1897,76;0,00;26/03/2024;27/03/2024;27/03/2025;Não;27/03/2024;27/03/2024
atas_itens_RT_2024_p1.json;2026-07-29 14:27:28;00011/2024;10673078000120-1-000094/2023-000001;10673078000120-1-000094/2023;15813205000372023;00038;00037;2023;05;Pregão;158132;INST.FED.DE EDUC.,CIENC.E TEC.DO MAT.G.DO SUL;416665;10213;ÓLEO VEGETAL;Material;ÓLEO VEGETAL, MATÉRIA PRIMA SOJA, TIPO DEGOMADO;10144274000108;ZELLITEC COMERCIO DE PRODUTOS ALIMENTICIOS LTDA;001;1;1031,00;1031,00;0,00;0,00;5,70;5876,70;0,00;26/03/2024;27/03/2024;27/03/2025;Não;27/03/2024;27/03/2024
atas_itens_RT_2024_p1.json;2026-07-29 14:27:28;00011/2024;10673078000120-1-000094/2023-000001;10673078000120-1-000094/2023;15813205000372023;00039;00037;2023;05;Pregão;158132;INST.FED.DE EDUC.,CIENC.E TEC.DO MAT.G.DO SUL;446618;19586;OVO;Material;OVO, ORIGEM GALINHA, GRUPO BRANCO, CLASSE A, TIPO GRANDE;40572454000151;V4 COMERCIO DE ALIMENTOS LTDA;001;1;77,00;77,00;0,00;0,00;15,35;1181,95;0,00;26/03/2024;27/03/2024;27/03/2025;Não;27/03/2024;27/03/2024
atas_itens_RT_2024_p1.json;2026-07-29 14:27:28;00011/2024;10673078000120-1-000094/2023-000001;10673078000120-1-000094/2023;15813205000372023;00040;00037;2023;05;Pregão;158132;INST.FED.DE EDUC.,CIENC.E TEC.DO MAT.G.DO SUL;460402;19721;PÃO;Material;PÃO, BASE DE FARINHA DE TRIGO REFINADA, TIPO DE FORMA, TIPO ADICIONAL DE LEITE , APRESENTAÇÃO FATIADO, TIPO EMBALAGEM EMBALAGEM INDIVIDUAL;40572454000151;V4 COMERCIO DE ALIMENTOS LTDA;001;1;2900,00;2900,00;0,00;0,00;0,84;2436,00;0,00;26/03/2024;27/03/2024;27/03/2025;Não;27/03/2024;27/03/2024
atas_itens_RT_2024_p1.json;2026-07-29 14:27:28;00011/2024;10673078000120-1-000094/2023-000001;10673078000120-1-000094/2023;15813205000372023;00041;00037;2023;05;Pregão;158132;INST.FED.DE EDUC.,CIENC.E TEC.DO MAT.G.DO SUL;460380;19721;PÃO;Material;PÃO, BASE DE FARINHA DE TRIGO REFINADA, TIPO TIPO FRANÇÊS/BRANCO/DE SAL;40572454000151;V4 COMERCIO DE ALIMENTOS LTDA;001;1;2900,00;2900,00;0,00;0,00;18,75;54375,00;0,00;26/03/2024;27/03/2024;27/03/2025;Não;27/03/2024;27/03/2024
atas_itens_RT_2024_p1.json;2026-07-29 14:27:28;00011/2024;10673078000120-1-000094/2023-000001;10673078000120-1-000094/2023;15813205000372023;00042;00037;2023;05;Pregão;158132;INST.FED.DE EDUC.,CIENC.E TEC.DO MAT.G.DO SUL;447581;4550;CARNE DE AVE IN NATURA;Material;CARNE DE AVE IN NATURA, TIPO ANIMAL FRANGO, TIPO CORTE FILÉ DE PEITO, APRESENTAÇÃO FATIADO, ESTADO DE CONSERVAÇÃO CONGELADO(A), PROCESSAMENTO SEM PELE, SEM OSSO;40572454000151;V4 COMERCIO DE ALIMENTOS LTDA;001;1;2378,00;2378,00;0,00;0,00;16,05;38166,90;0,00;26/03/2024;27/03/2024;27/03/2025;Não;27/03/2024;27/03/2024
atas_itens_RT_2024_p1.json;2026-07-29 14:27:28;00011/2024;10673078000120-1-000094/2023-000001;10673078000120-1-000094/2023;15813205000372023;00043;00037;2023;05;Pregão;158132;INST.FED.DE EDUC.,CIENC.E TEC.DO MAT.G.DO SUL;446633;11534;QUEIJO;Material;QUEIJO, ORIGEM DE VACA, VARIEDADE MUÇARELA, APRESENTAÇÃO PEÇA;40572454000151;V4 COMERCIO DE ALIMENTOS LTDA;001;1;191,00;191,00;0,00;0,00;37,95;7248,45;0,00;26/03/2024;27/03/2024;27/03/2025;Não;27/03/2024;27/03/2024
atas_itens_RT_2024_p1.json;2026-07-29 14:27:28;00011/2024;10673078000120-1-000094/2023-000001;10673078000120-1-000094/2023;15813205000372023;00044;00037;2023;05;Pregão;158132;INST.FED.DE EDUC.,CIENC.E TEC.DO MAT.G.DO SUL;463839;19773;VERDURA IN NATURA;Material;VERDURA IN NATURA, TIPO REPOLHO BRANCO/ VERDE;40572454000151;V4 COMERCIO DE ALIMENTOS LTDA;001;1;290,00;290,00;0,00;0,00;3,30;957,00;0,00;26/03/2024;27/03/2024;27/03/2025;Não;27/03/2024;27/03/2024
atas_itens_RT_2024_p1.json;2026-07-29 14:27:28;00011/2024;10673078000120-1-000094/2023-000001;10673078000120-1-000094/2023;15813205000372023;00046;00037;2023;05;Pregão;158132;INST.FED.DE EDUC.,CIENC.E TEC.DO MAT.G.DO SUL;456476;11902;SACO;Material;SACO, MATERIAL POLIETILENO TRANSPARENTE, CAPACIDADE 120 ML, APLICAÇÃO COLETA DE AMOSTRAS DE ÁGUA, CARACTERÍSTICAS ADICIONAIS 1 ESTERILIZADO, COM TARJA DE IDENTIFICAÇÃO;05291541000130;TY BORTHOLIN COMERCIAL LTDA;001;1;2,00;2,00;0,00;0,00;125,14;250,28;0,00;26/03/2024;27/03/2024;27/03/2025;Não;27/03/2024;27/03/2024
atas_itens_RT_2024_p1.json;2026-07-29 14:27:28;00011/2024;10673078000120-1-000094/2023-000001;10673078000120-1-000094/2023;15813205000372023;00047;00037;2023;05;Pregão;158132;INST.FED.DE EDUC.,CIENC.E TEC.DO MAT.G.DO SUL;461092;852;SAL;Material;SAL, TIPO REFINADO, APLICAÇÃO ALIMENTÍCIA, TEOR MÁXIMO SÓDIO 390 MG/G, ADITIVOS IODATO DE POTASSIO E ANTIUMECTANTE FERROCIANETO D E;10144274000108;ZELLITEC COMERCIO DE PRODUTOS ALIMENTICIOS LTDA;001;1;116,00;116,00;0,00;0,00;1,80;208,80;0,00;26/03/2024;27/03/2024;27/03/2025;Não;27/03/2024;27/03/2024
atas_itens_RT_2024_p1.json;2026-07-29 14:27:28;00011/2024;10673078000120-1-000094/2023-000001;10673078000120-1-000094/2023;15813205000372023;00055;00037;2023;05;Pregão;158132;INST.FED.DE EDUC.,CIENC.E TEC.DO MAT.G.DO SUL;269223;853;VINAGRE;Material;VINAGRE, MATÉRIA-PRIMA FERMENTADO ACÉTICO DE ÁLCOOL E VINHO TINTO, TIPO AGRIN, ASPECTO FÍSICO LÍQUIDO;10144274000108;ZELLITEC COMERCIO DE PRODUTOS ALIMENTICIOS LTDA;001;1;464,00;464,00;0,00;0,00;2,95;1368,80;0,00;26/03/2024;27/03/2024;27/03/2025;Não;27/03/2024;27/03/2024
atas_itens_RT_2024_p1.json;2026-07-29 14:27:28;00011/2024;10673078000120-1-000094/2023-000001;10673078000120-1-000094/2023;15813205000372023;00058;00037;2023;05;Pregão;158132;INST.FED.DE EDUC.,CIENC.E TEC.DO MAT.G.DO SUL;467424;19772;LEGUME IN NATURA;Material;LEGUME IN NATURA, TIPO ABÓBORA CABOTIÁ/ JAPONESA, ADICIONAL CORTADO;40572454000151;V4 COMERCIO DE ALIMENTOS LTDA;001;1;500,00;500,00;0,00;0,00;3,67;1835,00;0,00;26/03/2024;27/03/2024;27/03/2025;Não;27/03/2024;27/03/2024
atas_itens_RT_2024_p1.json;2026-07-29 14:27:28;00011/2024;10673078000120-1-000094/2023-000001;10673078000120-1-000094/2023;15813205000372023;00060;00037;2023;05;Pregão;158132;INST.FED.DE EDUC.,CIENC.E TEC.DO MAT.G.DO SUL;463751;19772;LEGUME IN NATURA;Material;LEGUME IN NATURA, TIPO ABOBRINHA DE PESCOÇO/ MENINA;40572454000151;V4 COMERCIO DE ALIMENTOS LTDA;001;1;500,00;500,00;0,00;0,00;5,27;2635,00;0,00;26/03/2024;27/03/2024;27/03/2025;Não;27/03/2024;27/03/2024
atas_itens_RT_2024_p1.json;2026-07-29 14:27:28;00011/2024;10673078000120-1-000094/2023-000001;10673078000120-1-000094/2023;15813205000372023;00061;00037;2023;05;Pregão;158132;INST.FED.DE EDUC.,CIENC.E TEC.DO MAT.G.DO SUL;463818;19773;VERDURA IN NATURA;Material;VERDURA IN NATURA, TIPO ACELGA;40572454000151;V4 COMERCIO DE ALIMENTOS LTDA;001;1;800,00;800,00;0,00;0,00;9,49;7592,00;0,00;26/03/2024;27/03/2024;27/03/2025;Não;27/03/2024;27/03/2024
atas_itens_RT_2024_p1.json;2026-07-29 14:27:28;00011/2024;10673078000120-1-000094/2023-000001;10673078000120-1-000094/2023;15813205000372023;00062;00037;2023;05;Pregão;158132;INST.FED.DE EDUC.,CIENC.E TEC.DO MAT.G.DO SUL;463988;19777;AÇÚCAR;Material;AÇÚCAR, TIPO CRISTAL;10144274000108;ZELLITEC COMERCIO DE PRODUTOS ALIMENTICIOS LTDA;001;1;576,00;576,00;0,00;0,00;7,85;4521,60;0,00;26/03/2024;27/03/2024;27/03/2025;Não;27/03/2024;27/03/2024
atas_itens_RT_2024_p1.json;2026-07-29 14:27:28;00011/2024;10673078000120-1-000094/2023-000001;10673078000120-1-000094/2023;15813205000372023;00065;00037;2023;05;Pregão;158132;INST.FED.DE EDUC.,CIENC.E TEC.DO MAT.G.DO SUL;463938;19774;CONDIMENTO;Material;CONDIMENTO, TIPO ALHO, APRESENTAÇÃO NATURAL, ADICIONAL CABEÇA;40572454000151;V4 COMERCIO DE ALIMENTOS LTDA;001;1;768,00;768,00;0,00;0,00;16,75;12864,00;0,00;26/03/2024;27/03/2024;27/03/2025;Não;27/03/2024;27/03/2024
atas_itens_RT_2024_p1.json;2026-07-29 14:27:28;00011/2024;10673078000120-1-000094/2023-000001;10673078000120-1-000094/2023;15813205000372023;00067;00037;2023;05;Pregão;158132;INST.FED.DE EDUC.,CIENC.E TEC.DO MAT.G.DO SUL;447666;4552;CARNE DEFUMADA;Material;CARNE DEFUMADA, TIPO CORTE TOUCINHO (BACON), TIPO ANIMAL SUÍNA, APRESENTAÇÃO EM MANTAS, ESTADO DE CONSERVAÇÃO RESFRIADO(A);10144274000108;ZELLITEC COMERCIO DE PRODUTOS ALIMENTICIOS LTDA;001;1;64,00;64,00;0,00;0,00;23,45;1500,80;0,00;26/03/2024;27/03/2024;27/03/2025;Não;27/03/2024;27/03/2024
atas_itens_RT_2024_p1.json;2026-07-29 14:27:28;00011/2024;10673078000120-1-000094/2023-000001;10673078000120-1-000094/2023;15813205000372023;00068;00037;2023;05;Pregão;158132;INST.FED.DE EDUC.,CIENC.E TEC.DO MAT.G.DO SUL;464380;19789;FRUTA;Material;FRUTA, TIPO BANANA NANICA/ BANANA D'ÁGUA, APRESENTAÇÃO NATURAL;40572454000151;V4 COMERCIO DE ALIMENTOS LTDA;001;1;2000,00;2000,00;0,00;0,00;4,15;8300,00;0,00;26/03/2024;27/03/2024;27/03/2025;Não;27/03/2024;27/03/2024
atas_itens_RT_2024_p1.json;2026-07-29 14:27:28;00011/2024;10673078000120-1-000094/2023-000001;10673078000120-1-000094/2023;15813205000372023;00070;00037;2023;05;Pregão;158132;INST.FED.DE EDUC.,CIENC.E TEC.DO MAT.G.DO SUL;463753;19772;LEGUME IN NATURA;Material;LEGUME IN NATURA, TIPO BATATA DOCE;40572454000151;V4 COMERCIO DE ALIMENTOS LTDA;001;1;384,00;384,00;0,00;0,00;2,93;1125,12;0,00;26/03/2024;27/03/2024;27/03/2025;Não;27/03/2024;27/03/2024
atas_itens_RT_2024_p1.json;2026-07-29 14:27:28;00011/2024;10673078000120-1-000094/2023-000001;10673078000120-1-000094/2023;15813205000372023;00071;00037;2023;05;Pregão;158132;INST.FED.DE EDUC.,CIENC.E TEC.DO MAT.G.DO SUL;463754;19772;LEGUME IN NATURA;Material;LEGUME IN NATURA, TIPO BATATA INGLESA;40572454000151;V4 COMERCIO DE ALIMENTOS LTDA;001;1;614,00;614,00;0,00;0,00;5,42;3327,88;0,00;26/03/2024;27/03/2024;27/03/2025;Não;27/03/2024;27/03/2024
atas_itens_RT_2024_p1.json;2026-07-29 14:27:28;00011/2024;10673078000120-1-000094/2023-000001;10673078000120-1-000094/2023;15813205000372023;00072;00037;2023;05;Pregão;158132;INST.FED.DE EDUC.,CIENC.E TEC.DO MAT.G.DO SUL;469775;18653;BEBIDA LÁCTEA;Material;BEBIDA LÁCTEA, SABOR LEITE FERMENTADO;10144274000108;ZELLITEC COMERCIO DE PRODUTOS ALIMENTICIOS LTDA;001;1;6400,00;6400,00;0,00;0,00;3,80;24320,00;0,00;26/03/2024;27/03/2024;27/03/2025;Não;27/03/2024;27/03/2024
atas_itens_RT_2024_p1.json;2026-07-29 14:27:28;00011/2024;10673078000120-1-000094/2023-000001;10673078000120-1-000094/2023;15813205000372023;00074;00037;2023;05;Pregão;158132;INST.FED.DE EDUC.,CIENC.E TEC.DO MAT.G.DO SUL;463767;19772;LEGUME IN NATURA;Material;LEGUME IN NATURA, TIPO BETERRABA;40572454000151;V4 COMERCIO DE ALIMENTOS LTDA;001;1;1766,00;1766,00;0,00;0,00;4,95;8741,70;0,00;26/03/2024;27/03/2024;27/03/2025;Não;27/03/2024;27/03/2024
atas_itens_RT_2024_p1.json;2026-07-29 14:27:28;00011/2024;10673078000120-1-000094/2023-000001;10673078000120-1-000094/2023;15813205000372023;00075;00037;2023;05;Pregão;158132;INST.FED.DE EDUC.,CIENC.E TEC.DO MAT.G.DO SUL;456469;883;BISCOITO;Material;BISCOITO, SABOR MAIZENA, CARACTERÍSTICAS ADICIONAIS SEM LACTOSE, TIPO BOLACHA, INGREDIENTES SEM GORDURA TRANS;10144274000108;ZELLITEC COMERCIO DE PRODUTOS ALIMENTICIOS LTDA;001;1;1920,00;1920,00;0,00;0,00;3,80;7296,00;0,00;26/03/2024;27/03/2024;27/03/2025;Não;27/03/2024;27/03/2024
atas_itens_RT_2024_p1.json;2026-07-29 14:27:28;00011/2024;10673078000120-1-000094/2023-000001;10673078000120-1-000094/2023;15813205000372023;00076;00037;2023;05;Pregão;158132;INST.FED.DE EDUC.,CIENC.E TEC.DO MAT.G.DO SUL;232144;883;BISCOITO;Material;BISCOITO, APRESENTAÇÃO REDONDO, CLASSIFICAÇÃO DOCE, CARACTERÍSTICAS ADICIONAIS SEM RECHEIO, TIPO MARIA;10144274000108;ZELLITEC COMERCIO DE PRODUTOS ALIMENTICIOS LTDA;001;1;1920,00;1920,00;0,00;0,00;3,80;7296,00;0,00;26/03/2024;27/03/2024;27/03/2025;Não;27/03/2024;27/03/2024
atas_itens_RT_2024_p1.json;2026-07-29 14:27:28;00011/2024;10673078000120-1-000094/2023-000001;10673078000120-1-000094/2023;15813205000372023;00077;00037;2023;05;Pregão;158132;INST.FED.DE EDUC.,CIENC.E TEC.DO MAT.G.DO SUL;292018;883;BISCOITO;Material;BISCOITO, SABOR COCO, CLASSIFICAÇÃO DOCE, CARACTERÍSTICAS ADICIONAIS SEM RECHEIO, APLICAÇÃO ALIMENTAÇÃO HUMANA;10144274000108;ZELLITEC COMERCIO DE PRODUTOS ALIMENTICIOS LTDA;001;1;1920,00;1920,00;0,00;0,00;3,75;7200,00;0,00;26/03/2024;27/03/2024;27/03/2025;Não;27/03/2024;27/03/2024
atas_itens_RT_2024_p1.json;2026-07-29 14:27:28;00011/2024;10673078000120-1-000094/2023-000001;10673078000120-1-000094/2023;15813205000372023;00078;00037;2023;05;Pregão;158132;INST.FED.DE EDUC.,CIENC.E TEC.DO MAT.G.DO SUL;232930;883;BISCOITO;Material;BISCOITO, APRESENTAÇÃO QUADRADO, SABOR CREAM CRACKER, CLASSIFICAÇÃO SALGADO, CARACTERÍSTICAS ADICIONAIS SEM RECHEIO, APLICAÇÃO ALIMENTAÇÃO HUMANA;10144274000108;ZELLITEC COMERCIO DE PRODUTOS ALIMENTICIOS LTDA;001;1;3840,00;3840,00;0,00;0,00;3,75;14400,00;0,00;26/03/2024;27/03/2024;27/03/2025;Não;27/03/2024;27/03/2024
atas_itens_RT_2024_p1.json;2026-07-29 14:27:28;00011/2024;10673078000120-1-000094/2023-000001;10673078000120-1-000094/2023;15813205000372023;00079;00037;2023;05;Pregão;158132;INST.FED.DE EDUC.,CIENC.E TEC.DO MAT.G.DO SUL;463546;19764;CHOCOLATE;Material;CHOCOLATE, TIPO PRETO, APRESENTAÇÃO PÓ, SABOR TRADICIONAL;40572454000151;V4 COMERCIO DE ALIMENTOS LTDA;001;1;1280,00;1280,00;0,00;0,00;15,99;20467,20;0,00;26/03/2024;27/03/2024;27/03/2025;Não;27/03/2024;27/03/2024
atas_itens_RT_2024_p1.json;2026-07-29 14:27:28;00011/2024;10673078000120-1-000094/2023-000001;10673078000120-1-000094/2023;15813205000372023;00080;00037;2023;05;Pregão;158132;INST.FED.DE EDUC.,CIENC.E TEC.DO MAT.G.DO SUL;463594;19766;CAFÉ;Material;CAFÉ, APRESENTAÇÃO TORRADO MOÍDO, INTENSIDADE SUAVE, TIPO TRADICIONAL, EMPACOTAMENTO VÁCUO;40572454000151;V4 COMERCIO DE ALIMENTOS LTDA;001;1;154,00;154,00;0,00;0,00;11,30;1740,20;0,00;26/03/2024;27/03/2024;27/03/2025;Não;27/03/2024;27/03/2024
atas_itens_RT_2024_p1.json;2026-07-29 14:27:28;00011/2024;10673078000120-1-000094/2023-000001;10673078000120-1-000094/2023;15813205000372023;00081;00037;2023;05;Pregão;158132;INST.FED.DE EDUC.,CIENC.E TEC.DO MAT.G.DO SUL;447383;4548;CARNE BOVINA IN NATURA;Material;CARNE BOVINA IN NATURA, TIPO CORTE ACÉM, APRESENTAÇÃO PEÇA INTEIRA, PROCESSAMENTO SEM OSSO, ESTADO DE CONSERVAÇÃO CONGELADO(A);40572454000151;V4 COMERCIO DE ALIMENTOS LTDA;001;1;1152,00;1152,00;0,00;0,00;25,07;28880,64;0,00;26/03/2024;27/03/2024;27/03/2025;Não;27/03/2024;27/03/2024
atas_itens_RT_2024_p1.json;2026-07-29 14:27:28;00011/2024;10673078000120-1-000094/2023-000001;10673078000120-1-000094/2023;15813205000372023;00082;00037;2023;05;Pregão;158132;INST.FED.DE EDUC.,CIENC.E TEC.DO MAT.G.DO SUL;451059;4548;CARNE BOVINA IN NATURA;Material;CARNE BOVINA IN NATURA, TIPO CORTE ACÉM, APRESENTAÇÃO MOIDA, ESTADO DE CONSERVAÇÃO CONGELADO(A);10144274000108;ZELLITEC COMERCIO DE PRODUTOS ALIMENTICIOS LTDA;001;1;1408,00;1408,00;0,00;0,00;19,00;26752,00;0,00;26/03/2024;27/03/2024;27/03/2025;Não;27/03/2024;27/03/2024
atas_itens_RT_2024_p1.json;2026-07-29 14:27:28;00011/2024;10673078000120-1-000094/2023-000001;10673078000120-1-000094/2023;15813205000372023;00083;00037;2023;05;Pregão;158132;INST.FED.DE EDUC.,CIENC.E TEC.DO MAT.G.DO SUL;447508;17294;CARNE SUÍNA IN NATURA;Material;CARNE SUÍNA IN NATURA, TIPO CORTE CARRÉ (BISTECA), APRESENTAÇÃO FATIADA, PROCESSAMENTO COM OSSO, ESTADO DE CONSERVAÇÃO CONGELADO(A);10626630000120;MANAIM COMERCIAL LTDA;001;1;1382,00;1382,00;0,00;0,00;16,15;22319,30;0,00;26/03/2024;27/03/2024;27/03/2025;Não;27/03/2024;27/03/2024
atas_itens_RT_2024_p1.json;2026-07-29 14:27:28;00011/2024;10673078000120-1-000094/2023-000001;10673078000120-1-000094/2023;15813205000372023;00084;00037;2023;05;Pregão;158132;INST.FED.DE EDUC.,CIENC.E TEC.DO MAT.G.DO SUL;463781;19772;LEGUME IN NATURA;Material;LEGUME IN NATURA, TIPO CEBOLA BRANCA;40572454000151;V4 COMERCIO DE ALIMENTOS LTDA;001;1;781,00;781,00;0,00;0,00;4,98;3889,38;0,00;26/03/2024;27/03/2024;27/03/2025;Não;27/03/2024;27/03/2024
atas_itens_RT_2024_p1.json;2026-07-29 14:27:28;00011/2024;10673078000120-1-000094/2023-000001;10673078000120-1-000094/2023;15813205000372023;00088;00037;2023;05;Pregão;158132;INST.FED.DE EDUC.,CIENC.E TEC.DO MAT.G.DO SUL;447732;3267;CARNE SALGADA;Material;CARNE SALGADA, TIPO CORTE MÚSCULO DIANTEIRO- CHARQUE, ORIGEM BOVINA, APRESENTAÇÃO CORTADA, ESTADO DE CONSERVAÇÃO SECO(A);40572454000151;V4 COMERCIO DE ALIMENTOS LTDA;001;1;512,00;512,00;0,00;0,00;31,95;16358,40;0,00;26/03/2024;27/03/2024;27/03/2025;Não;27/03/2024;27/03/2024
atas_itens_RT_2024_p1.json;2026-07-29 14:27:28;00011/2024;10673078000120-1-000094/2023-000001;10673078000120-1-000094/2023;15813205000372023;00091;00037;2023;05;Pregão;158132;INST.FED.DE EDUC.,CIENC.E TEC.DO MAT.G.DO SUL;447636;4550;CARNE DE AVE IN NATURA;Material;CARNE DE AVE IN NATURA, TIPO ANIMAL FRANGO, TIPO CORTE COXA E SOBRECOXA, APRESENTAÇÃO INTEIRO, ESTADO DE CONSERVAÇÃO CONGELADO(A), PROCESSAMENTO COM PELE, COM OSSO;10144274000108;ZELLITEC COMERCIO DE PRODUTOS ALIMENTICIOS LTDA;001;1;1382,00;1382,00;0,00;0,00;8,20;11332,40;0,00;26/03/2024;27/03/2024;27/03/2025;Não;27/03/2024;27/03/2024
atas_itens_RT_2024_p1.json;2026-07-29 14:27:28;00011/2024;10673078000120-1-000094/2023-000001;10673078000120-1-000094/2023;15813205000372023;00094;00037;2023;05;Pregão;158132;INST.FED.DE EDUC.,CIENC.E TEC.DO MAT.G.DO SUL;346922;7261;EXTRATO ALIMENTÍCIO;Material;EXTRATO ALIMENTÍCIO, INGREDIENTE BÁSICO TOMATE, PRAZO VALIDADE 12 MESES, CONSERVAÇÃO ISENTO DE FERMENTAÇÃO, CARACTERÍSTICAS ADICIONAIS MADUROS, SELECIONADOS, SEM PELE E SEM SEMENTES;40572454000151;V4 COMERCIO DE ALIMENTOS LTDA;001;1;1280,00;1280,00;0,00;0,00;4,65;5952,00;0,00;26/03/2024;27/03/2024;27/03/2025;Não;27/03/2024;27/03/2024
atas_itens_RT_2024_p1.json;2026-07-29 14:27:28;00011/2024;10673078000120-1-000094/2023-000001;10673078000120-1-000094/2023;15813205000372023;00095;00037;2023;05;Pregão;158132;INST.FED.DE EDUC.,CIENC.E TEC.DO MAT.G.DO SUL;458918;19692;FARINHA DE MANDIOCA;Material;FARINHA DE MANDIOCA, GRUPO SECA, SUBGRUPO BRANCA, CLASSE FINA, ASPECTO FÍSICO TIPO 1, ACIDEZ BAIXA ACIDEZ;40572454000151;V4 COMERCIO DE ALIMENTOS LTDA;001;1;192,00;192,00;0,00;0,00;5,05;969,60;0,00;26/03/2024;27/03/2024;27/03/2025;Não;27/03/2024;27/03/2024
atas_itens_RT_2024_p1.json;2026-07-29 14:27:28;00011/2024;10673078000120-1-000094/2023-000001;10673078000120-1-000094/2023;15813205000372023;00096;00037;2023;05;Pregão;158132;INST.FED.DE EDUC.,CIENC.E TEC.DO MAT.G.DO SUL;465332;19720;FARINHA DE TRIGO;Material;FARINHA DE TRIGO, GRUPO INDUSTRIAL, TIPO TIPO 1, ESPECIAL, INGREDIENTE ADICIONAL SEM FERMENTO;10144274000108;ZELLITEC COMERCIO DE PRODUTOS ALIMENTICIOS LTDA;001;1;2682,00;2682,00;0,00;0,00;3,05;8180,10;0,00;26/03/2024;27/03/2024;27/03/2025;Não;27/03/2024;27/03/2024
atas_itens_RT_2024_p1.json;2026-07-29 14:27:28;00011/2024;10673078000120-1-000094/2023-000001;10673078000120-1-000094/2023;15813205000372023;00097;00037;2023;05;Pregão;158132;INST.FED.DE EDUC.,CIENC.E TEC.DO MAT.G.DO SUL;464553;19792;LEGUMINOSA;Material;LEGUMINOSA, VARIEDADE FEIJÃO CARIOCA, TIPO TIPO 1;10144274000108;ZELLITEC COMERCIO DE PRODUTOS ALIMENTICIOS LTDA;001;1;2214,00;2214,00;0,00;0,00;7,40;16383,60;0,00;26/03/2024;27/03/2024;27/03/2025;Não;27/03/2024;27/03/2024
atas_itens_RT_2024_p1.json;2026-07-29 14:27:28;00011/2024;10673078000120-1-000094/2023-000001;10673078000120-1-000094/2023;15813205000372023;00098;00037;2023;05;Pregão;158132;INST.FED.DE EDUC.,CIENC.E TEC.DO MAT.G.DO SUL;459586;19712;FERMENTO;Material;FERMENTO, TIPO QUÍMICO, APRESENTAÇÃO PÓ;10144274000108;ZELLITEC COMERCIO DE PRODUTOS ALIMENTICIOS LTDA;001;1;1920,00;1920,00;0,00;0,00;2,50;4800,00;0,00;26/03/2024;27/03/2024;27/03/2025;Não;27/03/2024;27/03/2024
atas_itens_RT_2024_p1.json;2026-07-29 14:27:28;00011/2024;10673078000120-1-000094/2023-000001;10673078000120-1-000094/2023;15813205000372023;00100;00037;2023;05;Pregão;158132;INST.FED.DE EDUC.,CIENC.E TEC.DO MAT.G.DO SUL;470688;19694;FARINHA DE MILHO;Material;FARINHA DE MILHO, GRÃO AMARELO, TIPO FUBÁ, CARACTERÍSTICA ADICIONAL NÃO TRANSGÊNICO;10144274000108;ZELLITEC COMERCIO DE PRODUTOS ALIMENTICIOS LTDA;001;1;256,00;256,00;0,00;0,00;3,30;844,80;0,00;26/03/2024;27/03/2024;27/03/2025;Não;27/03/2024;27/03/2024
atas_itens_RT_2024_p1.json;2026-07-29 14:27:28;00011/2024;10673078000120-1-000094/2023-000001;10673078000120-1-000094/2023;15813205000372023;00102;00037;2023;05;Pregão;158132;INST.FED.DE EDUC.,CIENC.E TEC.DO MAT.G.DO SUL;445995;8753;LEITE FLUIDO;Material;LEITE FLUIDO, ORIGEM DE VACA, TIPO A, TEOR GORDURA INTEGRAL, PROCESSAMENTO UHT;10144274000108;ZELLITEC COMERCIO DE PRODUTOS ALIMENTICIOS LTDA;001;1;18260,00;18260,00;0,00;0,00;4,50;82170,00;0,00;26/03/2024;27/03/2024;27/03/2025;Não;27/03/2024;27/03/2024
atas_itens_RT_2024_p1.json;2026-07-29 14:27:28;00011/2024;10673078000120-1-000094/2023-000001;10673078000120-1-000094/2023;15813205000372023;00103;00037;2023;05;Pregão;158132;INST.FED.DE EDUC.,CIENC.E TEC.DO MAT.G.DO SUL;447702;9806;EMBUTIDO;Material;EMBUTIDO, TIPO LINGUIÇA CALABRESA, TAMANHO GROSSA, TIPO PREPARAÇÃO DEFUMADA, ESTADO DE CONSERVAÇÃO RESFRIADO(A);10144274000108;ZELLITEC COMERCIO DE PRODUTOS ALIMENTICIOS LTDA;001;1;230,00;230,00;0,00;0,00;15,90;3657,00;0,00;26/03/2024;27/03/2024;27/03/2025;Não;27/03/2024;27/03/2024
atas_itens_RT_2024_p1.json;2026-07-29 14:27:28;00011/2024;10673078000120-1-000094/2023-000001;10673078000120-1-000094/2023;15813205000372023;00106;00037;2023;05;Pregão;158132;INST.FED.DE EDUC.,CIENC.E TEC.DO MAT.G.DO SUL;458955;19691;MACARRÃO;Material;MACARRÃO, TEOR DE UMIDADE MASSA SECA, BASE DA MASSA DE SÊMOLA/SEMOLINA, INGREDIENTES ADICIONAIS COM OVOS, APRESENTAÇÃO ESPAGUETE;10144274000108;ZELLITEC COMERCIO DE PRODUTOS ALIMENTICIOS LTDA;001;1;896,00;896,00;0,00;0,00;3,00;2688,00;0,00;26/03/2024;27/03/2024;27/03/2025;Não;27/03/2024;27/03/2024
atas_itens_RT_2024_p1.json;2026-07-29 14:27:28;00011/2024;10673078000120-1-000094/2023-000001;10673078000120-1-000094/2023;15813205000372023;00116;00037;2023;05;Pregão;158132;INST.FED.DE EDUC.,CIENC.E TEC.DO MAT.G.DO SUL;416665;10213;ÓLEO VEGETAL;Material;ÓLEO VEGETAL, MATÉRIA PRIMA SOJA, TIPO DEGOMADO;10144274000108;ZELLITEC COMERCIO DE PRODUTOS ALIMENTICIOS LTDA;001;1;2588,00;2588,00;0,00;0,00;5,50;14234,00;0,00;26/03/2024;27/03/2024;27/03/2025;Não;27/03/2024;27/03/2024
atas_itens_RT_2024_p1.json;2026-07-29 14:27:28;00011/2024;10673078000120-1-000094/2023-000001;10673078000120-1-000094/2023;15813205000372023;00117;00037;2023;05;Pregão;158132;INST.FED.DE EDUC.,CIENC.E TEC.DO MAT.G.DO SUL;446618;19586;OVO;Material;OVO, ORIGEM GALINHA, GRUPO BRANCO, CLASSE A, TIPO GRANDE;10144274000108;ZELLITEC COMERCIO DE PRODUTOS ALIMENTICIOS LTDA;001;1;523,00;523,00;0,00;0,00;18,00;9414,00;0,00;26/03/2024;27/03/2024;27/03/2025;Não;27/03/2024;27/03/2024
atas_itens_RT_2024_p1.json;2026-07-29 14:27:28;00011/2024;10673078000120-1-000094/2023-000001;10673078000120-1-000094/2023;15813205000372023;00121;00037;2023;05;Pregão;158132;INST.FED.DE EDUC.,CIENC.E TEC.DO MAT.G.DO SUL;460406;19721;PÃO;Material;PÃO, BASE DE FARINHA DE TRIGO INTEGRAL E CENTEIO, TIPO DE FORMA, APRESENTAÇÃO FATIADO, TIPO EMBALAGEM EMBALAGEM INDIVIDUAL;10144274000108;ZELLITEC COMERCIO DE PRODUTOS ALIMENTICIOS LTDA;001;1;1536,00;1536,00;0,00;0,00;7,75;11904,00;0,00;26/03/2024;27/03/2024;27/03/2025;Não;27/03/2024;27/03/2024
atas_itens_RT_2024_p1.json;2026-07-29 14:27:28;00011/2024;10673078000120-1-000094/2023-000001;10673078000120-1-000094/2023;15813205000372023;00125;00037;2023;05;Pregão;158132;INST.FED.DE EDUC.,CIENC.E TEC.DO MAT.G.DO SUL;448953;9382;PEIXE IN NATURA;Material;PEIXE IN NATURA, VARIEDADE TILÁPIA, TIPO CORTE FILÉ, APRESENTAÇÃO SEM PELE, ESTADO DE CONSERVAÇÃO CONGELADO(A);10144274000108;ZELLITEC COMERCIO DE PRODUTOS ALIMENTICIOS LTDA;001;1;461,00;461,00;0,00;0,00;36,20;16688,20;0,00;26/03/2024;27/03/2024;27/03/2025;Não;27/03/2024;27/03/2024
atas_itens_RT_2024_p1.json;2026-07-29 14:27:28;00011/2024;10673078000120-1-000094/2023-000001;10673078000120-1-000094/2023;15813205000372023;00134;00037;2023;05;Pregão;158132;INST.FED.DE EDUC.,CIENC.E TEC.DO MAT.G.DO SUL;456476;11902;SACO;Material;SACO, MATERIAL POLIETILENO TRANSPARENTE, CAPACIDADE 120 ML, APLICAÇÃO COLETA DE AMOSTRAS DE ÁGUA, CARACTERÍSTICAS ADICIONAIS 1 ESTERILIZADO, COM TARJA DE IDENTIFICAÇÃO;05291541000130;TY BORTHOLIN COMERCIAL LTDA;001;1;4,00;4,00;0,00;0,00;125,14;500,56;0,00;26/03/2024;27/03/2024;27/03/2025;Não;27/03/2024;27/03/2024
atas_itens_RT_2024_p1.json;2026-07-29 14:27:28;00011/2024;10673078000120-1-000094/2023-000001;10673078000120-1-000094/2023;15813205000372023;00135;00037;2023;05;Pregão;158132;INST.FED.DE EDUC.,CIENC.E TEC.DO MAT.G.DO SUL;461092;852;SAL;Material;SAL, TIPO REFINADO, APLICAÇÃO ALIMENTÍCIA, TEOR MÁXIMO SÓDIO 390 MG/G, ADITIVOS IODATO DE POTASSIO E ANTIUMECTANTE FERROCIANETO D E;10144274000108;ZELLITEC COMERCIO DE PRODUTOS ALIMENTICIOS LTDA;001;1;768,00;768,00;0,00;0,00;1,90;1459,20;0,00;26/03/2024;27/03/2024;27/03/2025;Não;27/03/2024;27/03/2024
atas_itens_RT_2024_p1.json;2026-07-29 14:27:28;00011/2024;10673078000120-1-000094/2023-000001;10673078000120-1-000094/2023;15813205000372023;00139;00037;2023;05;Pregão;158132;INST.FED.DE EDUC.,CIENC.E TEC.DO MAT.G.DO SUL;486402;948;SUCO;Material;SUCO, APRESENTAÇÃO CONCENTRADO, SABOR CAJÚ, TIPO INDUSTRIALIZADO, CARACTERÍSTICAS ADICIONAIS SEM AÇUCAR E SEM GLÚTEN;10144274000108;ZELLITEC COMERCIO DE PRODUTOS ALIMENTICIOS LTDA;001;1;2074,00;2074,00;0,00;0,00;5,24;10867,76;0,00;26/03/2024;27/03/2024;27/03/2025;Não;27/03/2024;27/03/2024
atas_itens_RT_2024_p1.json;2026-07-29 14:27:28;00011/2024;10673078000120-1-000094/2023-000001;10673078000120-1-000094/2023;15813205000372023;00146;00037;2023;05;Pregão;158132;INST.FED.DE EDUC.,CIENC.E TEC.DO MAT.G.DO SUL;269223;853;VINAGRE;Material;VINAGRE, MATÉRIA-PRIMA FERMENTADO ACÉTICO DE ÁLCOOL E VINHO TINTO, TIPO AGRIN, ASPECTO FÍSICO LÍQUIDO;10144274000108;ZELLITEC COMERCIO DE PRODUTOS ALIMENTICIOS LTDA;001;1;1024,00;1024,00;0,00;0,00;2,95;3020,80;0,00;26/03/2024;27/03/2024;27/03/2025;Não;27/03/2024;27/03/2024
atas_itens_RT_2024_p1.json;2026-07-29 14:27:28;00011/2024;10673078000120-1-000094/2023-000001;10673078000120-1-000094/2023;15813205000372023;00154;00037;2023;05;Pregão;158132;INST.FED.DE EDUC.,CIENC.E TEC.DO MAT.G.DO SUL;463988;19777;AÇÚCAR;Material;AÇÚCAR, TIPO CRISTAL;10144274000108;ZELLITEC COMERCIO DE PRODUTOS ALIMENTICIOS LTDA;001;1;67,00;67,00;0,00;0,00;7,95;532,65;0,00;26/03/2024;27/03/2024;27/03/2025;Não;27/03/2024;27/03/2024
atas_itens_RT_2024_p1.json;2026-07-29 14:27:28;00011/2024;10673078000120-1-000094/2023-000001;10673078000120-1-000094/2023;15813205000372023;00157;00037;2023;05;Pregão;158132;INST.FED.DE EDUC.,CIENC.E TEC.DO MAT.G.DO SUL;463938;19774;CONDIMENTO;Material;CONDIMENTO, TIPO ALHO, APRESENTAÇÃO NATURAL, ADICIONAL CABEÇA;10144274000108;ZELLITEC COMERCIO DE PRODUTOS ALIMENTICIOS LTDA;001;1;369,00;369,00;0,00;0,00;24,00;8856,00;0,00;26/03/2024;27/03/2024;27/03/2025;Não;27/03/2024;27/03/2024
atas_itens_RT_2024_p1.json;2026-07-29 14:27:28;00011/2024;10673078000120-1-000094/2023-000001;10673078000120-1-000094/2023;15813205000372023;00168;00037;2023;05;Pregão;158132;INST.FED.DE EDUC.,CIENC.E TEC.DO MAT.G.DO SUL;456469;883;BISCOITO;Material;BISCOITO, SABOR MAIZENA, CARACTERÍSTICAS ADICIONAIS SEM LACTOSE, TIPO BOLACHA, INGREDIENTES SEM GORDURA TRANS;10144274000108;ZELLITEC COMERCIO DE PRODUTOS ALIMENTICIOS LTDA;001;1;150,00;150,00;0,00;0,00;3,30;495,00;0,00;26/03/2024;27/03/2024;27/03/2025;Não;27/03/2024;27/03/2024
atas_itens_RT_2024_p1.json;2026-07-29 14:27:28;00011/2024;10673078000120-1-000094/2023-000001;10673078000120-1-000094/2023;15813205000372023;00169;00037;2023;05;Pregão;158132;INST.FED.DE EDUC.,CIENC.E TEC.DO MAT.G.DO SUL;292018;883;BISCOITO;Material;BISCOITO, SABOR COCO, CLASSIFICAÇÃO DOCE, CARACTERÍSTICAS ADICIONAIS SEM RECHEIO, APLICAÇÃO ALIMENTAÇÃO HUMANA;10144274000108;ZELLITEC COMERCIO DE PRODUTOS ALIMENTICIOS LTDA;001;1;150,00;150,00;0,00;0,00;4,75;712,50;0,00;26/03/2024;27/03/2024;27/03/2025;Não;27/03/2024;27/03/2024
atas_itens_RT_2024_p1.json;2026-07-29 14:27:28;00011/2024;10673078000120-1-000094/2023-000001;10673078000120-1-000094/2023;15813205000372023;00170;00037;2023;05;Pregão;158132;INST.FED.DE EDUC.,CIENC.E TEC.DO MAT.G.DO SUL;232930;883;BISCOITO;Material;BISCOITO, APRESENTAÇÃO QUADRADO, SABOR CREAM CRACKER, CLASSIFICAÇÃO SALGADO, CARACTERÍSTICAS ADICIONAIS SEM RECHEIO, APLICAÇÃO ALIMENTAÇÃO HUMANA;10144274000108;ZELLITEC COMERCIO DE PRODUTOS ALIMENTICIOS LTDA;001;1;150,00;150,00;0,00;0,00;4,70;705,00;0,00;26/03/2024;27/03/2024;27/03/2025;Não;27/03/2024;27/03/2024
atas_itens_RT_2024_p1.json;2026-07-29 14:27:28;00011/2024;10673078000120-1-000094/2023-000001;10673078000120-1-000094/2023;15813205000372023;00172;00037;2023;05;Pregão;158132;INST.FED.DE EDUC.,CIENC.E TEC.DO MAT.G.DO SUL;463546;19764;CHOCOLATE;Material;CHOCOLATE, TIPO PRETO, APRESENTAÇÃO PÓ, SABOR TRADICIONAL;23922567000110;GRUPO LATARO LTDA;001;1;300,00;300,00;0,00;0,00;17,00;5100,00;0,00;26/03/2024;27/03/2024;27/03/2025;Não;27/03/2024;27/03/2024
atas_itens_RT_2024_p1.json;2026-07-29 14:27:28;00011/2024;10673078000120-1-000094/2023-000001;10673078000120-1-000094/2023;15813205000372023;00173;00037;2023;05;Pregão;158132;INST.FED.DE EDUC.,CIENC.E TEC.DO MAT.G.DO SUL;463594;19766;CAFÉ;Material;CAFÉ, APRESENTAÇÃO TORRADO MOÍDO, INTENSIDADE SUAVE, TIPO TRADICIONAL, EMPACOTAMENTO VÁCUO;10144274000108;ZELLITEC COMERCIO DE PRODUTOS ALIMENTICIOS LTDA;001;1;10,00;10,00;0,00;0,00;11,40;114,00;0,00;26/03/2024;27/03/2024;27/03/2025;Não;27/03/2024;27/03/2024
atas_itens_RT_2024_p1.json;2026-07-29 14:27:28;00011/2024;10673078000120-1-000094/2023-000001;10673078000120-1-000094/2023;15813205000372023;00175;00037;2023;05;Pregão;158132;INST.FED.DE EDUC.,CIENC.E TEC.DO MAT.G.DO SUL;451059;4548;CARNE BOVINA IN NATURA;Material;CARNE BOVINA IN NATURA, TIPO CORTE ACÉM, APRESENTAÇÃO MOIDA, ESTADO DE CONSERVAÇÃO CONGELADO(A);20847099000179;YOUC DISTRIBUIDORA LTDA;001;1;3567,00;3567,00;0,00;0,00;16,95;60460,65;0,00;26/03/2024;27/03/2024;27/03/2025;Não;27/03/2024;27/03/2024
atas_itens_RT_2024_p1.json;2026-07-29 14:27:28;00011/2024;10673078000120-1-000094/2023-000001;10673078000120-1-000094/2023;15813205000372023;00176;00037;2023;05;Pregão;158132;INST.FED.DE EDUC.,CIENC.E TEC.DO MAT.G.DO SUL;447508;17294;CARNE SUÍNA IN NATURA;Material;CARNE SUÍNA IN NATURA, TIPO CORTE CARRÉ (BISTECA), APRESENTAÇÃO FATIADA, PROCESSAMENTO COM OSSO, ESTADO DE CONSERVAÇÃO CONGELADO(A);10626630000120;MANAIM COMERCIAL LTDA;001;1;1771,00;1771,00;0,00;0,00;16,90;29929,90;0,00;26/03/2024;27/03/2024;27/03/2025;Não;27/03/2024;27/03/2024
atas_itens_RT_2024_p1.json;2026-07-29 14:27:28;00011/2024;10673078000120-1-000094/2023-000001;10673078000120-1-000094/2023;15813205000372023;00185;00037;2023;05;Pregão;158132;INST.FED.DE EDUC.,CIENC.E TEC.DO MAT.G.DO SUL;447636;4550;CARNE DE AVE IN NATURA;Material;CARNE DE AVE IN NATURA, TIPO ANIMAL FRANGO, TIPO CORTE COXA E SOBRECOXA, APRESENTAÇÃO INTEIRO, ESTADO DE CONSERVAÇÃO CONGELADO(A), PROCESSAMENTO COM PELE, COM OSSO;10144274000108;ZELLITEC COMERCIO DE PRODUTOS ALIMENTICIOS LTDA;001;1;2768,00;2768,00;0,00;0,00;8,10;22420,80;0,00;26/03/2024;27/03/2024;27/03/2025;Não;27/03/2024;27/03/2024
atas_itens_RT_2024_p1.json;2026-07-29 14:27:28;00011/2024;10673078000120-1-000094/2023-000001;10673078000120-1-000094/2023;15813205000372023;00190;00037;2023;05;Pregão;158132;INST.FED.DE EDUC.,CIENC.E TEC.DO MAT.G.DO SUL;458918;19692;FARINHA DE MANDIOCA;Material;FARINHA DE MANDIOCA, GRUPO SECA, SUBGRUPO BRANCA, CLASSE FINA, ASPECTO FÍSICO TIPO 1, ACIDEZ BAIXA ACIDEZ;10144274000108;ZELLITEC COMERCIO DE PRODUTOS ALIMENTICIOS LTDA;001;1;369,00;369,00;0,00;0,00;5,80;2140,20;0,00;26/03/2024;27/03/2024;27/03/2025;Não;27/03/2024;27/03/2024
atas_itens_RT_2024_p1.json;2026-07-29 14:27:28;00011/2024;10673078000120-1-000094/2023-000001;10673078000120-1-000094/2023;15813205000372023;00191;00037;2023;05;Pregão;158132;INST.FED.DE EDUC.,CIENC.E TEC.DO MAT.G.DO SUL;465332;19720;FARINHA DE TRIGO;Material;FARINHA DE TRIGO, GRUPO INDUSTRIAL, TIPO TIPO 1, ESPECIAL, INGREDIENTE ADICIONAL SEM FERMENTO;10144274000108;ZELLITEC COMERCIO DE PRODUTOS ALIMENTICIOS LTDA;001;1;456,00;456,00;0,00;0,00;3,30;1504,80;0,00;26/03/2024;27/03/2024;27/03/2025;Não;27/03/2024;27/03/2024
atas_itens_RT_2024_p1.json;2026-07-29 14:27:28;00011/2024;10673078000120-1-000094/2023-000001;10673078000120-1-000094/2023;15813205000372023;00192;00037;2023;05;Pregão;158132;INST.FED.DE EDUC.,CIENC.E TEC.DO MAT.G.DO SUL;464553;19792;LEGUMINOSA;Material;LEGUMINOSA, VARIEDADE FEIJÃO CARIOCA, TIPO TIPO 1;10144274000108;ZELLITEC COMERCIO DE PRODUTOS ALIMENTICIOS LTDA;001;1;2688,00;2688,00;0,00;0,00;6,80;18278,40;0,00;26/03/2024;27/03/2024;27/03/2025;Não;27/03/2024;27/03/2024
atas_itens_RT_2024_p1.json;2026-07-29 14:27:28;00011/2024;10673078000120-1-000094/2023-000001;10673078000120-1-000094/2023;15813205000372023;00195;00037;2023;05;Pregão;158132;INST.FED.DE EDUC.,CIENC.E TEC.DO MAT.G.DO SUL;470688;19694;FARINHA DE MILHO;Material;FARINHA DE MILHO, GRÃO AMARELO, TIPO FUBÁ, CARACTERÍSTICA ADICIONAL NÃO TRANSGÊNICO;10144274000108;ZELLITEC COMERCIO DE PRODUTOS ALIMENTICIOS LTDA;001;1;173,00;173,00;0,00;0,00;3,85;666,05;0,00;26/03/2024;27/03/2024;27/03/2025;Não;27/03/2024;27/03/2024
atas_itens_RT_2024_p1.json;2026-07-29 14:27:28;00011/2024;10673078000120-1-000094/2023-000001;10673078000120-1-000094/2023;15813205000372023;00200;00037;2023;05;Pregão;158132;INST.FED.DE EDUC.,CIENC.E TEC.DO MAT.G.DO SUL;445995;8753;LEITE FLUIDO;Material;LEITE FLUIDO, ORIGEM DE VACA, TIPO A, TEOR GORDURA INTEGRAL, PROCESSAMENTO UHT;10144274000108;ZELLITEC COMERCIO DE PRODUTOS ALIMENTICIOS LTDA;001;1;1482,00;1482,00;0,00;0,00;5,15;7632,30;0,00;26/03/2024;27/03/2024;27/03/2025;Não;27/03/2024;27/03/2024
atas_itens_RT_2024_p1.json;2026-07-29 14:27:28;00011/2024;10673078000120-1-000094/2023-000001;10673078000120-1-000094/2023;15813205000372023;00204;00037;2023;05;Pregão;158132;INST.FED.DE EDUC.,CIENC.E TEC.DO MAT.G.DO SUL;458955;19691;MACARRÃO;Material;MACARRÃO, TEOR DE UMIDADE MASSA SECA, BASE DA MASSA DE SÊMOLA/SEMOLINA, INGREDIENTES ADICIONAIS COM OVOS, APRESENTAÇÃO ESPAGUETE;10144274000108;ZELLITEC COMERCIO DE PRODUTOS ALIMENTICIOS LTDA;001;1;1550,00;1550,00;0,00;0,00;3,05;4727,50;0,00;26/03/2024;27/03/2024;27/03/2025;Não;27/03/2024;27/03/2024
atas_itens_RT_2024_p1.json;2026-07-29 14:27:28;00011/2024;10673078000120-1-000094/2023-000001;10673078000120-1-000094/2023;15813205000372023;00223;00037;2023;05;Pregão;158132;INST.FED.DE EDUC.,CIENC.E TEC.DO MAT.G.DO SUL;448953;9382;PEIXE IN NATURA;Material;PEIXE IN NATURA, VARIEDADE TILÁPIA, TIPO CORTE FILÉ, APRESENTAÇÃO SEM PELE, ESTADO DE CONSERVAÇÃO CONGELADO(A);10144274000108;ZELLITEC COMERCIO DE PRODUTOS ALIMENTICIOS LTDA;001;1;738,00;738,00;0,00;0,00;35,00;25830,00;0,00;26/03/2024;27/03/2024;27/03/2025;Não;27/03/2024;27/03/2024
atas_itens_RT_2024_p1.json;2026-07-29 14:27:28;00011/2024;10673078000120-1-000094/2023-000001;10673078000120-1-000094/2023;15813205000372023;00232;00037;2023;05;Pregão;158132;INST.FED.DE EDUC.,CIENC.E TEC.DO MAT.G.DO SUL;461092;852;SAL;Material;SAL, TIPO REFINADO, APLICAÇÃO ALIMENTÍCIA, TEOR MÁXIMO SÓDIO 390 MG/G, ADITIVOS IODATO DE POTASSIO E ANTIUMECTANTE FERROCIANETO D E;10144274000108;ZELLITEC COMERCIO DE PRODUTOS ALIMENTICIOS LTDA;001;1;369,00;369,00;0,00;0,00;2,10;774,90;0,00;26/03/2024;27/03/2024;27/03/2025;Não;27/03/2024;27/03/2024
atas_itens_RT_2024_p1.json;2026-07-29 14:27:28;00011/2024;10673078000120-1-000094/2023-000001;10673078000120-1-000094/2023;15813205000372023;00236;00037;2023;05;Pregão;158132;INST.FED.DE EDUC.,CIENC.E TEC.DO MAT.G.DO SUL;486402;948;SUCO;Material;SUCO, APRESENTAÇÃO CONCENTRADO, SABOR CAJÚ, TIPO INDUSTRIALIZADO, CARACTERÍSTICAS ADICIONAIS SEM AÇUCAR E SEM GLÚTEN;10144274000108;ZELLITEC COMERCIO DE PRODUTOS ALIMENTICIOS LTDA;001;1;200,00;200,00;0,00;0,00;5,25;1050,00;0,00;26/03/2024;27/03/2024;27/03/2025;Não;27/03/2024;27/03/2024
atas_itens_RT_2024_p1.json;2026-07-29 14:27:28;00011/2024;10673078000120-1-000094/2023-000001;10673078000120-1-000094/2023;15813205000372023;00243;00037;2023;05;Pregão;158132;INST.FED.DE EDUC.,CIENC.E TEC.DO MAT.G.DO SUL;269223;853;VINAGRE;Material;VINAGRE, MATÉRIA-PRIMA FERMENTADO ACÉTICO DE ÁLCOOL E VINHO TINTO, TIPO AGRIN, ASPECTO FÍSICO LÍQUIDO;10144274000108;ZELLITEC COMERCIO DE PRODUTOS ALIMENTICIOS LTDA;001;1;492,00;492,00;0,00;0,00;2,45;1205,40;0,00;26/03/2024;27/03/2024;27/03/2025;Não;27/03/2024;27/03/2024
atas_itens_RT_2024_p1.json;2026-07-29 14:27:28;00011/2024;10673078000120-1-000094/2023-000001;10673078000120-1-000094/2023;15813205000372023;00247;00037;2023;05;Pregão;158132;INST.FED.DE EDUC.,CIENC.E TEC.DO MAT.G.DO SUL;463988;19777;AÇÚCAR;Material;AÇÚCAR, TIPO CRISTAL;10144274000108;ZELLITEC COMERCIO DE PRODUTOS ALIMENTICIOS LTDA;001;1;36,00;36,00;0,00;0,00;7,95;286,20;0,00;26/03/2024;27/03/2024;27/03/2025;Não;27/03/2024;27/03/2024
atas_itens_RT_2024_p1.json;2026-07-29 14:27:28;00011/2024;10673078000120-1-000094/2023-000001;10673078000120-1-000094/2023;15813205000372023;00249;00037;2023;05;Pregão;158132;INST.FED.DE EDUC.,CIENC.E TEC.DO MAT.G.DO SUL;463938;19774;CONDIMENTO;Material;CONDIMENTO, TIPO ALHO, APRESENTAÇÃO NATURAL, ADICIONAL CABEÇA;10144274000108;ZELLITEC COMERCIO DE PRODUTOS ALIMENTICIOS LTDA;001;1;288,00;288,00;0,00;0,00;16,25;4680,00;0,00;26/03/2024;27/03/2024;27/03/2025;Não;27/03/2024;27/03/2024
atas_itens_RT_2024_p1.json;2026-07-29 14:27:28;00011/2024;10673078000120-1-000094/2023-000001;10673078000120-1-000094/2023;15813205000372023;00258;00037;2023;05;Pregão;158132;INST.FED.DE EDUC.,CIENC.E TEC.DO MAT.G.DO SUL;447383;4548;CARNE BOVINA IN NATURA;Material;CARNE BOVINA IN NATURA, TIPO CORTE ACÉM, APRESENTAÇÃO PEÇA INTEIRA, PROCESSAMENTO SEM OSSO, ESTADO DE CONSERVAÇÃO CONGELADO(A);10144274000108;ZELLITEC COMERCIO DE PRODUTOS ALIMENTICIOS LTDA;001;1;1680,00;1680,00;0,00;0,00;25,00;42000,00;0,00;26/03/2024;27/03/2024;27/03/2025;Não;27/03/2024;27/03/2024
atas_itens_RT_2024_p1.json;2026-07-29 14:27:28;00011/2024;10673078000120-1-000094/2023-000001;10673078000120-1-000094/2023;15813205000372023;00259;00037;2023;05;Pregão;158132;INST.FED.DE EDUC.,CIENC.E TEC.DO MAT.G.DO SUL;451059;4548;CARNE BOVINA IN NATURA;Material;CARNE BOVINA IN NATURA, TIPO CORTE ACÉM, APRESENTAÇÃO MOIDA, ESTADO DE CONSERVAÇÃO CONGELADO(A);10144274000108;ZELLITEC COMERCIO DE PRODUTOS ALIMENTICIOS LTDA;001;1;1440,00;1440,00;0,00;0,00;29,00;41760,00;0,00;26/03/2024;27/03/2024;27/03/2025;Não;27/03/2024;27/03/2024
atas_itens_RT_2024_p1.json;2026-07-29 14:27:28;00011/2024;10673078000120-1-000094/2023-000001;10673078000120-1-000094/2023;15813205000372023;00263;00037;2023;05;Pregão;158132;INST.FED.DE EDUC.,CIENC.E TEC.DO MAT.G.DO SUL;447732;3267;CARNE SALGADA;Material;CARNE SALGADA, TIPO CORTE MÚSCULO DIANTEIRO- CHARQUE, ORIGEM BOVINA, APRESENTAÇÃO CORTADA, ESTADO DE CONSERVAÇÃO SECO(A);40572454000151;V4 COMERCIO DE ALIMENTOS LTDA;001;1;384,00;384,00;0,00;0,00;32,05;12307,20;0,00;26/03/2024;27/03/2024;27/03/2025;Não;27/03/2024;27/03/2024
atas_itens_RT_2024_p1.json;2026-07-29 14:27:28;00011/2024;10673078000120-1-000094/2023-000001;10673078000120-1-000094/2023;15813205000372023;00266;00037;2023;05;Pregão;158132;INST.FED.DE EDUC.,CIENC.E TEC.DO MAT.G.DO SUL;447636;4550;CARNE DE AVE IN NATURA;Material;CARNE DE AVE IN NATURA, TIPO ANIMAL FRANGO, TIPO CORTE COXA E SOBRECOXA, APRESENTAÇÃO INTEIRO, ESTADO DE CONSERVAÇÃO CONGELADO(A), PROCESSAMENTO COM PELE, COM OSSO;10144274000108;ZELLITEC COMERCIO DE PRODUTOS ALIMENTICIOS LTDA;001;1;1728,00;1728,00;0,00;0,00;8,40;14515,20;0,00;26/03/2024;27/03/2024;27/03/2025;Não;27/03/2024;27/03/2024
atas_itens_RT_2024_p1.json;2026-07-29 14:27:28;00011/2024;10673078000120-1-000094/2023-000001;10673078000120-1-000094/2023;15813205000372023;00270;00037;2023;05;Pregão;158132;INST.FED.DE EDUC.,CIENC.E TEC.DO MAT.G.DO SUL;458918;19692;FARINHA DE MANDIOCA;Material;FARINHA DE MANDIOCA, GRUPO SECA, SUBGRUPO BRANCA, CLASSE FINA, ASPECTO FÍSICO TIPO 1, ACIDEZ BAIXA ACIDEZ;40572454000151;V4 COMERCIO DE ALIMENTOS LTDA;001;1;245,00;245,00;0,00;0,00;5,25;1286,25;0,00;26/03/2024;27/03/2024;27/03/2025;Não;27/03/2024;27/03/2024
atas_itens_RT_2024_p1.json;2026-07-29 14:27:28;00011/2024;10673078000120-1-000094/2023-000001;10673078000120-1-000094/2023;15813205000372023;00271;00037;2023;05;Pregão;158132;INST.FED.DE EDUC.,CIENC.E TEC.DO MAT.G.DO SUL;465332;19720;FARINHA DE TRIGO;Material;FARINHA DE TRIGO, GRUPO INDUSTRIAL, TIPO TIPO 1, ESPECIAL, INGREDIENTE ADICIONAL SEM FERMENTO;10144274000108;ZELLITEC COMERCIO DE PRODUTOS ALIMENTICIOS LTDA;001;1;79,00;79,00;0,00;0,00;3,30;260,70;0,00;26/03/2024;27/03/2024;27/03/2025;Não;27/03/2024;27/03/2024
atas_itens_RT_2024_p1.json;2026-07-29 14:27:28;00011/2024;10673078000120-1-000094/2023-000001;10673078000120-1-000094/2023;15813205000372023;00272;00037;2023;05;Pregão;158132;INST.FED.DE EDUC.,CIENC.E TEC.DO MAT.G.DO SUL;464553;19792;LEGUMINOSA;Material;LEGUMINOSA, VARIEDADE FEIJÃO CARIOCA, TIPO TIPO 1;10144274000108;ZELLITEC COMERCIO DE PRODUTOS ALIMENTICIOS LTDA;001;1;2400,00;2400,00;0,00;0,00;6,00;14400,00;0,00;26/03/2024;27/03/2024;27/03/2025;Não;27/03/2024;27/03/2024
atas_itens_RT_2024_p1.json;2026-07-29 14:27:28;00011/2024;10673078000120-1-000094/2023-000001;10673078000120-1-000094/2023;15813205000372023;00273;00037;2023;05;Pregão;158132;INST.FED.DE EDUC.,CIENC.E TEC.DO MAT.G.DO SUL;241343;7795;FÓSFORO;Material;FÓSFORO, MATERIAL CORPO MADEIRA, COR CABEÇA VERMELHA, TIPO LONGO;40572454000151;V4 COMERCIO DE ALIMENTOS LTDA;001;1;20,00;20,00;0,00;0,00;4,22;84,40;0,00;26/03/2024;27/03/2024;27/03/2025;Não;27/03/2024;27/03/2024
atas_itens_RT_2024_p1.json;2026-07-29 14:27:28;00011/2024;10673078000120-1-000094/2023-000001;10673078000120-1-000094/2023;15813205000372023;00274;00037;2023;05;Pregão;158132;INST.FED.DE EDUC.,CIENC.E TEC.DO MAT.G.DO SUL;464392;19789;FRUTA;Material;FRUTA, TIPO GOIABA VERMELHA, APRESENTAÇÃO NATURAL;40572454000151;V4 COMERCIO DE ALIMENTOS LTDA;001;1;250,00;250,00;0,00;0,00;5,31;1327,50;0,00;26/03/2024;27/03/2024;27/03/2025;Não;27/03/2024;27/03/2024
atas_itens_RT_2024_p1.json;2026-07-29 14:27:28;00011/2024;10673078000120-1-000094/2023-000001;10673078000120-1-000094/2023;15813205000372023;00277;00037;2023;05;Pregão;158132;INST.FED.DE EDUC.,CIENC.E TEC.DO MAT.G.DO SUL;445995;8753;LEITE FLUIDO;Material;LEITE FLUIDO, ORIGEM DE VACA, TIPO A, TEOR GORDURA INTEGRAL, PROCESSAMENTO UHT;40572454000151;V4 COMERCIO DE ALIMENTOS LTDA;001;1;29,00;29,00;0,00;0,00;6,15;178,35;0,00;26/03/2024;27/03/2024;27/03/2025;Não;27/03/2024;27/03/2024
atas_itens_RT_2024_p1.json;2026-07-29 14:27:28;00011/2024;10673078000120-1-000094/2023-000001;10673078000120-1-000094/2023;15813205000372023;00278;00037;2023;05;Pregão;158132;INST.FED.DE EDUC.,CIENC.E TEC.DO MAT.G.DO SUL;447702;9806;EMBUTIDO;Material;EMBUTIDO, TIPO LINGUIÇA CALABRESA, TAMANHO GROSSA, TIPO PREPARAÇÃO DEFUMADA, ESTADO DE CONSERVAÇÃO RESFRIADO(A);40572454000151;V4 COMERCIO DE ALIMENTOS LTDA;001;1;288,00;288,00;0,00;0,00;18,95;5457,60;0,00;26/03/2024;27/03/2024;27/03/2025;Não;27/03/2024;27/03/2024
atas_itens_RT_2024_p1.json;2026-07-29 14:27:28;00011/2024;10673078000120-1-000094/2023-000001;10673078000120-1-000094/2023;15813205000372023;00279;00037;2023;05;Pregão;158132;INST.FED.DE EDUC.,CIENC.E TEC.DO MAT.G.DO SUL;447705;9806;EMBUTIDO;Material;EMBUTIDO, TIPO LINGUIÇA TOSCANA, TAMANHO GROSSA, TIPO PREPARAÇÃO FRESCA, ESTADO DE CONSERVAÇÃO RESFRIADO(A);10144274000108;ZELLITEC COMERCIO DE PRODUTOS ALIMENTICIOS LTDA;001;1;720,00;720,00;0,00;0,00;14,35;10332,00;0,00;26/03/2024;27/03/2024;27/03/2025;Não;27/03/2024;27/03/2024
atas_itens_RT_2024_p1.json;2026-07-29 14:27:28;00011/2024;10673078000120-1-000094/2023-000001;10673078000120-1-000094/2023;15813205000372023;00280;00037;2023;05;Pregão;158132;INST.FED.DE EDUC.,CIENC.E TEC.DO MAT.G.DO SUL;464401;19789;FRUTA;Material;FRUTA, TIPO MAÇÃ FUJI, APRESENTAÇÃO NATURAL;40572454000151;V4 COMERCIO DE ALIMENTOS LTDA;001;1;760,00;760,00;0,00;0,00;8,37;6361,20;0,00;26/03/2024;27/03/2024;27/03/2025;Não;27/03/2024;27/03/2024
atas_itens_RT_2024_p1.json;2026-07-29 14:27:28;00011/2024;10673078000120-1-000094/2023-000001;10673078000120-1-000094/2023;15813205000372023;00281;00037;2023;05;Pregão;158132;INST.FED.DE EDUC.,CIENC.E TEC.DO MAT.G.DO SUL;458955;19691;MACARRÃO;Material;MACARRÃO, TEOR DE UMIDADE MASSA SECA, BASE DA MASSA DE SÊMOLA/SEMOLINA, INGREDIENTES ADICIONAIS COM OVOS, APRESENTAÇÃO ESPAGUETE;10144274000108;ZELLITEC COMERCIO DE PRODUTOS ALIMENTICIOS LTDA;001;1;672,00;672,00;0,00;0,00;3,15;2116,80;0,00;26/03/2024;27/03/2024;27/03/2025;Não;27/03/2024;27/03/2024
atas_itens_RT_2024_p1.json;2026-07-29 14:27:28;00011/2024;10673078000120-1-000094/2023-000001;10673078000120-1-000094/2023;15813205000372023;00282;00037;2023;05;Pregão;158132;INST.FED.DE EDUC.,CIENC.E TEC.DO MAT.G.DO SUL;464405;19789;FRUTA;Material;FRUTA, TIPO MAMÃO FORMOSA, APRESENTAÇÃO NATURAL;40572454000151;V4 COMERCIO DE ALIMENTOS LTDA;001;1;400,00;400,00;0,00;0,00;8,36;3344,00;0,00;26/03/2024;27/03/2024;27/03/2025;Não;27/03/2024;27/03/2024
atas_itens_RT_2024_p1.json;2026-07-29 14:27:28;00011/2024;10673078000120-1-000094/2023-000001;10673078000120-1-000094/2023;15813205000372023;00283;00037;2023;05;Pregão;158132;INST.FED.DE EDUC.,CIENC.E TEC.DO MAT.G.DO SUL;463795;19772;LEGUME IN NATURA;Material;LEGUME IN NATURA, TIPO MANDIOCA/ AIPIM;40572454000151;V4 COMERCIO DE ALIMENTOS LTDA;001;1;360,00;360,00;0,00;0,00;6,91;2487,60;0,00;26/03/2024;27/03/2024;27/03/2025;Não;27/03/2024;27/03/2024
atas_itens_RT_2024_p1.json;2026-07-29 14:27:28;00011/2024;10673078000120-1-000094/2023-000001;10673078000120-1-000094/2023;15813205000372023;00287;00037;2023;05;Pregão;158132;INST.FED.DE EDUC.,CIENC.E TEC.DO MAT.G.DO SUL;464418;19789;FRUTA;Material;FRUTA, TIPO MELANCIA VERMELHA, APRESENTAÇÃO NATURAL;40572454000151;V4 COMERCIO DE ALIMENTOS LTDA;001;1;700,00;700,00;0,00;0,00;3,94;2758,00;0,00;26/03/2024;27/03/2024;27/03/2025;Não;27/03/2024;27/03/2024
atas_itens_RT_2024_p1.json;2026-07-29 14:27:28;00011/2024;10673078000120-1-000094/2023-000001;10673078000120-1-000094/2023;15813205000372023;00288;00037;2023;05;Pregão;158132;INST.FED.DE EDUC.,CIENC.E TEC.DO MAT.G.DO SUL;464422;19789;FRUTA;Material;FRUTA, TIPO MELÃO AMARELO, APRESENTAÇÃO NATURAL;40572454000151;V4 COMERCIO DE ALIMENTOS LTDA;001;1;450,00;450,00;0,00;0,00;4,09;1840,50;0,00;26/03/2024;27/03/2024;27/03/2025;Não;27/03/2024;27/03/2024
atas_itens_RT_2024_p1.json;2026-07-29 14:27:28;00011/2024;10673078000120-1-000094/2023-000001;10673078000120-1-000094/2023;15813205000372023;00289;00037;2023;05;Pregão;158132;INST.FED.DE EDUC.,CIENC.E TEC.DO MAT.G.DO SUL;462824;19714;LEGUME EM CONSERVA;Material;LEGUME EM CONSERVA, TIPO MILHO VERDE;40572454000151;V4 COMERCIO DE ALIMENTOS LTDA;001;1;115,00;115,00;0,00;0,00;35,95;4134,25;0,00;26/03/2024;27/03/2024;27/03/2025;Não;27/03/2024;27/03/2024
atas_itens_RT_2024_p1.json;2026-07-29 14:27:28;00011/2024;10673078000120-1-000094/2023-000001;10673078000120-1-000094/2023;15813205000372023;00290;00037;2023;05;Pregão;158132;INST.FED.DE EDUC.,CIENC.E TEC.DO MAT.G.DO SUL;416665;10213;ÓLEO VEGETAL;Material;ÓLEO VEGETAL, MATÉRIA PRIMA SOJA, TIPO DEGOMADO;40572454000151;V4 COMERCIO DE ALIMENTOS LTDA;001;1;853,00;853,00;0,00;0,00;5,79;4938,87;0,00;26/03/2024;27/03/2024;27/03/2025;Não;27/03/2024;27/03/2024
atas_itens_RT_2024_p1.json;2026-07-29 14:27:28;00011/2024;10673078000120-1-000094/2023-000001;10673078000120-1-000094/2023;15813205000372023;00291;00037;2023;05;Pregão;158132;INST.FED.DE EDUC.,CIENC.E TEC.DO MAT.G.DO SUL;446618;19586;OVO;Material;OVO, ORIGEM GALINHA, GRUPO BRANCO, CLASSE A, TIPO GRANDE;40572454000151;V4 COMERCIO DE ALIMENTOS LTDA;001;1;400,00;400,00;0,00;0,00;15,39;6156,00;0,00;26/03/2024;27/03/2024;27/03/2025;Não;27/03/2024;27/03/2024
atas_itens_RT_2024_p1.json;2026-07-29 14:27:28;00011/2024;10673078000120-1-000094/2023-000001;10673078000120-1-000094/2023;15813205000372023;00292;00037;2023;05;Pregão;158132;INST.FED.DE EDUC.,CIENC.E TEC.DO MAT.G.DO SUL;460402;19721;PÃO;Material;PÃO, BASE DE FARINHA DE TRIGO REFINADA, TIPO DE FORMA, TIPO ADICIONAL DE LEITE , APRESENTAÇÃO FATIADO, TIPO EMBALAGEM EMBALAGEM INDIVIDUAL;40572454000151;V4 COMERCIO DE ALIMENTOS LTDA;001;1;14400,00;14400,00;0,00;0,00;0,86;12384,00;0,00;26/03/2024;27/03/2024;27/03/2025;Não;27/03/2024;27/03/2024
atas_itens_RT_2024_p1.json;2026-07-29 14:27:28;00011/2024;10673078000120-1-000094/2023-000001;10673078000120-1-000094/2023;15813205000372023;00294;00037;2023;05;Pregão;158132;INST.FED.DE EDUC.,CIENC.E TEC.DO MAT.G.DO SUL;463796;19772;LEGUME IN NATURA;Material;LEGUME IN NATURA, TIPO PEPINO;40572454000151;V4 COMERCIO DE ALIMENTOS LTDA;001;1;720,00;720,00;0,00;0,00;6,78;4881,60;0,00;26/03/2024;27/03/2024;27/03/2025;Não;27/03/2024;27/03/2024
atas_itens_RT_2024_p1.json;2026-07-29 14:27:28;00011/2024;10673078000120-1-000094/2023-000001;10673078000120-1-000094/2023;15813205000372023;00295;00037;2023;05;Pregão;158132;INST.FED.DE EDUC.,CIENC.E TEC.DO MAT.G.DO SUL;448953;9382;PEIXE IN NATURA;Material;PEIXE IN NATURA, VARIEDADE TILÁPIA, TIPO CORTE FILÉ, APRESENTAÇÃO SEM PELE, ESTADO DE CONSERVAÇÃO CONGELADO(A);40572454000151;V4 COMERCIO DE ALIMENTOS LTDA;001;1;403,00;403,00;0,00;0,00;35,95;14487,85;0,00;26/03/2024;27/03/2024;27/03/2025;Não;27/03/2024;27/03/2024
atas_itens_RT_2024_p1.json;2026-07-29 14:27:28;00011/2024;10673078000120-1-000094/2023-000001;10673078000120-1-000094/2023;15813205000372023;00297;00037;2023;05;Pregão;158132;INST.FED.DE EDUC.,CIENC.E TEC.DO MAT.G.DO SUL;446633;11534;QUEIJO;Material;QUEIJO, ORIGEM DE VACA, VARIEDADE MUÇARELA, APRESENTAÇÃO PEÇA;40572454000151;V4 COMERCIO DE ALIMENTOS LTDA;001;1;388,00;388,00;0,00;0,00;33,95;13172,60;0,00;26/03/2024;27/03/2024;27/03/2025;Não;27/03/2024;27/03/2024
atas_itens_RT_2024_p1.json;2026-07-29 14:27:28;00011/2024;10673078000120-1-000094/2023-000001;10673078000120-1-000094/2023;15813205000372023;00298;00037;2023;05;Pregão;158132;INST.FED.DE EDUC.,CIENC.E TEC.DO MAT.G.DO SUL;463839;19773;VERDURA IN NATURA;Material;VERDURA IN NATURA, TIPO REPOLHO BRANCO/ VERDE;40572454000151;V4 COMERCIO DE ALIMENTOS LTDA;001;1;624,00;624,00;0,00;0,00;3,46;2159,04;0,00;26/03/2024;27/03/2024;27/03/2025;Não;27/03/2024;27/03/2024
atas_itens_RT_2024_p1.json;2026-07-29 14:27:28;00011/2024;10673078000120-1-000094/2023-000001;10673078000120-1-000094/2023;15813205000372023;00301;00037;2023;05;Pregão;158132;INST.FED.DE EDUC.,CIENC.E TEC.DO MAT.G.DO SUL;461092;852;SAL;Material;SAL, TIPO REFINADO, APLICAÇÃO ALIMENTÍCIA, TEOR MÁXIMO SÓDIO 390 MG/G, ADITIVOS IODATO DE POTASSIO E ANTIUMECTANTE FERROCIANETO D E;10144274000108;ZELLITEC COMERCIO DE PRODUTOS ALIMENTICIOS LTDA;001;1;288,00;288,00;0,00;0,00;1,80;518,40;0,00;26/03/2024;27/03/2024;27/03/2025;Não;27/03/2024;27/03/2024
atas_itens_RT_2024_p1.json;2026-07-29 14:27:28;00011/2024;10673078000120-1-000094/2023-000001;10673078000120-1-000094/2023;15813205000372023;00303;00037;2023;05;Pregão;158132;INST.FED.DE EDUC.,CIENC.E TEC.DO MAT.G.DO SUL;279606;948;SUCO;Material;SUCO, APRESENTAÇÃO LÍQUIDO, SABOR LIMÃO, TIPO NATURAL, CARACTERÍSTICAS ADICIONAIS CONCENTRADO;40572454000151;V4 COMERCIO DE ALIMENTOS LTDA;001;1;50,00;50,00;0,00;0,00;5,34;267,00;0,00;26/03/2024;27/03/2024;27/03/2025;Não;27/03/2024;27/03/2024
atas_itens_RT_2024_p1.json;2026-07-29 14:27:28;00011/2024;10673078000120-1-000094/2023-000001;10673078000120-1-000094/2023;15813205000372023;00304;00037;2023;05;Pregão;158132;INST.FED.DE EDUC.,CIENC.E TEC.DO MAT.G.DO SUL;464754;948;SUCO;Material;SUCO, APRESENTAÇÃO LÍQUIDO, SABOR MANGA, TIPO NATURAL, CARACTERÍSTICAS ADICIONAIS CONCENTRADO, RENDIMENTO MÍNIMO, 1 PARTE DE SUCO-;40572454000151;V4 COMERCIO DE ALIMENTOS LTDA;001;1;50,00;50,00;0,00;0,00;5,29;264,50;0,00;26/03/2024;27/03/2024;27/03/2025;Não;27/03/2024;27/03/2024
atas_itens_RT_2024_p1.json;2026-07-29 14:27:28;00011/2024;10673078000120-1-000094/2023-000001;10673078000120-1-000094/2023;15813205000372023;00305;00037;2023;05;Pregão;158132;INST.FED.DE EDUC.,CIENC.E TEC.DO MAT.G.DO SUL;486402;948;SUCO;Material;SUCO, APRESENTAÇÃO CONCENTRADO, SABOR CAJÚ, TIPO INDUSTRIALIZADO, CARACTERÍSTICAS ADICIONAIS SEM AÇUCAR E SEM GLÚTEN;40572454000151;V4 COMERCIO DE ALIMENTOS LTDA;001;1;50,00;50,00;0,00;0,00;4,85;242,50;0,00;26/03/2024;27/03/2024;27/03/2025;Não;27/03/2024;27/03/2024
atas_itens_RT_2024_p1.json;2026-07-29 14:27:28;00011/2024;10673078000120-1-000094/2023-000001;10673078000120-1-000094/2023;15813205000372023;00306;00037;2023;05;Pregão;158132;INST.FED.DE EDUC.,CIENC.E TEC.DO MAT.G.DO SUL;464759;948;SUCO;Material;SUCO, APRESENTAÇÃO LÍQUIDO, SABOR GOIABA, TIPO NATURAL, CARACTERÍSTICAS ADICIONAIS CONCENTRADO, RENDIMENTO MÍNIMO, 1 PARTE DE SUCO-;40572454000151;V4 COMERCIO DE ALIMENTOS LTDA;001;1;50,00;50,00;0,00;0,00;5,29;264,50;0,00;26/03/2024;27/03/2024;27/03/2025;Não;27/03/2024;27/03/2024
atas_itens_RT_2024_p1.json;2026-07-29 14:27:28;00011/2024;10673078000120-1-000094/2023-000001;10673078000120-1-000094/2023;15813205000372023;00307;00037;2023;05;Pregão;158132;INST.FED.DE EDUC.,CIENC.E TEC.DO MAT.G.DO SUL;464751;948;SUCO;Material;SUCO, APRESENTAÇÃO LÍQUIDO, SABOR MARACUJÁ, TIPO NATURAL, CARACTERÍSTICAS ADICIONAIS CONCENTRADO, RENDIMENTO MÍNIMO, 1 PARTE DE SUCO-;40572454000151;V4 COMERCIO DE ALIMENTOS LTDA;001;1;50,00;50,00;0,00;0,00;5,29;264,50;0,00;26/03/2024;27/03/2024;27/03/2025;Não;27/03/2024;27/03/2024
atas_itens_RT_2024_p1.json;2026-07-29 14:27:28;00011/2024;10673078000120-1-000094/2023-000001;10673078000120-1-000094/2023;15813205000372023;00308;00037;2023;05;Pregão;158132;INST.FED.DE EDUC.,CIENC.E TEC.DO MAT.G.DO SUL;486400;948;SUCO;Material;SUCO, APRESENTAÇÃO CONCENTRADO, SABOR UVA, TIPO INDUSTRIALIZADO, CARACTERÍSTICAS ADICIONAIS SEM AÇUCAR E SEM GLÚTEN;40572454000151;V4 COMERCIO DE ALIMENTOS LTDA;001;1;50,00;50,00;0,00;0,00;5,29;264,50;0,00;26/03/2024;27/03/2024;27/03/2025;Não;27/03/2024;27/03/2024
atas_itens_RT_2024_p1.json;2026-07-29 14:27:28;00011/2024;10673078000120-1-000094/2023-000001;10673078000120-1-000094/2023;15813205000372023;00312;00037;2023;05;Pregão;158132;INST.FED.DE EDUC.,CIENC.E TEC.DO MAT.G.DO SUL;269223;853;VINAGRE;Material;VINAGRE, MATÉRIA-PRIMA FERMENTADO ACÉTICO DE ÁLCOOL E VINHO TINTO, TIPO AGRIN, ASPECTO FÍSICO LÍQUIDO;10144274000108;ZELLITEC COMERCIO DE PRODUTOS ALIMENTICIOS LTDA;001;1;384,00;384,00;0,00;0,00;2,95;1132,80;0,00;26/03/2024;27/03/2024;27/03/2025;Não;27/03/2024;27/03/2024
atas_itens_RT_2024_p1.json;2026-07-29 14:27:28;00011/2024;10673078000120-1-000094/2023-000001;10673078000120-1-000094/2023;15813205000372023;00314;00037;2023;05;Pregão;158132;INST.FED.DE EDUC.,CIENC.E TEC.DO MAT.G.DO SUL;464374;19789;FRUTA;Material;FRUTA, TIPO ABACAXI PÉROLA, APRESENTAÇÃO NATURAL;40572454000151;V4 COMERCIO DE ALIMENTOS LTDA;001;1;100,00;100,00;0,00;0,00;4,50;450,00;0,00;26/03/2024;27/03/2024;27/03/2025;Não;27/03/2024;27/03/2024
atas_itens_RT_2024_p1.json;2026-07-29 14:27:28;00011/2024;10673078000120-1-000094/2023-000001;10673078000120-1-000094/2023;15813205000372023;00315;00037;2023;05;Pregão;158132;INST.FED.DE EDUC.,CIENC.E TEC.DO MAT.G.DO SUL;467424;19772;LEGUME IN NATURA;Material;LEGUME IN NATURA, TIPO ABÓBORA CABOTIÁ/ JAPONESA, ADICIONAL CORTADO;40572454000151;V4 COMERCIO DE ALIMENTOS LTDA;001;1;300,00;300,00;0,00;0,00;3,67;1101,00;0,00;26/03/2024;27/03/2024;27/03/2025;Não;27/03/2024;27/03/2024
atas_itens_RT_2024_p1.json;2026-07-29 14:27:28;00011/2024;10673078000120-1-000094/2023-000001;10673078000120-1-000094/2023;15813205000372023;00316;00037;2023;05;Pregão;158132;INST.FED.DE EDUC.,CIENC.E TEC.DO MAT.G.DO SUL;463751;19772;LEGUME IN NATURA;Material;LEGUME IN NATURA, TIPO ABOBRINHA DE PESCOÇO/ MENINA;40572454000151;V4 COMERCIO DE ALIMENTOS LTDA;001;1;100,00;100,00;0,00;0,00;5,27;527,00;0,00;26/03/2024;27/03/2024;27/03/2025;Não;27/03/2024;27/03/2024
atas_itens_RT_2024_p1.json;2026-07-29 14:27:28;00011/2024;10673078000120-1-000094/2023-000001;10673078000120-1-000094/2023;15813205000372023;00318;00037;2023;05;Pregão;158132;INST.FED.DE EDUC.,CIENC.E TEC.DO MAT.G.DO SUL;463988;19777;AÇÚCAR;Material;AÇÚCAR, TIPO CRISTAL;10144274000108;ZELLITEC COMERCIO DE PRODUTOS ALIMENTICIOS LTDA;001;1;56,00;56,00;0,00;0,00;7,85;439,60;0,00;26/03/2024;27/03/2024;27/03/2025;Não;27/03/2024;27/03/2024
atas_itens_RT_2024_p1.json;2026-07-29 14:27:28;00011/2024;10673078000120-1-000094/2023-000001;10673078000120-1-000094/2023;15813205000372023;00321;00037;2023;05;Pregão;158132;INST.FED.DE EDUC.,CIENC.E TEC.DO MAT.G.DO SUL;463938;19774;CONDIMENTO;Material;CONDIMENTO, TIPO ALHO, APRESENTAÇÃO NATURAL, ADICIONAL CABEÇA;10144274000108;ZELLITEC COMERCIO DE PRODUTOS ALIMENTICIOS LTDA;001;1;346,00;346,00;0,00;0,00;16,90;5847,40;0,00;26/03/2024;27/03/2024;27/03/2025;Não;27/03/2024;27/03/2024
atas_itens_RT_2024_p1.json;2026-07-29 14:27:28;00011/2024;10673078000120-1-000094/2023-000001;10673078000120-1-000094/2023;15813205000372023;00324;00037;2023;05;Pregão;158132;INST.FED.DE EDUC.,CIENC.E TEC.DO MAT.G.DO SUL;447666;4552;CARNE DEFUMADA;Material;CARNE DEFUMADA, TIPO CORTE TOUCINHO (BACON), TIPO ANIMAL SUÍNA, APRESENTAÇÃO EM MANTAS, ESTADO DE CONSERVAÇÃO RESFRIADO(A);40572454000151;V4 COMERCIO DE ALIMENTOS LTDA;001;1;87,00;87,00;0,00;0,00;24,98;2173,26;0,00;26/03/2024;27/03/2024;27/03/2025;Não;27/03/2024;27/03/2024
atas_itens_RT_2024_p1.json;2026-07-29 14:27:28;00011/2024;10673078000120-1-000094/2023-000001;10673078000120-1-000094/2023;15813205000372023;00325;00037;2023;05;Pregão;158132;INST.FED.DE EDUC.,CIENC.E TEC.DO MAT.G.DO SUL;464380;19789;FRUTA;Material;FRUTA, TIPO BANANA NANICA/ BANANA D'ÁGUA, APRESENTAÇÃO NATURAL;40572454000151;V4 COMERCIO DE ALIMENTOS LTDA;001;1;615,00;615,00;0,00;0,00;3,95;2429,25;0,00;26/03/2024;27/03/2024;27/03/2025;Não;27/03/2024;27/03/2024
atas_itens_RT_2024_p1.json;2026-07-29 14:27:28;00011/2024;10673078000120-1-000094/2023-000001;10673078000120-1-000094/2023;15813205000372023;00328;00037;2023;05;Pregão;158132;INST.FED.DE EDUC.,CIENC.E TEC.DO MAT.G.DO SUL;463764;19772;LEGUME IN NATURA;Material;LEGUME IN NATURA, TIPO BERINJELA;40572454000151;V4 COMERCIO DE ALIMENTOS LTDA;001;1;120,00;120,00;0,00;0,00;7,48;897,60;0,00;26/03/2024;27/03/2024;27/03/2025;Não;27/03/2024;27/03/2024
atas_itens_RT_2024_p1.json;2026-07-29 14:27:28;00011/2024;10673078000120-1-000094/2023-000001;10673078000120-1-000094/2023;15813205000372023;00329;00037;2023;05;Pregão;158132;INST.FED.DE EDUC.,CIENC.E TEC.DO MAT.G.DO SUL;463767;19772;LEGUME IN NATURA;Material;LEGUME IN NATURA, TIPO BETERRABA;40572454000151;V4 COMERCIO DE ALIMENTOS LTDA;001;1;300,00;300,00;0,00;0,00;5,39;1617,00;0,00;26/03/2024;27/03/2024;27/03/2025;Não;27/03/2024;27/03/2024
atas_itens_RT_2024_p1.json;2026-07-29 14:27:28;00011/2024;10673078000120-1-000094/2023-000001;10673078000120-1-000094/2023;15813205000372023;00330;00037;2023;05;Pregão;158132;INST.FED.DE EDUC.,CIENC.E TEC.DO MAT.G.DO SUL;456469;883;BISCOITO;Material;BISCOITO, SABOR MAIZENA, CARACTERÍSTICAS ADICIONAIS SEM LACTOSE, TIPO BOLACHA, INGREDIENTES SEM GORDURA TRANS;10144274000108;ZELLITEC COMERCIO DE PRODUTOS ALIMENTICIOS LTDA;001;1;150,00;150,00;0,00;0,00;3,75;562,50;0,00;26/03/2024;27/03/2024;27/03/2025;Não;27/03/2024;27/03/2024
atas_itens_RT_2024_p1.json;2026-07-29 14:27:28;00011/2024;10673078000120-1-000094/2023-000001;10673078000120-1-000094/2023;15813205000372023;00331;00037;2023;05;Pregão;158132;INST.FED.DE EDUC.,CIENC.E TEC.DO MAT.G.DO SUL;232930;883;BISCOITO;Material;BISCOITO, APRESENTAÇÃO QUADRADO, SABOR CREAM CRACKER, CLASSIFICAÇÃO SALGADO, CARACTERÍSTICAS ADICIONAIS SEM RECHEIO, APLICAÇÃO ALIMENTAÇÃO HUMANA;10144274000108;ZELLITEC COMERCIO DE PRODUTOS ALIMENTICIOS LTDA;001;1;150,00;150,00;0,00;0,00;3,80;570,00;0,00;26/03/2024;27/03/2024;27/03/2025;Não;27/03/2024;27/03/2024
atas_itens_RT_2024_p1.json;2026-07-29 14:27:28;00011/2024;10673078000120-1-000094/2023-000001;10673078000120-1-000094/2023;15813205000372023;00333;00037;2023;05;Pregão;158132;INST.FED.DE EDUC.,CIENC.E TEC.DO MAT.G.DO SUL;463546;19764;CHOCOLATE;Material;CHOCOLATE, TIPO PRETO, APRESENTAÇÃO PÓ, SABOR TRADICIONAL;40572454000151;V4 COMERCIO DE ALIMENTOS LTDA;001;1;300,00;300,00;0,00;0,00;16,45;4935,00;0,00;26/03/2024;27/03/2024;27/03/2025;Não;27/03/2024;27/03/2024
atas_itens_RT_2024_p1.json;2026-07-29 14:27:28;00011/2024;10673078000120-1-000094/2023-000001;10673078000120-1-000094/2023;15813205000372023;00334;00037;2023;05;Pregão;158132;INST.FED.DE EDUC.,CIENC.E TEC.DO MAT.G.DO SUL;463594;19766;CAFÉ;Material;CAFÉ, APRESENTAÇÃO TORRADO MOÍDO, INTENSIDADE SUAVE, TIPO TRADICIONAL, EMPACOTAMENTO VÁCUO;40572454000151;V4 COMERCIO DE ALIMENTOS LTDA;001;1;10,00;10,00;0,00;0,00;11,29;112,90;0,00;26/03/2024;27/03/2024;27/03/2025;Não;27/03/2024;27/03/2024
atas_itens_RT_2024_p1.json;2026-07-29 14:27:28;00011/2024;10673078000120-1-000094/2023-000001;10673078000120-1-000094/2023;15813205000372023;00335;00037;2023;05;Pregão;158132;INST.FED.DE EDUC.,CIENC.E TEC.DO MAT.G.DO SUL;447383;4548;CARNE BOVINA IN NATURA;Material;CARNE BOVINA IN NATURA, TIPO CORTE ACÉM, APRESENTAÇÃO PEÇA INTEIRA, PROCESSAMENTO SEM OSSO, ESTADO DE CONSERVAÇÃO CONGELADO(A);10144274000108;ZELLITEC COMERCIO DE PRODUTOS ALIMENTICIOS LTDA;001;1;1731,00;1731,00;0,00;0,00;21,70;37562,70;0,00;26/03/2024;27/03/2024;27/03/2025;Não;27/03/2024;27/03/2024
atas_itens_RT_2024_p1.json;2026-07-29 14:27:28;00011/2024;10673078000120-1-000094/2023-000001;10673078000120-1-000094/2023;15813205000372023;00336;00037;2023;05;Pregão;158132;INST.FED.DE EDUC.,CIENC.E TEC.DO MAT.G.DO SUL;451059;4548;CARNE BOVINA IN NATURA;Material;CARNE BOVINA IN NATURA, TIPO CORTE ACÉM, APRESENTAÇÃO MOIDA, ESTADO DE CONSERVAÇÃO CONGELADO(A);40572454000151;V4 COMERCIO DE ALIMENTOS LTDA;001;1;2193,00;2193,00;0,00;0,00;20,95;45943,35;0,00;26/03/2024;27/03/2024;27/03/2025;Não;27/03/2024;27/03/2024
atas_itens_RT_2024_p1.json;2026-07-29 14:27:28;00011/2024;10673078000120-1-000094/2023-000001;10673078000120-1-000094/2023;15813205000372023;00337;00037;2023;05;Pregão;158132;INST.FED.DE EDUC.,CIENC.E TEC.DO MAT.G.DO SUL;447508;17294;CARNE SUÍNA IN NATURA;Material;CARNE SUÍNA IN NATURA, TIPO CORTE CARRÉ (BISTECA), APRESENTAÇÃO FATIADA, PROCESSAMENTO COM OSSO, ESTADO DE CONSERVAÇÃO CONGELADO(A);10626630000120;MANAIM COMERCIAL LTDA;001;1;1662,00;1662,00;0,00;0,00;16,87;28037,94;0,00;26/03/2024;27/03/2024;27/03/2025;Não;27/03/2024;27/03/2024
atas_itens_RT_2024_p1.json;2026-07-29 14:27:28;00011/2024;10673078000120-1-000094/2023-000001;10673078000120-1-000094/2023;15813205000372023;00338;00037;2023;05;Pregão;158132;INST.FED.DE EDUC.,CIENC.E TEC.DO MAT.G.DO SUL;463781;19772;LEGUME IN NATURA;Material;LEGUME IN NATURA, TIPO CEBOLA BRANCA;40572454000151;V4 COMERCIO DE ALIMENTOS LTDA;001;1;231,00;231,00;0,00;0,00;4,98;1150,38;0,00;26/03/2024;27/03/2024;27/03/2025;Não;27/03/2024;27/03/2024
atas_itens_RT_2024_p1.json;2026-07-29 14:27:28;00011/2024;10673078000120-1-000094/2023-000001;10673078000120-1-000094/2023;15813205000372023;00342;00037;2023;05;Pregão;158132;INST.FED.DE EDUC.,CIENC.E TEC.DO MAT.G.DO SUL;447732;3267;CARNE SALGADA;Material;CARNE SALGADA, TIPO CORTE MÚSCULO DIANTEIRO- CHARQUE, ORIGEM BOVINA, APRESENTAÇÃO CORTADA, ESTADO DE CONSERVAÇÃO SECO(A);40572454000151;V4 COMERCIO DE ALIMENTOS LTDA;001;1;462,00;462,00;0,00;0,00;31,95;14760,90;0,00;26/03/2024;27/03/2024;27/03/2025;Não;27/03/2024;27/03/2024
atas_itens_RT_2024_p1.json;2026-07-29 14:27:28;00011/2024;10673078000120-1-000094/2023-000001;10673078000120-1-000094/2023;15813205000372023;00346;00037;2023;05;Pregão;158132;INST.FED.DE EDUC.,CIENC.E TEC.DO MAT.G.DO SUL;447636;4550;CARNE DE AVE IN NATURA;Material;CARNE DE AVE IN NATURA, TIPO ANIMAL FRANGO, TIPO CORTE COXA E SOBRECOXA, APRESENTAÇÃO INTEIRO, ESTADO DE CONSERVAÇÃO CONGELADO(A), PROCESSAMENTO COM PELE, COM OSSO;10144274000108;ZELLITEC COMERCIO DE PRODUTOS ALIMENTICIOS LTDA;001;1;2597,00;2597,00;0,00;0,00;7,70;19996,90;0,00;26/03/2024;27/03/2024;27/03/2025;Não;27/03/2024;27/03/2024
atas_itens_RT_2024_p1.json;2026-07-29 14:27:28;00011/2024;10673078000120-1-000094/2023-000001;10673078000120-1-000094/2023;15813205000372023;00350;00037;2023;05;Pregão;158132;INST.FED.DE EDUC.,CIENC.E TEC.DO MAT.G.DO SUL;346922;7261;EXTRATO ALIMENTÍCIO;Material;EXTRATO ALIMENTÍCIO, INGREDIENTE BÁSICO TOMATE, PRAZO VALIDADE 12 MESES, CONSERVAÇÃO ISENTO DE FERMENTAÇÃO, CARACTERÍSTICAS ADICIONAIS MADUROS, SELECIONADOS, SEM PELE E SEM SEMENTES;40572454000151;V4 COMERCIO DE ALIMENTOS LTDA;001;1;685,00;685,00;0,00;0,00;4,25;2911,25;0,00;26/03/2024;27/03/2024;27/03/2025;Não;27/03/2024;27/03/2024
atas_itens_RT_2024_p1.json;2026-07-29 14:27:28;00011/2024;10673078000120-1-000094/2023-000001;10673078000120-1-000094/2023;15813205000372023;00351;00037;2023;05;Pregão;158132;INST.FED.DE EDUC.,CIENC.E TEC.DO MAT.G.DO SUL;458918;19692;FARINHA DE MANDIOCA;Material;FARINHA DE MANDIOCA, GRUPO SECA, SUBGRUPO BRANCA, CLASSE FINA, ASPECTO FÍSICO TIPO 1, ACIDEZ BAIXA ACIDEZ;40572454000151;V4 COMERCIO DE ALIMENTOS LTDA;001;1;346,00;346,00;0,00;0,00;5,15;1781,90;0,00;26/03/2024;27/03/2024;27/03/2025;Não;27/03/2024;27/03/2024
atas_itens_RT_2024_p1.json;2026-07-29 14:27:28;00011/2024;10673078000120-1-000094/2023-000001;10673078000120-1-000094/2023;15813205000372023;00352;00037;2023;05;Pregão;158132;INST.FED.DE EDUC.,CIENC.E TEC.DO MAT.G.DO SUL;465332;19720;FARINHA DE TRIGO;Material;FARINHA DE TRIGO, GRUPO INDUSTRIAL, TIPO TIPO 1, ESPECIAL, INGREDIENTE ADICIONAL SEM FERMENTO;10144274000108;ZELLITEC COMERCIO DE PRODUTOS ALIMENTICIOS LTDA;001;1;450,00;450,00;0,00;0,00;3,30;1485,00;0,00;26/03/2024;27/03/2024;27/03/2025;Não;27/03/2024;27/03/2024
atas_itens_RT_2024_p1.json;2026-07-29 14:27:28;00011/2024;10673078000120-1-000094/2023-000001;10673078000120-1-000094/2023;15813205000372023;00353;00037;2023;05;Pregão;158132;INST.FED.DE EDUC.,CIENC.E TEC.DO MAT.G.DO SUL;464553;19792;LEGUMINOSA;Material;LEGUMINOSA, VARIEDADE FEIJÃO CARIOCA, TIPO TIPO 1;10144274000108;ZELLITEC COMERCIO DE PRODUTOS ALIMENTICIOS LTDA;001;1;3603,00;3603,00;0,00;0,00;6,30;22698,90;0,00;26/03/2024;27/03/2024;27/03/2025;Não;27/03/2024;27/03/2024
atas_itens_RT_2024_p1.json;2026-07-29 14:27:28;00011/2024;10673078000120-1-000094/2023-000001;10673078000120-1-000094/2023;15813205000372023;00354;00037;2023;05;Pregão;158132;INST.FED.DE EDUC.,CIENC.E TEC.DO MAT.G.DO SUL;459586;19712;FERMENTO;Material;FERMENTO, TIPO QUÍMICO, APRESENTAÇÃO PÓ;40572454000151;V4 COMERCIO DE ALIMENTOS LTDA;001;1;255,00;255,00;0,00;0,00;2,75;701,25;0,00;26/03/2024;27/03/2024;27/03/2025;Não;27/03/2024;27/03/2024
atas_itens_RT_2024_p1.json;2026-07-29 14:27:28;00011/2024;10673078000120-1-000094/2023-000001;10673078000120-1-000094/2023;15813205000372023;00355;00037;2023;05;Pregão;158132;INST.FED.DE EDUC.,CIENC.E TEC.DO MAT.G.DO SUL;241343;7795;FÓSFORO;Material;FÓSFORO, MATERIAL CORPO MADEIRA, COR CABEÇA VERMELHA, TIPO LONGO;40572454000151;V4 COMERCIO DE ALIMENTOS LTDA;001;1;20,00;20,00;0,00;0,00;3,60;72,00;0,00;26/03/2024;27/03/2024;27/03/2025;Não;27/03/2024;27/03/2024
atas_itens_RT_2024_p1.json;2026-07-29 14:27:28;00011/2024;10673078000120-1-000094/2023-000001;10673078000120-1-000094/2023;15813205000372023;00356;00037;2023;05;Pregão;158132;INST.FED.DE EDUC.,CIENC.E TEC.DO MAT.G.DO SUL;470688;19694;FARINHA DE MILHO;Material;FARINHA DE MILHO, GRÃO AMARELO, TIPO FUBÁ, CARACTERÍSTICA ADICIONAL NÃO TRANSGÊNICO;10144274000108;ZELLITEC COMERCIO DE PRODUTOS ALIMENTICIOS LTDA;001;1;165,00;165,00;0,00;0,00;3,30;544,50;0,00;26/03/2024;27/03/2024;27/03/2025;Não;27/03/2024;27/03/2024
atas_itens_RT_2024_p1.json;2026-07-29 14:27:28;00011/2024;10673078000120-1-000094/2023-000001;10673078000120-1-000094/2023;15813205000372023;00360;00037;2023;05;Pregão;158132;INST.FED.DE EDUC.,CIENC.E TEC.DO MAT.G.DO SUL;447702;9806;EMBUTIDO;Material;EMBUTIDO, TIPO LINGUIÇA CALABRESA, TAMANHO GROSSA, TIPO PREPARAÇÃO DEFUMADA, ESTADO DE CONSERVAÇÃO RESFRIADO(A);10144274000108;ZELLITEC COMERCIO DE PRODUTOS ALIMENTICIOS LTDA;001;1;577,00;577,00;0,00;0,00;15,00;8655,00;0,00;26/03/2024;27/03/2024;27/03/2025;Não;27/03/2024;27/03/2024
atas_itens_RT_2024_p1.json;2026-07-29 14:27:28;00011/2024;10673078000120-1-000094/2023-000001;10673078000120-1-000094/2023;15813205000372023;00362;00037;2023;05;Pregão;158132;INST.FED.DE EDUC.,CIENC.E TEC.DO MAT.G.DO SUL;464401;19789;FRUTA;Material;FRUTA, TIPO MAÇÃ FUJI, APRESENTAÇÃO NATURAL;40572454000151;V4 COMERCIO DE ALIMENTOS LTDA;001;1;754,00;754,00;0,00;0,00;8,37;6310,98;0,00;26/03/2024;27/03/2024;27/03/2025;Não;27/03/2024;27/03/2024
atas_itens_RT_2024_p1.json;2026-07-29 14:27:28;00011/2024;10673078000120-1-000094/2023-000001;10673078000120-1-000094/2023;15813205000372023;00363;00037;2023;05;Pregão;158132;INST.FED.DE EDUC.,CIENC.E TEC.DO MAT.G.DO SUL;458955;19691;MACARRÃO;Material;MACARRÃO, TEOR DE UMIDADE MASSA SECA, BASE DA MASSA DE SÊMOLA/SEMOLINA, INGREDIENTES ADICIONAIS COM OVOS, APRESENTAÇÃO ESPAGUETE;10144274000108;ZELLITEC COMERCIO DE PRODUTOS ALIMENTICIOS LTDA;001;1;1454,00;1454,00;0,00;0,00;3,20;4652,80;0,00;26/03/2024;27/03/2024;27/03/2025;Não;27/03/2024;27/03/2024
atas_itens_RT_2024_p1.json;2026-07-29 14:27:28;00011/2024;10673078000120-1-000094/2023-000001;10673078000120-1-000094/2023;15813205000372023;00364;00037;2023;05;Pregão;158132;INST.FED.DE EDUC.,CIENC.E TEC.DO MAT.G.DO SUL;464405;19789;FRUTA;Material;FRUTA, TIPO MAMÃO FORMOSA, APRESENTAÇÃO NATURAL;40572454000151;V4 COMERCIO DE ALIMENTOS LTDA;001;1;600,00;600,00;0,00;0,00;8,36;5016,00;0,00;26/03/2024;27/03/2024;27/03/2025;Não;27/03/2024;27/03/2024
atas_itens_RT_2024_p1.json;2026-07-29 14:27:28;00011/2024;10673078000120-1-000094/2023-000001;10673078000120-1-000094/2023;15813205000372023;00365;00037;2023;05;Pregão;158132;INST.FED.DE EDUC.,CIENC.E TEC.DO MAT.G.DO SUL;463795;19772;LEGUME IN NATURA;Material;LEGUME IN NATURA, TIPO MANDIOCA/ AIPIM;40572454000151;V4 COMERCIO DE ALIMENTOS LTDA;001;1;121,00;121,00;0,00;0,00;6,15;744,15;0,00;26/03/2024;27/03/2024;27/03/2025;Não;27/03/2024;27/03/2024
atas_itens_RT_2024_p1.json;2026-07-29 14:27:28;00011/2024;10673078000120-1-000094/2023-000001;10673078000120-1-000094/2023;15813205000372023;00370;00037;2023;05;Pregão;158132;INST.FED.DE EDUC.,CIENC.E TEC.DO MAT.G.DO SUL;464418;19789;FRUTA;Material;FRUTA, TIPO MELANCIA VERMELHA, APRESENTAÇÃO NATURAL;40572454000151;V4 COMERCIO DE ALIMENTOS LTDA;001;1;600,00;600,00;0,00;0,00;2,25;1350,00;0,00;26/03/2024;27/03/2024;27/03/2025;Não;27/03/2024;27/03/2024
atas_itens_RT_2024_p1.json;2026-07-29 14:27:28;00011/2024;10673078000120-1-000094/2023-000001;10673078000120-1-000094/2023;15813205000372023;00371;00037;2023;05;Pregão;158132;INST.FED.DE EDUC.,CIENC.E TEC.DO MAT.G.DO SUL;464422;19789;FRUTA;Material;FRUTA, TIPO MELÃO AMARELO, APRESENTAÇÃO NATURAL;40572454000151;V4 COMERCIO DE ALIMENTOS LTDA;001;1;200,00;200,00;0,00;0,00;4,09;818,00;0,00;26/03/2024;27/03/2024;27/03/2025;Não;27/03/2024;27/03/2024
atas_itens_RT_2024_p1.json;2026-07-29 14:27:28;00011/2024;10673078000120-1-000094/2023-000001;10673078000120-1-000094/2023;15813205000372023;00372;00037;2023;05;Pregão;158132;INST.FED.DE EDUC.,CIENC.E TEC.DO MAT.G.DO SUL;462824;19714;LEGUME EM CONSERVA;Material;LEGUME EM CONSERVA, TIPO MILHO VERDE;40572454000151;V4 COMERCIO DE ALIMENTOS LTDA;001;1;173,00;173,00;0,00;0,00;35,95;6219,35;0,00;26/03/2024;27/03/2024;27/03/2025;Não;27/03/2024;27/03/2024
atas_itens_RT_2024_p1.json;2026-07-29 14:27:28;00011/2024;10673078000120-1-000094/2023-000001;10673078000120-1-000094/2023;15813205000372023;00373;00037;2023;05;Pregão;158132;INST.FED.DE EDUC.,CIENC.E TEC.DO MAT.G.DO SUL;447781;2156;FRIOS;Material;FRIOS, VARIEDADE MORTADELA, TIPO BOLOGNA, TIPO PREPARAÇÃO DEFUMADO, APRESENTAÇÃO FATIADO, ESTADO DE CONSERVAÇÃO RESFRIADO(A);40572454000151;V4 COMERCIO DE ALIMENTOS LTDA;001;1;30,00;30,00;0,00;0,00;14,50;435,00;0,00;26/03/2024;27/03/2024;27/03/2025;Não;27/03/2024;27/03/2024
atas_itens_RT_2024_p1.json;2026-07-29 14:27:28;00011/2024;10673078000120-1-000094/2023-000001;10673078000120-1-000094/2023;15813205000372023;00374;00037;2023;05;Pregão;158132;INST.FED.DE EDUC.,CIENC.E TEC.DO MAT.G.DO SUL;416665;10213;ÓLEO VEGETAL;Material;ÓLEO VEGETAL, MATÉRIA PRIMA SOJA, TIPO DEGOMADO;40572454000151;V4 COMERCIO DE ALIMENTOS LTDA;001;1;1131,00;1131,00;0,00;0,00;6,19;7000,89;0,00;26/03/2024;27/03/2024;27/03/2025;Não;27/03/2024;27/03/2024
atas_itens_RT_2024_p1.json;2026-07-29 14:27:28;00011/2024;10673078000120-1-000094/2023-000001;10673078000120-1-000094/2023;15813205000372023;00375;00037;2023;05;Pregão;158132;INST.FED.DE EDUC.,CIENC.E TEC.DO MAT.G.DO SUL;463916;19774;CONDIMENTO;Material;CONDIMENTO, TIPO ORÉGANO, APRESENTAÇÃO DESIDRATADO;40572454000151;V4 COMERCIO DE ALIMENTOS LTDA;001;1;58,00;58,00;0,00;0,00;35,95;2085,10;0,00;26/03/2024;27/03/2024;27/03/2025;Não;27/03/2024;27/03/2024
atas_itens_RT_2024_p1.json;2026-07-29 14:27:28;00011/2024;10673078000120-1-000094/2023-000001;10673078000120-1-000094/2023;15813205000372023;00376;00037;2023;05;Pregão;158132;INST.FED.DE EDUC.,CIENC.E TEC.DO MAT.G.DO SUL;446618;19586;OVO;Material;OVO, ORIGEM GALINHA, GRUPO BRANCO, CLASSE A, TIPO GRANDE;40572454000151;V4 COMERCIO DE ALIMENTOS LTDA;001;1;549,00;549,00;0,00;0,00;16,95;9305,55;0,00;26/03/2024;27/03/2024;27/03/2025;Não;27/03/2024;27/03/2024
atas_itens_RT_2024_p1.json;2026-07-29 14:27:28;00011/2024;10673078000120-1-000094/2023-000001;10673078000120-1-000094/2023;15813205000372023;00377;00037;2023;05;Pregão;158132;INST.FED.DE EDUC.,CIENC.E TEC.DO MAT.G.DO SUL;460402;19721;PÃO;Material;PÃO, BASE DE FARINHA DE TRIGO REFINADA, TIPO DE FORMA, TIPO ADICIONAL DE LEITE , APRESENTAÇÃO FATIADO, TIPO EMBALAGEM EMBALAGEM INDIVIDUAL;40572454000151;V4 COMERCIO DE ALIMENTOS LTDA;001;1;1655,00;1655,00;0,00;0,00;0,86;1423,30;0,00;26/03/2024;27/03/2024;27/03/2025;Não;27/03/2024;27/03/2024
atas_itens_RT_2024_p1.json;2026-07-29 14:27:28;00011/2024;10673078000120-1-000094/2023-000001;10673078000120-1-000094/2023;15813205000372023;00379;00037;2023;05;Pregão;158132;INST.FED.DE EDUC.,CIENC.E TEC.DO MAT.G.DO SUL;460408;19721;PÃO;Material;PÃO, BASE DE FARINHA DE MILHO E DE TRIGO REFINADA, TIPO DE FORMA, APRESENTAÇÃO FATIADO, TIPO EMBALAGEM EMBALAGEM INDIVIDUAL;40572454000151;V4 COMERCIO DE ALIMENTOS LTDA;001;1;160,00;160,00;0,00;0,00;8,45;1352,00;0,00;26/03/2024;27/03/2024;27/03/2025;Não;27/03/2024;27/03/2024
atas_itens_RT_2024_p1.json;2026-07-29 14:27:28;00011/2024;10673078000120-1-000094/2023-000001;10673078000120-1-000094/2023;15813205000372023;00380;00037;2023;05;Pregão;158132;INST.FED.DE EDUC.,CIENC.E TEC.DO MAT.G.DO SUL;447581;4550;CARNE DE AVE IN NATURA;Material;CARNE DE AVE IN NATURA, TIPO ANIMAL FRANGO, TIPO CORTE FILÉ DE PEITO, APRESENTAÇÃO FATIADO, ESTADO DE CONSERVAÇÃO CONGELADO(A), PROCESSAMENTO SEM PELE, SEM OSSO;40572454000151;V4 COMERCIO DE ALIMENTOS LTDA;001;1;1869,00;1869,00;0,00;0,00;16,05;29997,45;0,00;26/03/2024;27/03/2024;27/03/2025;Não;27/03/2024;27/03/2024
atas_itens_RT_2024_p1.json;2026-07-29 14:27:28;00011/2024;10673078000120-1-000094/2023-000001;10673078000120-1-000094/2023;15813205000372023;00381;00037;2023;05;Pregão;158132;INST.FED.DE EDUC.,CIENC.E TEC.DO MAT.G.DO SUL;463796;19772;LEGUME IN NATURA;Material;LEGUME IN NATURA, TIPO PEPINO;40572454000151;V4 COMERCIO DE ALIMENTOS LTDA;001;1;200,00;200,00;0,00;0,00;6,78;1356,00;0,00;26/03/2024;27/03/2024;27/03/2025;Não;27/03/2024;27/03/2024
atas_itens_RT_2024_p1.json;2026-07-29 14:27:28;00011/2024;10673078000120-1-000094/2023-000001;10673078000120-1-000094/2023;15813205000372023;00382;00037;2023;05;Pregão;158132;INST.FED.DE EDUC.,CIENC.E TEC.DO MAT.G.DO SUL;448953;9382;PEIXE IN NATURA;Material;PEIXE IN NATURA, VARIEDADE TILÁPIA, TIPO CORTE FILÉ, APRESENTAÇÃO SEM PELE, ESTADO DE CONSERVAÇÃO CONGELADO(A);10144274000108;ZELLITEC COMERCIO DE PRODUTOS ALIMENTICIOS LTDA;001;1;692,00;692,00;0,00;0,00;35,00;24220,00;0,00;26/03/2024;27/03/2024;27/03/2025;Não;27/03/2024;27/03/2024
atas_itens_RT_2024_p1.json;2026-07-29 14:27:28;00011/2024;10673078000120-1-000094/2023-000001;10673078000120-1-000094/2023;15813205000372023;00384;00037;2023;05;Pregão;158132;INST.FED.DE EDUC.,CIENC.E TEC.DO MAT.G.DO SUL;447774;2156;FRIOS;Material;FRIOS, VARIEDADE PRESUNTO DE PERNIL, TIPO PREPARAÇÃO COZIDO, COMPOSIÇÃO SEM CAPA DE GORDURA, APRESENTAÇÃO FATIADO, ESTADO DE CONSERVAÇÃO RESFRIADO(A);10144274000108;ZELLITEC COMERCIO DE PRODUTOS ALIMENTICIOS LTDA;001;1;20,00;20,00;0,00;0,00;17,50;350,00;0,00;26/03/2024;27/03/2024;27/03/2025;Não;27/03/2024;27/03/2024
atas_itens_RT_2024_p1.json;2026-07-29 14:27:28;00011/2024;10673078000120-1-000094/2023-000001;10673078000120-1-000094/2023;15813205000372023;00385;00037;2023;05;Pregão;158132;INST.FED.DE EDUC.,CIENC.E TEC.DO MAT.G.DO SUL;446633;11534;QUEIJO;Material;QUEIJO, ORIGEM DE VACA, VARIEDADE MUÇARELA, APRESENTAÇÃO PEÇA;40572454000151;V4 COMERCIO DE ALIMENTOS LTDA;001;1;202,00;202,00;0,00;0,00;33,95;6857,90;0,00;26/03/2024;27/03/2024;27/03/2025;Não;27/03/2024;27/03/2024
atas_itens_RT_2024_p1.json;2026-07-29 14:27:28;00011/2024;10673078000120-1-000094/2023-000001;10673078000120-1-000094/2023;15813205000372023;00387;00037;2023;05;Pregão;158132;INST.FED.DE EDUC.,CIENC.E TEC.DO MAT.G.DO SUL;463829;19773;VERDURA IN NATURA;Material;VERDURA IN NATURA, TIPO REPOLHO ROXO;40572454000151;V4 COMERCIO DE ALIMENTOS LTDA;001;1;300,00;300,00;0,00;0,00;4,50;1350,00;0,00;26/03/2024;27/03/2024;27/03/2025;Não;27/03/2024;27/03/2024
atas_itens_RT_2024_p1.json;2026-07-29 14:27:28;00011/2024;10673078000120-1-000094/2023-000001;10673078000120-1-000094/2023;15813205000372023;00388;00037;2023;05;Pregão;158132;INST.FED.DE EDUC.,CIENC.E TEC.DO MAT.G.DO SUL;463839;19773;VERDURA IN NATURA;Material;VERDURA IN NATURA, TIPO REPOLHO BRANCO/ VERDE;40572454000151;V4 COMERCIO DE ALIMENTOS LTDA;001;1;400,00;400,00;0,00;0,00;3,15;1260,00;0,00;26/03/2024;27/03/2024;27/03/2025;Não;27/03/2024;27/03/2024
atas_itens_RT_2024_p1.json;2026-07-29 14:27:28;00011/2024;10673078000120-1-000094/2023-000001;10673078000120-1-000094/2023;15813205000372023;00390;00037;2023;05;Pregão;158132;INST.FED.DE EDUC.,CIENC.E TEC.DO MAT.G.DO SUL;456476;11902;SACO;Material;SACO, MATERIAL POLIETILENO TRANSPARENTE, CAPACIDADE 120 ML, APLICAÇÃO COLETA DE AMOSTRAS DE ÁGUA, CARACTERÍSTICAS ADICIONAIS 1 ESTERILIZADO, COM TARJA DE IDENTIFICAÇÃO;05291541000130;TY BORTHOLIN COMERCIAL LTDA;001;1;2,00;2,00;0,00;0,00;125,14;250,28;0,00;26/03/2024;27/03/2024;27/03/2025;Não;27/03/2024;27/03/2024
atas_itens_RT_2024_p1.json;2026-07-29 14:27:28;00011/2024;10673078000120-1-000094/2023-000001;10673078000120-1-000094/2023;15813205000372023;00391;00037;2023;05;Pregão;158132;INST.FED.DE EDUC.,CIENC.E TEC.DO MAT.G.DO SUL;461092;852;SAL;Material;SAL, TIPO REFINADO, APLICAÇÃO ALIMENTÍCIA, TEOR MÁXIMO SÓDIO 390 MG/G, ADITIVOS IODATO DE POTASSIO E ANTIUMECTANTE FERROCIANETO D E;40572454000151;V4 COMERCIO DE ALIMENTOS LTDA;001;1;346,00;346,00;0,00;0,00;2,15;743,90;0,00;26/03/2024;27/03/2024;27/03/2025;Não;27/03/2024;27/03/2024
atas_itens_RT_2024_p1.json;2026-07-29 14:27:28;00011/2024;10673078000120-1-000094/2023-000001;10673078000120-1-000094/2023;15813205000372023;00393;00037;2023;05;Pregão;158132;INST.FED.DE EDUC.,CIENC.E TEC.DO MAT.G.DO SUL;279606;948;SUCO;Material;SUCO, APRESENTAÇÃO LÍQUIDO, SABOR LIMÃO, TIPO NATURAL, CARACTERÍSTICAS ADICIONAIS CONCENTRADO;40572454000151;V4 COMERCIO DE ALIMENTOS LTDA;001;1;150,00;150,00;0,00;0,00;5,34;801,00;0,00;26/03/2024;27/03/2024;27/03/2025;Não;27/03/2024;27/03/2024
atas_itens_RT_2024_p1.json;2026-07-29 14:27:28;00011/2024;10673078000120-1-000094/2023-000001;10673078000120-1-000094/2023;15813205000372023;00394;00037;2023;05;Pregão;158132;INST.FED.DE EDUC.,CIENC.E TEC.DO MAT.G.DO SUL;464754;948;SUCO;Material;SUCO, APRESENTAÇÃO LÍQUIDO, SABOR MANGA, TIPO NATURAL, CARACTERÍSTICAS ADICIONAIS CONCENTRADO, RENDIMENTO MÍNIMO, 1 PARTE DE SUCO-;40572454000151;V4 COMERCIO DE ALIMENTOS LTDA;001;1;150,00;150,00;0,00;0,00;5,29;793,50;0,00;26/03/2024;27/03/2024;27/03/2025;Não;27/03/2024;27/03/2024
atas_itens_RT_2024_p1.json;2026-07-29 14:27:28;00011/2024;10673078000120-1-000094/2023-000001;10673078000120-1-000094/2023;15813205000372023;00395;00037;2023;05;Pregão;158132;INST.FED.DE EDUC.,CIENC.E TEC.DO MAT.G.DO SUL;486402;948;SUCO;Material;SUCO, APRESENTAÇÃO CONCENTRADO, SABOR CAJÚ, TIPO INDUSTRIALIZADO, CARACTERÍSTICAS ADICIONAIS SEM AÇUCAR E SEM GLÚTEN;40572454000151;V4 COMERCIO DE ALIMENTOS LTDA;001;1;150,00;150,00;0,00;0,00;5,23;784,50;0,00;26/03/2024;27/03/2024;27/03/2025;Não;27/03/2024;27/03/2024
atas_itens_RT_2024_p1.json;2026-07-29 14:27:28;00011/2024;10673078000120-1-000094/2023-000001;10673078000120-1-000094/2023;15813205000372023;00396;00037;2023;05;Pregão;158132;INST.FED.DE EDUC.,CIENC.E TEC.DO MAT.G.DO SUL;464759;948;SUCO;Material;SUCO, APRESENTAÇÃO LÍQUIDO, SABOR GOIABA, TIPO NATURAL, CARACTERÍSTICAS ADICIONAIS CONCENTRADO, RENDIMENTO MÍNIMO, 1 PARTE DE SUCO-;40572454000151;V4 COMERCIO DE ALIMENTOS LTDA;001;1;150,00;150,00;0,00;0,00;5,29;793,50;0,00;26/03/2024;27/03/2024;27/03/2025;Não;27/03/2024;27/03/2024
atas_itens_RT_2024_p1.json;2026-07-29 14:27:28;00011/2024;10673078000120-1-000094/2023-000001;10673078000120-1-000094/2023;15813205000372023;00397;00037;2023;05;Pregão;158132;INST.FED.DE EDUC.,CIENC.E TEC.DO MAT.G.DO SUL;464751;948;SUCO;Material;SUCO, APRESENTAÇÃO LÍQUIDO, SABOR MARACUJÁ, TIPO NATURAL, CARACTERÍSTICAS ADICIONAIS CONCENTRADO, RENDIMENTO MÍNIMO, 1 PARTE DE SUCO-;40572454000151;V4 COMERCIO DE ALIMENTOS LTDA;001;1;150,00;150,00;0,00;0,00;5,29;793,50;0,00;26/03/2024;27/03/2024;27/03/2025;Não;27/03/2024;27/03/2024
atas_itens_RT_2024_p1.json;2026-07-29 14:27:28;00011/2024;10673078000120-1-000094/2023-000001;10673078000120-1-000094/2023;15813205000372023;00398;00037;2023;05;Pregão;158132;INST.FED.DE EDUC.,CIENC.E TEC.DO MAT.G.DO SUL;486400;948;SUCO;Material;SUCO, APRESENTAÇÃO CONCENTRADO, SABOR UVA, TIPO INDUSTRIALIZADO, CARACTERÍSTICAS ADICIONAIS SEM AÇUCAR E SEM GLÚTEN;40572454000151;V4 COMERCIO DE ALIMENTOS LTDA;001;1;150,00;150,00;0,00;0,00;5,25;787,50;0,00;26/03/2024;27/03/2024;27/03/2025;Não;27/03/2024;27/03/2024
atas_itens_RT_2024_p1.json;2026-07-29 14:27:28;00011/2024;10673078000120-1-000094/2023-000001;10673078000120-1-000094/2023;15813205000372023;00409;00037;2023;05;Pregão;158132;INST.FED.DE EDUC.,CIENC.E TEC.DO MAT.G.DO SUL;463938;19774;CONDIMENTO;Material;CONDIMENTO, TIPO ALHO, APRESENTAÇÃO NATURAL, ADICIONAL CABEÇA;10144274000108;ZELLITEC COMERCIO DE PRODUTOS ALIMENTICIOS LTDA;001;1;336,00;336,00;0,00;0,00;23,00;7728,00;0,00;26/03/2024;27/03/2024;27/03/2025;Não;27/03/2024;27/03/2024
atas_itens_RT_2024_p1.json;2026-07-29 14:27:28;00011/2024;10673078000120-1-000094/2023-000001;10673078000120-1-000094/2023;15813205000372023;00418;00037;2023;05;Pregão;158132;INST.FED.DE EDUC.,CIENC.E TEC.DO MAT.G.DO SUL;447383;4548;CARNE BOVINA IN NATURA;Material;CARNE BOVINA IN NATURA, TIPO CORTE ACÉM, APRESENTAÇÃO PEÇA INTEIRA, PROCESSAMENTO SEM OSSO, ESTADO DE CONSERVAÇÃO CONGELADO(A);10144274000108;ZELLITEC COMERCIO DE PRODUTOS ALIMENTICIOS LTDA;001;1;1680,00;1680,00;0,00;0,00;19,90;33432,00;0,00;26/03/2024;27/03/2024;27/03/2025;Não;27/03/2024;27/03/2024
atas_itens_RT_2024_p1.json;2026-07-29 14:27:28;00011/2024;10673078000120-1-000094/2023-000001;10673078000120-1-000094/2023;15813205000372023;00426;00037;2023;05;Pregão;158132;INST.FED.DE EDUC.,CIENC.E TEC.DO MAT.G.DO SUL;447636;4550;CARNE DE AVE IN NATURA;Material;CARNE DE AVE IN NATURA, TIPO ANIMAL FRANGO, TIPO CORTE COXA E SOBRECOXA, APRESENTAÇÃO INTEIRO, ESTADO DE CONSERVAÇÃO CONGELADO(A), PROCESSAMENTO COM PELE, COM OSSO;10144274000108;ZELLITEC COMERCIO DE PRODUTOS ALIMENTICIOS LTDA;001;1;1008,00;1008,00;0,00;0,00;8,20;8265,60;0,00;26/03/2024;27/03/2024;27/03/2025;Não;27/03/2024;27/03/2024
atas_itens_RT_2024_p1.json;2026-07-29 14:27:28;00011/2024;10673078000120-1-000094/2023-000001;10673078000120-1-000094/2023;15813205000372023;00431;00037;2023;05;Pregão;158132;INST.FED.DE EDUC.,CIENC.E TEC.DO MAT.G.DO SUL;465332;19720;FARINHA DE TRIGO;Material;FARINHA DE TRIGO, GRUPO INDUSTRIAL, TIPO TIPO 1, ESPECIAL, INGREDIENTE ADICIONAL SEM FERMENTO;10144274000108;ZELLITEC COMERCIO DE PRODUTOS ALIMENTICIOS LTDA;001;1;630,00;630,00;0,00;0,00;3,90;2457,00;0,00;26/03/2024;27/03/2024;27/03/2025;Não;27/03/2024;27/03/2024
atas_itens_RT_2024_p1.json;2026-07-29 14:27:28;00011/2024;10673078000120-1-000094/2023-000001;10673078000120-1-000094/2023;15813205000372023;00432;00037;2023;05;Pregão;158132;INST.FED.DE EDUC.,CIENC.E TEC.DO MAT.G.DO SUL;464553;19792;LEGUMINOSA;Material;LEGUMINOSA, VARIEDADE FEIJÃO CARIOCA, TIPO TIPO 1;10144274000108;ZELLITEC COMERCIO DE PRODUTOS ALIMENTICIOS LTDA;001;1;2352,00;2352,00;0,00;0,00;6,80;15993,60;0,00;26/03/2024;27/03/2024;27/03/2025;Não;27/03/2024;27/03/2024
atas_itens_RT_2024_p1.json;2026-07-29 14:27:28;00011/2024;10673078000120-1-000094/2023-000001;10673078000120-1-000094/2023;15813205000372023;00437;00037;2023;05;Pregão;158132;INST.FED.DE EDUC.,CIENC.E TEC.DO MAT.G.DO SUL;445995;8753;LEITE FLUIDO;Material;LEITE FLUIDO, ORIGEM DE VACA, TIPO A, TEOR GORDURA INTEGRAL, PROCESSAMENTO UHT;10144274000108;ZELLITEC COMERCIO DE PRODUTOS ALIMENTICIOS LTDA;001;1;364,00;364,00;0,00;0,00;4,90;1783,60;0,00;26/03/2024;27/03/2024;27/03/2025;Não;27/03/2024;27/03/2024
atas_itens_RT_2024_p1.json;2026-07-29 14:27:28;00011/2024;10673078000120-1-000094/2023-000001;10673078000120-1-000094/2023;15813205000372023;00440;00037;2023;05;Pregão;158132;INST.FED.DE EDUC.,CIENC.E TEC.DO MAT.G.DO SUL;458955;19691;MACARRÃO;Material;MACARRÃO, TEOR DE UMIDADE MASSA SECA, BASE DA MASSA DE SÊMOLA/SEMOLINA, INGREDIENTES ADICIONAIS COM OVOS, APRESENTAÇÃO ESPAGUETE;10144274000108;ZELLITEC COMERCIO DE PRODUTOS ALIMENTICIOS LTDA;001;1;784,00;784,00;0,00;0,00;3,30;2587,20;0,00;26/03/2024;27/03/2024;27/03/2025;Não;27/03/2024;27/03/2024
atas_itens_RT_2024_p1.json;2026-07-29 14:27:28;00011/2024;10673078000120-1-000094/2023-000001;10673078000120-1-000094/2023;15813205000372023;00452;00037;2023;05;Pregão;158132;INST.FED.DE EDUC.,CIENC.E TEC.DO MAT.G.DO SUL;448953;9382;PEIXE IN NATURA;Material;PEIXE IN NATURA, VARIEDADE TILÁPIA, TIPO CORTE FILÉ, APRESENTAÇÃO SEM PELE, ESTADO DE CONSERVAÇÃO CONGELADO(A);10144274000108;ZELLITEC COMERCIO DE PRODUTOS ALIMENTICIOS LTDA;001;1;336,00;336,00;0,00;0,00;35,00;11760,00;0,00;26/03/2024;27/03/2024;27/03/2025;Não;27/03/2024;27/03/2024
atas_itens_RT_2024_p1.json;2026-07-29 14:27:28;00011/2024;10673078000120-1-000094/2023-000001;10673078000120-1-000094/2023;15813205000372023;00457;00037;2023;05;Pregão;158132;INST.FED.DE EDUC.,CIENC.E TEC.DO MAT.G.DO SUL;456476;11902;SACO;Material;SACO, MATERIAL POLIETILENO TRANSPARENTE, CAPACIDADE 120 ML, APLICAÇÃO COLETA DE AMOSTRAS DE ÁGUA, CARACTERÍSTICAS ADICIONAIS 1 ESTERILIZADO, COM TARJA DE IDENTIFICAÇÃO;05291541000130;TY BORTHOLIN COMERCIAL LTDA;001;1;4,00;4,00;0,00;0,00;125,14;500,56;0,00;26/03/2024;27/03/2024;27/03/2025;Não;27/03/2024;27/03/2024
atas_itens_RT_2024_p1.json;2026-07-29 14:27:28;00011/2024;10673078000120-1-000094/2023-000001;10673078000120-1-000094/2023;15813205000372023;00468;00037;2023;05;Pregão;158132;INST.FED.DE EDUC.,CIENC.E TEC.DO MAT.G.DO SUL;269223;853;VINAGRE;Material;VINAGRE, MATÉRIA-PRIMA FERMENTADO ACÉTICO DE ÁLCOOL E VINHO TINTO, TIPO AGRIN, ASPECTO FÍSICO LÍQUIDO;10144274000108;ZELLITEC COMERCIO DE PRODUTOS ALIMENTICIOS LTDA;001;1;448,00;448,00;0,00;0,00;5,00;2240,00;0,00;26/03/2024;27/03/2024;27/03/2025;Não;27/03/2024;27/03/2024
atas_itens_RT_2024_p1.json;2026-07-29 14:27:28;00011/2024;10673078000120-1-000094/2023-000001;10673078000120-1-000094/2023;15813205000372023;00473;00037;2023;05;Pregão;158132;INST.FED.DE EDUC.,CIENC.E TEC.DO MAT.G.DO SUL;463988;19777;AÇÚCAR;Material;AÇÚCAR, TIPO CRISTAL;10144274000108;ZELLITEC COMERCIO DE PRODUTOS ALIMENTICIOS LTDA;001;1;33,00;33,00;0,00;0,00;7,90;260,70;0,00;26/03/2024;27/03/2024;27/03/2025;Não;27/03/2024;27/03/2024
atas_itens_RT_2024_p1.json;2026-07-29 14:27:28;00011/2024;10673078000120-1-000094/2023-000001;10673078000120-1-000094/2023;15813205000372023;00476;00037;2023;05;Pregão;158132;INST.FED.DE EDUC.,CIENC.E TEC.DO MAT.G.DO SUL;463938;19774;CONDIMENTO;Material;CONDIMENTO, TIPO ALHO, APRESENTAÇÃO NATURAL, ADICIONAL CABEÇA;10144274000108;ZELLITEC COMERCIO DE PRODUTOS ALIMENTICIOS LTDA;001;1;396,00;396,00;0,00;0,00;24,90;9860,40;0,00;26/03/2024;27/03/2024;27/03/2025;Não;27/03/2024;27/03/2024
atas_itens_RT_2024_p1.json;2026-07-29 14:27:28;00011/2024;10673078000120-1-000094/2023-000001;10673078000120-1-000094/2023;15813205000372023;00479;00037;2023;05;Pregão;158132;INST.FED.DE EDUC.,CIENC.E TEC.DO MAT.G.DO SUL;447666;4552;CARNE DEFUMADA;Material;CARNE DEFUMADA, TIPO CORTE TOUCINHO (BACON), TIPO ANIMAL SUÍNA, APRESENTAÇÃO EM MANTAS, ESTADO DE CONSERVAÇÃO RESFRIADO(A);10144274000108;ZELLITEC COMERCIO DE PRODUTOS ALIMENTICIOS LTDA;001;1;99,00;99,00;0,00;0,00;24,98;2473,02;0,00;26/03/2024;27/03/2024;27/03/2025;Não;27/03/2024;27/03/2024
atas_itens_RT_2024_p1.json;2026-07-29 14:27:28;00011/2024;10673078000120-1-000094/2023-000001;10673078000120-1-000094/2023;15813205000372023;00486;00037;2023;05;Pregão;158132;INST.FED.DE EDUC.,CIENC.E TEC.DO MAT.G.DO SUL;447383;4548;CARNE BOVINA IN NATURA;Material;CARNE BOVINA IN NATURA, TIPO CORTE ACÉM, APRESENTAÇÃO PEÇA INTEIRA, PROCESSAMENTO SEM OSSO, ESTADO DE CONSERVAÇÃO CONGELADO(A);10144274000108;ZELLITEC COMERCIO DE PRODUTOS ALIMENTICIOS LTDA;001;1;2970,00;2970,00;0,00;0,00;25,12;74606,40;0,00;26/03/2024;27/03/2024;27/03/2025;Não;27/03/2024;27/03/2024
atas_itens_RT_2024_p1.json;2026-07-29 14:27:28;00011/2024;10673078000120-1-000094/2023-000001;10673078000120-1-000094/2023;15813205000372023;00487;00037;2023;05;Pregão;158132;INST.FED.DE EDUC.,CIENC.E TEC.DO MAT.G.DO SUL;451059;4548;CARNE BOVINA IN NATURA;Material;CARNE BOVINA IN NATURA, TIPO CORTE ACÉM, APRESENTAÇÃO MOIDA, ESTADO DE CONSERVAÇÃO CONGELADO(A);10144274000108;ZELLITEC COMERCIO DE PRODUTOS ALIMENTICIOS LTDA;001;1;2640,00;2640,00;0,00;0,00;22,00;58080,00;0,00;26/03/2024;27/03/2024;27/03/2025;Não;27/03/2024;27/03/2024
atas_itens_RT_2024_p1.json;2026-07-29 14:27:28;00011/2024;10673078000120-1-000094/2023-000001;10673078000120-1-000094/2023;15813205000372023;00488;00037;2023;05;Pregão;158132;INST.FED.DE EDUC.,CIENC.E TEC.DO MAT.G.DO SUL;447508;17294;CARNE SUÍNA IN NATURA;Material;CARNE SUÍNA IN NATURA, TIPO CORTE CARRÉ (BISTECA), APRESENTAÇÃO FATIADA, PROCESSAMENTO COM OSSO, ESTADO DE CONSERVAÇÃO CONGELADO(A);10626630000120;MANAIM COMERCIAL LTDA;001;1;1782,00;1782,00;0,00;0,00;17,95;31986,90;0,00;26/03/2024;27/03/2024;27/03/2025;Não;27/03/2024;27/03/2024
atas_itens_RT_2024_p1.json;2026-07-29 14:27:28;00011/2024;10673078000120-1-000094/2023-000001;10673078000120-1-000094/2023;15813205000372023;00495;00037;2023;05;Pregão;158132;INST.FED.DE EDUC.,CIENC.E TEC.DO MAT.G.DO SUL;447636;4550;CARNE DE AVE IN NATURA;Material;CARNE DE AVE IN NATURA, TIPO ANIMAL FRANGO, TIPO CORTE COXA E SOBRECOXA, APRESENTAÇÃO INTEIRO, ESTADO DE CONSERVAÇÃO CONGELADO(A), PROCESSAMENTO COM PELE, COM OSSO;10144274000108;ZELLITEC COMERCIO DE PRODUTOS ALIMENTICIOS LTDA;001;1;2970,00;2970,00;0,00;0,00;8,80;26136,00;0,00;26/03/2024;27/03/2024;27/03/2025;Não;27/03/2024;27/03/2024
atas_itens_RT_2024_p1.json;2026-07-29 14:27:28;00011/2024;10673078000120-1-000094/2023-000001;10673078000120-1-000094/2023;15813205000372023;00497;00037;2023;05;Pregão;158132;INST.FED.DE EDUC.,CIENC.E TEC.DO MAT.G.DO SUL;346922;7261;EXTRATO ALIMENTÍCIO;Material;EXTRATO ALIMENTÍCIO, INGREDIENTE BÁSICO TOMATE, PRAZO VALIDADE 12 MESES, CONSERVAÇÃO ISENTO DE FERMENTAÇÃO, CARACTERÍSTICAS ADICIONAIS MADUROS, SELECIONADOS, SEM PELE E SEM SEMENTES;10144274000108;ZELLITEC COMERCIO DE PRODUTOS ALIMENTICIOS LTDA;001;1;858,00;858,00;0,00;0,00;4,60;3946,80;0,00;26/03/2024;27/03/2024;27/03/2025;Não;27/03/2024;27/03/2024
atas_itens_RT_2024_p1.json;2026-07-29 14:27:28;00011/2024;10673078000120-1-000094/2023-000001;10673078000120-1-000094/2023;15813205000372023;00498;00037;2023;05;Pregão;158132;INST.FED.DE EDUC.,CIENC.E TEC.DO MAT.G.DO SUL;458918;19692;FARINHA DE MANDIOCA;Material;FARINHA DE MANDIOCA, GRUPO SECA, SUBGRUPO BRANCA, CLASSE FINA, ASPECTO FÍSICO TIPO 1, ACIDEZ BAIXA ACIDEZ;10144274000108;ZELLITEC COMERCIO DE PRODUTOS ALIMENTICIOS LTDA;001;1;396,00;396,00;0,00;0,00;6,50;2574,00;0,00;26/03/2024;27/03/2024;27/03/2025;Não;27/03/2024;27/03/2024
atas_itens_RT_2024_p1.json;2026-07-29 14:27:28;00011/2024;10673078000120-1-000094/2023-000001;10673078000120-1-000094/2023;15813205000372023;00499;00037;2023;05;Pregão;158132;INST.FED.DE EDUC.,CIENC.E TEC.DO MAT.G.DO SUL;464553;19792;LEGUMINOSA;Material;LEGUMINOSA, VARIEDADE FEIJÃO CARIOCA, TIPO TIPO 1;10144274000108;ZELLITEC COMERCIO DE PRODUTOS ALIMENTICIOS LTDA;001;1;3548,00;3548,00;0,00;0,00;8,30;29448,40;0,00;26/03/2024;27/03/2024;27/03/2025;Não;27/03/2024;27/03/2024
atas_itens_RT_2024_p1.json;2026-07-29 14:27:28;00011/2024;10673078000120-1-000094/2023-000001;10673078000120-1-000094/2023;15813205000372023;00503;00037;2023;05;Pregão;158132;INST.FED.DE EDUC.,CIENC.E TEC.DO MAT.G.DO SUL;447702;9806;EMBUTIDO;Material;EMBUTIDO, TIPO LINGUIÇA CALABRESA, TAMANHO GROSSA, TIPO PREPARAÇÃO DEFUMADA, ESTADO DE CONSERVAÇÃO RESFRIADO(A);10144274000108;ZELLITEC COMERCIO DE PRODUTOS ALIMENTICIOS LTDA;001;1;132,00;132,00;0,00;0,00;21,00;2772,00;0,00;26/03/2024;27/03/2024;27/03/2025;Não;27/03/2024;27/03/2024
atas_itens_RT_2024_p1.json;2026-07-29 14:27:28;00011/2024;10673078000120-1-000094/2023-000001;10673078000120-1-000094/2023;15813205000372023;00506;00037;2023;05;Pregão;158132;INST.FED.DE EDUC.,CIENC.E TEC.DO MAT.G.DO SUL;458955;19691;MACARRÃO;Material;MACARRÃO, TEOR DE UMIDADE MASSA SECA, BASE DA MASSA DE SÊMOLA/SEMOLINA, INGREDIENTES ADICIONAIS COM OVOS, APRESENTAÇÃO ESPAGUETE;10144274000108;ZELLITEC COMERCIO DE PRODUTOS ALIMENTICIOS LTDA;001;1;1386,00;1386,00;0,00;0,00;3,35;4643,10;0,00;26/03/2024;27/03/2024;27/03/2025;Não;27/03/2024;27/03/2024
atas_itens_RT_2024_p1.json;2026-07-29 14:27:28;00011/2024;10673078000120-1-000094/2023-000001;10673078000120-1-000094/2023;15813205000372023;00515;00037;2023;05;Pregão;158132;INST.FED.DE EDUC.,CIENC.E TEC.DO MAT.G.DO SUL;416665;10213;ÓLEO VEGETAL;Material;ÓLEO VEGETAL, MATÉRIA PRIMA SOJA, TIPO DEGOMADO;10144274000108;ZELLITEC COMERCIO DE PRODUTOS ALIMENTICIOS LTDA;001;1;1173,00;1173,00;0,00;0,00;6,10;7155,30;0,00;26/03/2024;27/03/2024;27/03/2025;Não;27/03/2024;27/03/2024
atas_itens_RT_2024_p1.json;2026-07-29 14:27:28;00011/2024;10673078000120-1-000094/2023-000001;10673078000120-1-000094/2023;15813205000372023;00517;00037;2023;05;Pregão;158132;INST.FED.DE EDUC.,CIENC.E TEC.DO MAT.G.DO SUL;446618;19586;OVO;Material;OVO, ORIGEM GALINHA, GRUPO BRANCO, CLASSE A, TIPO GRANDE;10144274000108;ZELLITEC COMERCIO DE PRODUTOS ALIMENTICIOS LTDA;001;1;440,00;440,00;0,00;0,00;20,00;8800,00;0,00;26/03/2024;27/03/2024;27/03/2025;Não;27/03/2024;27/03/2024
atas_itens_RT_2024_p1.json;2026-07-29 14:27:28;00011/2024;10673078000120-1-000094/2023-000001;10673078000120-1-000094/2023;15813205000372023;00519;00037;2023;05;Pregão;158132;INST.FED.DE EDUC.,CIENC.E TEC.DO MAT.G.DO SUL;447581;4550;CARNE DE AVE IN NATURA;Material;CARNE DE AVE IN NATURA, TIPO ANIMAL FRANGO, TIPO CORTE FILÉ DE PEITO, APRESENTAÇÃO FATIADO, ESTADO DE CONSERVAÇÃO CONGELADO(A), PROCESSAMENTO SEM PELE, SEM OSSO;10144274000108;ZELLITEC COMERCIO DE PRODUTOS ALIMENTICIOS LTDA;001;1;2046,00;2046,00;0,00;0,00;16,50;33759,00;0,00;26/03/2024;27/03/2024;27/03/2025;Não;27/03/2024;27/03/2024
atas_itens_RT_2024_p1.json;2026-07-29 14:27:28;00011/2024;10673078000120-1-000094/2023-000001;10673078000120-1-000094/2023;15813205000372023;00521;00037;2023;05;Pregão;158132;INST.FED.DE EDUC.,CIENC.E TEC.DO MAT.G.DO SUL;448953;9382;PEIXE IN NATURA;Material;PEIXE IN NATURA, VARIEDADE TILÁPIA, TIPO CORTE FILÉ, APRESENTAÇÃO SEM PELE, ESTADO DE CONSERVAÇÃO CONGELADO(A);10144274000108;ZELLITEC COMERCIO DE PRODUTOS ALIMENTICIOS LTDA;001;1;396,00;396,00;0,00;0,00;39,00;15444,00;0,00;26/03/2024;27/03/2024;27/03/2025;Não;27/03/2024;27/03/2024
atas_itens_RT_2024_p1.json;2026-07-29 14:27:28;00011/2024;10673078000120-1-000094/2023-000001;10673078000120-1-000094/2023;15813205000372023;00530;00037;2023;05;Pregão;158132;INST.FED.DE EDUC.,CIENC.E TEC.DO MAT.G.DO SUL;461092;852;SAL;Material;SAL, TIPO REFINADO, APLICAÇÃO ALIMENTÍCIA, TEOR MÁXIMO SÓDIO 390 MG/G, ADITIVOS IODATO DE POTASSIO E ANTIUMECTANTE FERROCIANETO D E;10144274000108;ZELLITEC COMERCIO DE PRODUTOS ALIMENTICIOS LTDA;001;1;396,00;396,00;0,00;0,00;1,75;693,00;0,00;26/03/2024;27/03/2024;27/03/2025;Não;27/03/2024;27/03/2024
atas_itens_RT_2024_p1.json;2026-07-29 14:27:28;00011/2024;10673078000120-1-000094/2023-000001;10673078000120-1-000094/2023;15813205000372023;00534;00037;2023;05;Pregão;158132;INST.FED.DE EDUC.,CIENC.E TEC.DO MAT.G.DO SUL;486402;948;SUCO;Material;SUCO, APRESENTAÇÃO CONCENTRADO, SABOR CAJÚ, TIPO INDUSTRIALIZADO, CARACTERÍSTICAS ADICIONAIS SEM AÇUCAR E SEM GLÚTEN;10144274000108;ZELLITEC COMERCIO DE PRODUTOS ALIMENTICIOS LTDA;001;1;300,00;300,00;0,00;0,00;5,24;1572,00;0,00;26/03/2024;27/03/2024;27/03/2025;Não;27/03/2024;27/03/2024
atas_itens_RT_2024_p1.json;2026-07-29 14:27:28;00011/2024;10673078000120-1-000094/2023-000001;10673078000120-1-000094/2023;15813205000372023;00541;00037;2023;05;Pregão;158132;INST.FED.DE EDUC.,CIENC.E TEC.DO MAT.G.DO SUL;269223;853;VINAGRE;Material;VINAGRE, MATÉRIA-PRIMA FERMENTADO ACÉTICO DE ÁLCOOL E VINHO TINTO, TIPO AGRIN, ASPECTO FÍSICO LÍQUIDO;10144274000108;ZELLITEC COMERCIO DE PRODUTOS ALIMENTICIOS LTDA;001;1;352,00;352,00;0,00;0,00;3,90;1372,80;0,00;26/03/2024;27/03/2024;27/03/2025;Não;27/03/2024;27/03/2024
atas_itens_RT_2024_p1.json;2026-07-29 14:27:28;00011/2024;10673078000120-1-000094/2023-000001;10673078000120-1-000094/2023;15813205000372023;00544;00037;2023;05;Pregão;158132;INST.FED.DE EDUC.,CIENC.E TEC.DO MAT.G.DO SUL;464374;19789;FRUTA;Material;FRUTA, TIPO ABACAXI PÉROLA, APRESENTAÇÃO NATURAL;40572454000151;V4 COMERCIO DE ALIMENTOS LTDA;001;1;500,00;500,00;0,00;0,00;5,68;2840,00;0,00;26/03/2024;27/03/2024;27/03/2025;Não;27/03/2024;27/03/2024
atas_itens_RT_2024_p1.json;2026-07-29 14:27:28;00011/2024;10673078000120-1-000094/2023-000001;10673078000120-1-000094/2023;15813205000372023;00546;00037;2023;05;Pregão;158132;INST.FED.DE EDUC.,CIENC.E TEC.DO MAT.G.DO SUL;463751;19772;LEGUME IN NATURA;Material;LEGUME IN NATURA, TIPO ABOBRINHA DE PESCOÇO/ MENINA;40572454000151;V4 COMERCIO DE ALIMENTOS LTDA;001;1;200,00;200,00;0,00;0,00;5,27;1054,00;0,00;26/03/2024;27/03/2024;27/03/2025;Não;27/03/2024;27/03/2024
atas_itens_RT_2024_p1.json;2026-07-29 14:27:28;00011/2024;10673078000120-1-000094/2023-000001;10673078000120-1-000094/2023;15813205000372023;00547;00037;2023;05;Pregão;158132;INST.FED.DE EDUC.,CIENC.E TEC.DO MAT.G.DO SUL;463818;19773;VERDURA IN NATURA;Material;VERDURA IN NATURA, TIPO ACELGA;40572454000151;V4 COMERCIO DE ALIMENTOS LTDA;001;1;160,00;160,00;0,00;0,00;9,49;1518,40;0,00;26/03/2024;27/03/2024;27/03/2025;Não;27/03/2024;27/03/2024
atas_itens_RT_2024_p1.json;2026-07-29 14:27:28;00011/2024;10673078000120-1-000094/2023-000001;10673078000120-1-000094/2023;15813205000372023;00548;00037;2023;05;Pregão;158132;INST.FED.DE EDUC.,CIENC.E TEC.DO MAT.G.DO SUL;463988;19777;AÇÚCAR;Material;AÇÚCAR, TIPO CRISTAL;10144274000108;ZELLITEC COMERCIO DE PRODUTOS ALIMENTICIOS LTDA;001;1;185,00;185,00;0,00;0,00;7,95;1470,75;0,00;26/03/2024;27/03/2024;27/03/2025;Não;27/03/2024;27/03/2024
atas_itens_RT_2024_p1.json;2026-07-29 14:27:28;00011/2024;10673078000120-1-000094/2023-000001;10673078000120-1-000094/2023;15813205000372023;00550;00037;2023;05;Pregão;158132;INST.FED.DE EDUC.,CIENC.E TEC.DO MAT.G.DO SUL;463938;19774;CONDIMENTO;Material;CONDIMENTO, TIPO ALHO, APRESENTAÇÃO NATURAL, ADICIONAL CABEÇA;10144274000108;ZELLITEC COMERCIO DE PRODUTOS ALIMENTICIOS LTDA;001;1;445,00;445,00;0,00;0,00;16,20;7209,00;0,00;26/03/2024;27/03/2024;27/03/2025;Não;27/03/2024;27/03/2024
atas_itens_RT_2024_p1.json;2026-07-29 14:27:28;00011/2024;10673078000120-1-000094/2023-000001;10673078000120-1-000094/2023;15813205000372023;00552;00037;2023;05;Pregão;158132;INST.FED.DE EDUC.,CIENC.E TEC.DO MAT.G.DO SUL;447666;4552;CARNE DEFUMADA;Material;CARNE DEFUMADA, TIPO CORTE TOUCINHO (BACON), TIPO ANIMAL SUÍNA, APRESENTAÇÃO EM MANTAS, ESTADO DE CONSERVAÇÃO RESFRIADO(A);10144274000108;ZELLITEC COMERCIO DE PRODUTOS ALIMENTICIOS LTDA;001;1;89,00;89,00;0,00;0,00;24,50;2180,50;0,00;26/03/2024;27/03/2024;27/03/2025;Não;27/03/2024;27/03/2024
atas_itens_RT_2024_p1.json;2026-07-29 14:27:28;00011/2024;10673078000120-1-000094/2023-000001;10673078000120-1-000094/2023;15813205000372023;00553;00037;2023;05;Pregão;158132;INST.FED.DE EDUC.,CIENC.E TEC.DO MAT.G.DO SUL;464380;19789;FRUTA;Material;FRUTA, TIPO BANANA NANICA/ BANANA D'ÁGUA, APRESENTAÇÃO NATURAL;40572454000151;V4 COMERCIO DE ALIMENTOS LTDA;001;1;667,00;667,00;0,00;0,00;4,20;2801,40;0,00;26/03/2024;27/03/2024;27/03/2025;Não;27/03/2024;27/03/2024
atas_itens_RT_2024_p1.json;2026-07-29 14:27:28;00011/2024;10673078000120-1-000094/2023-000001;10673078000120-1-000094/2023;15813205000372023;00554;00037;2023;05;Pregão;158132;INST.FED.DE EDUC.,CIENC.E TEC.DO MAT.G.DO SUL;463754;19772;LEGUME IN NATURA;Material;LEGUME IN NATURA, TIPO BATATA INGLESA;40572454000151;V4 COMERCIO DE ALIMENTOS LTDA;001;1;445,00;445,00;0,00;0,00;5,42;2411,90;0,00;26/03/2024;27/03/2024;27/03/2025;Não;27/03/2024;27/03/2024
atas_itens_RT_2024_p1.json;2026-07-29 14:27:28;00011/2024;10673078000120-1-000094/2023-000001;10673078000120-1-000094/2023;15813205000372023;00555;00037;2023;05;Pregão;158132;INST.FED.DE EDUC.,CIENC.E TEC.DO MAT.G.DO SUL;463764;19772;LEGUME IN NATURA;Material;LEGUME IN NATURA, TIPO BERINJELA;40572454000151;V4 COMERCIO DE ALIMENTOS LTDA;001;1;178,00;178,00;0,00;0,00;7,48;1331,44;0,00;26/03/2024;27/03/2024;27/03/2025;Não;27/03/2024;27/03/2024
atas_itens_RT_2024_p1.json;2026-07-29 14:27:28;00011/2024;10673078000120-1-000094/2023-000001;10673078000120-1-000094/2023;15813205000372023;00556;00037;2023;05;Pregão;158132;INST.FED.DE EDUC.,CIENC.E TEC.DO MAT.G.DO SUL;463767;19772;LEGUME IN NATURA;Material;LEGUME IN NATURA, TIPO BETERRABA;40572454000151;V4 COMERCIO DE ALIMENTOS LTDA;001;1;162,00;162,00;0,00;0,00;5,39;873,18;0,00;26/03/2024;27/03/2024;27/03/2025;Não;27/03/2024;27/03/2024
atas_itens_RT_2024_p1.json;2026-07-29 14:27:28;00011/2024;10673078000120-1-000094/2023-000001;10673078000120-1-000094/2023;15813205000372023;00557;00037;2023;05;Pregão;158132;INST.FED.DE EDUC.,CIENC.E TEC.DO MAT.G.DO SUL;447383;4548;CARNE BOVINA IN NATURA;Material;CARNE BOVINA IN NATURA, TIPO CORTE ACÉM, APRESENTAÇÃO PEÇA INTEIRA, PROCESSAMENTO SEM OSSO, ESTADO DE CONSERVAÇÃO CONGELADO(A);10144274000108;ZELLITEC COMERCIO DE PRODUTOS ALIMENTICIOS LTDA;001;1;2519,00;2519,00;0,00;0,00;21,40;53906,60;0,00;26/03/2024;27/03/2024;27/03/2025;Não;27/03/2024;27/03/2024
atas_itens_RT_2024_p1.json;2026-07-29 14:27:28;00011/2024;10673078000120-1-000094/2023-000001;10673078000120-1-000094/2023;15813205000372023;00558;00037;2023;05;Pregão;158132;INST.FED.DE EDUC.,CIENC.E TEC.DO MAT.G.DO SUL;451059;4548;CARNE BOVINA IN NATURA;Material;CARNE BOVINA IN NATURA, TIPO CORTE ACÉM, APRESENTAÇÃO MOIDA, ESTADO DE CONSERVAÇÃO CONGELADO(A);10144274000108;ZELLITEC COMERCIO DE PRODUTOS ALIMENTICIOS LTDA;001;1;3628,00;3628,00;0,00;0,00;21,60;78364,80;0,00;26/03/2024;27/03/2024;27/03/2025;Não;27/03/2024;27/03/2024
atas_itens_RT_2024_p1.json;2026-07-29 14:27:28;00011/2024;10673078000120-1-000094/2023-000001;10673078000120-1-000094/2023;15813205000372023;00559;00037;2023;05;Pregão;158132;INST.FED.DE EDUC.,CIENC.E TEC.DO MAT.G.DO SUL;447508;17294;CARNE SUÍNA IN NATURA;Material;CARNE SUÍNA IN NATURA, TIPO CORTE CARRÉ (BISTECA), APRESENTAÇÃO FATIADA, PROCESSAMENTO COM OSSO, ESTADO DE CONSERVAÇÃO CONGELADO(A);40572454000151;V4 COMERCIO DE ALIMENTOS LTDA;001;1;2668,00;2668,00;0,00;0,00;18,95;50558,60;0,00;26/03/2024;27/03/2024;27/03/2025;Não;27/03/2024;27/03/2024
atas_itens_RT_2024_p1.json;2026-07-29 14:27:28;00011/2024;10673078000120-1-000094/2023-000001;10673078000120-1-000094/2023;15813205000372023;00563;00037;2023;05;Pregão;158132;INST.FED.DE EDUC.,CIENC.E TEC.DO MAT.G.DO SUL;447732;3267;CARNE SALGADA;Material;CARNE SALGADA, TIPO CORTE MÚSCULO DIANTEIRO- CHARQUE, ORIGEM BOVINA, APRESENTAÇÃO CORTADA, ESTADO DE CONSERVAÇÃO SECO(A);40572454000151;V4 COMERCIO DE ALIMENTOS LTDA;001;1;474,00;474,00;0,00;0,00;31,95;15144,30;0,00;26/03/2024;27/03/2024;27/03/2025;Não;27/03/2024;27/03/2024
atas_itens_RT_2024_p1.json;2026-07-29 14:27:28;00011/2024;10673078000120-1-000094/2023-000001;10673078000120-1-000094/2023;15813205000372023;00567;00037;2023;05;Pregão;158132;INST.FED.DE EDUC.,CIENC.E TEC.DO MAT.G.DO SUL;447636;4550;CARNE DE AVE IN NATURA;Material;CARNE DE AVE IN NATURA, TIPO ANIMAL FRANGO, TIPO CORTE COXA E SOBRECOXA, APRESENTAÇÃO INTEIRO, ESTADO DE CONSERVAÇÃO CONGELADO(A), PROCESSAMENTO COM PELE, COM OSSO;10144274000108;ZELLITEC COMERCIO DE PRODUTOS ALIMENTICIOS LTDA;001;1;2668,00;2668,00;0,00;0,00;8,30;22144,40;0,00;26/03/2024;27/03/2024;27/03/2025;Não;27/03/2024;27/03/2024
atas_itens_RT_2024_p1.json;2026-07-29 14:27:28;00011/2024;10673078000120-1-000094/2023-000001;10673078000120-1-000094/2023;15813205000372023;00570;00037;2023;05;Pregão;158132;INST.FED.DE EDUC.,CIENC.E TEC.DO MAT.G.DO SUL;346922;7261;EXTRATO ALIMENTÍCIO;Material;EXTRATO ALIMENTÍCIO, INGREDIENTE BÁSICO TOMATE, PRAZO VALIDADE 12 MESES, CONSERVAÇÃO ISENTO DE FERMENTAÇÃO, CARACTERÍSTICAS ADICIONAIS MADUROS, SELECIONADOS, SEM PELE E SEM SEMENTES;40572454000151;V4 COMERCIO DE ALIMENTOS LTDA;001;1;1534,00;1534,00;0,00;0,00;4,49;6887,66;0,00;26/03/2024;27/03/2024;27/03/2025;Não;27/03/2024;27/03/2024
atas_itens_RT_2024_p1.json;2026-07-29 14:27:28;00011/2024;10673078000120-1-000094/2023-000001;10673078000120-1-000094/2023;15813205000372023;00571;00037;2023;05;Pregão;158132;INST.FED.DE EDUC.,CIENC.E TEC.DO MAT.G.DO SUL;458918;19692;FARINHA DE MANDIOCA;Material;FARINHA DE MANDIOCA, GRUPO SECA, SUBGRUPO BRANCA, CLASSE FINA, ASPECTO FÍSICO TIPO 1, ACIDEZ BAIXA ACIDEZ;40572454000151;V4 COMERCIO DE ALIMENTOS LTDA;001;1;356,00;356,00;0,00;0,00;5,35;1904,60;0,00;26/03/2024;27/03/2024;27/03/2025;Não;27/03/2024;27/03/2024
atas_itens_RT_2024_p1.json;2026-07-29 14:27:28;00011/2024;10673078000120-1-000094/2023-000001;10673078000120-1-000094/2023;15813205000372023;00572;00037;2023;05;Pregão;158132;INST.FED.DE EDUC.,CIENC.E TEC.DO MAT.G.DO SUL;465332;19720;FARINHA DE TRIGO;Material;FARINHA DE TRIGO, GRUPO INDUSTRIAL, TIPO TIPO 1, ESPECIAL, INGREDIENTE ADICIONAL SEM FERMENTO;10144274000108;ZELLITEC COMERCIO DE PRODUTOS ALIMENTICIOS LTDA;001;1;534,00;534,00;0,00;0,00;3,25;1735,50;0,00;26/03/2024;27/03/2024;27/03/2025;Não;27/03/2024;27/03/2024
atas_itens_RT_2024_p1.json;2026-07-29 14:27:28;00011/2024;10673078000120-1-000094/2023-000001;10673078000120-1-000094/2023;15813205000372023;00573;00037;2023;05;Pregão;158132;INST.FED.DE EDUC.,CIENC.E TEC.DO MAT.G.DO SUL;464553;19792;LEGUMINOSA;Material;LEGUMINOSA, VARIEDADE FEIJÃO CARIOCA, TIPO TIPO 1;10144274000108;ZELLITEC COMERCIO DE PRODUTOS ALIMENTICIOS LTDA;001;1;3268,00;3268,00;0,00;0,00;6,90;22549,20;0,00;26/03/2024;27/03/2024;27/03/2025;Não;27/03/2024;27/03/2024
atas_itens_RT_2024_p1.json;2026-07-29 14:27:28;00011/2024;10673078000120-1-000094/2023-000001;10673078000120-1-000094/2023;15813205000372023;00574;00037;2023;05;Pregão;158132;INST.FED.DE EDUC.,CIENC.E TEC.DO MAT.G.DO SUL;459586;19712;FERMENTO;Material;FERMENTO, TIPO QUÍMICO, APRESENTAÇÃO PÓ;40572454000151;V4 COMERCIO DE ALIMENTOS LTDA;001;1;255,00;255,00;0,00;0,00;2,65;675,75;0,00;26/03/2024;27/03/2024;27/03/2025;Não;27/03/2024;27/03/2024
atas_itens_RT_2024_p1.json;2026-07-29 14:27:28;00011/2024;10673078000120-1-000094/2023-000001;10673078000120-1-000094/2023;15813205000372023;00575;00037;2023;05;Pregão;158132;INST.FED.DE EDUC.,CIENC.E TEC.DO MAT.G.DO SUL;241343;7795;FÓSFORO;Material;FÓSFORO, MATERIAL CORPO MADEIRA, COR CABEÇA VERMELHA, TIPO LONGO;40572454000151;V4 COMERCIO DE ALIMENTOS LTDA;001;1;20,00;20,00;0,00;0,00;4,22;84,40;0,00;26/03/2024;27/03/2024;27/03/2025;Não;27/03/2024;27/03/2024
atas_itens_RT_2024_p1.json;2026-07-29 14:27:28;00011/2024;10673078000120-1-000094/2023-000001;10673078000120-1-000094/2023;15813205000372023;00576;00037;2023;05;Pregão;158132;INST.FED.DE EDUC.,CIENC.E TEC.DO MAT.G.DO SUL;470688;19694;FARINHA DE MILHO;Material;FARINHA DE MILHO, GRÃO AMARELO, TIPO FUBÁ, CARACTERÍSTICA ADICIONAL NÃO TRANSGÊNICO;40572454000151;V4 COMERCIO DE ALIMENTOS LTDA;001;1;534,00;534,00;0,00;0,00;3,95;2109,30;0,00;26/03/2024;27/03/2024;27/03/2025;Não;27/03/2024;27/03/2024
atas_itens_RT_2024_p1.json;2026-07-29 14:27:28;00011/2024;10673078000120-1-000094/2023-000001;10673078000120-1-000094/2023;15813205000372023;00581;00037;2023;05;Pregão;158132;INST.FED.DE EDUC.,CIENC.E TEC.DO MAT.G.DO SUL;445995;8753;LEITE FLUIDO;Material;LEITE FLUIDO, ORIGEM DE VACA, TIPO A, TEOR GORDURA INTEGRAL, PROCESSAMENTO UHT;10144274000108;ZELLITEC COMERCIO DE PRODUTOS ALIMENTICIOS LTDA;001;1;296,00;296,00;0,00;0,00;4,90;1450,40;0,00;26/03/2024;27/03/2024;27/03/2025;Não;27/03/2024;27/03/2024
atas_itens_RT_2024_p1.json;2026-07-29 14:27:28;00011/2024;10673078000120-1-000094/2023-000001;10673078000120-1-000094/2023;15813205000372023;00582;00037;2023;05;Pregão;158132;INST.FED.DE EDUC.,CIENC.E TEC.DO MAT.G.DO SUL;447702;9806;EMBUTIDO;Material;EMBUTIDO, TIPO LINGUIÇA CALABRESA, TAMANHO GROSSA, TIPO PREPARAÇÃO DEFUMADA, ESTADO DE CONSERVAÇÃO RESFRIADO(A);10144274000108;ZELLITEC COMERCIO DE PRODUTOS ALIMENTICIOS LTDA;001;1;711,00;711,00;0,00;0,00;17,00;12087,00;0,00;26/03/2024;27/03/2024;27/03/2025;Não;27/03/2024;27/03/2024
atas_itens_RT_2024_p1.json;2026-07-29 14:27:28;00011/2024;10673078000120-1-000094/2023-000001;10673078000120-1-000094/2023;15813205000372023;00583;00037;2023;05;Pregão;158132;INST.FED.DE EDUC.,CIENC.E TEC.DO MAT.G.DO SUL;464401;19789;FRUTA;Material;FRUTA, TIPO MAÇÃ FUJI, APRESENTAÇÃO NATURAL;40572454000151;V4 COMERCIO DE ALIMENTOS LTDA;001;1;534,00;534,00;0,00;0,00;8,37;4469,58;0,00;26/03/2024;27/03/2024;27/03/2025;Não;27/03/2024;27/03/2024
atas_itens_RT_2024_p1.json;2026-07-29 14:27:28;00011/2024;10673078000120-1-000094/2023-000001;10673078000120-1-000094/2023;15813205000372023;00584;00037;2023;05;Pregão;158132;INST.FED.DE EDUC.,CIENC.E TEC.DO MAT.G.DO SUL;458955;19691;MACARRÃO;Material;MACARRÃO, TEOR DE UMIDADE MASSA SECA, BASE DA MASSA DE SÊMOLA/SEMOLINA, INGREDIENTES ADICIONAIS COM OVOS, APRESENTAÇÃO ESPAGUETE;40572454000151;V4 COMERCIO DE ALIMENTOS LTDA;001;1;4668,00;4668,00;0,00;0,00;3,25;15171,00;0,00;26/03/2024;27/03/2024;27/03/2025;Não;27/03/2024;27/03/2024
atas_itens_RT_2024_p1.json;2026-07-29 14:27:28;00011/2024;10673078000120-1-000094/2023-000001;10673078000120-1-000094/2023;15813205000372023;00585;00037;2023;05;Pregão;158132;INST.FED.DE EDUC.,CIENC.E TEC.DO MAT.G.DO SUL;464405;19789;FRUTA;Material;FRUTA, TIPO MAMÃO FORMOSA, APRESENTAÇÃO NATURAL;40572454000151;V4 COMERCIO DE ALIMENTOS LTDA;001;1;267,00;267,00;0,00;0,00;8,36;2232,12;0,00;26/03/2024;27/03/2024;27/03/2025;Não;27/03/2024;27/03/2024
atas_itens_RT_2024_p1.json;2026-07-29 14:27:28;00011/2024;10673078000120-1-000094/2023-000001;10673078000120-1-000094/2023;15813205000372023;00586;00037;2023;05;Pregão;158132;INST.FED.DE EDUC.,CIENC.E TEC.DO MAT.G.DO SUL;463795;19772;LEGUME IN NATURA;Material;LEGUME IN NATURA, TIPO MANDIOCA/ AIPIM;40572454000151;V4 COMERCIO DE ALIMENTOS LTDA;001;1;311,00;311,00;0,00;0,00;6,86;2133,46;0,00;26/03/2024;27/03/2024;27/03/2025;Não;27/03/2024;27/03/2024
atas_itens_RT_2024_p1.json;2026-07-29 14:27:28;00011/2024;10673078000120-1-000094/2023-000001;10673078000120-1-000094/2023;15813205000372023;00590;00037;2023;05;Pregão;158132;INST.FED.DE EDUC.,CIENC.E TEC.DO MAT.G.DO SUL;464418;19789;FRUTA;Material;FRUTA, TIPO MELANCIA VERMELHA, APRESENTAÇÃO NATURAL;40572454000151;V4 COMERCIO DE ALIMENTOS LTDA;001;1;445,00;445,00;0,00;0,00;2,95;1312,75;0,00;26/03/2024;27/03/2024;27/03/2025;Não;27/03/2024;27/03/2024
atas_itens_RT_2024_p1.json;2026-07-29 14:27:28;00011/2024;10673078000120-1-000094/2023-000001;10673078000120-1-000094/2023;15813205000372023;00591;00037;2023;05;Pregão;158132;INST.FED.DE EDUC.,CIENC.E TEC.DO MAT.G.DO SUL;464422;19789;FRUTA;Material;FRUTA, TIPO MELÃO AMARELO, APRESENTAÇÃO NATURAL;40572454000151;V4 COMERCIO DE ALIMENTOS LTDA;001;1;267,00;267,00;0,00;0,00;4,09;1092,03;0,00;26/03/2024;27/03/2024;27/03/2025;Não;27/03/2024;27/03/2024
atas_itens_RT_2024_p1.json;2026-07-29 14:27:28;00011/2024;10673078000120-1-000094/2023-000001;10673078000120-1-000094/2023;15813205000372023;00592;00037;2023;05;Pregão;158132;INST.FED.DE EDUC.,CIENC.E TEC.DO MAT.G.DO SUL;462824;19714;LEGUME EM CONSERVA;Material;LEGUME EM CONSERVA, TIPO MILHO VERDE;40572454000151;V4 COMERCIO DE ALIMENTOS LTDA;001;1;280,00;280,00;0,00;0,00;37,70;10556,00;0,00;26/03/2024;27/03/2024;27/03/2025;Não;27/03/2024;27/03/2024
atas_itens_RT_2024_p1.json;2026-07-29 14:27:28;00011/2024;10673078000120-1-000094/2023-000001;10673078000120-1-000094/2023;15813205000372023;00593;00037;2023;05;Pregão;158132;INST.FED.DE EDUC.,CIENC.E TEC.DO MAT.G.DO SUL;416665;10213;ÓLEO VEGETAL;Material;ÓLEO VEGETAL, MATÉRIA PRIMA SOJA, TIPO DEGOMADO;40572454000151;V4 COMERCIO DE ALIMENTOS LTDA;001;1;1317,00;1317,00;0,00;0,00;6,24;8218,08;0,00;26/03/2024;27/03/2024;27/03/2025;Não;27/03/2024;27/03/2024
atas_itens_RT_2024_p1.json;2026-07-29 14:27:28;00011/2024;10673078000120-1-000094/2023-000001;10673078000120-1-000094/2023;15813205000372023;00594;00037;2023;05;Pregão;158132;INST.FED.DE EDUC.,CIENC.E TEC.DO MAT.G.DO SUL;463916;19774;CONDIMENTO;Material;CONDIMENTO, TIPO ORÉGANO, APRESENTAÇÃO DESIDRATADO;40572454000151;V4 COMERCIO DE ALIMENTOS LTDA;001;1;22,00;22,00;0,00;0,00;38,15;839,30;0,00;26/03/2024;27/03/2024;27/03/2025;Não;27/03/2024;27/03/2024
atas_itens_RT_2024_p1.json;2026-07-29 14:27:28;00011/2024;10673078000120-1-000094/2023-000001;10673078000120-1-000094/2023;15813205000372023;00595;00037;2023;05;Pregão;158132;INST.FED.DE EDUC.,CIENC.E TEC.DO MAT.G.DO SUL;446618;19586;OVO;Material;OVO, ORIGEM GALINHA, GRUPO BRANCO, CLASSE A, TIPO GRANDE;40572454000151;V4 COMERCIO DE ALIMENTOS LTDA;001;1;366,00;366,00;0,00;0,00;16,95;6203,70;0,00;26/03/2024;27/03/2024;27/03/2025;Não;27/03/2024;27/03/2024
atas_itens_RT_2024_p1.json;2026-07-29 14:27:28;00011/2024;10673078000120-1-000094/2023-000001;10673078000120-1-000094/2023;15813205000372023;00596;00037;2023;05;Pregão;158132;INST.FED.DE EDUC.,CIENC.E TEC.DO MAT.G.DO SUL;460380;19721;PÃO;Material;PÃO, BASE DE FARINHA DE TRIGO REFINADA, TIPO TIPO FRANÇÊS/BRANCO/DE SAL;40572454000151;V4 COMERCIO DE ALIMENTOS LTDA;001;1;1334,00;1334,00;0,00;0,00;18,20;24278,80;0,00;26/03/2024;27/03/2024;27/03/2025;Não;27/03/2024;27/03/2024
atas_itens_RT_2024_p1.json;2026-07-29 14:27:28;00011/2024;10673078000120-1-000094/2023-000001;10673078000120-1-000094/2023;15813205000372023;00597;00037;2023;05;Pregão;158132;INST.FED.DE EDUC.,CIENC.E TEC.DO MAT.G.DO SUL;447581;4550;CARNE DE AVE IN NATURA;Material;CARNE DE AVE IN NATURA, TIPO ANIMAL FRANGO, TIPO CORTE FILÉ DE PEITO, APRESENTAÇÃO FATIADO, ESTADO DE CONSERVAÇÃO CONGELADO(A), PROCESSAMENTO SEM PELE, SEM OSSO;40572454000151;V4 COMERCIO DE ALIMENTOS LTDA;001;1;4742,00;4742,00;0,00;0,00;16,57;78574,94;0,00;26/03/2024;27/03/2024;27/03/2025;Não;27/03/2024;27/03/2024
atas_itens_RT_2024_p1.json;2026-07-29 14:27:28;00011/2024;10673078000120-1-000094/2023-000001;10673078000120-1-000094/2023;15813205000372023;00599;00037;2023;05;Pregão;158132;INST.FED.DE EDUC.,CIENC.E TEC.DO MAT.G.DO SUL;448953;9382;PEIXE IN NATURA;Material;PEIXE IN NATURA, VARIEDADE TILÁPIA, TIPO CORTE FILÉ, APRESENTAÇÃO SEM PELE, ESTADO DE CONSERVAÇÃO CONGELADO(A);10144274000108;ZELLITEC COMERCIO DE PRODUTOS ALIMENTICIOS LTDA;001;1;534,00;534,00;0,00;0,00;35,00;18690,00;0,00;26/03/2024;27/03/2024;27/03/2025;Não;27/03/2024;27/03/2024
atas_itens_RT_2024_p1.json;2026-07-29 14:27:28;00011/2024;10673078000120-1-000094/2023-000001;10673078000120-1-000094/2023;15813205000372023;00601;00037;2023;05;Pregão;158132;INST.FED.DE EDUC.,CIENC.E TEC.DO MAT.G.DO SUL;446633;11534;QUEIJO;Material;QUEIJO, ORIGEM DE VACA, VARIEDADE MUÇARELA, APRESENTAÇÃO PEÇA;40572454000151;V4 COMERCIO DE ALIMENTOS LTDA;001;1;489,00;489,00;0,00;0,00;33,95;16601,55;0,00;26/03/2024;27/03/2024;27/03/2025;Não;27/03/2024;27/03/2024
atas_itens_RT_2024_p1.json;2026-07-29 14:27:28;00011/2024;10673078000120-1-000094/2023-000001;10673078000120-1-000094/2023;15813205000372023;00602;00037;2023;05;Pregão;158132;INST.FED.DE EDUC.,CIENC.E TEC.DO MAT.G.DO SUL;463839;19773;VERDURA IN NATURA;Material;VERDURA IN NATURA, TIPO REPOLHO BRANCO/ VERDE;40572454000151;V4 COMERCIO DE ALIMENTOS LTDA;001;1;534,00;534,00;0,00;0,00;3,41;1820,94;0,00;26/03/2024;27/03/2024;27/03/2025;Não;27/03/2024;27/03/2024
atas_itens_RT_2024_p1.json;2026-07-29 14:27:28;00011/2024;10673078000120-1-000094/2023-000001;10673078000120-1-000094/2023;15813205000372023;00605;00037;2023;05;Pregão;158132;INST.FED.DE EDUC.,CIENC.E TEC.DO MAT.G.DO SUL;461092;852;SAL;Material;SAL, TIPO REFINADO, APLICAÇÃO ALIMENTÍCIA, TEOR MÁXIMO SÓDIO 390 MG/G, ADITIVOS IODATO DE POTASSIO E ANTIUMECTANTE FERROCIANETO D E;10144274000108;ZELLITEC COMERCIO DE PRODUTOS ALIMENTICIOS LTDA;001;1;445,00;445,00;0,00;0,00;1,75;778,75;0,00;26/03/2024;27/03/2024;27/03/2025;Não;27/03/2024;27/03/2024
atas_itens_RT_2024_p1.json;2026-07-29 14:27:28;00011/2024;10673078000120-1-000094/2023-000001;10673078000120-1-000094/2023;15813205000372023;00607;00037;2023;05;Pregão;158132;INST.FED.DE EDUC.,CIENC.E TEC.DO MAT.G.DO SUL;279606;948;SUCO;Material;SUCO, APRESENTAÇÃO LÍQUIDO, SABOR LIMÃO, TIPO NATURAL, CARACTERÍSTICAS ADICIONAIS CONCENTRADO;40572454000151;V4 COMERCIO DE ALIMENTOS LTDA;001;1;259,00;259,00;0,00;0,00;5,34;1383,06;0,00;26/03/2024;27/03/2024;27/03/2025;Não;27/03/2024;27/03/2024
atas_itens_RT_2024_p1.json;2026-07-29 14:27:28;00011/2024;10673078000120-1-000094/2023-000001;10673078000120-1-000094/2023;15813205000372023;00608;00037;2023;05;Pregão;158132;INST.FED.DE EDUC.,CIENC.E TEC.DO MAT.G.DO SUL;464754;948;SUCO;Material;SUCO, APRESENTAÇÃO LÍQUIDO, SABOR MANGA, TIPO NATURAL, CARACTERÍSTICAS ADICIONAIS CONCENTRADO, RENDIMENTO MÍNIMO, 1 PARTE DE SUCO-;40572454000151;V4 COMERCIO DE ALIMENTOS LTDA;001;1;259,00;259,00;0,00;0,00;5,29;1370,11;0,00;26/03/2024;27/03/2024;27/03/2025;Não;27/03/2024;27/03/2024
atas_itens_RT_2024_p1.json;2026-07-29 14:27:28;00011/2024;10673078000120-1-000094/2023-000001;10673078000120-1-000094/2023;15813205000372023;00609;00037;2023;05;Pregão;158132;INST.FED.DE EDUC.,CIENC.E TEC.DO MAT.G.DO SUL;486402;948;SUCO;Material;SUCO, APRESENTAÇÃO CONCENTRADO, SABOR CAJÚ, TIPO INDUSTRIALIZADO, CARACTERÍSTICAS ADICIONAIS SEM AÇUCAR E SEM GLÚTEN;40572454000151;V4 COMERCIO DE ALIMENTOS LTDA;001;1;259,00;259,00;0,00;0,00;4,95;1282,05;0,00;26/03/2024;27/03/2024;27/03/2025;Não;27/03/2024;27/03/2024
atas_itens_RT_2024_p1.json;2026-07-29 14:27:28;00011/2024;10673078000120-1-000094/2023-000001;10673078000120-1-000094/2023;15813205000372023;00610;00037;2023;05;Pregão;158132;INST.FED.DE EDUC.,CIENC.E TEC.DO MAT.G.DO SUL;464759;948;SUCO;Material;SUCO, APRESENTAÇÃO LÍQUIDO, SABOR GOIABA, TIPO NATURAL, CARACTERÍSTICAS ADICIONAIS CONCENTRADO, RENDIMENTO MÍNIMO, 1 PARTE DE SUCO-;40572454000151;V4 COMERCIO DE ALIMENTOS LTDA;001;1;259,00;259,00;0,00;0,00;5,29;1370,11;0,00;26/03/2024;27/03/2024;27/03/2025;Não;27/03/2024;27/03/2024
atas_itens_RT_2024_p1.json;2026-07-29 14:27:28;00011/2024;10673078000120-1-000094/2023-000001;10673078000120-1-000094/2023;15813205000372023;00611;00037;2023;05;Pregão;158132;INST.FED.DE EDUC.,CIENC.E TEC.DO MAT.G.DO SUL;464751;948;SUCO;Material;SUCO, APRESENTAÇÃO LÍQUIDO, SABOR MARACUJÁ, TIPO NATURAL, CARACTERÍSTICAS ADICIONAIS CONCENTRADO, RENDIMENTO MÍNIMO, 1 PARTE DE SUCO-;40572454000151;V4 COMERCIO DE ALIMENTOS LTDA;001;1;259,00;259,00;0,00;0,00;5,29;1370,11;0,00;26/03/2024;27/03/2024;27/03/2025;Não;27/03/2024;27/03/2024
atas_itens_RT_2024_p1.json;2026-07-29 14:27:28;00011/2024;10673078000120-1-000094/2023-000001;10673078000120-1-000094/2023;15813205000372023;00612;00037;2023;05;Pregão;158132;INST.FED.DE EDUC.,CIENC.E TEC.DO MAT.G.DO SUL;486400;948;SUCO;Material;SUCO, APRESENTAÇÃO CONCENTRADO, SABOR UVA, TIPO INDUSTRIALIZADO, CARACTERÍSTICAS ADICIONAIS SEM AÇUCAR E SEM GLÚTEN;40572454000151;V4 COMERCIO DE ALIMENTOS LTDA;001;1;259,00;259,00;0,00;0,00;5,29;1370,11;0,00;26/03/2024;27/03/2024;27/03/2025;Não;27/03/2024;27/03/2024
atas_itens_RT_2024_p1.json;2026-07-29 14:27:28;00011/2024;10673078000120-1-000094/2023-000001;10673078000120-1-000094/2023;15813205000372023;00616;00037;2023;05;Pregão;158132;INST.FED.DE EDUC.,CIENC.E TEC.DO MAT.G.DO SUL;269223;853;VINAGRE;Material;VINAGRE, MATÉRIA-PRIMA FERMENTADO ACÉTICO DE ÁLCOOL E VINHO TINTO, TIPO AGRIN, ASPECTO FÍSICO LÍQUIDO;10144274000108;ZELLITEC COMERCIO DE PRODUTOS ALIMENTICIOS LTDA;001;1;593,00;593,00;0,00;0,00;2,80;1660,40;0,00;26/03/2024;27/03/2024;27/03/2025;Não;27/03/2024;27/03/2024
atas_itens_RT_2024_p1.json;2026-07-29 14:27:28;00011/2024;10673078000120-1-000094/2023-000001;10673078000120-1-000094/2023;15813205000372023;00617;00037;2023;05;Pregão;158132;INST.FED.DE EDUC.,CIENC.E TEC.DO MAT.G.DO SUL;469775;18653;BEBIDA LÁCTEA;Material;BEBIDA LÁCTEA, SABOR LEITE FERMENTADO;40572454000151;V4 COMERCIO DE ALIMENTOS LTDA;001;1;750,00;750,00;0,00;0,00;3,95;2962,50;0,00;26/03/2024;27/03/2024;27/03/2025;Não;27/03/2024;27/03/2024
atas_itens_RT_2024_p1.json;2026-07-29 14:27:28;00011/2024;10673078000120-1-000094/2023-000001;10673078000120-1-000094/2023;15813205000372023;00618;00037;2023;05;Pregão;158132;INST.FED.DE EDUC.,CIENC.E TEC.DO MAT.G.DO SUL;467424;19772;LEGUME IN NATURA;Material;LEGUME IN NATURA, TIPO ABÓBORA CABOTIÁ/ JAPONESA, ADICIONAL CORTADO;40572454000151;V4 COMERCIO DE ALIMENTOS LTDA;001;1;348,00;348,00;0,00;0,00;3,67;1277,16;0,00;26/03/2024;27/03/2024;27/03/2025;Não;27/03/2024;27/03/2024
atas_itens_RT_2024_p1.json;2026-07-29 14:27:28;00011/2024;10673078000120-1-000094/2023-000001;10673078000120-1-000094/2023;15813205000372023;00619;00037;2023;05;Pregão;158132;INST.FED.DE EDUC.,CIENC.E TEC.DO MAT.G.DO SUL;464376;19789;FRUTA;Material;FRUTA, TIPO BANANA MAÇÃ, APRESENTAÇÃO NATURAL;40572454000151;V4 COMERCIO DE ALIMENTOS LTDA;001;1;522,00;522,00;0,00;0,00;6,14;3205,08;0,00;26/03/2024;27/03/2024;27/03/2025;Não;27/03/2024;27/03/2024
atas_itens_RT_2024_p1.json;2026-07-29 14:27:28;00011/2024;10673078000120-1-000094/2023-000001;10673078000120-1-000094/2023;15813205000372023;00620;00037;2023;05;Pregão;158132;INST.FED.DE EDUC.,CIENC.E TEC.DO MAT.G.DO SUL;463764;19772;LEGUME IN NATURA;Material;LEGUME IN NATURA, TIPO BERINJELA;40572454000151;V4 COMERCIO DE ALIMENTOS LTDA;001;1;696,00;696,00;0,00;0,00;7,48;5206,08;0,00;26/03/2024;27/03/2024;27/03/2025;Não;27/03/2024;27/03/2024
atas_itens_RT_2024_p1.json;2026-07-29 14:27:28;00011/2024;10673078000120-1-000094/2023-000001;10673078000120-1-000094/2023;15813205000372023;00622;00037;2023;05;Pregão;158132;INST.FED.DE EDUC.,CIENC.E TEC.DO MAT.G.DO SUL;459586;19712;FERMENTO;Material;FERMENTO, TIPO QUÍMICO, APRESENTAÇÃO PÓ;10144274000108;ZELLITEC COMERCIO DE PRODUTOS ALIMENTICIOS LTDA;001;1;60,00;60,00;0,00;0,00;3,00;180,00;0,00;26/03/2024;27/03/2024;27/03/2025;Não;27/03/2024;27/03/2024
atas_itens_RT_2024_p1.json;2026-07-29 14:27:28;00011/2024;10673078000120-1-000094/2023-000001;10673078000120-1-000094/2023;15813205000372023;00624;00037;2023;05;Pregão;158132;INST.FED.DE EDUC.,CIENC.E TEC.DO MAT.G.DO SUL;464401;19789;FRUTA;Material;FRUTA, TIPO MAÇÃ FUJI, APRESENTAÇÃO NATURAL;40572454000151;V4 COMERCIO DE ALIMENTOS LTDA;001;1;522,00;522,00;0,00;0,00;8,37;4369,14;0,00;26/03/2024;27/03/2024;27/03/2025;Não;27/03/2024;27/03/2024
atas_itens_RT_2024_p1.json;2026-07-29 14:27:28;00011/2024;10673078000120-1-000094/2023-000001;10673078000120-1-000094/2023;15813205000372023;00625;00037;2023;05;Pregão;158132;INST.FED.DE EDUC.,CIENC.E TEC.DO MAT.G.DO SUL;464405;19789;FRUTA;Material;FRUTA, TIPO MAMÃO FORMOSA, APRESENTAÇÃO NATURAL;40572454000151;V4 COMERCIO DE ALIMENTOS LTDA;001;1;522,00;522,00;0,00;0,00;8,36;4363,92;0,00;26/03/2024;27/03/2024;27/03/2025;Não;27/03/2024;27/03/2024
atas_itens_RT_2024_p1.json;2026-07-29 14:27:28;00011/2024;10673078000120-1-000094/2023-000001;10673078000120-1-000094/2023;15813205000372023;00626;00037;2023;05;Pregão;158132;INST.FED.DE EDUC.,CIENC.E TEC.DO MAT.G.DO SUL;462824;19714;LEGUME EM CONSERVA;Material;LEGUME EM CONSERVA, TIPO MILHO VERDE;40572454000151;V4 COMERCIO DE ALIMENTOS LTDA;001;1;232,00;232,00;0,00;0,00;37,95;8804,40;0,00;26/03/2024;27/03/2024;27/03/2025;Não;27/03/2024;27/03/2024
atas_itens_RT_2024_p1.json;2026-07-29 14:27:28;00011/2024;10673078000120-1-000094/2023-000001;10673078000120-1-000094/2023;15813205000372023;00627;00037;2023;05;Pregão;158132;INST.FED.DE EDUC.,CIENC.E TEC.DO MAT.G.DO SUL;463796;19772;LEGUME IN NATURA;Material;LEGUME IN NATURA, TIPO PEPINO;40572454000151;V4 COMERCIO DE ALIMENTOS LTDA;001;1;696,00;696,00;0,00;0,00;6,78;4718,88;0,00;26/03/2024;27/03/2024;27/03/2025;Não;27/03/2024;27/03/2024
atas_itens_RT_2024_p1.json;2026-07-29 14:27:28;00011/2024;10673078000120-1-000094/2023-000001;10673078000120-1-000094/2023;15813205000372023;00628;00037;2023;05;Pregão;158132;INST.FED.DE EDUC.,CIENC.E TEC.DO MAT.G.DO SUL;448953;9382;PEIXE IN NATURA;Material;PEIXE IN NATURA, VARIEDADE TILÁPIA, TIPO CORTE FILÉ, APRESENTAÇÃO SEM PELE, ESTADO DE CONSERVAÇÃO CONGELADO(A);10144274000108;ZELLITEC COMERCIO DE PRODUTOS ALIMENTICIOS LTDA;001;1;580,00;580,00;0,00;0,00;36,50;21170,00;0,00;26/03/2024;27/03/2024;27/03/2025;Não;27/03/2024;27/03/2024
atas_itens_RT_2024_p1.json;2026-07-29 14:27:28;00011/2024;10673078000120-1-000094/2023-000001;10673078000120-1-000094/2023;15813205000372023;00630;00037;2023;05;Pregão;158132;INST.FED.DE EDUC.,CIENC.E TEC.DO MAT.G.DO SUL;447383;4548;CARNE BOVINA IN NATURA;Material;CARNE BOVINA IN NATURA, TIPO CORTE ACÉM, APRESENTAÇÃO PEÇA INTEIRA, PROCESSAMENTO SEM OSSO, ESTADO DE CONSERVAÇÃO CONGELADO(A);10144274000108;ZELLITEC COMERCIO DE PRODUTOS ALIMENTICIOS LTDA;001;1;307,00;307,00;0,00;0,00;18,95;5817,65;0,00;26/03/2024;27/03/2024;27/03/2025;Não;27/03/2024;27/03/2024
atas_itens_RT_2024_p1.json;2026-07-29 14:27:28;00011/2024;10673078000120-1-000094/2023-000001;10673078000120-1-000094/2023;15813205000372023;00631;00037;2023;05;Pregão;158132;INST.FED.DE EDUC.,CIENC.E TEC.DO MAT.G.DO SUL;445995;8753;LEITE FLUIDO;Material;LEITE FLUIDO, ORIGEM DE VACA, TIPO A, TEOR GORDURA INTEGRAL, PROCESSAMENTO UHT;10144274000108;ZELLITEC COMERCIO DE PRODUTOS ALIMENTICIOS LTDA;001;1;6086,00;6086,00;0,00;0,00;5,00;30430,00;0,00;26/03/2024;27/03/2024;27/03/2025;Não;27/03/2024;27/03/2024
atas_itens_RT_2025_p1.json;2026-07-29 14:27:28;00055/2025;10673078000120-1-000094/2023-000002;10673078000120-1-000094/2023;15813205000372023;00418;00037;2023;05;Pregão;158132;INST.FED.DE EDUC.,CIENC.E TEC.DO MAT.G.DO SUL;447383;4548;CARNE BOVINA IN NATURA;Material;CARNE BOVINA IN NATURA, TIPO CORTE ACÉM, APRESENTAÇÃO PEÇA INTEIRA, PROCESSAMENTO SEM OSSO, ESTADO DE CONSERVAÇÃO CONGELADO(A);30553576000147;WM COMERCIO DE ALIMENTOS LTDA;001;1;1680,00;1680,00;0,00;0,00;19,95;33516,00;0,00;02/07/2025;03/07/2025;03/07/2026;Não;02/07/2025;02/07/2025
atas_itens_RT_2025_p1.json;2026-07-29 14:27:28;00055/2025;10673078000120-1-000094/2023-000002;10673078000120-1-000094/2023;15813205000372023;00431;00037;2023;05;Pregão;158132;INST.FED.DE EDUC.,CIENC.E TEC.DO MAT.G.DO SUL;465332;19720;FARINHA DE TRIGO;Material;FARINHA DE TRIGO, GRUPO INDUSTRIAL, TIPO TIPO 1, ESPECIAL, INGREDIENTE ADICIONAL SEM FERMENTO;30553576000147;WM COMERCIO DE ALIMENTOS LTDA;001;1;630,00;630,00;0,00;0,00;3,95;2488,50;0,00;02/07/2025;03/07/2025;03/07/2026;Não;02/07/2025;02/07/2025
atas_itens_RT_2025_p1.json;2026-07-29 14:27:28;00055/2025;10673078000120-1-000094/2023-000002;10673078000120-1-000094/2023;15813205000372023;00432;00037;2023;05;Pregão;158132;INST.FED.DE EDUC.,CIENC.E TEC.DO MAT.G.DO SUL;464553;19792;LEGUMINOSA;Material;LEGUMINOSA, VARIEDADE FEIJÃO CARIOCA, TIPO TIPO 1;30553576000147;WM COMERCIO DE ALIMENTOS LTDA;001;1;2352,00;2352,00;0,00;0,00;6,85;16111,20;0,00;02/07/2025;03/07/2025;03/07/2026;Não;02/07/2025;02/07/2025
atas_itens_RT_2025_p1.json;2026-07-29 14:27:28;00055/2025;10673078000120-1-000094/2023-000002;10673078000120-1-000094/2023;15813205000372023;00452;00037;2023;05;Pregão;158132;INST.FED.DE EDUC.,CIENC.E TEC.DO MAT.G.DO SUL;448953;9382;PEIXE IN NATURA;Material;PEIXE IN NATURA, VARIEDADE TILÁPIA, TIPO CORTE FILÉ, APRESENTAÇÃO SEM PELE, ESTADO DE CONSERVAÇÃO CONGELADO(A);30553576000147;WM COMERCIO DE ALIMENTOS LTDA;001;1;336,00;336,00;0,00;0,00;35,95;12079,20;0,00;02/07/2025;03/07/2025;03/07/2026;Não;02/07/2025;02/07/2025
atas_itens_RT_2024_p1.json;2026-07-29 14:27:28;00006/2024;10673078000120-1-000095/2023-000001;10673078000120-1-000095/2023;15813205000342023;00002;00034;2023;05;Pregão;158132;INST.FED.DE EDUC.,CIENC.E TEC.DO MAT.G.DO SUL;330251;11505;REDE PESCA;Material;REDE PESCA, MATERIAL MALHA, TIPO ARRASTO, ALTURA 1,50 M, TAMANHO MALHA 1 MM, MATERIAL FIO PANAGEM EM FILÓ MULTIFILAMENTO, CARACTERÍSTICAS ADICIONAIS COM SACO E SEM NÓ, COMPRIMENTO 5 M, APLICAÇÃO ESTAÇÃO DE PISCICULTURA;51950917000198;D.FEDERAL - COMERCIAL DE MATERIAIS E EQUIPAMENTOS LTDA;001;1;2,00;2,00;0,00;0,00;998,00;1996,00;0,00;20/03/2024;25/03/2024;25/03/2025;Não;22/03/2024;22/03/2024
atas_itens_RT_2024_p1.json;2026-07-29 14:27:28;00006/2024;10673078000120-1-000095/2023-000001;10673078000120-1-000095/2023;15813205000342023;00003;00034;2023;05;Pregão;158132;INST.FED.DE EDUC.,CIENC.E TEC.DO MAT.G.DO SUL;330251;11505;REDE PESCA;Material;REDE PESCA, MATERIAL MALHA, TIPO ARRASTO, ALTURA 1,50 M, TAMANHO MALHA 1 MM, MATERIAL FIO PANAGEM EM FILÓ MULTIFILAMENTO, CARACTERÍSTICAS ADICIONAIS COM SACO E SEM NÓ, COMPRIMENTO 5 M, APLICAÇÃO ESTAÇÃO DE PISCICULTURA;51950917000198;D.FEDERAL - COMERCIAL DE MATERIAIS E EQUIPAMENTOS LTDA;001;1;1,00;1,00;0,00;0,00;1000,00;1000,00;0,00;20/03/2024;25/03/2024;25/03/2025;Não;22/03/2024;22/03/2024
atas_itens_RT_2024_p1.json;2026-07-29 14:27:28;00006/2024;10673078000120-1-000095/2023-000001;10673078000120-1-000095/2023;15813205000342023;00004;00034;2023;05;Pregão;158132;INST.FED.DE EDUC.,CIENC.E TEC.DO MAT.G.DO SUL;330250;11505;REDE PESCA;Material;REDE PESCA, MATERIAL MALHA, TIPO ARRASTO, ALTURA 2 M, TAMANHO MALHA 5 MM, MATERIAL FIO PANAGEM EM NYLON MULTIFILAMENTO, DIÂMETRO FIO 210/6, COR BRANCA OU AZUL, CARACTERÍSTICAS ADICIONAIS COM SACO E SEM NÓ, COMPRIMENTO 30 M, APLICAÇÃO ESTAÇÃO DE PISCICULTURA;51950917000198;D.FEDERAL - COMERCIAL DE MATERIAIS E EQUIPAMENTOS LTDA;001;1;1,00;1,00;0,00;0,00;1000,00;1000,00;0,00;20/03/2024;25/03/2024;25/03/2025;Não;22/03/2024;22/03/2024
atas_itens_RT_2024_p1.json;2026-07-29 14:27:28;00006/2024;10673078000120-1-000095/2023-000001;10673078000120-1-000095/2023;15813205000342023;00005;00034;2023;05;Pregão;158132;INST.FED.DE EDUC.,CIENC.E TEC.DO MAT.G.DO SUL;254276;11505;REDE PESCA;Material;REDE PESCA, MATERIAL MALHA, TIPO GALÃO, ALTURA 1,50 M, TAMANHO MALHA 7;51950917000198;D.FEDERAL - COMERCIAL DE MATERIAIS E EQUIPAMENTOS LTDA;001;1;1,00;1,00;0,00;0,00;1000,00;1000,00;0,00;20/03/2024;25/03/2024;25/03/2025;Não;22/03/2024;22/03/2024
atas_itens_RT_2024_p1.json;2026-07-29 14:27:28;00006/2024;10673078000120-1-000095/2023-000001;10673078000120-1-000095/2023;15813205000342023;00006;00034;2023;05;Pregão;158132;INST.FED.DE EDUC.,CIENC.E TEC.DO MAT.G.DO SUL;330251;11505;REDE PESCA;Material;REDE PESCA, MATERIAL MALHA, TIPO ARRASTO, ALTURA 1,50 M, TAMANHO MALHA 1 MM, MATERIAL FIO PANAGEM EM FILÓ MULTIFILAMENTO, CARACTERÍSTICAS ADICIONAIS COM SACO E SEM NÓ, COMPRIMENTO 5 M, APLICAÇÃO ESTAÇÃO DE PISCICULTURA;51950917000198;D.FEDERAL - COMERCIAL DE MATERIAIS E EQUIPAMENTOS LTDA;001;1;1,00;1,00;0,00;0,00;1000,00;1000,00;0,00;20/03/2024;25/03/2024;25/03/2025;Não;22/03/2024;22/03/2024
atas_itens_RT_2024_p1.json;2026-07-29 14:27:28;00006/2024;10673078000120-1-000095/2023-000001;10673078000120-1-000095/2023;15813205000342023;00007;00034;2023;05;Pregão;158132;INST.FED.DE EDUC.,CIENC.E TEC.DO MAT.G.DO SUL;330251;11505;REDE PESCA;Material;REDE PESCA, MATERIAL MALHA, TIPO ARRASTO, ALTURA 1,50 M, TAMANHO MALHA 1 MM, MATERIAL FIO PANAGEM EM FILÓ MULTIFILAMENTO, CARACTERÍSTICAS ADICIONAIS COM SACO E SEM NÓ, COMPRIMENTO 5 M, APLICAÇÃO ESTAÇÃO DE PISCICULTURA;51950917000198;D.FEDERAL - COMERCIAL DE MATERIAIS E EQUIPAMENTOS LTDA;001;1;1,00;1,00;0,00;0,00;1000,00;1000,00;0,00;20/03/2024;25/03/2024;25/03/2025;Não;22/03/2024;22/03/2024
atas_itens_RT_2024_p1.json;2026-07-29 14:27:28;00006/2024;10673078000120-1-000095/2023-000001;10673078000120-1-000095/2023;15813205000342023;00008;00034;2023;05;Pregão;158132;INST.FED.DE EDUC.,CIENC.E TEC.DO MAT.G.DO SUL;307893;16416;REDE PUÇÁ;Material;REDE PUÇÁ, MATERIAL TELA NÁILON, MATERIAL CABO ALUMÍNIO, MATERIAL ARCO ALUMÍNIO, DIÂMETRO ARCO 30 CM, COMPRIMENTO CABO 20 CM, APLICAÇÃO AQUÁRIO, CARACTERÍSTICAS ADICIONAIS TIPO PASSAGUÁ;51950917000198;D.FEDERAL - COMERCIAL DE MATERIAIS E EQUIPAMENTOS LTDA;001;1;1,00;1,00;0,00;0,00;250,00;250,00;0,00;20/03/2024;25/03/2024;25/03/2025;Não;22/03/2024;22/03/2024
atas_itens_RT_2024_p1.json;2026-07-29 14:27:28;00006/2024;10673078000120-1-000095/2023-000001;10673078000120-1-000095/2023;15813205000342023;00009;00034;2023;05;Pregão;158132;INST.FED.DE EDUC.,CIENC.E TEC.DO MAT.G.DO SUL;356990;16416;REDE PUÇÁ;Material;REDE PUÇÁ, MATERIAL ARCO AÇO, DIÂMETRO ARCO 40 X 50 CM, ACABAMENTO SUPERFICIAL ARCO GALVANIZADO, APLICAÇÃO PISCICULTURA, TIPO FIO 210/06;51950917000198;D.FEDERAL - COMERCIAL DE MATERIAIS E EQUIPAMENTOS LTDA;001;1;2,00;2,00;0,00;0,00;240,00;480,00;0,00;20/03/2024;25/03/2024;25/03/2025;Não;22/03/2024;22/03/2024
atas_itens_RT_2024_p1.json;2026-07-29 14:27:28;00006/2024;10673078000120-1-000095/2023-000001;10673078000120-1-000095/2023;15813205000342023;00020;00034;2023;05;Pregão;158132;INST.FED.DE EDUC.,CIENC.E TEC.DO MAT.G.DO SUL;455554;18590;MEDIDOR LABORATÓRIO;Material;MEDIDOR LABORATÓRIO, TIPO KIT PARA ANÁLISE, USO CONTROLE DE QUALIDADE DE COMBUSTíVEL, APLICAÇÃO ANÁLISE QUIMICA E MICROSCÓPICA, CARACTERÍSTICAS ADICIONAIS ACOMPANHA MICROSCÓPIO DIGITAL E MALETA DE TRANSPO R;51950917000198;D.FEDERAL - COMERCIAL DE MATERIAIS E EQUIPAMENTOS LTDA;001;1;5,00;5,00;0,00;0,00;998,00;4990,00;0,00;20/03/2024;25/03/2024;25/03/2025;Não;22/03/2024;22/03/2024
atas_itens_RT_2024_p1.json;2026-07-29 14:27:28;00006/2024;10673078000120-1-000095/2023-000001;10673078000120-1-000095/2023;15813205000342023;00022;00034;2023;05;Pregão;158132;INST.FED.DE EDUC.,CIENC.E TEC.DO MAT.G.DO SUL;481713;12541;EQUIPAMENTO / ACESSÓRIOS - PISCICULTURA;Material;EQUIPAMENTO / ACESSÓRIOS - PISCICULTURA, TIPO TANQUE BERÇÁRIO, MATERIAL REDE POLIÉSTER, DIMENSÕES 1,80 X 1,80 X 1,10, CARACTERISTICAS ADICIONAIS TELA MALHA 12 MM, REVESTIDO DE PVC;51950917000198;D.FEDERAL - COMERCIAL DE MATERIAIS E EQUIPAMENTOS LTDA;001;1;4,00;4,00;0,00;0,00;469,00;1876,00;0,00;20/03/2024;25/03/2024;25/03/2025;Não;22/03/2024;22/03/2024
atas_itens_RT_2024_p1.json;2026-07-29 14:27:28;00006/2024;10673078000120-1-000095/2023-000001;10673078000120-1-000095/2023;15813205000342023;00026;00034;2023;05;Pregão;158132;INST.FED.DE EDUC.,CIENC.E TEC.DO MAT.G.DO SUL;420092;14605;VESTUÁRIO PROTEÇÃO;Material;VESTUÁRIO PROTEÇÃO, MATERIAL 100% POLIETILENO, TAMANHO XXG, COMPONENTES MACACÃO COM CAPUZ E FECHAMENTO COM ZÍPER, TIPO USO PROTEÇÃO INDIVIDUAL, CARACTERÍSTICAS ADICIONAIS ELÁSTICO NO PUNHO E TORNOZELO, COR BRANCA;51950917000198;D.FEDERAL - COMERCIAL DE MATERIAIS E EQUIPAMENTOS LTDA;001;1;2,00;2,00;0,00;0,00;330,00;660,00;0,00;20/03/2024;25/03/2024;25/03/2025;Não;22/03/2024;22/03/2024
atas_itens_RT_2024_p1.json;2026-07-29 14:27:28;00006/2024;10673078000120-1-000095/2023-000001;10673078000120-1-000095/2023;15813205000342023;00027;00034;2023;05;Pregão;158132;INST.FED.DE EDUC.,CIENC.E TEC.DO MAT.G.DO SUL;613724;5502;COMPRESSOR DE AR;Material;COMPRESSOR DE AR, TIPO ELETROMAGNÉTICO, VAZÃO 50 L/MIN, TENSÃO 220 V, APLICAÇÃO AQUÁRIO;51950917000198;D.FEDERAL - COMERCIAL DE MATERIAIS E EQUIPAMENTOS LTDA;001;1;10,00;10,00;0,00;0,00;549,00;5490,00;0,00;20/03/2024;25/03/2024;25/03/2025;Não;22/03/2024;22/03/2024
atas_itens_RT_2024_p1.json;2026-07-29 14:27:28;00006/2024;10673078000120-1-000095/2023-000001;10673078000120-1-000095/2023;15813205000342023;00028;00034;2023;05;Pregão;158132;INST.FED.DE EDUC.,CIENC.E TEC.DO MAT.G.DO SUL;607438;4162;CAIXA;Material;CAIXA, MATERIAL BOPP RECICLADO, TIPO CAIXA COMPOSTAGEM, COMPRIMENTO 600 MM, LARGURA 420 MM, APLICAÇÃO COMPOSTAGEM, ALTURA 1 780 MM;51950917000198;D.FEDERAL - COMERCIAL DE MATERIAIS E EQUIPAMENTOS LTDA;001;1;4,00;4,00;0,00;0,00;819,00;3276,00;0,00;20/03/2024;25/03/2024;25/03/2025;Não;22/03/2024;22/03/2024
atas_itens_RT_2024_p1.json;2026-07-29 14:27:28;00007/2024;10673078000120-1-000095/2023-000002;10673078000120-1-000095/2023;15813205000342023;00024;00034;2023;05;Pregão;158132;INST.FED.DE EDUC.,CIENC.E TEC.DO MAT.G.DO SUL;315758;14164;SAL MINERAL;Material;SAL MINERAL, INGREDIENTES MICRO E MACRO ELEMENTOS MINERAIS/CLORETO DE SÓDIO, APLICAÇÃO ANIMAL;03217016000149;RPF COMERCIAL LTDA;001;1;10,00;10,00;0,00;0,00;149,45;1494,50;0,00;21/03/2024;25/03/2024;25/03/2025;Não;22/03/2024;22/03/2024
atas_itens_RT_2024_p1.json;2026-07-29 14:27:28;00008/2024;10673078000120-1-000095/2023-000003;10673078000120-1-000095/2023;15813205000342023;00025;00034;2023;05;Pregão;158132;INST.FED.DE EDUC.,CIENC.E TEC.DO MAT.G.DO SUL;411813;14412;RAÇÃO PEIXE;Material;RAÇÃO PEIXE, INGREDIENTES PROTEÍNAS, APLICAÇÃO ALIMENTAÇÃO PEIXE ESPÉCIE CARNÍVORA, DOSAGEM COMPONENTES PROTEÍNA BRUTA- MÍNIMO 45%, APRESENTAÇÃO EXTRUSADA, CARACTERÍSTICAS ADICIONAIS PELETES 4 A 6 MM;39248098000136;D PRONTO NUTRICAO ANIMAL E PRODUTOS VETERINARIOS LTDA;001;1;10,00;10,00;0,00;0,00;270,00;2700,00;0,00;20/03/2024;25/03/2024;25/03/2025;Não;22/03/2024;22/03/2024
atas_itens_RT_2024_p1.json;2026-07-29 14:27:28;00009/2024;10673078000120-1-000095/2023-000004;10673078000120-1-000095/2023;15813205000342023;00012;00034;2023;05;Pregão;158132;INST.FED.DE EDUC.,CIENC.E TEC.DO MAT.G.DO SUL;471448;19854;TESOURA INSTRUMENTAL;Material;TESOURA INSTRUMENTAL, MODELO 1 PADRÃO, TIPO PONTA PONTA RETA, CARACTERÍSTICA PONTA FINA FINA, HASTE HASTE RETA, COMPRIMENTO TOTAL CERCA DE 14 CM, MATERIAL AÇO INOXIDÁVEL, ESTERILIDADE ESTERILIZÁVEL;26043097000103;FATO IMPORTADORA E EXPORTADORA DE INSTRUMENTOS CIRURGICOS LTDA;001;1;10,00;10,00;0,00;0,00;44,00;440,00;0,00;20/03/2024;25/03/2024;25/03/2025;Não;22/03/2024;22/03/2024
atas_itens_RT_2024_p1.json;2026-07-29 14:27:28;00009/2024;10673078000120-1-000095/2023-000004;10673078000120-1-000095/2023;15813205000342023;00013;00034;2023;05;Pregão;158132;INST.FED.DE EDUC.,CIENC.E TEC.DO MAT.G.DO SUL;471437;19854;TESOURA INSTRUMENTAL;Material;TESOURA INSTRUMENTAL, MODELO 1 PADRÃO, TIPO PONTA PONTA RETA, CARACTERÍSTICA PONTA ROMBA FINA, HASTE HASTE RETA, COMPRIMENTO TOTAL CERCA DE 16 CM, MATERIAL AÇO INOXIDÁVEL, ESTERILIDADE ESTERILIZÁVEL;26043097000103;FATO IMPORTADORA E EXPORTADORA DE INSTRUMENTOS CIRURGICOS LTDA;001;1;10,00;10,00;0,00;0,00;80,00;800,00;0,00;20/03/2024;25/03/2024;25/03/2025;Não;22/03/2024;22/03/2024
atas_itens_RT_2024_p1.json;2026-07-29 14:27:28;00009/2024;10673078000120-1-000095/2023-000004;10673078000120-1-000095/2023;15813205000342023;00016;00034;2023;05;Pregão;158132;INST.FED.DE EDUC.,CIENC.E TEC.DO MAT.G.DO SUL;467744;19829;PINÇA ANATÔMICA;Material;PINÇA ANATÔMICA, MODELO 1 DISSECÇÃO, FORMATO PONTA PONTA RETA, TIPO PONTA SERRILHADA, COMPRIMENTO TOTAL CERCA DE 12 CM, COMPONENTE S/ CREMALHEIRA, MATERIAL AÇO INOXIDÁVEL, ESTERILIDADE ESTERILIZÁVEL;26043097000103;FATO IMPORTADORA E EXPORTADORA DE INSTRUMENTOS CIRURGICOS LTDA;001;1;8,00;8,00;0,00;0,00;31,07;248,56;0,00;20/03/2024;25/03/2024;25/03/2025;Não;22/03/2024;22/03/2024
atas_itens_RT_2024_p1.json;2026-07-29 14:27:28;00009/2024;10673078000120-1-000095/2023-000004;10673078000120-1-000095/2023;15813205000342023;00017;00034;2023;05;Pregão;158132;INST.FED.DE EDUC.,CIENC.E TEC.DO MAT.G.DO SUL;467745;19829;PINÇA ANATÔMICA;Material;PINÇA ANATÔMICA, MODELO 1 DISSECÇÃO, FORMATO PONTA PONTA RETA, TIPO PONTA SERRILHADA, COMPRIMENTO TOTAL CERCA DE 14 CM, COMPONENTE S/ CREMALHEIRA, MATERIAL AÇO INOXIDÁVEL, ESTERILIDADE ESTERILIZÁVEL;26043097000103;FATO IMPORTADORA E EXPORTADORA DE INSTRUMENTOS CIRURGICOS LTDA;001;1;1,00;1,00;0,00;0,00;24,43;24,43;0,00;20/03/2024;25/03/2024;25/03/2025;Não;22/03/2024;22/03/2024
atas_itens_RT_2024_p1.json;2026-07-29 14:27:28;00012/2024;10673078000120-1-000097/2023-000001;10673078000120-1-000097/2023;15813205000362023;00010;00036;2023;05;Pregão;158132;INST.FED.DE EDUC.,CIENC.E TEC.DO MAT.G.DO SUL;414379;1178;CILINDRO GÁS;Material;CILINDRO GÁS, MATERIAL AÇO, TIPO GÁS OXIGÊNIO, VOLUME 50 L, CARACTERÍSTICAS ADICIONAIS SEM COSTURA;27176482000191;DOUGLAS CORDEIRO LTDA;001;1;1,00;1,00;0,00;0,00;2450,00;2450,00;0,00;03/06/2024;05/06/2024;05/06/2025;Não;04/06/2024;04/06/2024
atas_itens_RT_2024_p1.json;2026-07-29 14:27:28;00012/2024;10673078000120-1-000097/2023-000001;10673078000120-1-000097/2023;15813205000362023;00011;00036;2023;05;Pregão;158132;INST.FED.DE EDUC.,CIENC.E TEC.DO MAT.G.DO SUL;395368;1178;CILINDRO GÁS;Material;CILINDRO GÁS, MATERIAL AÇO, TIPO GÁS ARGÔNIO, VOLUME 10 M3;27176482000191;DOUGLAS CORDEIRO LTDA;001;1;2,00;2,00;0,00;0,00;2360,00;4720,00;0,00;03/06/2024;05/06/2024;05/06/2025;Não;04/06/2024;04/06/2024
atas_itens_RT_2026_p1.json;2026-07-29 14:27:29;00015/2026;10673078000120-1-000098/2025-000001;10673078000120-1-000098/2025;15813205902022025;00023;90202;2025;05;Pregão;158132;INST.FED.DE EDUC.,CIENC.E TEC.DO MAT.G.DO SUL;375290;9732;MICROFONE;Material;MICROFONE, TIPO DE MÃO, RESPOSTA FREQÜÊNCIA 55-18000 HZ, TIPO RECEPTOR PADRÃO RACK 19 POLEGADAS COM 2 ANTENAS, CARACTERÍSTICAS ADICIONAIS UHF, KIT DE MONTAGEM, ALCANCE MÍNIMO 100 M, ALIMENTAÇÃO EXTERNA RECEPTOR 110/220 V, ALIMENTAÇÃO RECEPTOR 3 V, APLICAÇÃO AUDITÓRIO, PADRÃO POLAR HIPERCARDIÓIDE, MATERIAL CORPO DE METAL, COR PRETA, POTÊNCIA DE SAÍDA MÍNIMA 10 MW, REFERÊNCIA FABRICANTE BEYERDINAMIC NE 900D, RELAÇÃO SINAL/ RUIDO MENOR QUE 110 DB;20166877000164;LUCIMARA DE FREITAS GUERREIRO;001;1;4,00;4,00;0,00;0,00;650,00;2600,00;0,00;15/04/2026;16/04/2026;16/04/2027;Não;24/04/2026;24/04/2026
atas_itens_RT_2026_p1.json;2026-07-29 14:27:29;00014/2026;10673078000120-1-000098/2025-000002;10673078000120-1-000098/2025;15813205902022025;00022;90202;2025;05;Pregão;158132;INST.FED.DE EDUC.,CIENC.E TEC.DO MAT.G.DO SUL;604125;15364;MANGUEIRA LUMINOSA;Material;MANGUEIRA LUMINOSA, MATERIAL PVC FLEXÍVEL, BITOLA 13 MM, QUANTIDADE LÂMPADAS MÍNIMO 20 POR METRO, POTÊNCIA LÂMPADA 3W POR METRO, TENSÃO 127/220 V, TIPO LUZ LED, COMPRIMENTO 100 M;52346736000110;MASO COMERCIO PRODUTOS LTDA;001;1;5,00;5,00;0,00;0,00;839,00;4195,00;0,00;15/04/2026;16/04/2026;16/04/2027;Não;24/04/2026;24/04/2026
atas_itens_RT_2026_p1.json;2026-07-29 14:27:29;00009/2026;10673078000120-1-000098/2025-000003;10673078000120-1-000098/2025;15813205902022025;00007;90202;2025;05;Pregão;158132;INST.FED.DE EDUC.,CIENC.E TEC.DO MAT.G.DO SUL;615180;14570;CÂMERA FOTOGRÁFICA DIGITAL;Material;CÂMERA FOTOGRÁFICA DIGITAL, TIPO ZOOM OPTICO:3X, TIPO FOCO AUTOFOCO, TIPO VISOR LCD ARTICULÁVEL DE 3.0 TOUCH SCREEN, FORMATO GRAVAÇÃO IMAGEM 4K, TIPO EFEITOS VISUAIS ÓTICO COM UM SISTEMA AF DE 9 PONTOS, CARACTERÍSTICAS ADICIONAIS ENTRADA DE FONE EXTERNO, WI-FI, BLUETOOTH, SENSOR IMAGEM APS-C DE 24,1 MEGAPIXELS, DUAL PIXEL CMOS AF MPX, ACESSÓRIOS ALÇA DE PRESCOÇO, CARREGADOR DE BATERIA;04932770000123;KASA KOMPLETA COMERCIO E SERVICOS LTDA;001;1;5,00;5,00;0,00;0,00;4988,00;24940,00;0,00;15/04/2026;16/04/2026;16/04/2027;Não;24/04/2026;24/04/2026
atas_itens_RT_2026_p1.json;2026-07-29 14:27:29;00009/2026;10673078000120-1-000098/2025-000003;10673078000120-1-000098/2025;15813205902022025;00008;90202;2025;05;Pregão;158132;INST.FED.DE EDUC.,CIENC.E TEC.DO MAT.G.DO SUL;347478;7635;FLASH;Material;FLASH, TIPO EPEEDLITE SB 800 TTL;04932770000123;KASA KOMPLETA COMERCIO E SERVICOS LTDA;001;1;4,00;4,00;0,00;0,00;1999,99;7999,96;0,00;15/04/2026;16/04/2026;16/04/2027;Não;24/04/2026;24/04/2026
atas_itens_RT_2026_p1.json;2026-07-29 14:27:29;00009/2026;10673078000120-1-000098/2025-000003;10673078000120-1-000098/2025;15813205902022025;00009;90202;2025;05;Pregão;158132;INST.FED.DE EDUC.,CIENC.E TEC.DO MAT.G.DO SUL;472720;3475;BATERIA RECARREGÁVEL;Material;BATERIA RECARREGÁVEL, MODELO LP-E17, PESO 45 G, USO CÂMERA DIGITAL, SISTEMA ELETROQUÍMICO ÍONS DE LÍTIO , CAPACIDADE NOMINAL 1040 MAH, DIMENSÕES 33,0 X 14,0 X 49,4 MM, FAIXA TEMPERATURA DE TRABALHO 0- 40 °C, TENSÃO NOMINAL 7.2 VCC , APLICAÇÃO 1 CÂMERA DIGITAL CANON;04932770000123;KASA KOMPLETA COMERCIO E SERVICOS LTDA;001;1;6,00;6,00;0,00;0,00;490,00;2940,00;0,00;15/04/2026;16/04/2026;16/04/2027;Não;24/04/2026;24/04/2026
atas_itens_RT_2026_p1.json;2026-07-29 14:27:29;00016/2026;10673078000120-1-000098/2025-000004;10673078000120-1-000098/2025;15813205902022025;00024;90202;2025;05;Pregão;158132;INST.FED.DE EDUC.,CIENC.E TEC.DO MAT.G.DO SUL;461528;17478;SUPORTE MICROFONE;Material;SUPORTE MICROFONE, MATERIAL ALUMÍNIO, TIPO ARTICULADO, APLICAÇÃO AUDIO, CARACTERÍSTICAS ADICIONAIS POSSUI INDICADOR DE MICROFONE EM FUNCIONAMENTO, USO MICROFONES ATÉ 2 KG, COR PRÊTO/PRATA;05239149000141;SAM INFORMATICA E EQUIPAMENTOS LTDA;001;1;4,00;4,00;0,00;0,00;387,00;1548,00;0,00;15/04/2026;16/04/2026;16/04/2027;Não;24/04/2026;24/04/2026
atas_itens_RT_2026_p1.json;2026-07-29 14:27:29;00013/2026;10673078000120-1-000098/2025-000005;10673078000120-1-000098/2025;15813205902022025;00012;90202;2025;05;Pregão;158132;INST.FED.DE EDUC.,CIENC.E TEC.DO MAT.G.DO SUL;615064;9732;MICROFONE;Material;MICROFONE, TIPO CONDENSADOR, ALIMENTAÇÃO PHANTON POWER (ALIM.REMOTA) 48V +- 4V , RESPOSTA FREQÜÊNCIA 20 HZ A 20 KHZ HZ, CARACTERÍSTICAS ADICIONAIS PADRÃO POLAR CARDIÓIDE, APLICAÇÃO ESTÚDIO E ÁREAS EXTERNAS, SENSIBILIDADE 2.1 DB, DISTORÇÃO HARMÔNICA TOTAL 0,5% : 135DBV, RELAÇÃO SINAL/ RUIDO 75 DB;00489661000122;AUDIOVISAO ELETRO E CENTRAL DE PRODUTOS LTDA;001;1;17,00;17,00;0,00;0,00;394,00;6698,00;0,00;15/04/2026;16/04/2026;16/04/2027;Não;24/04/2026;24/04/2026
atas_itens_RT_2026_p1.json;2026-07-29 14:27:29;00012/2026;10673078000120-1-000098/2025-000006;10673078000120-1-000098/2025;15813205902022025;00006;90202;2025;05;Pregão;158132;INST.FED.DE EDUC.,CIENC.E TEC.DO MAT.G.DO SUL;447093;4047;CABO EXTENSOR;Material;CABO EXTENSOR, TIPO BLINDADO REFORÇADO, TIPO SAÍDA HDMI MACHO X HDMI MACHO 19 PINOS, COMPRIMENTO 10 M, APLICAÇÃO PROJETOR MULTIMÍDIA, CARACTERÍSTICAS ADICIONAIS CABO COM FILTRO, PADRÃO HDMI 2.0, MATERIAL CONDUTOR PINOS BANHADOS A OURO;42810782000174;MAX QUALITY COMERCIO LTDA;001;1;90,00;90,00;0,00;0,00;37,50;3375,00;0,00;15/04/2026;16/04/2026;16/04/2027;Não;24/04/2026;24/04/2026
atas_itens_RT_2026_p1.json;2026-07-29 14:27:29;00010/2026;10673078000120-1-000098/2025-000007;10673078000120-1-000098/2025;15813205902022025;00001;90202;2025;05;Pregão;158132;INST.FED.DE EDUC.,CIENC.E TEC.DO MAT.G.DO SUL;486586;7066;ESTABILIZADOR - FOTOGRAFICO;Material;ESTABILIZADOR - FOTOGRAFICO, MÚMERO DE EIXOS 3 EIXOS (INCLINAÇÃO, ROTAÇÃO, GUINADA), INTERFACE USB, CAPACIDADE DE CARGA 0,6 A 6,49 KG, PESO 2,45 KG;61521807000164;CAMERAS LES CHANSONS LTDA;001;1;10,00;10,00;0,00;0,00;1038,44;10384,40;0,00;15/04/2026;16/04/2026;16/04/2027;Não;24/04/2026;24/04/2026
atas_itens_RT_2026_p1.json;2026-07-29 14:27:29;00010/2026;10673078000120-1-000098/2025-000007;10673078000120-1-000098/2025;15813205902022025;00002;90202;2025;05;Pregão;158132;INST.FED.DE EDUC.,CIENC.E TEC.DO MAT.G.DO SUL;624664;9732;MICROFONE;Material;MICROFONE, TIPO LAPELA SEM FIO, OMNIDIRECIONAL, RESPOSTA FREQÜÊNCIA 536 MHZ A 608 MHZ, TIPO RECEPTOR PORTÁTIL URX-P40, CARACTERÍSTICAS ADICIONAIS : TRANSMISSOR BODYPACK UTX-B40, PLUGUE UTX-P40,, ACESSÓRIOS CABO DE SAÍDA LAW- BMP, CABO DE CONVERSÃO, MINI PL U, COMPONENTES ADICIONAIS ADAPTADOR DE MONTAGEM, SAPATA, ESPUMA ACÚSTICA, C A;61521807000164;CAMERAS LES CHANSONS LTDA;001;1;17,00;17,00;0,00;0,00;700,00;11900,00;0,00;15/04/2026;16/04/2026;16/04/2027;Não;24/04/2026;24/04/2026
atas_itens_RT_2026_p1.json;2026-07-29 14:27:29;00011/2026;10673078000120-1-000098/2025-000008;10673078000120-1-000098/2025;15813205902022025;00010;90202;2025;05;Pregão;158132;INST.FED.DE EDUC.,CIENC.E TEC.DO MAT.G.DO SUL;477785;9594;MEMÓRIA EM CARTÃO MAGNÉTICO;Material;MEMÓRIA EM CARTÃO MAGNÉTICO, CAPACIDADE MEMÓRIA 128 GB, TIPO CARTAO SDXC, APLICAÇÃO ARMAZENAMENTO DE DADOS, CARACTERÍSTICAS ADICIONAIS VELOCIDADE DE LEITURA 170 MB/S;62536368000126;TCAD COMERCIAL LTDA;001;1;22,00;22,00;0,00;0,00;344,00;7568,00;0,00;15/04/2026;16/04/2026;16/04/2027;Não;24/04/2026;24/04/2026
atas_itens_RT_2026_p1.json;2026-07-29 14:27:29;00011/2026;10673078000120-1-000098/2025-000008;10673078000120-1-000098/2025;15813205902022025;00017;90202;2025;05;Pregão;158132;INST.FED.DE EDUC.,CIENC.E TEC.DO MAT.G.DO SUL;611539;8788;LENTE PARA CÂMERA FOTOGRÁFICA;Material;LENTE PARA CÂMERA FOTOGRÁFICA, TIPO 15- 35 MM, ABERTURA MÁXIMA F2,8, TIPO DE FOCO MANUAL E AUTOMÁTICO, TIPO LENTE GRANDE OCULAR, DISTÂNCIA FOCAL 15- 35 MM, DISTÂNCIA MÍNIMA FOCO 0,28 M.;62536368000126;TCAD COMERCIAL LTDA;001;1;2,00;2,00;0,00;0,00;7912,00;15824,00;0,00;15/04/2026;16/04/2026;16/04/2027;Não;24/04/2026;24/04/2026
atas_itens_RT_2026_p1.json;2026-07-29 14:27:29;00011/2026;10673078000120-1-000098/2025-000008;10673078000120-1-000098/2025;15813205902022025;00032;90202;2025;05;Pregão;158132;INST.FED.DE EDUC.,CIENC.E TEC.DO MAT.G.DO SUL;303353;915;TELA PROJEÇÃO;Material;TELA PROJEÇÃO, TIPO AJUSTE TELA MANUAL E RETRÁTIL, MATERIAL TECIDO, COR ACABAMENTO BRANCA/PRETO, TIPO FIXAÇÃO TRIPÉ, COR BRANCA, ALTURA 1,83 M, LARGURA 2,44 M, CARACTERÍSTICAS ADICIONAIS ÁREA VISUAL DE 120 POL;62536368000126;TCAD COMERCIAL LTDA;001;1;12,00;12,00;0,00;0,00;844,00;10128,00;0,00;15/04/2026;16/04/2026;16/04/2027;Não;24/04/2026;24/04/2026
atas_itens_RT_2026_p1.json;2026-07-29 14:27:29;00017/2026;10673078000120-1-000098/2025-000009;10673078000120-1-000098/2025;15813205902022025;00020;90202;2025;05;Pregão;158132;INST.FED.DE EDUC.,CIENC.E TEC.DO MAT.G.DO SUL;626910;907;PROJETOR MULTIMÍDIA;Material;PROJETOR MULTIMÍDIA, DISTÂNCIA MÍNIMA TELA 90 CM, DISTÂNCIA MÁXIMA TELA 10 M, TIPO LÂMPADA UHE, POTÊNCIA LÂMPADA 210 W, VOLTAGEM BIVOLT V, FREQÜÊNCIA 50/60 HZ, QUANTIDADE ENTRADAS VÍDEO 2 UN, TIPO ZOOM ÓPTICO, POTÊNCIA AUTOFALANTES 5 W, QUANTIDADE AUTOFALANTES 1 UN, TIPO TETO E MESA, CAPACIDADE CONEXÃO CONEXÃO: RJ45, CARACTERÍSTICAS ADICIONAIS CONEXÃO RJ45, HDMI, D-SUB15 PIN, RCA, USB A E B, S, LUMINOSIDADE MÍNIMA 3.800 LM, TIPO FOCO MANUAL, TIPO PROJEÇÃO FRONTRAL/ TRASEIRO/ TETO, TIPO TECNOLOGIA RJ45, RESOLUÇÃO MÍNIMA 1.280 X 800 DPI, RESOLUÇÃO 1.280 X 800, CONTRASTE MÍNIMO 16.000, TIPO CONTROLE REMOTO, SEM FIO;24802687000309;HS COMERCIO LOCACAO E MANUTENCAO DE EQUIPAMENTOS DE INFORMATICA LTDA;001;1;17,00;17,00;0,00;0,00;3518,08;59807,36;0,00;11/05/2026;12/05/2026;12/05/2027;Não;13/05/2026;13/05/2026
atas_itens_RT_2025_p1.json;2026-07-29 14:27:28;00047/2025;10673078000120-1-000101/2024-000001;10673078000120-1-000101/2024;15813205900242024;00001;90024;2024;05;Pregão;158132;INST.FED.DE EDUC.,CIENC.E TEC.DO MAT.G.DO SUL;26166;;;Serviço;Taxa de Instalação Link de Internet - STFC (Banda Larga);11743904000123;VETT - VIA EXPRESS TECNOLOGIA E TELECOMUNICACOES LTDA;001;1;1,00;1,00;0,00;0,00;0,00;0,00;0,00;05/06/2025;06/06/2025;08/06/2026;Não;06/06/2025;06/06/2025
atas_itens_RT_2025_p1.json;2026-07-29 14:27:28;00047/2025;10673078000120-1-000101/2024-000001;10673078000120-1-000101/2024;15813205900242024;00002;90024;2024;05;Pregão;158132;INST.FED.DE EDUC.,CIENC.E TEC.DO MAT.G.DO SUL;26174;;;Serviço;Acesso a Internet - STFC (Banda Larga);11743904000123;VETT - VIA EXPRESS TECNOLOGIA E TELECOMUNICACOES LTDA;001;1;12,00;12,00;0,00;0,00;319,00;3828,00;0,00;05/06/2025;06/06/2025;08/06/2026;Não;06/06/2025;06/06/2025
atas_itens_RT_2025_p1.json;2026-07-29 14:27:28;00047/2025;10673078000120-1-000101/2024-000001;10673078000120-1-000101/2024;15813205900242024;00003;90024;2024;05;Pregão;158132;INST.FED.DE EDUC.,CIENC.E TEC.DO MAT.G.DO SUL;26166;;;Serviço;Taxa de Instalação Link de Internet - STFC (Banda Larga);11743904000123;VETT - VIA EXPRESS TECNOLOGIA E TELECOMUNICACOES LTDA;001;1;1,00;1,00;0,00;0,00;0,00;0,00;0,00;05/06/2025;06/06/2025;08/06/2026;Não;06/06/2025;06/06/2025
atas_itens_RT_2025_p1.json;2026-07-29 14:27:28;00047/2025;10673078000120-1-000101/2024-000001;10673078000120-1-000101/2024;15813205900242024;00004;90024;2024;05;Pregão;158132;INST.FED.DE EDUC.,CIENC.E TEC.DO MAT.G.DO SUL;26174;;;Serviço;Acesso a Internet - STFC (Banda Larga);11743904000123;VETT - VIA EXPRESS TECNOLOGIA E TELECOMUNICACOES LTDA;001;1;12,00;12,00;0,00;0,00;94,00;1128,00;0,00;05/06/2025;06/06/2025;08/06/2026;Não;06/06/2025;06/06/2025
atas_itens_RT_2025_p1.json;2026-07-29 14:27:28;00047/2025;10673078000120-1-000101/2024-000001;10673078000120-1-000101/2024;15813205900242024;00005;90024;2024;05;Pregão;158132;INST.FED.DE EDUC.,CIENC.E TEC.DO MAT.G.DO SUL;26166;;;Serviço;Taxa de Instalação Link de Internet - STFC (Banda Larga);11743904000123;VETT - VIA EXPRESS TECNOLOGIA E TELECOMUNICACOES LTDA;001;1;1,00;1,00;0,00;0,00;0,00;0,00;0,00;05/06/2025;06/06/2025;08/06/2026;Não;06/06/2025;06/06/2025
atas_itens_RT_2025_p1.json;2026-07-29 14:27:28;00047/2025;10673078000120-1-000101/2024-000001;10673078000120-1-000101/2024;15813205900242024;00006;90024;2024;05;Pregão;158132;INST.FED.DE EDUC.,CIENC.E TEC.DO MAT.G.DO SUL;26506;;;Serviço;Serviço de Link Via Cabo;11743904000123;VETT - VIA EXPRESS TECNOLOGIA E TELECOMUNICACOES LTDA;001;1;12,00;12,00;0,00;0,00;475,00;5700,00;0,00;05/06/2025;06/06/2025;08/06/2026;Não;06/06/2025;06/06/2025
atas_itens_RT_2025_p1.json;2026-07-29 14:27:28;00047/2025;10673078000120-1-000101/2024-000001;10673078000120-1-000101/2024;15813205900242024;00011;90024;2024;05;Pregão;158132;INST.FED.DE EDUC.,CIENC.E TEC.DO MAT.G.DO SUL;26166;;;Serviço;Taxa de Instalação Link de Internet - STFC (Banda Larga);11743904000123;VETT - VIA EXPRESS TECNOLOGIA E TELECOMUNICACOES LTDA;001;1;1,00;1,00;0,00;0,00;0,00;0,00;0,00;05/06/2025;06/06/2025;08/06/2026;Não;06/06/2025;06/06/2025
atas_itens_RT_2025_p1.json;2026-07-29 14:27:28;00047/2025;10673078000120-1-000101/2024-000001;10673078000120-1-000101/2024;15813205900242024;00012;90024;2024;05;Pregão;158132;INST.FED.DE EDUC.,CIENC.E TEC.DO MAT.G.DO SUL;26174;;;Serviço;Acesso a Internet - STFC (Banda Larga);11743904000123;VETT - VIA EXPRESS TECNOLOGIA E TELECOMUNICACOES LTDA;001;1;12,00;12,00;0,00;0,00;985,00;11820,00;0,00;05/06/2025;06/06/2025;08/06/2026;Não;06/06/2025;06/06/2025
atas_itens_RT_2025_p1.json;2026-07-29 14:27:28;00047/2025;10673078000120-1-000101/2024-000001;10673078000120-1-000101/2024;15813205900242024;00013;90024;2024;05;Pregão;158132;INST.FED.DE EDUC.,CIENC.E TEC.DO MAT.G.DO SUL;26166;;;Serviço;Taxa de Instalação Link de Internet - STFC (Banda Larga);11743904000123;VETT - VIA EXPRESS TECNOLOGIA E TELECOMUNICACOES LTDA;001;1;1,00;1,00;0,00;0,00;1,00;1,00;0,00;05/06/2025;06/06/2025;08/06/2026;Não;06/06/2025;06/06/2025
atas_itens_RT_2025_p1.json;2026-07-29 14:27:28;00047/2025;10673078000120-1-000101/2024-000001;10673078000120-1-000101/2024;15813205900242024;00014;90024;2024;05;Pregão;158132;INST.FED.DE EDUC.,CIENC.E TEC.DO MAT.G.DO SUL;26174;;;Serviço;Acesso a Internet - STFC (Banda Larga) Dourados;11743904000123;VETT - VIA EXPRESS TECNOLOGIA E TELECOMUNICACOES LTDA;001;1;12,00;12,00;0,00;0,00;245,00;2940,00;0,00;05/06/2025;06/06/2025;08/06/2026;Não;06/06/2025;06/06/2025
atas_itens_RT_2025_p1.json;2026-07-29 14:27:28;00047/2025;10673078000120-1-000101/2024-000001;10673078000120-1-000101/2024;15813205900242024;00017;90024;2024;05;Pregão;158132;INST.FED.DE EDUC.,CIENC.E TEC.DO MAT.G.DO SUL;26166;;;Serviço;Taxa de Instalação Link de Internet - STFC (Banda Larga);11743904000123;VETT - VIA EXPRESS TECNOLOGIA E TELECOMUNICACOES LTDA;001;1;1,00;1,00;0,00;0,00;1,00;1,00;0,00;05/06/2025;06/06/2025;08/06/2026;Não;06/06/2025;06/06/2025
atas_itens_RT_2025_p1.json;2026-07-29 14:27:28;00047/2025;10673078000120-1-000101/2024-000001;10673078000120-1-000101/2024;15813205900242024;00018;90024;2024;05;Pregão;158132;INST.FED.DE EDUC.,CIENC.E TEC.DO MAT.G.DO SUL;26174;;;Serviço;Acesso a Internet - STFC (Banda Larga);11743904000123;VETT - VIA EXPRESS TECNOLOGIA E TELECOMUNICACOES LTDA;001;1;12,00;12,00;0,00;0,00;740,00;8880,00;0,00;05/06/2025;06/06/2025;08/06/2026;Não;06/06/2025;06/06/2025
atas_itens_RT_2025_p1.json;2026-07-29 14:27:28;00047/2025;10673078000120-1-000101/2024-000001;10673078000120-1-000101/2024;15813205900242024;00019;90024;2024;05;Pregão;158132;INST.FED.DE EDUC.,CIENC.E TEC.DO MAT.G.DO SUL;26166;;;Serviço;Taxa de Instalação Link de Internet - STFC (Banda Larga);11743904000123;VETT - VIA EXPRESS TECNOLOGIA E TELECOMUNICACOES LTDA;001;1;1,00;1,00;0,00;0,00;0,02;0,02;0,00;05/06/2025;06/06/2025;08/06/2026;Não;06/06/2025;06/06/2025
atas_itens_RT_2025_p1.json;2026-07-29 14:27:28;00047/2025;10673078000120-1-000101/2024-000001;10673078000120-1-000101/2024;15813205900242024;00020;90024;2024;05;Pregão;158132;INST.FED.DE EDUC.,CIENC.E TEC.DO MAT.G.DO SUL;26174;;;Serviço;Acesso a Internet - STFC (Banda Larga);11743904000123;VETT - VIA EXPRESS TECNOLOGIA E TELECOMUNICACOES LTDA;001;1;12,00;12,00;0,00;0,00;725,00;8700,00;0,00;05/06/2025;06/06/2025;08/06/2026;Não;06/06/2025;06/06/2025
atas_itens_RT_2025_p1.json;2026-07-29 14:27:28;00047/2025;10673078000120-1-000101/2024-000001;10673078000120-1-000101/2024;15813205900242024;00021;90024;2024;05;Pregão;158132;INST.FED.DE EDUC.,CIENC.E TEC.DO MAT.G.DO SUL;26166;;;Serviço;Taxa de Instalação Link de Internet - STFC (Banda Larga);11743904000123;VETT - VIA EXPRESS TECNOLOGIA E TELECOMUNICACOES LTDA;001;1;1,00;1,00;0,00;0,00;0,20;0,20;0,00;05/06/2025;06/06/2025;08/06/2026;Não;06/06/2025;06/06/2025
atas_itens_RT_2025_p1.json;2026-07-29 14:27:28;00047/2025;10673078000120-1-000101/2024-000001;10673078000120-1-000101/2024;15813205900242024;00022;90024;2024;05;Pregão;158132;INST.FED.DE EDUC.,CIENC.E TEC.DO MAT.G.DO SUL;26506;;;Serviço;Serviço de Link Via Cabo;11743904000123;VETT - VIA EXPRESS TECNOLOGIA E TELECOMUNICACOES LTDA;001;1;12,00;12,00;0,00;0,00;740,00;8880,00;0,00;05/06/2025;06/06/2025;08/06/2026;Não;06/06/2025;06/06/2025
atas_itens_RT_2025_p1.json;2026-07-29 14:27:28;00048/2025;10673078000120-1-000101/2024-000002;10673078000120-1-000101/2024;15813205900242024;00007;90024;2024;05;Pregão;158132;INST.FED.DE EDUC.,CIENC.E TEC.DO MAT.G.DO SUL;26166;;;Serviço;Taxa de Instalação Link de Internet - STFC (Banda Larga);04674092000146;NETWARE TELECOMUNICACOES E INFORMATICA LTDA;001;1;1,00;1,00;0,00;0,00;0,00;0,00;0,00;05/06/2025;06/06/2025;08/06/2026;Não;30/05/2025;30/05/2025
atas_itens_RT_2025_p1.json;2026-07-29 14:27:28;00048/2025;10673078000120-1-000101/2024-000002;10673078000120-1-000101/2024;15813205900242024;00008;90024;2024;05;Pregão;158132;INST.FED.DE EDUC.,CIENC.E TEC.DO MAT.G.DO SUL;26174;;;Serviço;Acesso a Internet - STFC (Banda Larga);04674092000146;NETWARE TELECOMUNICACOES E INFORMATICA LTDA;001;1;12,00;12,00;0,00;0,00;934,00;11208,00;0,00;05/06/2025;06/06/2025;08/06/2026;Não;30/05/2025;30/05/2025
atas_itens_RT_2025_p1.json;2026-07-29 14:27:28;00048/2025;10673078000120-1-000101/2024-000002;10673078000120-1-000101/2024;15813205900242024;00009;90024;2024;05;Pregão;158132;INST.FED.DE EDUC.,CIENC.E TEC.DO MAT.G.DO SUL;26166;;;Serviço;Taxa de Instalação Link de Internet - STFC (Banda Larga);04674092000146;NETWARE TELECOMUNICACOES E INFORMATICA LTDA;001;1;1,00;1,00;0,00;0,00;0,02;0,02;0,00;05/06/2025;06/06/2025;08/06/2026;Não;30/05/2025;30/05/2025
atas_itens_RT_2025_p1.json;2026-07-29 14:27:28;00048/2025;10673078000120-1-000101/2024-000002;10673078000120-1-000101/2024;15813205900242024;00010;90024;2024;05;Pregão;158132;INST.FED.DE EDUC.,CIENC.E TEC.DO MAT.G.DO SUL;26174;;;Serviço;Acesso a Internet - STFC (Banda Larga);04674092000146;NETWARE TELECOMUNICACOES E INFORMATICA LTDA;001;1;12,00;12,00;0,00;0,00;299,00;3588,00;0,00;05/06/2025;06/06/2025;08/06/2026;Não;30/05/2025;30/05/2025
atas_itens_RT_2025_p1.json;2026-07-29 14:27:28;00048/2025;10673078000120-1-000101/2024-000002;10673078000120-1-000101/2024;15813205900242024;00027;90024;2024;05;Pregão;158132;INST.FED.DE EDUC.,CIENC.E TEC.DO MAT.G.DO SUL;26166;;;Serviço;Taxa de Instalação Link de Internet - STFC (Banda Larga) Três Lagoas;04674092000146;NETWARE TELECOMUNICACOES E INFORMATICA LTDA;001;1;1,00;1,00;0,00;0,00;0,02;0,02;0,00;05/06/2025;06/06/2025;08/06/2026;Não;30/05/2025;30/05/2025
atas_itens_RT_2025_p1.json;2026-07-29 14:27:28;00048/2025;10673078000120-1-000101/2024-000002;10673078000120-1-000101/2024;15813205900242024;00028;90024;2024;05;Pregão;158132;INST.FED.DE EDUC.,CIENC.E TEC.DO MAT.G.DO SUL;26174;;;Serviço;Acesso a Internet - STFC (Banda Larga);04674092000146;NETWARE TELECOMUNICACOES E INFORMATICA LTDA;001;1;12,00;12,00;0,00;0,00;335,00;4020,00;0,00;05/06/2025;06/06/2025;08/06/2026;Não;30/05/2025;30/05/2025
atas_itens_RT_2025_p1.json;2026-07-29 14:27:28;00048/2025;10673078000120-1-000101/2024-000002;10673078000120-1-000101/2024;15813205900242024;00029;90024;2024;05;Pregão;158132;INST.FED.DE EDUC.,CIENC.E TEC.DO MAT.G.DO SUL;26166;;;Serviço;Taxa de Instalação Link de Internet - STFC (Banda Larga);04674092000146;NETWARE TELECOMUNICACOES E INFORMATICA LTDA;001;1;1,00;1,00;0,00;0,00;0,00;0,00;0,00;05/06/2025;06/06/2025;08/06/2026;Não;30/05/2025;30/05/2025
atas_itens_RT_2025_p1.json;2026-07-29 14:27:28;00048/2025;10673078000120-1-000101/2024-000002;10673078000120-1-000101/2024;15813205900242024;00030;90024;2024;05;Pregão;158132;INST.FED.DE EDUC.,CIENC.E TEC.DO MAT.G.DO SUL;26174;;;Serviço;Acesso a Internet - STFC (Banda Larga)Campus Campo Grande;04674092000146;NETWARE TELECOMUNICACOES E INFORMATICA LTDA;001;1;12,00;12,00;0,00;0,00;319,00;3828,00;0,00;05/06/2025;06/06/2025;08/06/2026;Não;30/05/2025;30/05/2025
atas_itens_RT_2025_p1.json;2026-07-29 14:27:28;00049/2025;10673078000120-1-000101/2024-000003;10673078000120-1-000101/2024;15813205900242024;00015;90024;2024;05;Pregão;158132;INST.FED.DE EDUC.,CIENC.E TEC.DO MAT.G.DO SUL;26166;;;Serviço;Taxa de Instalação Link de Internet - STFC (Banda Larga);08611669000393;67 TELECOM LTDA;001;1;1,00;1,00;0,00;0,00;1,00;1,00;0,00;05/06/2025;06/06/2025;08/06/2026;Não;30/05/2025;30/05/2025
atas_itens_RT_2025_p1.json;2026-07-29 14:27:28;00049/2025;10673078000120-1-000101/2024-000003;10673078000120-1-000101/2024;15813205900242024;00016;90024;2024;05;Pregão;158132;INST.FED.DE EDUC.,CIENC.E TEC.DO MAT.G.DO SUL;26174;;;Serviço;Acesso a Internet - STFC (Banda Larga);08611669000393;67 TELECOM LTDA;001;1;12,00;12,00;0,00;0,00;1299,00;15588,00;0,00;05/06/2025;06/06/2025;08/06/2026;Não;30/05/2025;30/05/2025
atas_itens_RT_2025_p1.json;2026-07-29 14:27:28;00049/2025;10673078000120-1-000101/2024-000003;10673078000120-1-000101/2024;15813205900242024;00025;90024;2024;05;Pregão;158132;INST.FED.DE EDUC.,CIENC.E TEC.DO MAT.G.DO SUL;26166;;;Serviço;Taxa de Instalação Link de Internet - STFC (Banda Larga) em Ponta Porã-MS;08611669000393;67 TELECOM LTDA;001;1;1,00;1,00;0,00;0,00;1,00;1,00;0,00;05/06/2025;06/06/2025;08/06/2026;Não;30/05/2025;30/05/2025
atas_itens_RT_2025_p1.json;2026-07-29 14:27:28;00049/2025;10673078000120-1-000101/2024-000003;10673078000120-1-000101/2024;15813205900242024;00026;90024;2024;05;Pregão;158132;INST.FED.DE EDUC.,CIENC.E TEC.DO MAT.G.DO SUL;26174;;;Serviço;Acesso a Internet - STFC (Banda Larga);08611669000393;67 TELECOM LTDA;001;1;12,00;12,00;0,00;0,00;1700,00;20400,00;0,00;05/06/2025;06/06/2025;08/06/2026;Não;30/05/2025;30/05/2025
atas_itens_RT_2025_p1.json;2026-07-29 14:27:28;00050/2025;10673078000120-1-000101/2024-000004;10673078000120-1-000101/2024;15813205900242024;00023;90024;2024;05;Pregão;158132;INST.FED.DE EDUC.,CIENC.E TEC.DO MAT.G.DO SUL;26166;;;Serviço;Taxa de Instalação Link de Internet - STFC (Banda Larga) em Nova Andradina-MS;73972002000116;BRFIBRA TELECOMUNICACOES LTDA;001;1;1,00;1,00;0,00;0,00;0,01;0,01;0,00;05/06/2025;06/06/2025;08/06/2026;Não;02/06/2025;02/06/2025
atas_itens_RT_2025_p1.json;2026-07-29 14:27:28;00050/2025;10673078000120-1-000101/2024-000004;10673078000120-1-000101/2024;15813205900242024;00024;90024;2024;05;Pregão;158132;INST.FED.DE EDUC.,CIENC.E TEC.DO MAT.G.DO SUL;26174;;;Serviço;Acesso a Internet - STFC (Banda Larga);73972002000116;BRFIBRA TELECOMUNICACOES LTDA;001;1;12,00;12,00;0,00;0,00;1500,50;18006,00;0,00;05/06/2025;06/06/2025;08/06/2026;Não;02/06/2025;02/06/2025
atas_itens_RT_2026_p1.json;2026-07-29 14:27:29;00005/2026;10673078000120-1-000103/2025-000005;10673078000120-1-000103/2025;15813205902752025;00077;90275;2025;05;Pregão;158132;INST.FED.DE EDUC.,CIENC.E TEC.DO MAT.G.DO SUL;463236;567;DISCO CORTE;Material;DISCO CORTE, MATERIAL AÇO DIAMANTADO, DIÂMETRO 115 MM, DIÂMETRO FURO 22,20 MM, APLICAÇÃO CONCRETO E ALVENARIA, ESPESSURA 1,20 MM;27180373000148;IMPRIMO 3D LTDA;001;1;6,00;6,00;0,00;0,00;3200,00;19200,00;0,00;27/01/2026;28/01/2026;28/01/2027;Não;27/01/2026;27/01/2026
atas_itens_RT_2026_p1.json;2026-07-29 14:27:29;00005/2026;10673078000120-1-000103/2025-000005;10673078000120-1-000103/2025;15813205902752025;00078;90275;2025;05;Pregão;158132;INST.FED.DE EDUC.,CIENC.E TEC.DO MAT.G.DO SUL;415619;567;DISCO CORTE;Material;DISCO CORTE, MATERIAL AÇO DIAMANTADO, DIÂMETRO 102 MM, DIÂMETRO FURO 12,70 MM, APLICAÇÃO USO GERAL, CARACTERÍSTICAS ADICIONAIS DUPLA FACE, ESPESSURA 0,30 MM;27180373000148;IMPRIMO 3D LTDA;001;1;6,00;6,00;0,00;0,00;3228,00;19368,00;0,00;27/01/2026;28/01/2026;28/01/2027;Não;27/01/2026;27/01/2026
atas_itens_RT_2026_p1.json;2026-07-29 14:27:29;00005/2026;10673078000120-1-000103/2025-000005;10673078000120-1-000103/2025;15813205902752025;00079;90275;2025;05;Pregão;158132;INST.FED.DE EDUC.,CIENC.E TEC.DO MAT.G.DO SUL;485223;567;DISCO CORTE;Material;DISCO CORTE, MATERIAL DIAMANTE COM LIGANTE DE METAL, ESPECIFICAÇÃO 1A1R, DIÂMETRO 200 MM, DIÂMETRO FURO 16 MM, APLICAÇÃO PARA CORTE DE ROCHAS, CARACTERÍSTICAS ADICIONAIS 8 MM DE BANDA DIAMANTADA, ESPESSURA 1,8 MM;27180373000148;IMPRIMO 3D LTDA;001;1;6,00;6,00;0,00;0,00;5105,00;30630,00;0,00;27/01/2026;28/01/2026;28/01/2027;Não;27/01/2026;27/01/2026
atas_itens_RT_2026_p1.json;2026-07-29 14:27:29;00005/2026;10673078000120-1-000103/2025-000005;10673078000120-1-000103/2025;15813205902752025;00080;90275;2025;05;Pregão;158132;INST.FED.DE EDUC.,CIENC.E TEC.DO MAT.G.DO SUL;603085;567;DISCO CORTE;Material;DISCO CORTE, MATERIAL ÓXIDO ALUMÍNIO, DIÂMETRO 305 MM, DIÂMETRO FURO 32 MM, CARACTERÍSTICAS ADICIONAIS DUREZA MAIOR QUE 50 HRC, ESPESSURA 2 MM;27180373000148;IMPRIMO 3D LTDA;001;1;20,00;20,00;0,00;0,00;103,00;2060,00;0,00;27/01/2026;28/01/2026;28/01/2027;Não;27/01/2026;27/01/2026
atas_itens_RT_2026_p1.json;2026-07-29 14:27:29;90204/2025;10673078000120-1-000109/2025-000001;10673078000120-1-000109/2025;15813205902042025;00015;90204;2025;05;Pregão;158132;INST.FED.DE EDUC.,CIENC.E TEC.DO MAT.G.DO SUL;26085;;;Serviço;Instalação e configuração de telefonia em nuvem no UFSE Campus São Cristóvão;11199079000148;CENTRAIS VOIP LTDA;001;1;1,00;1,00;0,00;2,00;2,00;2,00;0,00;09/03/2026;11/03/2026;11/03/2027;Não;10/03/2026;10/03/2026
atas_itens_RT_2026_p1.json;2026-07-29 14:27:29;90204/2025;10673078000120-1-000109/2025-000001;10673078000120-1-000109/2025;15813205902042025;00016;90204;2025;05;Pregão;158132;INST.FED.DE EDUC.,CIENC.E TEC.DO MAT.G.DO SUL;26107;;;Serviço;Licença de ramais UFSE Campus São Cristóvão;11199079000148;CENTRAIS VOIP LTDA;001;1;20400,00;20400,00;0,00;40800,00;4,00;81600,00;0,00;09/03/2026;11/03/2026;11/03/2027;Não;10/03/2026;10/03/2026
atas_itens_RT_2026_p1.json;2026-07-29 14:27:29;90204/2025;10673078000120-1-000109/2025-000001;10673078000120-1-000109/2025;15813205902042025;00017;90204;2025;05;Pregão;158132;INST.FED.DE EDUC.,CIENC.E TEC.DO MAT.G.DO SUL;26085;;;Serviço;Instalação e configuração de telefonia em nuvem no UFSE Campus Lagarto;11199079000148;CENTRAIS VOIP LTDA;001;1;1,00;1,00;0,00;2,00;2,00;2,00;0,00;09/03/2026;11/03/2026;11/03/2027;Não;10/03/2026;10/03/2026
atas_itens_RT_2026_p1.json;2026-07-29 14:27:29;90204/2025;10673078000120-1-000109/2025-000001;10673078000120-1-000109/2025;15813205902042025;00018;90204;2025;05;Pregão;158132;INST.FED.DE EDUC.,CIENC.E TEC.DO MAT.G.DO SUL;26107;;;Serviço;Licença de ramais UFSE Campus Lagarto;11199079000148;CENTRAIS VOIP LTDA;001;1;2400,00;2400,00;0,00;4800,00;8,00;19200,00;0,00;09/03/2026;11/03/2026;11/03/2027;Não;10/03/2026;10/03/2026
atas_itens_RT_2026_p1.json;2026-07-29 14:27:29;90204/2025;10673078000120-1-000109/2025-000001;10673078000120-1-000109/2025;15813205902042025;00019;90204;2025;05;Pregão;158132;INST.FED.DE EDUC.,CIENC.E TEC.DO MAT.G.DO SUL;26085;;;Serviço;Instalação e configuração de telefonia em nuvem no IPHAN;05138913000192;FORTT DO BRASIL LTDA;001;1;1,00;1,00;0,00;2,00;110,00;110,00;0,00;09/03/2026;11/03/2026;11/03/2027;Não;10/03/2026;10/03/2026
atas_itens_RT_2026_p1.json;2026-07-29 14:27:29;90204/2025;10673078000120-1-000109/2025-000001;10673078000120-1-000109/2025;15813205902042025;00020;90204;2025;05;Pregão;158132;INST.FED.DE EDUC.,CIENC.E TEC.DO MAT.G.DO SUL;26107;;;Serviço;Licença de ramais - IPHAN;05138913000192;FORTT DO BRASIL LTDA;001;1;108,00;108,00;0,00;216,00;14,00;1512,00;0,00;09/03/2026;11/03/2026;11/03/2027;Não;10/03/2026;10/03/2026
atas_itens_RT_2026_p1.json;2026-07-29 14:27:29;90204/2025;10673078000120-1-000109/2025-000001;10673078000120-1-000109/2025;15813205902042025;00021;90204;2025;05;Pregão;158132;INST.FED.DE EDUC.,CIENC.E TEC.DO MAT.G.DO SUL;26085;;;Serviço;Instalação e configuração de telefonia em nuvem no UFSE Campus Itabaiana;11199079000148;CENTRAIS VOIP LTDA;001;1;1,00;1,00;0,00;2,00;0,80;0,80;0,00;09/03/2026;11/03/2026;11/03/2027;Não;10/03/2026;10/03/2026
atas_itens_RT_2026_p1.json;2026-07-29 14:27:29;90204/2025;10673078000120-1-000109/2025-000001;10673078000120-1-000109/2025;15813205902042025;00022;90204;2025;05;Pregão;158132;INST.FED.DE EDUC.,CIENC.E TEC.DO MAT.G.DO SUL;26107;;;Serviço;Licença de ramais - UFSE Campus Itabaiana;11199079000148;CENTRAIS VOIP LTDA;001;1;1200,00;1200,00;0,00;2400,00;8,00;9600,00;0,00;09/03/2026;11/03/2026;11/03/2027;Não;10/03/2026;10/03/2026
atas_itens_RT_2026_p1.json;2026-07-29 14:27:29;00004/2026;10673078000120-1-000113/2025-000001;10673078000120-1-000113/2025;15813205902452025;00001;90245;2025;05;Pregão;158132;INST.FED.DE EDUC.,CIENC.E TEC.DO MAT.G.DO SUL;381491;216;DISCO MAGNÉTICO;Material;DISCO MAGNÉTICO, MEMÓRIA 12 TB, VELOCIDADE TRANSFERÊNCIA 4 GB/S, APLICAÇÃO ARMAZENAMENTO DADOS, CAPACIDADE MÍNIMA CACHE 128 GB, CARACTERÍSTICAS ADICIONAIS 32 PORTAS FC DE 4GBPS COM EXPANSÃO ATÉ 64 PORTAS, CAPACIDADE DISCO 300 GB, VELOCIDADE ROTAÇÃO 15.000 RPM, INTERFACE FIBRE CHANNEL;01177978000196;MASTERTEC TECNOLOGIA E SERVICOS ESPECIALIZADOS LTDA;001;1;12,00;12,00;0,00;24,00;2565,42;30785,04;0,00;08/01/2026;09/01/2026;09/01/2027;Não;12/01/2026;12/01/2026
atas_itens_RT_2026_p1.json;2026-07-29 14:27:29;00004/2026;10673078000120-1-000113/2025-000001;10673078000120-1-000113/2025;15813205902452025;00002;90245;2025;05;Pregão;158132;INST.FED.DE EDUC.,CIENC.E TEC.DO MAT.G.DO SUL;477105;216;DISCO MAGNÉTICO;Material;DISCO MAGNÉTICO, MEMÓRIA 8 TB., VELOCIDADE TRANSFERÊNCIA 6.0 GB/S, TAMANHO 3.5 POL, MODELO ST8000DM005, FABRICANTE: SEAGATE, CAPACIDADE MÍNIMA CACHE 256 MB, VELOCIDADE ROTAÇÃO 7.200 RPM, INTERFACE SATA III, TIPO RÍGIDO;01177978000196;MASTERTEC TECNOLOGIA E SERVICOS ESPECIALIZADOS LTDA;001;1;19,00;19,00;0,00;38,00;1768,59;33603,21;0,00;08/01/2026;09/01/2026;09/01/2027;Não;12/01/2026;12/01/2026
atas_itens_RT_2026_p1.json;2026-07-29 14:27:29;00004/2026;10673078000120-1-000113/2025-000001;10673078000120-1-000113/2025;15813205902452025;00003;90245;2025;05;Pregão;158132;INST.FED.DE EDUC.,CIENC.E TEC.DO MAT.G.DO SUL;623884;5522;SWITCH;Material;SWITCH, QUANTIDADE PORTAS 9 UN, TIPO PORTAS 01 PORTA: 10/100 UPLINK-T E 8 PORTA: 10/100 BASE- T, VELOCIDADE PORTA 10/100 MBPS, ALIMENTAÇÃO 48- 57 V, CARACTERÍSTICAS ADICIONAIS QOS PARA PRIORIZAÇÃO DO TRÁFEGO DE DADOS, VOZ E V Í , APLICAÇÃO EQUIPAMENTOS DE SEGURANÇA ELETRÔNICA- CFTV, TIPO NÃO GERENCIÁVEL;01177978000196;MASTERTEC TECNOLOGIA E SERVICOS ESPECIALIZADOS LTDA;001;1;63,00;63,00;0,00;126,00;644,76;40619,88;0,00;08/01/2026;09/01/2026;09/01/2027;Não;12/01/2026;12/01/2026
atas_itens_RT_2026_p1.json;2026-07-29 14:27:29;00002/2026;10673078000120-1-000114/2025-000001;10673078000120-1-000114/2025;15813205901872025;00001;90187;2025;05;Pregão;158132;INST.FED.DE EDUC.,CIENC.E TEC.DO MAT.G.DO SUL;625355;15041;CÂMERA VÍDEO DE SEGURANÇA;Material;CÂMERA VÍDEO DE SEGURANÇA, TIPO SENSOR MINI DOME, RESOLUÇÃO HORIZONTAL 2 MEGAPIXEL PX, RESOLUÇÃO VERTICAL 2 MPX, CARACTERÍSTICAS ADICIONAIS ALCANCE MÍNIMO 30 METROS, COMPONENTES ADICIONAIS CARTÃO DE MEMÓRIA COM CAPACIDADE DE NO MÍNIMO 64G B, PADRÃO IP WIFI COM VISÃO NOTURNA;52585078000119;L F COMERCIO DE ELETRONICOS LTDA;001;1;262,00;262,00;0,00;524,00;204,49;53576,38;0,00;07/01/2026;08/01/2026;08/01/2027;Não;12/01/2026;12/01/2026
atas_itens_RT_2026_p1.json;2026-07-29 14:27:29;00002/2026;10673078000120-1-000114/2025-000001;10673078000120-1-000114/2025;15813205901872025;00002;90187;2025;05;Pregão;158132;INST.FED.DE EDUC.,CIENC.E TEC.DO MAT.G.DO SUL;623909;15041;CÂMERA VÍDEO DE SEGURANÇA;Material;CÂMERA VÍDEO DE SEGURANÇA, TIPO SENSOR CCD 1/3, RESOLUÇÃO HORIZONTAL 4 MPX, RESOLUÇÃO VERTICAL 4 MPX, VOLTAGEM 12 VDC OU POE (802.3AF) V, LUMINOSIDADE MÍNIMA 0,8 LX, CONTROLE GANHO AUTOMÁTICO/ MANUAL, CARACTERÍSTICAS ADICIONAIS TIPO DOME, ZOOM 16X, COMPONENTES ADICIONAIS IR 30 METROS, PROTEÇÃO IP67, COR BRANCA, PADRÃO IP DOME, INTERFACE 1 RJ-45 (10/ 100 BASE-T);52585078000119;L F COMERCIO DE ELETRONICOS LTDA;001;1;160,00;160,00;0,00;320,00;204,49;32718,40;0,00;07/01/2026;08/01/2026;08/01/2027;Não;12/01/2026;12/01/2026
atas_itens_RT_2026_p1.json;2026-07-29 14:27:29;00002/2026;10673078000120-1-000114/2025-000001;10673078000120-1-000114/2025;15813205901872025;00003;90187;2025;05;Pregão;158132;INST.FED.DE EDUC.,CIENC.E TEC.DO MAT.G.DO SUL;604269;15041;CÂMERA VÍDEO DE SEGURANÇA;Material;"CÂMERA VÍDEO DE SEGURANÇA, TIPO SENSOR 1/2.7~1/2.8, RESOLUÇÃO HORIZONTAL 1920 MPX, RESOLUÇÃO VERTICAL 1080 MPX, VOLTAGEM 12-24 V, CONTROLE GANHO TILT:- 15 A 90°, CARACTERÍSTICAS ADICIONAIS ÂNGULO DE VISÃO VERTICAL: 33,8~44; HORIZONTAL:, COMPONENTES ADICIONAIS PROTOCOLOS: IPV4/IPV6, PADRÃO IP SPEED DOME, INTERFACE RJ45 10/100/1000MBPS";52585078000119;L F COMERCIO DE ELETRONICOS LTDA;001;1;44,00;44,00;0,00;88,00;474,49;20877,56;0,00;07/01/2026;08/01/2026;08/01/2027;Não;12/01/2026;12/01/2026
atas_itens_RT_2026_p1.json;2026-07-29 14:27:29;00003/2026;10673078000120-1-000114/2025-000002;10673078000120-1-000114/2025;15813205901872025;00004;90187;2025;05;Pregão;158132;INST.FED.DE EDUC.,CIENC.E TEC.DO MAT.G.DO SUL;605174;552;ANEL VEDAÇÃO;Material;ANEL VEDAÇÃO, MATERIAL POLIETILENO PROPILENO DIENO (EPDM), FORMA SEÇÃO TRANSVERSAL CIRCULAR/O-RING, DUREZA ASTM D 2240, DIÂMETRO INTERNO 55 MM, ESPESSURA SEÇÃO TRANSVERSAL 3 MM, CARACTERÍSTICAS ADICIONAIS REFERÊNCIA: 5330- 17-044-8885;41010629000108;VGVIRTUAL COMERCIO ELETRONICO LTDA;001;1;5,00;5,00;0,00;10,00;795,60;3978,00;0,00;07/01/2026;08/01/2026;08/01/2027;Não;12/01/2026;12/01/2026
atas_itens_RT_2026_p1.json;2026-07-29 14:27:29;00003/2026;10673078000120-1-000114/2025-000002;10673078000120-1-000114/2025;15813205901872025;00005;90187;2025;05;Pregão;158132;INST.FED.DE EDUC.,CIENC.E TEC.DO MAT.G.DO SUL;480124;16121;SISTEMA CIRCUITO FECHADO TV;Material;SISTEMA CIRCUITO FECHADO TV, COMPONENTES DVR 32 CANAIS, TIPO SISTEMA GRAVAÇÃO DIGITAL, APLICAÇÃO SISTEMA DE SEGURANÇA;41010629000108;VGVIRTUAL COMERCIO ELETRONICO LTDA;001;1;23,00;23,00;0,00;46,00;1927,80;44339,40;0,00;07/01/2026;08/01/2026;08/01/2027;Não;12/01/2026;12/01/2026
atas_itens_RT_2026_p1.json;2026-07-29 14:27:29;00021/2026;10673078000120-1-000118/2025-000001;10673078000120-1-000118/2025;15813205902602025;00038;90260;2025;05;Pregão;158132;INST.FED.DE EDUC.,CIENC.E TEC.DO MAT.G.DO SUL;486720;14238;CONJUNTO CADEIRAS ESPERA;Material;CONJUNTO CADEIRAS ESPERA, MATERIAL ASSENTO E ENCOSTO ESPUMA POLIURETANO INJETADO, MATERIAL ESTRUTURA AÇO, QUANTIDADE ASSENTOS 3 UN, COR PRETA, APOIO BRAÇO SEM BRAÇOS, MATERIAL REVESTIMENTO ASSENTO E ENCOSTO COURO ECOLÓGICO, CARACTERÍSTICAS ADICIONAIS MOLDAGEM ANATÔMICA/SOBRE LONGARINAS, ACABAMENTO SUPERFICIAL LONGARINA PINTURA EPÓXI-PÓ, COR LONGARINA PRETA;07477454000105;POLY ESCOLAR INDUSTRIA E COMERCIO DE MOVEIS LTDA;001;1;42,00;42,00;0,00;84,00;4198,50;176337,00;0,00;29/05/2026;29/05/2026;29/05/2027;Não;02/06/2026;02/06/2026
atas_itens_RT_2026_p1.json;2026-07-29 14:27:29;00022/2026;10673078000120-1-000118/2025-000002;10673078000120-1-000118/2025;15813205902602025;00039;90260;2025;05;Pregão;158132;INST.FED.DE EDUC.,CIENC.E TEC.DO MAT.G.DO SUL;602608;9627;MESA DE DESENHO;Material;MESA DE DESENHO, TIPO RÉGUA FIXA, DIMENSÕES 80 X 60 CM, MATERIAL MADEIRA MDF . , COR ARGILA ., APLICAÇÃO DESENHO TÉCNICO, COMPONENTES RÉGUA PARALELA E KIT DE CORDOAMENTO, CARACTERISTICAS ADICIONAIS RÉGUA EM ACRÍLICO, ROLDANAS EM NYLON, ACABAMENTO MELAMINA COM TEXTURA LISA;38972458000185;EBENEZER PRESTADORA DE SERVICOS LTDA;001;1;20,00;20,00;0,00;40,00;1201,00;24020,00;0,00;16/06/2026;16/06/2026;16/06/2027;Não;22/06/2026;22/06/2026
atas_itens_RT_2026_p1.json;2026-07-29 14:27:29;00024/2026;10673078000120-1-000118/2025-000003;10673078000120-1-000118/2025;15813205902602025;00059;90260;2025;05;Pregão;158132;INST.FED.DE EDUC.,CIENC.E TEC.DO MAT.G.DO SUL;630573;10984;POLTRONA;Material;POLTRONA, MATERIAL ESTRUTURA AÇO CARBONO TUBULAR, MATERIAL ASSENTO E ENCOSTO ALMOFADA, TIPO GIRATÓRIA, TIPO ESPALDAR BAIXO, CARACTERÍSTICAS ADICIONAIS BRAÇOS REGULÁVEIS, PROFUNDIDADE 50 MM, ALTURA 90,5 CM, COR ESTRUTURA PRETA, COR TECIDO PRETO, COR PRETA;49058654000165;FLEXFORM INDUSTRIA E COMERCIO DE MOVEIS LTDA;001;1;38,00;38,00;0,00;76,00;1447,00;54986,00;0,00;19/06/2026;19/06/2026;19/06/2027;Não;22/06/2026;22/06/2026
atas_itens_RT_2026_p1.json;2026-07-29 14:27:29;00025/2026;10673078000120-1-000118/2025-000004;10673078000120-1-000118/2025;15813205902602025;00063;90260;2025;05;Pregão;158132;INST.FED.DE EDUC.,CIENC.E TEC.DO MAT.G.DO SUL;614912;10984;POLTRONA;Material;POLTRONA, MATERIAL ESTRUTURA TUBO AÇO E COMPENSADO MADEIRA, MATERIAL ASSENTO E ENCOSTO MADEIRA COMPENSADA MULTILAMINADA, ESPUMA, ACABAMENTO SUPERFICIAL ESTRUTURA PINTURA EPÓXI-PÓ, MATERIAL REVESTIMENTO ASSENTO E ENCOSTO SINTÉTICO, TIPO EMPILHAVEL, CARACTERÍSTICAS ADICIONAIS SEM BRAÇOS,COM TRAVESSAS DE REFORÇO, LARGURA 75 CM, PROFUNDIDADE 67 CM, ALTURA 93 CM, COR ESTRUTURA PRETA, TIPO ESTRUTURA AÇO TUBULAR, COR PRETA;55727844000120;LICITAMAX COMERCIO DE MOVEIS LTDA;001;1;12,00;12,00;0,00;24,00;4122,00;49464,00;0,00;16/06/2026;16/06/2026;16/06/2027;Não;22/06/2026;22/06/2026
atas_itens_RT_2026_p1.json;2026-07-29 14:27:29;00026/2026;10673078000120-1-000118/2025-000005;10673078000120-1-000118/2025;15813205902602025;00065;90260;2025;05;Pregão;158132;INST.FED.DE EDUC.,CIENC.E TEC.DO MAT.G.DO SUL;607538;16315;CADEIRA SOBRE LONGARINA;Material;CADEIRA SOBRE LONGARINA, MATERIAL ASSENTO E ENCOSTO COMPENSADO/ESPUMA INJETADA , MATERIAL REVESTIMENTO ASSENTO E ENCOSTO TECIDO, QUANTIDADE ASSENTOS 3 UN, CARACTERÍSTICAS ADICIONAIS BORDAS DE PROTEÇÃO EM PVC, MATERIAL ESTRUTURA AÇO, ACABAMENTO SUPERFICIAL LONGARINA PINTURA EM EPÓXI;04869711000158;FLEXIBASE INDUSTRIA E COMERCIO DE MOVEIS, IMPORTACAO E EXPORTACAO LTDA;001;1;30,00;30,00;0,00;60,00;2300,00;69000,00;0,00;15/06/2026;15/06/2026;15/06/2027;Não;22/06/2026;22/06/2026
atas_itens_RT_2026_p1.json;2026-07-29 14:27:29;00027/2026;10673078000120-1-000118/2025-000006;10673078000120-1-000118/2025;15813205902602025;00066;90260;2025;05;Pregão;158132;INST.FED.DE EDUC.,CIENC.E TEC.DO MAT.G.DO SUL;603498;18365;POLTRONA AUDITÓRIO;Material;POLTRONA AUDITÓRIO, ESTRUTURA AÇO, QUANTIDADE ASSENTOS 1 UN, TIPO ASSENTOS FIXO, REVESTIMENTO ASSENTO E ENCOSTO COURVIN, MATERIAL ESTRUTURA AÇO, COR REVESTIMENTO PRETA, MATERIAL ASSENTO/ENCOSTO ESPUMA LAMINADA, LARGURA 830 MM, PROFUNDIDADE 670 MM, ALTURA 750 MM;29209847000162;BELCHAIR COMERCIO DE MOVEIS LTDA;001;1;484,00;484,00;0,00;968,00;2349,00;1136916,00;0,00;17/06/2026;17/06/2026;17/06/2027;Não;22/06/2026;22/06/2026
atas_itens_RT_2026_p1.json;2026-07-29 14:27:29;00028/2026;10673078000120-1-000118/2025-000007;10673078000120-1-000118/2025;15813205902602025;00082;90260;2025;05;Pregão;158132;INST.FED.DE EDUC.,CIENC.E TEC.DO MAT.G.DO SUL;621444;785;REFRIGERADOR DUPLEX;Material;REFRIGERADOR DUPLEX, CAPACIDADE REFRIGERAÇÃO 400 L, TIPO PORTAS REVERSÍVEIS, SISTEMA DEGELO FROST FREE, COR BRANCA, TENSÃO ALIMENTAÇÃO 127/220 V, CARACTERÍSTICAS ADICIONAIS PRATELEIRAS REMOVÍVEIS, GAVETAS, ETIQUETA A;77941490026626;GAZIN INDUSTRIA E COMERCIO DE MOVEIS E ELETRODOMESTICOS S.A;001;2;43,00;43,00;0,00;86,00;3099,00;133257,00;0,00;16/06/2026;16/06/2026;16/06/2027;Não;22/06/2026;22/06/2026
atas_itens_RT_2026_p1.json;2026-07-29 14:27:29;00029/2026;10673078000120-1-000118/2025-000008;10673078000120-1-000118/2025;15813205902602025;00084;90260;2025;05;Pregão;158132;INST.FED.DE EDUC.,CIENC.E TEC.DO MAT.G.DO SUL;383270;1045;FORNO MICROONDAS;Material;FORNO MICROONDAS, CAPACIDADE 38 L, POTÊNCIA 900 W, VOLTAGEM 220 V, CARACTERÍSTICAS ADICIONAIS PRATO GIRATÓRIO/TRAVA SEGURANÇA/TIMER/MEMÓRIA, COR BRANCA;51055810000186;MAGAZINE G&G LTDA;001;1;45,00;45,00;0,00;90,00;920,00;41400,00;0,00;16/06/2026;16/06/2026;16/06/2027;Não;22/06/2026;22/06/2026
atas_itens_RT_2026_p1.json;2026-07-29 14:27:29;00030/2026;10673078000120-1-000118/2025-000009;10673078000120-1-000118/2025;15813205902602025;00087;90260;2025;05;Pregão;158132;INST.FED.DE EDUC.,CIENC.E TEC.DO MAT.G.DO SUL;439256;1454;QUADRO BRANCO;Material;QUADRO BRANCO, MATERIAL VIDRO TEMPERADO, ACABAMENTO SUPERFICIAL MOLDURA TEMPERADO, COR MOLDURA BRANCO, COMPRIMENTO 200 CM, CARACTERÍSTICAS ADICIONAIS SUPORTE PARA APAGADOR E CANETAS, TIPO FIXAÇÃO ACESSÓRIOS PARA INSTALAÇÃO, MATERIAL MOLDURA PELÍCULA DE PROTEÇÃO DO VIDRO, ALTURA 120 CM;57080860000108;F J C ALVES;001;1;136,00;136,00;0,00;272,00;1477,50;200940,00;0,00;17/06/2026;17/06/2026;17/06/2027;Não;22/06/2026;22/06/2026
atas_itens_RT_2026_p1.json;2026-07-29 14:27:29;00031/2026;10673078000120-1-000118/2025-000010;10673078000120-1-000118/2025;15813205902602025;00101;90260;2025;05;Pregão;158132;INST.FED.DE EDUC.,CIENC.E TEC.DO MAT.G.DO SUL;603592;10682;PERSIANA TIPO CORTINA;Material;PERSIANA TIPO CORTINA, MATERIAL 75% PVC E 25% FIBRA DE TECIDO, LARGURA 1,20 M, ALTURA 2,54 M, COR BEGE, CARACTERÍSTICAS ADICIONAIS BLACKOUT, BANDÔ REVESTIDO, INCLUSO ACESSÓRIOS, TIPO VERTICAL;38425755000100;PROFILE COMERCIO E SERVICOS LTDA;001;1;571,00;571,00;0,00;1142,00;338,00;192998,00;0,00;16/06/2026;16/06/2026;16/06/2027;Não;22/06/2026;22/06/2026
atas_itens_RT_2026_p1.json;2026-07-29 14:27:29;00032/2026;10673078000120-1-000118/2025-000011;10673078000120-1-000118/2025;15813205902602025;00104;90260;2025;05;Pregão;158132;INST.FED.DE EDUC.,CIENC.E TEC.DO MAT.G.DO SUL;603140;9828;MOBILIARIO MATERIAL PLASTICO - PISCINA / JARDIM (CADEIRA / MESA);Material;MOBILIARIO MATERIAL PLASTICO - PISCINA / JARDIM (CADEIRA / MESA), TIPO MESA, ALTURA 77 CM, LARGURA 70 CM, COMPRIMENTO 1,50 M, CARACTERíSTICAS ADICIONAIS BANCOS ACOPLADOS, MATERIAL MADEIRA PLÁSTICA;60047365000101;VITTAPLAST COMERCIO DE MOVEIS PLASTICOS LTDA;001;1;360,00;360,00;0,00;720,00;320,00;115200,00;0,00;15/06/2026;15/06/2026;15/06/2027;Não;22/06/2026;22/06/2026
atas_itens_RT_2026_p1.json;2026-07-29 14:27:29;00033/2026;10673078000120-1-000118/2025-000012;10673078000120-1-000118/2025;15813205902602025;00001;90260;2025;05;Pregão;158132;INST.FED.DE EDUC.,CIENC.E TEC.DO MAT.G.DO SUL;614345;309;ARMÁRIO AÇO;Material;ARMÁRIO AÇO, TIPO LOCKER ROOM, MATERIAL AÇO INOX, ACABAMENTO SUPERFICIAL PINTURA ELETROSTÁTICA EPOXI-PÓ TEXTURIZADA, QUANTIDADE PORTAS 8 UN, ALTURA 1.900 MM, LARGURA 80 CM, PROFUNDIDADE 380 MM, APLICAÇÃO ARMARIO MULTIUSO, CARACTERÍSTICAS ADICIONAIS 2 COLUNAS, PORTAS COM ALETAS DE VENTILAÇÃO, CHAVE S;15318347000154;D.S.E. INDUSTRIA E COMERCIO DE MOVEIS DE ACO LTDA;001;1;42,00;42,00;0,00;84,00;1799,00;75558,00;0,00;17/06/2026;17/06/2026;17/06/2027;Não;22/06/2026;22/06/2026
atas_itens_RT_2026_p1.json;2026-07-29 14:27:29;00033/2026;10673078000120-1-000118/2025-000012;10673078000120-1-000118/2025;15813205902602025;00002;90260;2025;05;Pregão;158132;INST.FED.DE EDUC.,CIENC.E TEC.DO MAT.G.DO SUL;614345;309;ARMÁRIO AÇO;Material;ARMÁRIO AÇO, TIPO LOCKER ROOM, MATERIAL AÇO INOX, ACABAMENTO SUPERFICIAL PINTURA ELETROSTÁTICA EPOXI-PÓ TEXTURIZADA, QUANTIDADE PORTAS 8 UN, ALTURA 1.900 MM, LARGURA 80 CM, PROFUNDIDADE 380 MM, APLICAÇÃO ARMARIO MULTIUSO, CARACTERÍSTICAS ADICIONAIS 2 COLUNAS, PORTAS COM ALETAS DE VENTILAÇÃO, CHAVE S;15318347000154;D.S.E. INDUSTRIA E COMERCIO DE MOVEIS DE ACO LTDA;001;1;77,00;77,00;0,00;154,00;1624,00;125048,00;0,00;17/06/2026;17/06/2026;17/06/2027;Não;22/06/2026;22/06/2026
atas_itens_RT_2026_p1.json;2026-07-29 14:27:29;00033/2026;10673078000120-1-000118/2025-000012;10673078000120-1-000118/2025;15813205902602025;00003;90260;2025;05;Pregão;158132;INST.FED.DE EDUC.,CIENC.E TEC.DO MAT.G.DO SUL;243964;328;ARMÁRIO ESCRITÓRIO;Material;ARMÁRIO ESCRITÓRIO, MATERIAL AÇO, QUANTIDADE PORTAS 8 UN, MATERIAL PORTA AÇO, LARGURA 120 CM, ALTURA 198 CM, CARACTERÍSTICAS ADICIONAIS COM PORTAS DE ABRIR E PORTA CADEADO, PROFUNDIDADE 0,42 M, ACABAMENTO SUPERFICIAL PINTURA EM EPÓXI, COR CINZA;15318347000154;D.S.E. INDUSTRIA E COMERCIO DE MOVEIS DE ACO LTDA;001;1;68,00;68,00;0,00;136,00;1439,00;97852,00;0,00;17/06/2026;17/06/2026;17/06/2027;Não;22/06/2026;22/06/2026
atas_itens_RT_2026_p1.json;2026-07-29 14:27:29;00033/2026;10673078000120-1-000118/2025-000012;10673078000120-1-000118/2025;15813205902602025;00004;90260;2025;05;Pregão;158132;INST.FED.DE EDUC.,CIENC.E TEC.DO MAT.G.DO SUL;627094;309;ARMÁRIO AÇO;Material;ARMÁRIO AÇO, TIPO HORIZONTAL, MATERIAL AÇO, ACABAMENTO SUPERFICIAL POLIDO, QUANTIDADE PORTAS 4 UN, TIPO FIXAÇÃO PORTAS DE CORRER, ALTURA 600 MM, LARGURA 1.40 M, PROFUNDIDADE 500 MM, APLICAÇÃO LABORATÓRIO;15318347000154;D.S.E. INDUSTRIA E COMERCIO DE MOVEIS DE ACO LTDA;001;1;34,00;34,00;0,00;68,00;1179,00;40086,00;0,00;17/06/2026;17/06/2026;17/06/2027;Não;22/06/2026;22/06/2026
atas_itens_RT_2026_p1.json;2026-07-29 14:27:29;00034/2026;10673078000120-1-000118/2025-000013;10673078000120-1-000118/2025;15813205902602025;00005;90260;2025;05;Pregão;158132;INST.FED.DE EDUC.,CIENC.E TEC.DO MAT.G.DO SUL;631342;218;ESTANTE;Material;ESTANTE, MATERIAL AÇO, TIPO PRATELEIRA LIVROS, ALTURA 1,98 M, LARGURA 1,20 M, PROFUNDIDADE 55 CM, ACABAMENTO SUPERFICIAL PINTURA ELETROSTÁTICA A PÓ, COR CINZA, QUANTIDADE PRATELEIRAS 10 UN, TIPO PRATELEIRAS REGULÁVEIS, MATERIAL CANTONEIRA CHAPA 16;35263905000139;PAULO HENRIQUE LUCIANO COMERCIO DE MOVEIS;001;1;13,00;13,00;0,00;26,00;3149,50;40943,50;0,00;15/06/2026;15/06/2026;15/06/2027;Não;22/06/2026;22/06/2026
atas_itens_RT_2026_p1.json;2026-07-29 14:27:29;00034/2026;10673078000120-1-000118/2025-000013;10673078000120-1-000118/2025;15813205902602025;00006;90260;2025;05;Pregão;158132;INST.FED.DE EDUC.,CIENC.E TEC.DO MAT.G.DO SUL;469849;13563;ESTANTE;Material;ESTANTE, MATERIAL AÇO CROMADO, ALTURA 180 CM, PROFUNDIDADE 35 CM, COR PRATA, CARACTERÍSTICAS ADICIONAIS COLUNA 25 MM, LARGURA 60 CM, QUANTIDADE PRATELEIRAS 4 UN;35263905000139;PAULO HENRIQUE LUCIANO COMERCIO DE MOVEIS;001;1;22,00;22,00;0,00;44,00;3024,50;66539,00;0,00;15/06/2026;15/06/2026;15/06/2027;Não;22/06/2026;22/06/2026
atas_itens_RT_2026_p1.json;2026-07-29 14:27:29;00034/2026;10673078000120-1-000118/2025-000013;10673078000120-1-000118/2025;15813205902602025;00008;90260;2025;05;Pregão;158132;INST.FED.DE EDUC.,CIENC.E TEC.DO MAT.G.DO SUL;330348;334;ESTANTE METÁLICA;Material;ESTANTE METÁLICA, MATERIAL AÇO SAE 1010/1020, ALTURA 2,00 M, LARGURA 100 CM, PROFUNDIDADE 55 CM, TIPO PRATELEIRAS REGULÁVEIS, QUANTIDADE PRATELEIRAS 12 UN, TRATAMENTO SUPERFICIAL ANTI-FERRUGINOSO FOSFATIZANTE, ACABAMENTO SUPERFICIAL PINTURA ELETROSTÁTICA, COR CINZA, CARACTERÍSTICAS ADICIONAIS DUPLA FACE, BASE ABERTA, APARADORES LATERAIS;35263905000139;PAULO HENRIQUE LUCIANO COMERCIO DE MOVEIS;001;1;9,00;9,00;0,00;18,00;4499,50;40495,50;0,00;15/06/2026;15/06/2026;15/06/2027;Não;22/06/2026;22/06/2026
atas_itens_RT_2026_p1.json;2026-07-29 14:27:29;00034/2026;10673078000120-1-000118/2025-000013;10673078000120-1-000118/2025;15813205902602025;00010;90260;2025;05;Pregão;158132;INST.FED.DE EDUC.,CIENC.E TEC.DO MAT.G.DO SUL;607997;1340;BIBLIOCANTO;Material;BIBLIOCANTO, MATERIAL AÇO SAE 1010, ESPESSURA 1,5 MM, LARGURA 10 CM, ALTURA 17 CM, FORMATO EM L;35263905000139;PAULO HENRIQUE LUCIANO COMERCIO DE MOVEIS;001;1;225,00;225,00;0,00;450,00;38,50;8662,50;0,00;15/06/2026;15/06/2026;15/06/2027;Não;22/06/2026;22/06/2026
atas_itens_RT_2026_p1.json;2026-07-29 14:27:29;00034/2026;10673078000120-1-000118/2025-000013;10673078000120-1-000118/2025;15813205902602025;00011;90260;2025;05;Pregão;158132;INST.FED.DE EDUC.,CIENC.E TEC.DO MAT.G.DO SUL;610611;10314;PAINEL EXPOSITOR;Material;PAINEL EXPOSITOR, MATERIAL METALON, ALTURA 118,90 CM, LARGURA 84,10 CM, TIPO FACE ÚNICA;35263905000139;PAULO HENRIQUE LUCIANO COMERCIO DE MOVEIS;001;1;100,00;100,00;0,00;200,00;411,99;41199,00;0,00;15/06/2026;15/06/2026;15/06/2027;Não;22/06/2026;22/06/2026
atas_itens_RT_2026_p1.json;2026-07-29 14:27:29;00035/2026;10673078000120-1-000118/2025-000014;10673078000120-1-000118/2025;15813205902602025;00009;90260;2025;05;Pregão;158132;INST.FED.DE EDUC.,CIENC.E TEC.DO MAT.G.DO SUL;484398;4584;CARRINHO TRANSPORTE;Material;CARRINHO TRANSPORTE, MATERIAL MADEIRA, CAPACIDADE 200 KG, ALTURA 120 CM, LARGURA 50 CM, QUANTIDADE RODAS 4, MATERIAL RODAS PNEU COM CÂMARA, TIPO PLATAFORMA, CARACTERÍSTICAS ADICIONAIS PORTA ENTRADA E RETIRADA DE LIVROS, COM PUXADOR, D, COMPRIMENTO 50 CM, APLICAÇÃO AUTODEVOLUÇÃO DE LIVROS;24693979000199;ESTUDIO VIRA INDUSTRIA E COMERCIO DE MOVEIS LTDA;001;1;9,00;9,00;0,00;18,00;2900,00;26100,00;0,00;16/06/2026;16/06/2026;16/06/2027;Não;22/06/2026;22/06/2026
atas_itens_RT_2026_p1.json;2026-07-29 14:27:29;00035/2026;10673078000120-1-000118/2025-000014;10673078000120-1-000118/2025;15813205902602025;00081;90260;2025;05;Pregão;158132;INST.FED.DE EDUC.,CIENC.E TEC.DO MAT.G.DO SUL;618636;12177;SOFÁ;Material;SOFÁ, MATERIAL ESTRUTURA MADEIRA, MATERIAL ESTOFAMENTO ESPUMA D26, REVESTIMENTO TECIDO BAGUM, QUANTIDADE MÓDULOS 1 UN, CARACTERÍSTICAS ADICIONAIS TIPO PUFF REDONDO, COM 4 PÉS DE EM PVC, QUANTIDADE ASSENTOS 1 UN, LARGURA 38 CM, PROFUNDIDADE 38 CM, ALTURA 43 CM;24693979000199;ESTUDIO VIRA INDUSTRIA E COMERCIO DE MOVEIS LTDA;001;1;64,00;64,00;0,00;128,00;2165,00;138560,00;0,00;16/06/2026;16/06/2026;16/06/2027;Não;22/06/2026;22/06/2026
atas_itens_RT_2026_p1.json;2026-07-29 14:27:29;00035/2026;10673078000120-1-000118/2025-000014;10673078000120-1-000118/2025;15813205902602025;00100;90260;2025;05;Pregão;158132;INST.FED.DE EDUC.,CIENC.E TEC.DO MAT.G.DO SUL;615740;12177;SOFÁ;Material;SOFÁ, MATERIAL ESTRUTURA COURO SINTÉTICO, MATERIAL ESTOFAMENTO FLOCOS DE ISOPOR EXPANDIDO, REVESTIMENTO COURO SINTÉTICO, QUANTIDADE MÓDULOS 1 UN, CARACTERÍSTICAS ADICIONAIS CENTRAL SEM BRAÇOS E SEM ENCOSTO TIPO PUFF, QUANTIDADE ASSENTOS 1 UN, LARGURA 0,90 M, PROFUNDIDADE 0,90 M, ALTURA 100 CM;24693979000199;ESTUDIO VIRA INDUSTRIA E COMERCIO DE MOVEIS LTDA;001;1;40,00;40,00;0,00;80,00;358,80;14352,00;0,00;16/06/2026;16/06/2026;16/06/2027;Não;22/06/2026;22/06/2026
atas_itens_RT_2026_p1.json;2026-07-29 14:27:29;00036/2026;10673078000120-1-000118/2025-000015;10673078000120-1-000118/2025;15813205902602025;00012;90260;2025;05;Pregão;158132;INST.FED.DE EDUC.,CIENC.E TEC.DO MAT.G.DO SUL;602608;9627;MESA DE DESENHO;Material;MESA DE DESENHO, TIPO RÉGUA FIXA, DIMENSÕES 80 X 60 CM, MATERIAL MADEIRA MDF . , COR ARGILA ., APLICAÇÃO DESENHO TÉCNICO, COMPONENTES RÉGUA PARALELA E KIT DE CORDOAMENTO, CARACTERISTICAS ADICIONAIS RÉGUA EM ACRÍLICO, ROLDANAS EM NYLON, ACABAMENTO MELAMINA COM TEXTURA LISA;02309765000133;EGIDE - COMERCIO DE VESTUARIO E ELETRODOMESTICOS LTDA;001;1;53,00;53,00;0,00;106,00;377,50;20007,50;0,00;16/06/2026;16/06/2026;16/06/2027;Não;22/06/2026;22/06/2026
atas_itens_RT_2026_p1.json;2026-07-29 14:27:29;00036/2026;10673078000120-1-000118/2025-000015;10673078000120-1-000118/2025;15813205902602025;00083;90260;2025;05;Pregão;158132;INST.FED.DE EDUC.,CIENC.E TEC.DO MAT.G.DO SUL;446092;1045;FORNO MICROONDAS;Material;FORNO MICROONDAS, MATERIAL AÇO INOXIDÁVEL, CAPACIDADE 34 L, POTÊNCIA 1.000 W, VOLTAGEM 110/220 V;02309765000133;EGIDE - COMERCIO DE VESTUARIO E ELETRODOMESTICOS LTDA;001;1;32,00;32,00;0,00;64,00;4999,50;159984,00;0,00;16/06/2026;16/06/2026;16/06/2027;Não;22/06/2026;22/06/2026
atas_itens_RT_2026_p1.json;2026-07-29 14:27:29;00037/2026;10673078000120-1-000118/2025-000016;10673078000120-1-000118/2025;15813205902602025;00035;90260;2025;05;Pregão;158132;INST.FED.DE EDUC.,CIENC.E TEC.DO MAT.G.DO SUL;481003;14334;MESA;Material;MESA, MATERIAL ESTRUTURA AÇO, MATERIAL TAMPO MADEIRA AGLOMERADA, MATERIAL BORDA PVC;56101450000125;DAC MOVEIS LTDA;001;1;45,00;45,00;0,00;90,00;2400,00;108000,00;0,00;19/06/2026;19/06/2026;19/06/2027;Não;22/06/2026;22/06/2026
atas_itens_RT_2026_p1.json;2026-07-29 14:27:29;00039/2026;10673078000120-1-000118/2025-000017;10673078000120-1-000118/2025;15813205902602025;00047;90260;2025;05;Pregão;158132;INST.FED.DE EDUC.,CIENC.E TEC.DO MAT.G.DO SUL;620666;19250;TROCADOR FRALDAS;Material;TROCADOR FRALDAS, MATERIAL ESPUMA D28, REVESTIDO EM PVC NÁUTICO, DIMENSÕES ABERTO 68 X 45 X 5 CM, TIPO DOBRÁVEL, CARACTERÍSTICAS ADICIONAIS FECHAMENTO COM ZÍPER;59058349000127;COMERCIO DART LTDA;001;1;15,00;15,00;0,00;30,00;1140,00;17100,00;0,00;16/06/2026;16/06/2026;16/06/2027;Não;22/06/2026;22/06/2026
atas_itens_RT_2026_p1.json;2026-07-29 14:27:29;00039/2026;10673078000120-1-000118/2025-000017;10673078000120-1-000118/2025;15813205902602025;00050;90260;2025;05;Pregão;158132;INST.FED.DE EDUC.,CIENC.E TEC.DO MAT.G.DO SUL;474234;19709;COLCHÃO;Material;COLCHÃO, TIPO QUEEN SIZE, MATERIAL ESPUMA E MOLAS ENSACADAS/POCKET, DENSIDADE D-33, TECIDO DE REVESTIMENTO SUEDE E POLIÉSTER, TAMANHO LARGURA X COMPRIMENTO 1,58 X 1,98 M, TAMANHO ALTURA 0,34 M, CARACTERÍSTICAS ADICIONAIS PESO SUPORTADO: 150 KG;59058349000127;COMERCIO DART LTDA;001;1;27,00;27,00;0,00;54,00;539,99;14579,73;0,00;16/06/2026;16/06/2026;16/06/2027;Não;22/06/2026;22/06/2026
atas_itens_RT_2026_p1.json;2026-07-29 14:27:29;00039/2026;10673078000120-1-000118/2025-000017;10673078000120-1-000118/2025;15813205902602025;00062;90260;2025;05;Pregão;158132;INST.FED.DE EDUC.,CIENC.E TEC.DO MAT.G.DO SUL;266223;314;CADEIRA DESENHISTA;Material;CADEIRA DESENHISTA, MATERIAL ESTRUTURA AÇO CARBONO, TIPO ASSENTO GIRATÓRIO, CARACTERÍSTICA ASSENTO RETAGULAR ESTOFADO, CARACTERÍSTICA ENCOSTO RETANGULAR ACOLCHOADO, ACABAMENTO ESTRUTURA PINTADO, CARACTERÍSTICA BASE COM RODÍZIOS, COR ASSENTO E ENCOSTO PRETA, COR ESTRUTURA PRETA, CARACTERÍSTICAS ADICIONAIS REGULAGEM DE ALTURA A GÁS, REGULAGEM ALTURA COM REGULAGEM, ALTURA MÁXIMA 70 CM;59058349000127;COMERCIO DART LTDA;001;1;45,00;45,00;0,00;90,00;1529,00;68805,00;0,00;16/06/2026;16/06/2026;16/06/2027;Não;22/06/2026;22/06/2026
atas_itens_RT_2026_p1.json;2026-07-29 14:27:29;00040/2026;10673078000120-1-000118/2025-000018;10673078000120-1-000118/2025;15813205902602025;00049;90260;2025;05;Pregão;158132;INST.FED.DE EDUC.,CIENC.E TEC.DO MAT.G.DO SUL;369916;14395;MESA COPA/COZINHA;Material;MESA COPA/COZINHA, MATERIAL MESA MADEIRA CEDRO, FORMA MESA RETANGULAR, COMPRIMENTO MESA 1,20 M, LARGURA MESA 0,80 M, QUANTIDADE CADEIRAS 4 UN, MATERIAL CADEIRA MADEIRA CEDRO, CARACTERÍSTICAS ADICIONAIS CADEIRA MEDINDO 0,45 X 1,10 M;47509554000182;UBEFLEX COMERCIO LTDA;001;1;23,00;23,00;0,00;46,00;5123,44;117839,12;0,00;15/06/2026;15/06/2026;15/06/2027;Não;22/06/2026;22/06/2026
atas_itens_RT_2026_p1.json;2026-07-29 14:27:29;00040/2026;10673078000120-1-000118/2025-000018;10673078000120-1-000118/2025;15813205902602025;00089;90260;2025;05;Pregão;158132;INST.FED.DE EDUC.,CIENC.E TEC.DO MAT.G.DO SUL;404587;1544;GUARDA-SOL;Material;GUARDA-SOL, MATERIAL FIBRA ACRÍLICA, MATERIAL ARMAÇÃO ALUMÍNIO, ACABAMENTO SUPERFICIAL ARMAÇÃO PINTURA, DIÂMETRO 3,50 M, PADRONAGEM LISA, CARACTERÍSTICAS ADICIONAIS BASE MÓVEL E SISTEMA DE GIRO DE 360º, TIPO OMBRELONE, COR ARMAÇÃO BRANCA;47509554000182;UBEFLEX COMERCIO LTDA;001;1;16,00;16,00;0,00;32,00;5900,00;94400,00;0,00;15/06/2026;15/06/2026;15/06/2027;Não;22/06/2026;22/06/2026
atas_itens_RT_2026_p1.json;2026-07-29 14:27:29;00023/2026;10673078000120-1-000118/2025-000019;10673078000120-1-000118/2025;15813205902602025;00046;90260;2025;05;Pregão;158132;INST.FED.DE EDUC.,CIENC.E TEC.DO MAT.G.DO SUL;611424;6073;DESCANSO PÉS;Material;DESCANSO PÉS, MATERIAL ESTRUTURA MADEIRA, MATERIAL BANDEJA MADEIRA, TIPO AJUSTÁVEL, LARGURA 39 CM, COMPRIMENTO 26 CM, TRATAMENTO SUPERFICIAL PINTADO, PROFUNDIDADE 26 CM, CARACTERÍSTICAS ADICIONAIS BASE ANTIDERRAPANTE, ACABAMENTO ESTRUTURA MADEIRA MDF;44462387000173;44.462.387 ANDREYA BISPO DE LIMA;001;1;93,00;93,00;0,00;186,00;123,50;11485,50;0,00;16/06/2026;16/06/2026;16/06/2027;Não;22/06/2026;22/06/2026
atas_itens_RT_2026_p1.json;2026-07-29 14:27:29;00042/2026;10673078000120-1-000118/2025-000020;10673078000120-1-000118/2025;15813205902602025;00054;90260;2025;05;Pregão;158132;INST.FED.DE EDUC.,CIENC.E TEC.DO MAT.G.DO SUL;629986;313;CADEIRA ESCRITÓRIO;Material;CADEIRA ESCRITÓRIO, MATERIAL ESTRUTURA TUBO AÇO, MATERIAL REVESTIMENTO ASSENTO E ENCOSTO TECIDO 100% POLIÉSTER, MATERIAL ENCOSTO ESPUMA POLIURETANO INJETADO, TIPO BASE GIRATÓRIA/REGULAGEM ALTURA PISTÃO GÁS, TIPO ENCOSTO ALTO, APOIO BRAÇO COM BRAÇOS, COR PRETA;07875146000120;SERRA MOBILE INDUSTRIA E COMERCIO LTDA;001;1;238,00;238,00;0,00;476,00;899,40;214057,20;0,00;16/06/2026;16/06/2026;16/06/2027;Não;22/06/2026;22/06/2026
atas_itens_RT_2026_p1.json;2026-07-29 14:27:29;00042/2026;10673078000120-1-000118/2025-000020;10673078000120-1-000118/2025;15813205902602025;00057;90260;2025;05;Pregão;158132;INST.FED.DE EDUC.,CIENC.E TEC.DO MAT.G.DO SUL;207100;331;CADEIRA;Material;CADEIRA, MATERIAL METAL, TIPO ESPALDAR ALTO, ACABAMENTO SUPERFICIAL PINTADO;07875146000120;SERRA MOBILE INDUSTRIA E COMERCIO LTDA;001;1;115,00;115,00;0,00;230,00;709,50;81592,50;0,00;16/06/2026;16/06/2026;16/06/2027;Não;22/06/2026;22/06/2026
atas_itens_RT_2026_p1.json;2026-07-29 14:27:29;00043/2026;10673078000120-1-000118/2025-000021;10673078000120-1-000118/2025;15813205902602025;00055;90260;2025;05;Pregão;158132;INST.FED.DE EDUC.,CIENC.E TEC.DO MAT.G.DO SUL;617704;313;CADEIRA ESCRITÓRIO;Material;CADEIRA ESCRITÓRIO, MATERIAL ESTRUTURA AÇO, MATERIAL REVESTIMENTO ASSENTO E ENCOSTO COURO ECOLÓGICO, MATERIAL ENCOSTO ESPUMA POLIURETANO INJETADO, TIPO BASE GIRATÓRIA COM 5 RODÍZIOS DUPLOS, TIPO ENCOSTO BAIXO, APOIO BRAÇO COM BRAÇOS, TIPO SISTEMA REGULAGEM VERTICAL A GÁS, CARACTERÍSTICAS ADICIONAIS REGULAGEM DE INCLINAÇÃO DO ENCOSTO, QUANTIDADE PÉS 5 UN;11169061000101;ORISVALDO SILVA JUNIOR;001;1;291,00;291,00;0,00;582,00;1129,85;328786,35;0,00;16/06/2026;16/06/2026;16/06/2027;Não;22/06/2026;22/06/2026
atas_itens_RT_2026_p1.json;2026-07-29 14:27:29;00043/2026;10673078000120-1-000118/2025-000021;10673078000120-1-000118/2025;15813205902602025;00056;90260;2025;05;Pregão;158132;INST.FED.DE EDUC.,CIENC.E TEC.DO MAT.G.DO SUL;475766;4083;CADEIRA COM BRAÇO;Material;CADEIRA COM BRAÇO, TIPO ASSENTO/ ENCOSTO GIRATÓRIA, MATERIAL ASSENTO/ENCOSTO FIBRA VIDRO POLIÉSTER/ESPUMA POLIURETANO INJETADA, QUANTIDADE DE PÉS 05 UN, TRATAMENTO SUPERFICIAL PINTURA ELETROSTÁTICA EM EPÓXI-PÓ/TRATAMENTO ANTI, COR PRETA, MATERIAL REVESTIMENTO ASSENTO E ENCOSTO CURVIM PRETO SEM COSTURA, DIMENSÕES ASSENTO 460 X 430 MM, CARACTERÍSTICAS ADICIONAIS REGULÁVEL, DIMENSÕES ENCOSTO 420 X 460 MM;11169061000101;ORISVALDO SILVA JUNIOR;001;1;35,00;35,00;0,00;70,00;1059,85;37094,75;0,00;16/06/2026;16/06/2026;16/06/2027;Não;22/06/2026;22/06/2026
atas_itens_RT_2026_p1.json;2026-07-29 14:27:29;00046/2026;10673078000120-1-000118/2025-000022;10673078000120-1-000118/2025;15813205902602025;00075;90260;2025;05;Pregão;158132;INST.FED.DE EDUC.,CIENC.E TEC.DO MAT.G.DO SUL;308401;16082;MESA REFEITÓRIO;Material;MESA REFEITÓRIO, MATERIAL TAMPO MADEIRA AGLOMERADA, ESPESSURA 25 MM, ALTURA 0,74 M, MATERIAL ESTRUTURA TUBO AÇO, ACABAMENTO SUPERFICIAL ESTRUTURA PINTURA EM EPÓXI PRETA, COMPRIMENTO 180 CM, LARGURA 80 CM, CARACTERÍSTICAS ADICIONAIS 6 BANCOS ACOPLADO, COR BRANCA;14700761000160;GREGORIO'S COMERCIO DE MOVEIS LTDA;001;1;198,00;198,00;0,00;396,00;3399,50;673101,00;0,00;16/06/2026;16/06/2026;16/06/2027;Não;22/06/2026;22/06/2026
atas_itens_RT_2026_p1.json;2026-07-29 14:27:29;00046/2026;10673078000120-1-000118/2025-000022;10673078000120-1-000118/2025;15813205902602025;00105;90260;2025;05;Pregão;158132;INST.FED.DE EDUC.,CIENC.E TEC.DO MAT.G.DO SUL;265467;312;BANQUETA;Material;BANQUETA, MATERIAL ESTRUTURA TUBO AÇO, TIPO ASSENTO FIXO, MATERIAL BASE ASSENTO MADEIRA COM ESPUMA, ACABAMENTO ESTRUTURA CROMADO, CARACTERÍSTICA ASSENTO CIRCULAR ACOLCHOADO, REVESTIMENTO ASSENTO COURO SINTÉTICO, COR ASSENTO PRETA, ALTURA 60 CM, DIÂMETRO ASSENTO 39,50 CM, CARACTERÍSTICAS ADICIONAIS ESTRUTURA TUBULAR E SAPATAS DE MADEIRA;14700761000160;GREGORIO'S COMERCIO DE MOVEIS LTDA;001;1;300,00;300,00;0,00;600,00;306,50;91950,00;0,00;16/06/2026;16/06/2026;16/06/2027;Não;22/06/2026;22/06/2026
atas_itens_RT_2026_p1.json;2026-07-29 14:27:29;00048/2026;10673078000120-1-000118/2025-000023;10673078000120-1-000118/2025;15813205902602025;00085;90260;2025;05;Pregão;158132;INST.FED.DE EDUC.,CIENC.E TEC.DO MAT.G.DO SUL;218348;1041;FOGÃO GÁS;Material;FOGÃO GÁS, MATERIAL AÇO INOXIDÁVEL, APLICAÇÃO DOMÉSTICA, TIPO FOGÃO CONVENCIONAL, QUANTIDADE BOCAS 4 UN, COMPRIMENTO 62 CM, LARGURA 52 CM, ALTURA 87,50 CM, NORMAS TÉCNICAS ABNT, CARACTERÍSTICAS ADICIONAIS ACENDIMENTO AUTOMÁTICO;55724359000101;CNC - CENTRAL DE NEGOCIOS CORPORATIVOS LTDA;001;1;6,00;6,00;0,00;12,00;819,00;4914,00;0,00;16/06/2026;16/06/2026;16/06/2027;Não;22/06/2026;22/06/2026
atas_itens_RT_2026_p1.json;2026-07-29 14:27:29;00048/2026;10673078000120-1-000118/2025-000023;10673078000120-1-000118/2025;15813205902602025;00086;90260;2025;05;Pregão;158132;INST.FED.DE EDUC.,CIENC.E TEC.DO MAT.G.DO SUL;629408;1041;FOGÃO GÁS;Material;FOGÃO GÁS, MATERIAL VIDRO, TIPO FOGÃO COOKTOP, QUANTIDADE BOCAS 5 UN, CARACTERÍSTICAS ADICIONAIS ACENDIMENTO AUTOMÁTICO, COR PRETO;55724359000101;CNC - CENTRAL DE NEGOCIOS CORPORATIVOS LTDA;001;1;6,00;6,00;0,00;12,00;1223,00;7338,00;0,00;16/06/2026;16/06/2026;16/06/2027;Não;22/06/2026;22/06/2026
atas_itens_RT_2026_p1.json;2026-07-29 14:27:29;00049/2026;10673078000120-1-000118/2025-000024;10673078000120-1-000118/2025;15813205902602025;00106;90260;2025;05;Pregão;158132;INST.FED.DE EDUC.,CIENC.E TEC.DO MAT.G.DO SUL;607080;4584;CARRINHO TRANSPORTE;Material;CARRINHO TRANSPORTE, MATERIAL FERRO, ALTURA 1400 MM, LARGURA 580 MM, COMPRIMENTO 460 MM, QUANTIDADE RODAS 2, MATERIAL RODAS BORRACHA MACIÇA, TIPO TRANSPORTE TAMBOR, CARACTERÍSTICAS ADICIONAIS RODAS MACIÇAS DE 12 POL, APLICAÇÃO OFICINA MECÂNICA;51659136000149;SOUL DISTRIBUIDORA DE PRODUTOS E EQUIPAMENTOS INDUSTRIAIS LTDA;001;1;9,00;9,00;0,00;18,00;859,50;7735,50;0,00;15/06/2026;15/06/2026;15/06/2027;Não;22/06/2026;22/06/2026
atas_itens_RT_2026_p1.json;2026-07-29 14:27:29;00049/2026;10673078000120-1-000118/2025-000024;10673078000120-1-000118/2025;15813205902602025;00107;90260;2025;05;Pregão;158132;INST.FED.DE EDUC.,CIENC.E TEC.DO MAT.G.DO SUL;356697;4584;CARRINHO TRANSPORTE;Material;CARRINHO TRANSPORTE, MATERIAL AÇO, TRATAMENTO SUPERFICIAL PINTURA EPÓXI, CAPACIDADE 300 KG, ALTURA 100 CM, LARGURA 60 CM, QUANTIDADE RODAS 4, MATERIAL RODAS RODÍZIOS AÇO BLINDADO, RODA PNEUMÁTICA 8 POL, TIPO FECHADO COM TELA, ABERTURA PARA BAIXO, CARACTERÍSTICAS ADICIONAIS SUPORTE EMPUNHADURA UMA LATERAL COM DOBRADIÇAS, COMPRIMENTO 60 CM, APLICAÇÃO TRANSPORTE CARGA;51659136000149;SOUL DISTRIBUIDORA DE PRODUTOS E EQUIPAMENTOS INDUSTRIAIS LTDA;001;1;8,00;8,00;0,00;16,00;2049,50;16396,00;0,00;15/06/2026;15/06/2026;15/06/2027;Não;22/06/2026;22/06/2026
atas_itens_RT_2026_p1.json;2026-07-29 14:27:29;00041/2026;10673078000120-1-000118/2025-000025;10673078000120-1-000118/2025;15813205902602025;00052;90260;2025;05;Pregão;158132;INST.FED.DE EDUC.,CIENC.E TEC.DO MAT.G.DO SUL;454659;15213;CADEIRA COM PRANCHETA;Material;CADEIRA COM PRANCHETA, MATERIAL ESTRUTURA TUBO AÇO, ACABAMENTO ESTRUTURA PINTURA EM EPÓXI, MATERIAL ASSENTO E ENCOSTO ESPUMA POLIURETANO INJETADO, REVESTIMENTO ASSENTO E ENCOSTO TECIDO 100% POLIÉSTER, TIPO ESPALDAR BAIXO, COMPRIMENTO ASSENTO 43 CM, LARGURA ASSENTO 40 CM, ALTURA ASSENTO 43 CM, COMPRIMENTO ENCOSTO 36 CM, LARGURA ENCOSTO 28 CM, TIPO BASE FIXA, CARACTERÍSTICAS ADICIONAIS COM PRANCHETA DOBRAVEL;00366257000161;CADERODE MOVEIS PARA ESCRITORIO LTDA;001;1;110,00;110,00;0,00;220,00;599,49;65943,90;0,00;22/06/2026;22/06/2026;22/06/2027;Não;23/06/2026;23/06/2026
atas_itens_RT_2026_p1.json;2026-07-29 14:27:29;00041/2026;10673078000120-1-000118/2025-000025;10673078000120-1-000118/2025;15813205902602025;00064;90260;2025;05;Pregão;158132;INST.FED.DE EDUC.,CIENC.E TEC.DO MAT.G.DO SUL;619582;10984;POLTRONA;Material;POLTRONA, MATERIAL ESTRUTURA AÇO CARBONO, MATERIAL ASSENTO E ENCOSTO ESPUMA LAMINADA, TIPO ESTRUTURA AçO TUBULAR, COR BEGE;00366257000161;CADERODE MOVEIS PARA ESCRITORIO LTDA;001;1;37,00;37,00;0,00;74,00;3506,25;129731,25;0,00;22/06/2026;22/06/2026;22/06/2027;Não;23/06/2026;23/06/2026
atas_itens_RT_2026_p1.json;2026-07-29 14:27:29;00047/2026;10673078000120-1-000118/2025-000026;10673078000120-1-000118/2025;15813205902602025;00079;90260;2025;05;Pregão;158132;INST.FED.DE EDUC.,CIENC.E TEC.DO MAT.G.DO SUL;618655;12177;SOFÁ;Material;SOFÁ, MATERIAL ESTRUTURA TECIDO BAGUM, MATERIAL ESTOFAMENTO FLOCOS DE ESPUMA TRITURADA DE ALTA DENSIDADE, REVESTIMENTO TECIDO BAGUM, QUANTIDADE MÓDULOS 1 UN, CARACTERÍSTICAS ADICIONAIS ALMOFADA, FORMATO QUADRADO, COM ZIPER DE 68 CM, QUANTIDADE ASSENTOS 1 UN, LARGURA 70 CM, PROFUNDIDADE 70 CM, ALTURA 20 CM;37278582000182;EMPREENDIMENTO LGA LTDA;001;1;41,00;41,00;0,00;82,00;1260,00;51660,00;0,00;23/06/2026;23/06/2026;23/06/2027;Não;24/06/2026;24/06/2026
atas_itens_RT_2026_p1.json;2026-07-29 14:27:29;00047/2026;10673078000120-1-000118/2025-000026;10673078000120-1-000118/2025;15813205902602025;00080;90260;2025;05;Pregão;158132;INST.FED.DE EDUC.,CIENC.E TEC.DO MAT.G.DO SUL;618653;12177;SOFÁ;Material;SOFÁ, MATERIAL ESTRUTURA TECIDO BAGUM, MATERIAL ESTOFAMENTO FLOCOS DE ISOPOR EXPANDIDO, REVESTIMENTO TECIDO BAGUM, QUANTIDADE MÓDULOS 1 UN, CARACTERÍSTICAS ADICIONAIS CENTRAL SEM BRAÇOS E SEM ENCOSTO TIPO PUFF, QUANTIDADE ASSENTOS 1 UN, LARGURA 70 CM, PROFUNDIDADE 70 CM, ALTURA 0,80 M;37278582000182;EMPREENDIMENTO LGA LTDA;001;1;32,00;32,00;0,00;64,00;1880,00;60160,00;0,00;23/06/2026;23/06/2026;23/06/2027;Não;24/06/2026;24/06/2026
atas_itens_RT_2026_p1.json;2026-07-29 14:27:29;00047/2026;10673078000120-1-000118/2025-000026;10673078000120-1-000118/2025;15813205902602025;00102;90260;2025;05;Pregão;158132;INST.FED.DE EDUC.,CIENC.E TEC.DO MAT.G.DO SUL;485563;15327;BANCO;Material;BANCO, MATERIAL TUBOS DE AÇO GALVANIZADO, COMPRIMENTO 150 CM, LARGURA 30 CM, ALTURA 39 CM, CARACTERÍSTICAS ADICIONAIS ASSENTO MADEIRA ENVERNIZADA;37278582000182;EMPREENDIMENTO LGA LTDA;001;1;49,00;49,00;0,00;98,00;1719,00;84231,00;0,00;23/06/2026;23/06/2026;23/06/2027;Não;24/06/2026;24/06/2026
atas_itens_RT_2026_p1.json;2026-07-29 14:27:29;00044/2026;10673078000120-1-000118/2025-000027;10673078000120-1-000118/2025;15813205902602025;00060;90260;2025;05;Pregão;158132;INST.FED.DE EDUC.,CIENC.E TEC.DO MAT.G.DO SUL;613325;313;CADEIRA ESCRITÓRIO;Material;CADEIRA ESCRITÓRIO, MATERIAL ESTRUTURA TUBO AÇO, MATERIAL REVESTIMENTO ASSENTO E ENCOSTO POLIPROPILENO, MATERIAL ENCOSTO POLIPROPILENO TELADO, MATERIAL ASSENTO POLIPROPILENO/ ESPUMA POLIURETANO INJETADA, TRATAMENTO SUPERFICIAL ESTRUTURA PINTURA EM EPÓXI, TIPO BASE GIRATÓRIA, CARACTERÍSTICAS ADICIONAIS ENCOSTO EM TELA, COR ESTRUTURA PRETA, QUANTIDADE PÉS 4 UN, DIMENSÕES ASSENTO 480 X 490 MM, DIMENSÕES ENCOSTO 380 X 450 MM;60656774000105;ALBERFLEX INDUSTRIA DE MOVEIS LTDA;001;1;49,00;49,00;0,00;98,00;1241,41;60829,09;0,00;18/06/2026;18/06/2026;18/06/2027;Não;25/06/2026;25/06/2026
atas_itens_RT_2026_p1.json;2026-07-29 14:27:29;00044/2026;10673078000120-1-000118/2025-000027;10673078000120-1-000118/2025;15813205902602025;00061;90260;2025;05;Pregão;158132;INST.FED.DE EDUC.,CIENC.E TEC.DO MAT.G.DO SUL;621974;4083;CADEIRA COM BRAÇO;Material;CADEIRA COM BRAÇO, TIPO ASSENTO/ ENCOSTO GIRATÓRIA, MATERIAL ASSENTO/ENCOSTO ESPUMA INJETADA, QUANTIDADE DE PÉS 05 UN, COR PRETA, CARACTERÍSTICAS ADICIONAIS ESTRUTURA EM AÇO/ESPALDAR MÉDIO/BRAÇO REGULÁVEL, TIPO SISTEMA REGULAGEM VERTICAL A GÁS;60656774000105;ALBERFLEX INDUSTRIA DE MOVEIS LTDA;001;1;34,00;34,00;0,00;68,00;3900,00;132600,00;0,00;18/06/2026;18/06/2026;18/06/2027;Não;25/06/2026;25/06/2026
atas_itens_RT_2026_p1.json;2026-07-29 14:27:29;00038/2026;10673078000120-1-000118/2025-000028;10673078000120-1-000118/2025;15813205902602025;00027;90260;2025;05;Pregão;158132;INST.FED.DE EDUC.,CIENC.E TEC.DO MAT.G.DO SUL;481005;14334;MESA;Material;MESA, MATERIAL ESTRUTURA METAL, MATERIAL TAMPO AGLOMERADO, MATERIAL BORDA PVC;32126893000102;FACILLITA SOLUCOES CORPORATIVAS LTDA;001;1;9,00;9,00;0,00;18,00;4325,00;38925,00;0,00;24/06/2026;24/06/2026;24/06/2027;Não;25/06/2026;25/06/2026
atas_itens_RT_2026_p1.json;2026-07-29 14:27:29;00038/2026;10673078000120-1-000118/2025-000028;10673078000120-1-000118/2025;15813205902602025;00031;90260;2025;05;Pregão;158132;INST.FED.DE EDUC.,CIENC.E TEC.DO MAT.G.DO SUL;483221;342;MESA REUNIÃO REDONDA;Material;MESA REUNIÃO REDONDA, MATERIAL MADEIRA, TIPO MADEIRA MDP, DIÂMETRO 1,10 M, ALTURA 0,74 M, ESPESSURA TAMPO 15 MM, COR TAMPO CINZA, CARACTERÍSTICAS ADICIONAIS SAPATAS REGULADORAS DE NÍVEL, MATERIAL ESTRUTURA AÇO, COR ESTRUTURA CINZA;32126893000102;FACILLITA SOLUCOES CORPORATIVAS LTDA;001;1;12,00;12,00;0,00;24,00;1380,00;16560,00;0,00;24/06/2026;24/06/2026;24/06/2027;Não;25/06/2026;25/06/2026
atas_itens_RT_2026_p1.json;2026-07-29 14:27:29;00038/2026;10673078000120-1-000118/2025-000028;10673078000120-1-000118/2025;15813205902602025;00041;90260;2025;05;Pregão;158132;INST.FED.DE EDUC.,CIENC.E TEC.DO MAT.G.DO SUL;613227;3246;BALCÃO;Material;BALCÃO, MATERIAL MADEIRA, TIPO MADEIRA MDF, ESPESSURA MATERIAL 50 MM, ALTURA 0,78 M, LARGURA 2,20 M, PROFUNDIDADE 0,92 M, REVESTIMENTO LAMINADO MELAMÍNICO, CARACTERÍSTICAS ADICIONAIS CONFORME MODELO DO ÓRGÃO .;32126893000102;FACILLITA SOLUCOES CORPORATIVAS LTDA;001;1;9,00;9,00;0,00;18,00;2650,00;23850,00;0,00;24/06/2026;24/06/2026;24/06/2027;Não;25/06/2026;25/06/2026
atas_itens_RT_2026_p1.json;2026-07-29 14:27:29;00038/2026;10673078000120-1-000118/2025-000028;10673078000120-1-000118/2025;15813205902602025;00098;90260;2025;05;Pregão;158132;INST.FED.DE EDUC.,CIENC.E TEC.DO MAT.G.DO SUL;608309;9606;MÓVEL MULTIUSO;Material;MÓVEL MULTIUSO, MATERIAL MDF (15MM), LARGURA 1.260 MM, PROFUNDIDADE 1.200 MM, ALTURA 1.600 MM, CARACTERÍSTICAS ADICIONAIS GAVETEIRO GIRATÓRIO E PORTA BASCULANTE, COR CINZA CRISTAL, APLICAÇÃO ARMAZENAMENTO ITENS DIVERSOS;32126893000102;FACILLITA SOLUCOES CORPORATIVAS LTDA;001;1;200,00;200,00;0,00;400,00;2850,00;570000,00;0,00;24/06/2026;24/06/2026;24/06/2027;Não;25/06/2026;25/06/2026
atas_itens_RT_2026_p1.json;2026-07-29 14:27:29;00038/2026;10673078000120-1-000118/2025-000028;10673078000120-1-000118/2025;15813205902602025;00108;90260;2025;05;Pregão;158132;INST.FED.DE EDUC.,CIENC.E TEC.DO MAT.G.DO SUL;608309;9606;MÓVEL MULTIUSO;Material;MÓVEL MULTIUSO, MATERIAL MDF (15MM), LARGURA 1.260 MM, PROFUNDIDADE 1.200 MM, ALTURA 1.600 MM, CARACTERÍSTICAS ADICIONAIS GAVETEIRO GIRATÓRIO E PORTA BASCULANTE, COR CINZA CRISTAL, APLICAÇÃO ARMAZENAMENTO ITENS DIVERSOS;32126893000102;FACILLITA SOLUCOES CORPORATIVAS LTDA;001;1;650,00;650,00;0,00;1300,00;2950,00;1917500,00;0,00;24/06/2026;24/06/2026;24/06/2027;Não;25/06/2026;25/06/2026
atas_itens_RT_2026_p1.json;2026-07-29 14:27:29;00053/2026;10673078000120-1-000118/2025-000029;10673078000120-1-000118/2025;15813205902602025;00094;90260;2025;05;Pregão;158132;INST.FED.DE EDUC.,CIENC.E TEC.DO MAT.G.DO SUL;464868;16082;MESA REFEITÓRIO;Material;MESA REFEITÓRIO, MATERIAL TAMPO MDF, REVESTIMENTO TAMPO LAMINADO MELAMÍNICO, ESPESSURA 30 MM, ALTURA 0,75 M, MATERIAL ESTRUTURA AÇO CARBONO TUBULAR, ACABAMENTO SUPERFICIAL ESTRUTURA PINTURA EM EPÓXI CINZA, COMPRIMENTO 240 CM, LARGURA 80 CM, CARACTERÍSTICAS ADICIONAIS 8 BANCOS ACOPLADO, COR CINZA;42215097000108;CV MOBILIARIOS URBANOS LTDA;001;1;74,00;74,00;0,00;148,00;3990,00;295260,00;0,00;25/06/2026;25/06/2026;25/06/2027;Não;30/06/2026;30/06/2026
atas_itens_RT_2026_p1.json;2026-07-29 14:27:29;00051/2026;10673078000120-1-000118/2025-000030;10673078000120-1-000118/2025;15813205902602025;00051;90260;2025;05;Pregão;158132;INST.FED.DE EDUC.,CIENC.E TEC.DO MAT.G.DO SUL;613901;19709;COLCHÃO;Material;COLCHÃO, TIPO MOLAS, MATERIAL ESPUMA E MOLAS, TECIDO DE REVESTIMENTO VISCOSE E POLIÉSTER, TAMANHO LARGURA X COMPRIMENTO 0,88 X 1,98 M, TAMANHO ALTURA 20 CM, CARACTERÍSTICAS ADICIONAIS PESO SUPORTADO: 100KG;63531583000105;JWR MOVEIS LTDA;001;1;20,00;20,00;0,00;40,00;350,00;7000,00;0,00;25/06/2026;25/06/2026;25/06/2027;Não;30/06/2026;30/06/2026
atas_itens_RT_2026_p1.json;2026-07-29 14:27:29;00045/2026;10673078000120-1-000118/2025-000031;10673078000120-1-000118/2025;15813205902602025;00069;90260;2025;05;Pregão;158132;INST.FED.DE EDUC.,CIENC.E TEC.DO MAT.G.DO SUL;612027;17368;CONJUNTO ESCOLAR;Material;CONJUNTO ESCOLAR, COMPONENTES MESA E CADEIRA, MATERIAL COMPENSADO MULTILAMINADO, FORMATO MESA RETANGULAR, MATERIAL TAMPO COMPENSADO REVESTIDO, TRATAMENTO SUPERFICIAL ESTRUTURA PINTURA EPÓXI, CARACTERÍSTICAS ADICIONAIS CADEIRA: ASSENTO/ENCOSTO EM MADEIRA COMPENSADA MU L, ESPESSURA TAMPO 18 MM, REVESTIMENTO TAMPO CONFECCIONADA EM MDF 18MM, COR CASCA DE OVO;40729290000123;BURANO MOVEIS LTDA;001;1;85,00;85,00;0,00;170,00;520,00;44200,00;0,00;24/06/2026;24/06/2026;24/06/2027;Não;30/06/2026;30/06/2026
atas_itens_RT_2026_p1.json;2026-07-29 14:27:29;00045/2026;10673078000120-1-000118/2025-000031;10673078000120-1-000118/2025;15813205902602025;00070;90260;2025;05;Pregão;158132;INST.FED.DE EDUC.,CIENC.E TEC.DO MAT.G.DO SUL;630175;4661;CARTEIRA ESCOLAR;Material;CARTEIRA ESCOLAR, MATERIAL ESTRUTURA TUBO AÇO COM PINTURA EPOXI, MATERIAL TAMPO M.D.F, ESPESSURA TAMPO 25 MM, TAMANHO 78 X 77 X 71 CM, CARACTERÍSTICAS ADICIONAIS PARA CADEIRANTE, COR OVO;40729290000123;BURANO MOVEIS LTDA;001;1;1450,00;1450,00;0,00;2900,00;380,00;551000,00;0,00;24/06/2026;24/06/2026;24/06/2027;Não;30/06/2026;30/06/2026
atas_itens_RT_2026_p1.json;2026-07-29 14:27:29;00045/2026;10673078000120-1-000118/2025-000031;10673078000120-1-000118/2025;15813205902602025;00071;90260;2025;05;Pregão;158132;INST.FED.DE EDUC.,CIENC.E TEC.DO MAT.G.DO SUL;630710;17368;CONJUNTO ESCOLAR;Material;CONJUNTO ESCOLAR, COMPONENTES MESA E CADEIRA, MATERIAL RESINA PLÁSTICA DE ALTO IMPACTO, TAMANHO ADULTO, FORMATO MESA RETANGULAR, CARACTERÍSTICAS ADICIONAIS PARA PROFESSOR;40729290000123;BURANO MOVEIS LTDA;001;1;154,00;154,00;0,00;308,00;390,00;60060,00;0,00;24/06/2026;24/06/2026;24/06/2027;Não;30/06/2026;30/06/2026
atas_itens_RT_2026_p1.json;2026-07-29 14:27:29;00045/2026;10673078000120-1-000118/2025-000031;10673078000120-1-000118/2025;15813205902602025;00072;90260;2025;05;Pregão;158132;INST.FED.DE EDUC.,CIENC.E TEC.DO MAT.G.DO SUL;630554;17368;CONJUNTO ESCOLAR;Material;CONJUNTO ESCOLAR, COMPONENTES MESA E CADEIRA, MATERIAL MDP E AÇO, TAMANHO CONFORME MODELO, FORMATO MESA OITAVADO, MATERIAL TAMPO MDP, TRATAMENTO SUPERFICIAL ESTRUTURA PINTURA EPÓXI, CARACTERÍSTICAS ADICIONAIS CADEIRAS COM ASSENTO E ENCOSTO EM POLIPROPILENO, ESPESSURA TAMPO 18 MM, REVESTIMENTO TAMPO LAMINADO MELAMÍNICO, COR VARIADA;40729290000123;BURANO MOVEIS LTDA;001;1;334,00;334,00;0,00;668,00;380,00;126920,00;0,00;24/06/2026;24/06/2026;24/06/2027;Não;30/06/2026;30/06/2026
atas_itens_RT_2026_p1.json;2026-07-29 14:27:29;00045/2026;10673078000120-1-000118/2025-000031;10673078000120-1-000118/2025;15813205902602025;00074;90260;2025;05;Pregão;158132;INST.FED.DE EDUC.,CIENC.E TEC.DO MAT.G.DO SUL;464868;16082;MESA REFEITÓRIO;Material;MESA REFEITÓRIO, MATERIAL TAMPO MDF, REVESTIMENTO TAMPO LAMINADO MELAMÍNICO, ESPESSURA 30 MM, ALTURA 0,75 M, MATERIAL ESTRUTURA AÇO CARBONO TUBULAR, ACABAMENTO SUPERFICIAL ESTRUTURA PINTURA EM EPÓXI CINZA, COMPRIMENTO 240 CM, LARGURA 80 CM, CARACTERÍSTICAS ADICIONAIS 8 BANCOS ACOPLADO, COR CINZA;40729290000123;BURANO MOVEIS LTDA;001;1;60,00;60,00;0,00;120,00;4500,00;270000,00;0,00;24/06/2026;24/06/2026;24/06/2027;Não;30/06/2026;30/06/2026
atas_itens_RT_2026_p1.json;2026-07-29 14:27:29;00054/2026;10673078000120-1-000118/2025-000032;10673078000120-1-000118/2025;15813205902602025;00109;90260;2025;05;Pregão;158132;INST.FED.DE EDUC.,CIENC.E TEC.DO MAT.G.DO SUL;608309;9606;MÓVEL MULTIUSO;Material;MÓVEL MULTIUSO, MATERIAL MDF (15MM), LARGURA 1.260 MM, PROFUNDIDADE 1.200 MM, ALTURA 1.600 MM, CARACTERÍSTICAS ADICIONAIS GAVETEIRO GIRATÓRIO E PORTA BASCULANTE, COR CINZA CRISTAL, APLICAÇÃO ARMAZENAMENTO ITENS DIVERSOS;32126893000102;FACILLITA SOLUCOES CORPORATIVAS LTDA;001;1;300,00;300,00;0,00;600,00;2950,00;885000,00;0,00;02/07/2026;02/07/2026;02/07/2027;Não;03/07/2026;03/07/2026
atas_itens_RT_2026_p1.json;2026-07-29 14:27:29;00054/2026;10673078000120-1-000118/2025-000032;10673078000120-1-000118/2025;15813205902602025;00110;90260;2025;05;Pregão;158132;INST.FED.DE EDUC.,CIENC.E TEC.DO MAT.G.DO SUL;608309;9606;MÓVEL MULTIUSO;Material;MÓVEL MULTIUSO, MATERIAL MDF (15MM), LARGURA 1.260 MM, PROFUNDIDADE 1.200 MM, ALTURA 1.600 MM, CARACTERÍSTICAS ADICIONAIS GAVETEIRO GIRATÓRIO E PORTA BASCULANTE, COR CINZA CRISTAL, APLICAÇÃO ARMAZENAMENTO ITENS DIVERSOS;32126893000102;FACILLITA SOLUCOES CORPORATIVAS LTDA;001;1;150,00;150,00;0,00;300,00;2850,00;427500,00;0,00;02/07/2026;02/07/2026;02/07/2027;Não;03/07/2026;03/07/2026
atas_itens_RT_2026_p1.json;2026-07-29 14:27:29;00054/2026;10673078000120-1-000118/2025-000032;10673078000120-1-000118/2025;15813205902602025;00111;90260;2025;05;Pregão;158132;INST.FED.DE EDUC.,CIENC.E TEC.DO MAT.G.DO SUL;608309;9606;MÓVEL MULTIUSO;Material;MÓVEL MULTIUSO, MATERIAL MDF (15MM), LARGURA 1.260 MM, PROFUNDIDADE 1.200 MM, ALTURA 1.600 MM, CARACTERÍSTICAS ADICIONAIS GAVETEIRO GIRATÓRIO E PORTA BASCULANTE, COR CINZA CRISTAL, APLICAÇÃO ARMAZENAMENTO ITENS DIVERSOS;32126893000102;FACILLITA SOLUCOES CORPORATIVAS LTDA;001;1;100,00;100,00;0,00;200,00;2850,00;285000,00;0,00;02/07/2026;02/07/2026;02/07/2027;Não;03/07/2026;03/07/2026
atas_itens_RT_2026_p1.json;2026-07-29 14:27:29;00054/2026;10673078000120-1-000118/2025-000032;10673078000120-1-000118/2025;15813205902602025;00112;90260;2025;05;Pregão;158132;INST.FED.DE EDUC.,CIENC.E TEC.DO MAT.G.DO SUL;608309;9606;MÓVEL MULTIUSO;Material;MÓVEL MULTIUSO, MATERIAL MDF (15MM), LARGURA 1.260 MM, PROFUNDIDADE 1.200 MM, ALTURA 1.600 MM, CARACTERÍSTICAS ADICIONAIS GAVETEIRO GIRATÓRIO E PORTA BASCULANTE, COR CINZA CRISTAL, APLICAÇÃO ARMAZENAMENTO ITENS DIVERSOS;32126893000102;FACILLITA SOLUCOES CORPORATIVAS LTDA;001;1;300,00;300,00;0,00;600,00;2850,00;855000,00;0,00;02/07/2026;02/07/2026;02/07/2027;Não;03/07/2026;03/07/2026
atas_itens_RT_2026_p1.json;2026-07-29 14:27:29;00054/2026;10673078000120-1-000118/2025-000032;10673078000120-1-000118/2025;15813205902602025;00113;90260;2025;05;Pregão;158132;INST.FED.DE EDUC.,CIENC.E TEC.DO MAT.G.DO SUL;608309;9606;MÓVEL MULTIUSO;Material;MÓVEL MULTIUSO, MATERIAL MDF (15MM), LARGURA 1.260 MM, PROFUNDIDADE 1.200 MM, ALTURA 1.600 MM, CARACTERÍSTICAS ADICIONAIS GAVETEIRO GIRATÓRIO E PORTA BASCULANTE, COR CINZA CRISTAL, APLICAÇÃO ARMAZENAMENTO ITENS DIVERSOS;32126893000102;FACILLITA SOLUCOES CORPORATIVAS LTDA;001;1;150,00;150,00;0,00;300,00;2850,00;427500,00;0,00;02/07/2026;02/07/2026;02/07/2027;Não;03/07/2026;03/07/2026
atas_itens_RT_2026_p1.json;2026-07-29 14:27:29;00060/2026;10673078000120-1-000118/2025-000033;10673078000120-1-000118/2025;15813205902602025;00095;90260;2025;05;Pregão;158132;INST.FED.DE EDUC.,CIENC.E TEC.DO MAT.G.DO SUL;603725;7208;ESTRUTURA TELHADO PRE FABRICADO - MADEIRA;Material;ESTRUTURA TELHADO PRE FABRICADO - MADEIRA, TIPO PERGOLADO, MATERIAL ESTRUTURA MADEIRA PLÁSTIFICADA, COMPRIMENTO 3 M, LARGURA 2,10 M, ALTURA 2,50 M, QUANTIDADE DE PILAR 4 UN, DIMENSÕES PILAR 9 X 9 CM, QUANTIDADE LONGARINAS 6 UN , DIMENSÕES LONGARINAS 9 X 9 CM;11549124000147;LANCI INDUSTRIA E COMERCIO DE MOVEIS PLASTICOS LTDA;001;1;24,00;24,00;0,00;48,00;4681,50;112356,00;0,00;07/07/2026;07/07/2026;07/07/2027;Não;09/07/2026;09/07/2026
atas_itens_RT_2026_p1.json;2026-07-29 14:27:29;00056/2026;10673078000120-1-000118/2025-000034;10673078000120-1-000118/2025;15813205902602025;00053;90260;2025;05;Pregão;158132;INST.FED.DE EDUC.,CIENC.E TEC.DO MAT.G.DO SUL;618997;4079;CADEIRA EMPILHÁVEL;Material;CADEIRA EMPILHÁVEL, MATERIAL ESTRUTURA AÇO, TRATAMENTO SUPERFICIAL ANTICORROSIVO, COR AZUL PANTONE, MATERIAL ASSENTO/ENCOSTO POLIPROPILENO, CARACTERÍSTICAS ADICIONAIS SEM BRAÇO, ACABAMENTO SUPERFICIAL PINTURA EPÓXI, ALTURA 83 CM;00366257000161;CADERODE MOVEIS PARA ESCRITORIO LTDA;001;1;252,00;252,00;0,00;504,00;399,88;100769,76;0,00;07/07/2026;07/07/2026;07/07/2027;Não;09/07/2026;09/07/2026
atas_itens_RT_2026_p1.json;2026-07-29 14:27:29;00058/2026;10673078000120-1-000118/2025-000035;10673078000120-1-000118/2025;15813205902602025;00090;90260;2025;05;Pregão;158132;INST.FED.DE EDUC.,CIENC.E TEC.DO MAT.G.DO SUL;486179;309;ARMÁRIO AÇO;Material;ARMÁRIO AÇO, ACABAMENTO SUPERFICIAL PINTURA ELETROSTÁTICA, COR CINZA, QUANTIDADE PORTAS 2 UN, QUANTIDADE PRATELEIRAS 3 UN, ALTURA 2,10 M, LARGURA 1 M, PROFUNDIDADE 0,55 M, CARACTERÍSTICAS ADICIONAIS PUXADOR METÁLICO, COM FECHADURA, MATERIAL AÇO, APLICAÇÃO ROUPEIRO;55727844000120;LICITAMAX COMERCIO DE MOVEIS LTDA;001;1;14,00;14,00;0,00;28,00;4550,00;63700,00;0,00;07/07/2026;09/07/2026;09/07/2027;Não;09/07/2026;09/07/2026
atas_itens_RT_2026_p1.json;2026-07-29 14:27:29;00058/2026;10673078000120-1-000118/2025-000035;10673078000120-1-000118/2025;15813205902602025;00092;90260;2025;05;Pregão;158132;INST.FED.DE EDUC.,CIENC.E TEC.DO MAT.G.DO SUL;612932;14006;ARMÁRIO ARQUIVO;Material;ARMÁRIO ARQUIVO, REVESTIMENTO LAMINADO MELAMÍNICO, LARGURA 0,47 M, PROFUNDIDADE 0,50 M, ALTURA 1,30 M, PADRÃO ACABAMENTO LAMINADO MELAMÍNICO ALTA PRESSÃO, MATERIAL MDF, MATERIAL BASE MADEIRA MDF, COR BRANCO, QUANTIDADE GAVETAS 04 UN;55727844000120;LICITAMAX COMERCIO DE MOVEIS LTDA;001;1;11,00;11,00;0,00;22,00;2970,00;32670,00;0,00;07/07/2026;09/07/2026;09/07/2027;Não;09/07/2026;09/07/2026
atas_itens_RT_2026_p1.json;2026-07-29 14:27:29;00057/2026;10673078000120-1-000118/2025-000036;10673078000120-1-000118/2025;15813205902602025;00088;90260;2025;05;Pregão;158132;INST.FED.DE EDUC.,CIENC.E TEC.DO MAT.G.DO SUL;620266;1454;QUADRO BRANCO;Material;QUADRO BRANCO, MATERIAL LAMINADO MELAMÍNICO BRILHANTE, ACABAMENTO SUPERFICIAL MOLDURA ALUMÍNIO, COR MOLDURA BRANCO, FINALIDADE LANÇAMENTO INFORMAÇÕES, COMPRIMENTO 120 CM, CARACTERÍSTICAS ADICIONAIS SUPORTE PARA APAGADOR E CANETAS , TIPO FIXAÇÃO ACESSÓRIOS PARA INSTALAÇÃO, MATERIAL MOLDURA ALUMÍNIO, ALTURA 180 CM;57080860000108;F J C ALVES;001;1;62,00;62,00;0,00;124,00;299,50;18569,00;0,00;09/07/2026;09/07/2026;09/07/2027;Não;09/07/2026;09/07/2026
atas_itens_RT_2026_p1.json;2026-07-29 14:27:29;00059/2026;10673078000120-1-000118/2025-000037;10673078000120-1-000118/2025;15813205902602025;00093;90260;2025;05;Pregão;158132;INST.FED.DE EDUC.,CIENC.E TEC.DO MAT.G.DO SUL;616800;15327;BANCO;Material;BANCO, MATERIAL MADEIRA, COMPRIMENTO 37 CM, LARGURA 155 CM, ALTURA 34 CM, ACABAMENTO ENVERNIZADO, COR AMADEIRADO, CARACTERÍSTICAS ADICIONAIS SEM ENCOSTO E ASSENTO EM RIPAS CANTOS ARREDONDADO S, TIPO ASSENTO RIPAS;42215097000108;CV MOBILIARIOS URBANOS LTDA;001;1;96,00;96,00;0,00;192,00;708,99;68063,04;0,00;07/07/2026;09/07/2026;09/07/2027;Não;09/07/2026;09/07/2026
atas_itens_RT_2026_p1.json;2026-07-29 14:27:29;00055/2026;10673078000120-1-000118/2025-000038;10673078000120-1-000118/2025;15813205902602025;00007;90260;2025;05;Pregão;158132;INST.FED.DE EDUC.,CIENC.E TEC.DO MAT.G.DO SUL;368784;334;ESTANTE METÁLICA;Material;ESTANTE METÁLICA, MATERIAL AÇO, ALTURA 1,98 M, LARGURA 1,03 M, PROFUNDIDADE 0,57 M, QUANTIDADE PRATELEIRAS 10 UN, COR BRANCO GELO, CARACTERÍSTICAS ADICIONAIS BASE FECHADA;57778437000178;COMPRASNET COMERCIAL LTDA;001;1;49,00;49,00;0,00;98,00;5040,00;246960,00;0,00;07/07/2026;09/07/2026;09/07/2027;Não;09/07/2026;09/07/2026
atas_itens_RT_2026_p1.json;2026-07-29 14:27:29;00050/2026;10673078000120-1-000118/2025-000039;10673078000120-1-000118/2025;15813205902602025;00017;90260;2025;05;Pregão;158132;INST.FED.DE EDUC.,CIENC.E TEC.DO MAT.G.DO SUL;479931;336;GAVETEIRO MÓVEL;Material;GAVETEIRO MÓVEL, MATERIAL MADEIRA MDP, QUANTIDADE GAVETAS 3 UN, ALTURA 400 MM, LARGURA 470 MM, PROFUNDIDADE 615 MM, CARACTERÍSTICAS ADICIONAIS COM CHAVES;11149215000195;CS MOBI TECH LTDA;001;1;18,00;18,00;0,00;36,00;749,50;13491,00;0,00;09/07/2026;09/07/2026;09/07/2027;Não;09/07/2026;09/07/2026
atas_itens_RT_2026_p1.json;2026-07-29 14:27:29;00050/2026;10673078000120-1-000118/2025-000039;10673078000120-1-000118/2025;15813205902602025;00021;90260;2025;05;Pregão;158132;INST.FED.DE EDUC.,CIENC.E TEC.DO MAT.G.DO SUL;462125;14659;MESA SECRETARIA;Material;MESA SECRETARIA, MATERIAL TAMPO MDF, REVESTIMENTO TAMPO LAMINADO MELAMÍNICO BP , LARGURA 2,20 M, COMPRIMENTO 1,80 M, ESPESSURA 25 MM, COR TAMPO MADEIRADO, CARACTERÍSTICAS ADICIONAIS PAINEL FRONTAL E LATERAL, ALTURA 0,75 M, MATERIAL ESTRUTURA MDF, FORMATO L;11149215000195;CS MOBI TECH LTDA;001;1;15,00;15,00;0,00;30,00;9399,50;140992,50;0,00;09/07/2026;09/07/2026;09/07/2027;Não;09/07/2026;09/07/2026
atas_itens_RT_2026_p1.json;2026-07-29 14:27:29;00050/2026;10673078000120-1-000118/2025-000039;10673078000120-1-000118/2025;15813205902602025;00023;90260;2025;05;Pregão;158132;INST.FED.DE EDUC.,CIENC.E TEC.DO MAT.G.DO SUL;608652;14250;MÓDULO DE TRABALHO;Material;MÓDULO DE TRABALHO, MATERIAL MDP 25MM, DIMENSÕES MESA ESCRITÓRIO 1,60 X 1,60 X 0,74 M, CARACTERÍSTICAS ADICIONAIS TAMPO EM L, REVESTIMENTO LAMINADO MELAMÍNICO, TIPO CONEXÃO MESAS ANGULAR ARREDONDADA DE 90°, COMPOSIÇÃO PAINEL FRONTAL EM MDP 18MM, CALHAS ESTRUTURAIS EM, COR JEQUITIBÁ ROSA, ALTURA 740 MM, APLICAÇÃO MESA DE TRABALHO.;11149215000195;CS MOBI TECH LTDA;001;1;15,00;15,00;0,00;30,00;2279,50;34192,50;0,00;09/07/2026;09/07/2026;09/07/2027;Não;09/07/2026;09/07/2026
atas_itens_RT_2026_p1.json;2026-07-29 14:27:29;00050/2026;10673078000120-1-000118/2025-000039;10673078000120-1-000118/2025;15813205902602025;00024;90260;2025;05;Pregão;158132;INST.FED.DE EDUC.,CIENC.E TEC.DO MAT.G.DO SUL;339814;9611;MESA;Material;MESA, MATERIAL AÇO, COMPRIMENTO 1,00 M, LARGURA 0,50 M, CARACTERÍSTICAS ADICIONAIS 2 GAVETAS, COR BRANCA, ALTURA 0,75 M;11149215000195;CS MOBI TECH LTDA;001;1;31,00;31,00;0,00;62,00;2729,50;84614,50;0,00;09/07/2026;09/07/2026;09/07/2027;Não;09/07/2026;09/07/2026
atas_itens_RT_2026_p1.json;2026-07-29 14:27:29;00050/2026;10673078000120-1-000118/2025-000039;10673078000120-1-000118/2025;15813205902602025;00025;90260;2025;05;Pregão;158132;INST.FED.DE EDUC.,CIENC.E TEC.DO MAT.G.DO SUL;460847;321;MESA ESCRITÓRIO;Material;MESA ESCRITÓRIO, MATERIAL ESTRUTURA TUBO METÁLICO, MATERIAL TAMPO MDF, COR TAMPO CINZA, LARGURA 1,20 M, PROFUNDIDADE 0,60 M, ALTURA 0,75 M, COR ESTRUTURA CINZA, ACABAMENTO ESTRUTURA PINTADO;11149215000195;CS MOBI TECH LTDA;001;1;22,00;22,00;0,00;44,00;929,50;20449,00;0,00;09/07/2026;09/07/2026;09/07/2027;Não;09/07/2026;09/07/2026
atas_itens_RT_2026_p1.json;2026-07-29 14:27:29;00050/2026;10673078000120-1-000118/2025-000039;10673078000120-1-000118/2025;15813205902602025;00026;90260;2025;05;Pregão;158132;INST.FED.DE EDUC.,CIENC.E TEC.DO MAT.G.DO SUL;460847;321;MESA ESCRITÓRIO;Material;MESA ESCRITÓRIO, MATERIAL ESTRUTURA TUBO METÁLICO, MATERIAL TAMPO MDF, COR TAMPO CINZA, LARGURA 1,20 M, PROFUNDIDADE 0,60 M, ALTURA 0,75 M, COR ESTRUTURA CINZA, ACABAMENTO ESTRUTURA PINTADO;11149215000195;CS MOBI TECH LTDA;001;1;48,00;48,00;0,00;96,00;999,50;47976,00;0,00;09/07/2026;09/07/2026;09/07/2027;Não;09/07/2026;09/07/2026
atas_itens_RT_2026_p1.json;2026-07-29 14:27:29;00050/2026;10673078000120-1-000118/2025-000039;10673078000120-1-000118/2025;15813205902602025;00028;90260;2025;05;Pregão;158132;INST.FED.DE EDUC.,CIENC.E TEC.DO MAT.G.DO SUL;620564;9660;MESA REUNIÃO RETANGULAR;Material;MESA REUNIÃO RETANGULAR, MATERIAL METAL, COMPRIMENTO 1,8 MM, LARGURA 0,7 M, ALTURA 0,9 M, REVESTIMENTO LAMINADO MELAMÍNICO, MATERIAL BORDA LATERAL PVC, ESPESSURA TAMPO 25 MM, COR ESTRUTURA PRETA, ACABAMENTO ESTRUTURA PINTURA ELETROSTÁTICA EM EPÓXI-PÓ, MATERIAL TAMPO AGLOMERADO MDF;11149215000195;CS MOBI TECH LTDA;001;1;23,00;23,00;0,00;46,00;1699,50;39088,50;0,00;09/07/2026;09/07/2026;09/07/2027;Não;09/07/2026;09/07/2026
atas_itens_RT_2026_p1.json;2026-07-29 14:27:29;00050/2026;10673078000120-1-000118/2025-000039;10673078000120-1-000118/2025;15813205902602025;00030;90260;2025;05;Pregão;158132;INST.FED.DE EDUC.,CIENC.E TEC.DO MAT.G.DO SUL;611705;9660;MESA REUNIÃO RETANGULAR;Material;MESA REUNIÃO RETANGULAR, MATERIAL MADEIRA MDP, COMPRIMENTO 3000 MM, LARGURA 1200 MM, ALTURA 766 MM, CARACTERÍSTICAS ADICIONAIS CAIXA DE TOMADA, ESPESSURA TAMPO 25 MM;11149215000195;CS MOBI TECH LTDA;001;1;15,00;15,00;0,00;30,00;3315,50;49732,50;0,00;09/07/2026;09/07/2026;09/07/2027;Não;09/07/2026;09/07/2026
atas_itens_RT_2026_p1.json;2026-07-29 14:27:29;00050/2026;10673078000120-1-000118/2025-000039;10673078000120-1-000118/2025;15813205902602025;00032;90260;2025;05;Pregão;158132;INST.FED.DE EDUC.,CIENC.E TEC.DO MAT.G.DO SUL;611831;342;MESA REUNIÃO REDONDA;Material;MESA REUNIÃO REDONDA, MATERIAL MADEIRA MDF, TIPO MADEIRA MDF, ACABAMENTO SUPERFICIAL LAMINADO MELAMÍNICO, TIPO REVESTIMENTO LAMINADO MELAMÍNICO BAIXA PRESSÃO, DIÂMETRO 1,20 M, ALTURA 0,784 M, CARACTERÍSTICAS ADICIONAIS TIPO PÉS PAINEL EM X, SAPATAS REGULADORAS DE NÍVE L, COR ESTRUTURA PRETA;11149215000195;CS MOBI TECH LTDA;001;1;34,00;34,00;0,00;68,00;1191,50;40511,00;0,00;09/07/2026;09/07/2026;09/07/2027;Não;09/07/2026;09/07/2026
atas_itens_RT_2026_p1.json;2026-07-29 14:27:29;00050/2026;10673078000120-1-000118/2025-000039;10673078000120-1-000118/2025;15813205902602025;00033;90260;2025;05;Pregão;158132;INST.FED.DE EDUC.,CIENC.E TEC.DO MAT.G.DO SUL;601423;342;MESA REUNIÃO REDONDA;Material;MESA REUNIÃO REDONDA, MATERIAL MADEIRA MDF, ACABAMENTO SUPERFICIAL LAMINADO MELAMÍNICO, DIÂMETRO 1000 CM, ALTURA 750 MM, QUANTIDADE PÉS 4 UN, ESPESSURA TAMPO 25 MM, COR TAMPO ARGILA, CARACTERÍSTICAS ADICIONAIS SAPATAS REGULADORAS DE NÍVEL, MATERIAL ESTRUTURA AÇO DE 1,5MM DE ESPESSURA,, REVESTIMENTO SUPERIOR DO TAMPO LAMINADO MELAMÍNICO, MATERIAL TAMPO AGLOMERADO MDF;11149215000195;CS MOBI TECH LTDA;001;1;10,00;10,00;0,00;20,00;1548,50;15485,00;0,00;09/07/2026;09/07/2026;09/07/2027;Não;09/07/2026;09/07/2026
atas_itens_RT_2026_p1.json;2026-07-29 14:27:29;00050/2026;10673078000120-1-000118/2025-000039;10673078000120-1-000118/2025;15813205902602025;00036;90260;2025;05;Pregão;158132;INST.FED.DE EDUC.,CIENC.E TEC.DO MAT.G.DO SUL;619053;9611;MESA;Material;MESA, MATERIAL MDF/AÇO TUBULAR., COMPRIMENTO 130 CM, LARGURA 130 CM, CARACTERÍSTICAS ADICIONAIS SAPATAS 2 RODIZIOS COM TRAVA 2 RODIZIOS S/TRAVAS, ALTURA 75 CM CM;11149215000195;CS MOBI TECH LTDA;001;1;15,00;15,00;0,00;30,00;2414,50;36217,50;0,00;09/07/2026;09/07/2026;09/07/2027;Não;09/07/2026;09/07/2026
atas_itens_RT_2026_p1.json;2026-07-29 14:27:29;00050/2026;10673078000120-1-000118/2025-000039;10673078000120-1-000118/2025;15813205902602025;00037;90260;2025;05;Pregão;158132;INST.FED.DE EDUC.,CIENC.E TEC.DO MAT.G.DO SUL;607285;14785;ESTAÇÃO TRABALHO;Material;ESTAÇÃO TRABALHO, TIPO MODULAR, COMPONENTES 01 MESA, COMPRIMENTO 2600 MM, LARGURA 1800 MM, ALTURA 740 MM, CARACTERÍSTICAS ADICIONAIS TAMPO INTEIRICO EM L, LARGURA PERFIL 26 MM, ESPESSURA PEFIL 19 MM, REVESTIMENTO FREIJO, ESTRUTURA METAL, ACABAMENTO ESTRUTURA PINTADO EM EPÓXI, MATERIAL PERFIL MADEIRA, COR MARFIM, ESPESSURA TAMPO 45 MM, LATERAIS E DIVISÓRIAS CURVOS, LARGURA LATERAIS 600 MM, ALTURA LATERAIS 715 MM, ESPESSURA LATERAIS 150 MM, TIPO TAMPO MADEIRA MDF, COMPRIMENTO TAMPO 2600 MM, LARGURA TAMPO 800 MM, COR PAINEL PRETA, COMPRIMENTO PAINEL 2480 MM, ALTURA PAINEL 315 MM;11149215000195;CS MOBI TECH LTDA;001;1;10,00;10,00;0,00;20,00;3490,00;34900,00;0,00;09/07/2026;09/07/2026;09/07/2027;Não;09/07/2026;09/07/2026
atas_itens_RT_2026_p1.json;2026-07-29 14:27:29;00050/2026;10673078000120-1-000118/2025-000039;10673078000120-1-000118/2025;15813205902602025;00040;90260;2025;05;Pregão;158132;INST.FED.DE EDUC.,CIENC.E TEC.DO MAT.G.DO SUL;602373;3246;BALCÃO;Material;BALCÃO, MATERIAL MADEIRA, TIPO MADEIRA AGLOMERADO, ESPESSURA MATERIAL 25 MM, ALTURA 1,05 M, LARGURA 2,40 M, PROFUNDIDADE 0,80 M, REVESTIMENTO LAMINADO MELAMÍNICO, CARACTERÍSTICAS ADICIONAIS CONFORME MODELO DO ÓRGÃO .;11149215000195;CS MOBI TECH LTDA;001;1;14,00;14,00;0,00;28,00;5459,50;76433,00;0,00;09/07/2026;09/07/2026;09/07/2027;Não;09/07/2026;09/07/2026
atas_itens_RT_2026_p1.json;2026-07-29 14:27:29;00050/2026;10673078000120-1-000118/2025-000039;10673078000120-1-000118/2025;15813205902602025;00042;90260;2025;05;Pregão;158132;INST.FED.DE EDUC.,CIENC.E TEC.DO MAT.G.DO SUL;486510;14250;MÓDULO DE TRABALHO;Material;MÓDULO DE TRABALHO, MATERIAL MADEIRA MDP, CARACTERÍSTICAS ADICIONAIS PAINEL ALTO, TAMPO COM FURO PARA PASSAGEM DE FIAÇ, REVESTIMENTO LAMINADO MELAMÍNICO, COR BEGE, TIPO INDIVIDUAL, ALTURA 1.200 MM, PROFUNDIDADE 600 MM;11149215000195;CS MOBI TECH LTDA;001;1;38,00;38,00;0,00;76,00;1662,50;63175,00;0,00;09/07/2026;09/07/2026;09/07/2027;Não;09/07/2026;09/07/2026
atas_itens_RT_2026_p1.json;2026-07-29 14:27:29;00050/2026;10673078000120-1-000118/2025-000039;10673078000120-1-000118/2025;15813205902602025;00043;90260;2025;05;Pregão;158132;INST.FED.DE EDUC.,CIENC.E TEC.DO MAT.G.DO SUL;603773;13596;CONJUNTO MESAS ESCRITÓRIO;Material;CONJUNTO MESAS ESCRITÓRIO, MATERIAL MADEIRA MDF, REVESTIMENTO LAMINADO MELAMÍNICO DE BAIXA PRESSÃO, ESPESSURA TAMPO 25 MM, FORMATO EM L, COMPRIMENTO MESA AUXILIAR 1,80 M, LARGURA MESA AUXILIAR 1,60 M, ALTURA 0,85 M, CARACTERÍSTICAS ADICIONAIS CALHA E CAIXA DE TOMADA, COMPRIMENTO MESA PRINCIPAL 1,80 M, LARGURA MESA PRINCIPAL 1,60 M;11149215000195;CS MOBI TECH LTDA;001;1;11,00;11,00;0,00;22,00;4135,26;45487,86;0,00;09/07/2026;09/07/2026;09/07/2027;Não;09/07/2026;09/07/2026
atas_itens_RT_2026_p1.json;2026-07-29 14:27:29;00050/2026;10673078000120-1-000118/2025-000039;10673078000120-1-000118/2025;15813205902602025;00044;90260;2025;05;Pregão;158132;INST.FED.DE EDUC.,CIENC.E TEC.DO MAT.G.DO SUL;257563;14250;MÓDULO DE TRABALHO;Material;MÓDULO DE TRABALHO, MATERIAL MADEIRA AGLOMERADA, CARACTERÍSTICAS ADICIONAIS SUPERFÍCIE EM L/ACABAMENTO ORGÂNICO ESQUERDA/ME-, REVESTIMENTO LAMINADO MELAMÍNICO BAIXA PRESSÃO, COMPOSIÇÃO PAINÉIS FRONTAIS FIBRA MADEIRA AGLOMERADA 18MM ES-;11149215000195;CS MOBI TECH LTDA;001;1;11,00;11,00;0,00;22,00;2739,00;30129,00;0,00;09/07/2026;09/07/2026;09/07/2027;Não;09/07/2026;09/07/2026
atas_itens_RT_2026_p1.json;2026-07-29 14:27:29;00050/2026;10673078000120-1-000118/2025-000039;10673078000120-1-000118/2025;15813205902602025;00058;90260;2025;05;Pregão;158132;INST.FED.DE EDUC.,CIENC.E TEC.DO MAT.G.DO SUL;630177;10984;POLTRONA;Material;POLTRONA, MATERIAL ESTRUTURA MADEIRA, MATERIAL ASSENTO E ENCOSTO ESPUMA INJETADA, MATERIAL REVESTIMENTO ASSENTO E ENCOSTO COURVIN, TIPO GIRATÓRIA, TIPO ESPALDAR ALTO COM 0,64M, CARACTERÍSTICAS ADICIONAIS COM REGULAGEM DA ALTURA/À GÁS, LARGURA 0,46 M, PROFUNDIDADE 500 MM, ALTURA 615 MM, COR ESTRUTURA PRETA, COR CINZA;11149215000195;CS MOBI TECH LTDA;001;1;14,00;14,00;0,00;28,00;5136,26;71907,64;0,00;09/07/2026;09/07/2026;09/07/2027;Não;09/07/2026;09/07/2026
atas_itens_RT_2026_p1.json;2026-07-29 14:27:29;00050/2026;10673078000120-1-000118/2025-000039;10673078000120-1-000118/2025;15813205902602025;00067;90260;2025;05;Pregão;158132;INST.FED.DE EDUC.,CIENC.E TEC.DO MAT.G.DO SUL;296891;18365;POLTRONA AUDITÓRIO;Material;POLTRONA AUDITÓRIO, TIPO ASSENTOS FIXO, MATERIAL ASSENTO ESPUMA POLIURETANO INJETADO, PINTURA ELETROSTÁTICA EPÓXI-PÓ NA COR PRETO FOSCO, REVESTIMENTO ASSENTO E ENCOSTO TECIDO LÃ 100%, CARACTERÍSTICAS ADICIONAIS FORMATO ANATÔMICO, SUPERFÍCIE METÁLICA C/TRATAME N, MATERIAL ESTRUTURA RESINA POLIÉSTER REFORÇADA COM FIBRA DE VIDRO;11149215000195;CS MOBI TECH LTDA;001;1;3,00;3,00;0,00;6,00;5040,16;15120,48;0,00;09/07/2026;09/07/2026;09/07/2027;Não;09/07/2026;09/07/2026
atas_itens_RT_2026_p1.json;2026-07-29 14:27:29;00050/2026;10673078000120-1-000118/2025-000039;10673078000120-1-000118/2025;15813205902602025;00068;90260;2025;05;Pregão;158132;INST.FED.DE EDUC.,CIENC.E TEC.DO MAT.G.DO SUL;468476;343;POLTRONA AUDITÓRIO DOBRÁVEL COM PRANCHETA;Material;POLTRONA AUDITÓRIO DOBRÁVEL COM PRANCHETA, MATERIAL ESTRUTURA MADEIRA, TIPO PRANCHETA MODELO EXTRA, MATERIAL PRANCHETA COMPENSADO MULTILAMINADO, CARACTERÍSTICAS ADICIONAIS CONFORME MODELO, COR REVESTIMENTO RESINA, MATERIAL ASSENTO/ENCOSTO ESPUMA DE POLIURETANO INJETADO, REVESTIMENTO ASSENTO E ENCOSTO ESPUMA INJETADA;11149215000195;CS MOBI TECH LTDA;001;1;9,00;9,00;0,00;18,00;8800,71;79206,39;0,00;09/07/2026;09/07/2026;09/07/2027;Não;09/07/2026;09/07/2026
atas_itens_RT_2026_p1.json;2026-07-29 14:27:29;00050/2026;10673078000120-1-000118/2025-000039;10673078000120-1-000118/2025;15813205902602025;00076;90260;2025;05;Pregão;158132;INST.FED.DE EDUC.,CIENC.E TEC.DO MAT.G.DO SUL;293173;12177;SOFÁ;Material;SOFÁ, MATERIAL ESTRUTURA AÇO TUBULAR OBLONGO, MATERIAL ESTOFAMENTO ESPUMA POLIURETANO INJETADO, REVESTIMENTO TECIDO 100% POLIÉSTER, QUANTIDADE MÓDULOS 3 UN, COR AZUL-MARINHO, CARACTERÍSTICAS ADICIONAIS 2 PÉS FRONTAIS OBLONGO 5 X 2 CM EM AÇO/PINTURA EL E, LARGURA 1,91 M, PROFUNDIDADE 0,69 M, ALTURA 0,72 M;11149215000195;CS MOBI TECH LTDA;001;1;45,00;45,00;0,00;90,00;4543,50;204457,50;0,00;09/07/2026;09/07/2026;09/07/2027;Não;09/07/2026;09/07/2026
atas_itens_RT_2026_p1.json;2026-07-29 14:27:29;00050/2026;10673078000120-1-000118/2025-000039;10673078000120-1-000118/2025;15813205902602025;00077;90260;2025;05;Pregão;158132;INST.FED.DE EDUC.,CIENC.E TEC.DO MAT.G.DO SUL;373607;12177;SOFÁ;Material;SOFÁ, MATERIAL ESTRUTURA AÇO TUBULAR, MATERIAL ESTOFAMENTO ESPUMA POLIURETANO INJETADO, REVESTIMENTO COURVIN, QUANTIDADE MÓDULOS 2 UN, COR PRETA, CARACTERÍSTICAS ADICIONAIS COM BRAÇOS EM AÇO E APOIO POLIURETANO INTEGRAL, QUANTIDADE ASSENTOS 2 UN, LARGURA 1,30 M, PROFUNDIDADE 0,50 M, ALTURA 0,75 M;11149215000195;CS MOBI TECH LTDA;001;1;39,00;39,00;0,00;78,00;2999,50;116980,50;0,00;09/07/2026;09/07/2026;09/07/2027;Não;09/07/2026;09/07/2026
atas_itens_RT_2026_p1.json;2026-07-29 14:27:29;00050/2026;10673078000120-1-000118/2025-000039;10673078000120-1-000118/2025;15813205902602025;00078;90260;2025;05;Pregão;158132;INST.FED.DE EDUC.,CIENC.E TEC.DO MAT.G.DO SUL;602465;12177;SOFÁ;Material;SOFÁ, MATERIAL ESTRUTURA TUBO AÇO, MATERIAL ESTOFAMENTO ESPUMA POLIURETANO EXPANDIDO, REVESTIMENTO TECIDO 100% POLIÉSTER, QUANTIDADE MÓDULOS 1 UN, CARACTERÍSTICAS ADICIONAIS CENTRAL SEM BRAÇOS E COM ENCOSTO., QUANTIDADE ASSENTOS 1 UN, LARGURA 70 CM, PROFUNDIDADE 70 CM, ALTURA 76 CM;11149215000195;CS MOBI TECH LTDA;001;1;45,00;45,00;0,00;90,00;2397,50;107887,50;0,00;09/07/2026;09/07/2026;09/07/2027;Não;09/07/2026;09/07/2026
atas_itens_RT_2026_p1.json;2026-07-29 14:27:29;00062/2026;10673078000120-1-000118/2025-000040;10673078000120-1-000118/2025;15813205902602025;00099;90260;2025;05;Pregão;158132;INST.FED.DE EDUC.,CIENC.E TEC.DO MAT.G.DO SUL;395453;18318;FECHADURA BIOMETRICA;Material;FECHADURA BIOMETRICA, RECONHECIMENTO DE IMPRESSÕES DIGITAIS 50, ACIONAMENTO IMPRESSÃO DIGITAL, LEITURA DIGITAL, ALIMENTAÇÃO PILHAS E/OU BATERIAS, CARACTERÍSTICAS ADICIONAIS RESOLUÇÃO MÍNIMA 300 DPI, CHAVE EMERGÊNCIA, SISTEMA DE PROGRAMAÇÃO PERMITE EXCLUIR OU SUBSTITUIR IMPRESSÕES DIGITAIS;51055810000186;MAGAZINE G&G LTDA;001;1;72,00;72,00;0,00;144,00;734,35;52873,20;0,00;03/07/2026;03/07/2026;03/07/2027;Não;17/07/2026;17/07/2026
atas_itens_RT_2026_p1.json;2026-07-29 14:27:29;00061/2026;10673078000120-1-000118/2025-000041;10673078000120-1-000118/2025;15813205902602025;00096;90260;2025;05;Pregão;158132;INST.FED.DE EDUC.,CIENC.E TEC.DO MAT.G.DO SUL;602886;11495;LIXEIRA;Material;LIXEIRA, MATERIAL MADEIRA PLÁSTICA, CAPACIDADE 94 LITROS L, TIPO COM TAMPAS BASCULANTES PRETA E CINZA, COR MARROM, CARACTERÍSTICAS ADICIONAIS COM SUPORTE E PÉ DE FERRO PARA FIXAÇÃO , COR PRET A, APLICAÇÃO RESÍDUOS NÃO RECICLÁVEIS.;15862128000131;ECO AMBIENTAL LTDA;001;1;70,00;70,00;0,00;140,00;2600,00;182000,00;0,00;21/07/2026;21/07/2026;21/07/2027;Não;21/07/2026;21/07/2026
atas_itens_RT_2026_p1.json;2026-07-29 14:27:29;00061/2026;10673078000120-1-000118/2025-000041;10673078000120-1-000118/2025;15813205902602025;00097;90260;2025;05;Pregão;158132;INST.FED.DE EDUC.,CIENC.E TEC.DO MAT.G.DO SUL;602887;11495;LIXEIRA;Material;LIXEIRA, MATERIAL MADEIRA PLÁSTICA, CAPACIDADE 94 LITROS L, TIPO COM TAMPAS BASCULANTES AZUL, MARROM, VERDE, AMAR E, COR MARROM, CARACTERÍSTICAS ADICIONAIS COM SUPORTE E PÉ DE FERRO PARA FIXAÇÃO , COR PRET A, APLICAÇÃO RESÍDUOS RECICLÁVEIS;15862128000131;ECO AMBIENTAL LTDA;001;1;37,00;37,00;0,00;74,00;4297,00;158989,00;0,00;21/07/2026;21/07/2026;21/07/2027;Não;21/07/2026;21/07/2026
atas_itens_RT_2025_p1.json;2026-07-29 14:27:28;00002/2025;10673078000120-1-000127/2024-000001;10673078000120-1-000127/2024;15813205900272024;00002;90027;2024;05;Pregão;158132;INST.FED.DE EDUC.,CIENC.E TEC.DO MAT.G.DO SUL;336420;5858;CORDÃO ARREMATE;Material;CORDÃO ARREMATE, MATERIAL POLIÉSTER, COR VERDE, APLICAÇÃO CRACHÁ, CARACTERÍSTICAS ADICIONAIS JACARÉ COM 10 MM DE LARGURA, ACABAMENTO CHAPA METÁLICA;51204651000134;RIBBON & PRINTER LTDA;001;1;2910,00;2910,00;0,00;5820,00;1,40;4074,00;0,00;28/01/2025;29/01/2025;29/01/2026;Não;30/01/2025;30/01/2025
atas_itens_RT_2025_p1.json;2026-07-29 14:27:28;00002/2025;10673078000120-1-000127/2024-000001;10673078000120-1-000127/2024;15813205900272024;00003;90027;2024;05;Pregão;158132;INST.FED.DE EDUC.,CIENC.E TEC.DO MAT.G.DO SUL;336420;5858;CORDÃO ARREMATE;Material;CORDÃO ARREMATE, MATERIAL POLIÉSTER, COR VERDE, APLICAÇÃO CRACHÁ, CARACTERÍSTICAS ADICIONAIS JACARÉ COM 10 MM DE LARGURA, ACABAMENTO CHAPA METÁLICA;51204651000134;RIBBON & PRINTER LTDA;001;1;35400,00;35400,00;0,00;70800,00;1,40;49560,00;0,00;28/01/2025;29/01/2025;29/01/2026;Não;30/01/2025;30/01/2025
atas_itens_RT_2025_p1.json;2026-07-29 14:27:28;00003/2025;10673078000120-1-000127/2024-000002;10673078000120-1-000127/2024;15813205900272024;00001;90027;2024;05;Pregão;158132;INST.FED.DE EDUC.,CIENC.E TEC.DO MAT.G.DO SUL;435016;13713;PLÁSTICO REPROGRAFIA;Material;PLÁSTICO REPROGRAFIA, MATERIAL PLÁSTICO POLASEAL, COMPRIMENTO 110 MM, LARGURA 80 MM, ESPESSURA 0,07 MM, APLICAÇÃO PLASTIFICAÇÃO, TRANSMITÂNCIA TRANSPARENTE;26473549000197;CONCEPT COMERCIO E SERVICOS LTDA;001;1;150,00;150,00;0,00;300,00;14,89;2233,50;0,00;17/01/2025;20/01/2025;19/01/2026;Não;30/01/2025;30/01/2025
atas_itens_RT_2025_p1.json;2026-07-29 14:27:28;00004/2025;10673078000120-1-000137/2024-000001;10673078000120-1-000137/2024;15813205901942024;00001;90194;2024;05;Pregão;158132;INST.FED.DE EDUC.,CIENC.E TEC.DO MAT.G.DO SUL;2020;;;Serviço;Instalação de aparelhos de ar condicionado Split Hi Wall de 12.000 BTUs;24043951000106;MOREIRA & LOPES SERVICOS LTDA;001;1;42,00;42,00;0,00;0,00;345,00;14490,00;0,00;13/02/2025;20/02/2025;20/02/2026;Não;19/02/2025;19/02/2025
atas_itens_RT_2025_p1.json;2026-07-29 14:27:28;00004/2025;10673078000120-1-000137/2024-000001;10673078000120-1-000137/2024;15813205901942024;00002;90194;2024;05;Pregão;158132;INST.FED.DE EDUC.,CIENC.E TEC.DO MAT.G.DO SUL;2020;;;Serviço;Instalação de aparelhos de ar condicionado Split Hi Wall de 18.000 BTUs;24043951000106;MOREIRA & LOPES SERVICOS LTDA;001;1;18,00;18,00;0,00;0,00;428,00;7704,00;0,00;13/02/2025;20/02/2025;20/02/2026;Não;19/02/2025;19/02/2025
atas_itens_RT_2025_p1.json;2026-07-29 14:27:28;00004/2025;10673078000120-1-000137/2024-000001;10673078000120-1-000137/2024;15813205901942024;00003;90194;2024;05;Pregão;158132;INST.FED.DE EDUC.,CIENC.E TEC.DO MAT.G.DO SUL;2020;;;Serviço;Instalação de aparelhos de ar condicionado Split Hi Wall de 24.000 BTUs;24043951000106;MOREIRA & LOPES SERVICOS LTDA;001;1;87,00;87,00;0,00;0,00;456,00;39672,00;0,00;13/02/2025;20/02/2025;20/02/2026;Não;19/02/2025;19/02/2025
atas_itens_RT_2025_p1.json;2026-07-29 14:27:28;00004/2025;10673078000120-1-000137/2024-000001;10673078000120-1-000137/2024;15813205901942024;00004;90194;2024;05;Pregão;158132;INST.FED.DE EDUC.,CIENC.E TEC.DO MAT.G.DO SUL;2020;;;Serviço;Instalação de aparelhos de ar condicionado Split Hi Wall de 30.000 BTUs;24043951000106;MOREIRA & LOPES SERVICOS LTDA;001;1;13,00;13,00;0,00;0,00;578,00;7514,00;0,00;13/02/2025;20/02/2025;20/02/2026;Não;19/02/2025;19/02/2025
atas_itens_RT_2025_p1.json;2026-07-29 14:27:28;00004/2025;10673078000120-1-000137/2024-000001;10673078000120-1-000137/2024;15813205901942024;00005;90194;2024;05;Pregão;158132;INST.FED.DE EDUC.,CIENC.E TEC.DO MAT.G.DO SUL;2020;;;Serviço;Instalação de aparelhos de ar condicionado Split Hi Wall de 48.000 BTUs;24043951000106;MOREIRA & LOPES SERVICOS LTDA;001;1;21,00;21,00;0,00;0,00;800,00;16800,00;0,00;13/02/2025;20/02/2025;20/02/2026;Não;19/02/2025;19/02/2025
atas_itens_RT_2025_p1.json;2026-07-29 14:27:28;00004/2025;10673078000120-1-000137/2024-000001;10673078000120-1-000137/2024;15813205901942024;00006;90194;2024;05;Pregão;158132;INST.FED.DE EDUC.,CIENC.E TEC.DO MAT.G.DO SUL;2020;;;Serviço;Instalação de aparelhos de ar condicionado Split Hi Wall de 36.000 BTUs;24043951000106;MOREIRA & LOPES SERVICOS LTDA;001;1;11,00;11,00;0,00;0,00;790,00;8690,00;0,00;13/02/2025;20/02/2025;20/02/2026;Não;19/02/2025;19/02/2025
atas_itens_RT_2025_p1.json;2026-07-29 14:27:28;00004/2025;10673078000120-1-000137/2024-000001;10673078000120-1-000137/2024;15813205901942024;00007;90194;2024;05;Pregão;158132;INST.FED.DE EDUC.,CIENC.E TEC.DO MAT.G.DO SUL;2020;;;Serviço;Instalação de aparelhos de ar condicionado Split Hi Wall de 60.000 BTUs;24043951000106;MOREIRA & LOPES SERVICOS LTDA;001;1;4,00;4,00;0,00;0,00;940,00;3760,00;0,00;13/02/2025;20/02/2025;20/02/2026;Não;19/02/2025;19/02/2025
atas_itens_RT_2025_p1.json;2026-07-29 14:27:28;00051/2025;10673078000120-1-000139/2024-000001;10673078000120-1-000139/2024;15813205902372024;00001;90237;2024;05;Pregão;158132;INST.FED.DE EDUC.,CIENC.E TEC.DO MAT.G.DO SUL;620336;6661;MICROCOMPUTADOR;Material;MICROCOMPUTADOR, MEMÓRIA RAM 32 GB, NÚCLEOS POR PROCESSADOR SUPERIOR A 8, ARMAZENAMENTO HDD SEM DISCO HDD GB, ARMAZENAMENTO SSD ATÉ 2 TB, MONITOR SEM MONITOR POL, COMPONENTES ADICIONAIS COM TECLADO E MOUSE, SISTEMA OPERACIONAL PROPRIETÁRIO, GARANTIA ON SITE 36 MESES, GABINETE TORRE, OUTROS RECURSOS CONFORME EDITAL;89237911028908;GLOBAL DISTRIBUICAO DE BENS DE CONSUMO LTDA.;001;1;28,00;28,00;0,00;0,00;12700,00;355600,00;0,00;05/06/2025;06/06/2025;06/06/2026;Não;06/06/2025;06/06/2025
atas_itens_RT_2025_p1.json;2026-07-29 14:27:28;00051/2025;10673078000120-1-000139/2024-000001;10673078000120-1-000139/2024;15813205902372024;00002;90237;2024;05;Pregão;158132;INST.FED.DE EDUC.,CIENC.E TEC.DO MAT.G.DO SUL;620336;6661;MICROCOMPUTADOR;Material;MICROCOMPUTADOR, MEMÓRIA RAM 32 GB, NÚCLEOS POR PROCESSADOR SUPERIOR A 8, ARMAZENAMENTO HDD SEM DISCO HDD GB, ARMAZENAMENTO SSD ATÉ 2 TB, MONITOR SEM MONITOR POL, COMPONENTES ADICIONAIS COM TECLADO E MOUSE, SISTEMA OPERACIONAL PROPRIETÁRIO, GARANTIA ON SITE 36 MESES, GABINETE TORRE, OUTROS RECURSOS CONFORME EDITAL;89237911028908;GLOBAL DISTRIBUICAO DE BENS DE CONSUMO LTDA.;001;1;16,00;16,00;0,00;0,00;12150,00;194400,00;0,00;05/06/2025;06/06/2025;06/06/2026;Não;06/06/2025;06/06/2025
atas_itens_RT_2025_p1.json;2026-07-29 14:27:28;00052/2025;10673078000120-1-000139/2024-000002;10673078000120-1-000139/2024;15813205902372024;00003;90237;2024;05;Pregão;158132;INST.FED.DE EDUC.,CIENC.E TEC.DO MAT.G.DO SUL;619604;14302;FONTE ALIMENTAÇÃO ININTERRUPTA;Material;FONTE ALIMENTAÇÃO ININTERRUPTA, TIPO DUPLA CONVERSÃO, TENSÃO ENTRADA 127/220 VCA, TENSÃO SAÍDA 380 VCA, TIPO ONDA SENOIDAL;16847666000110;HIGH LEVEL COMERCIAL LTDA;001;1;46,00;46,00;0,00;0,00;2268,12;104333,52;0,00;05/06/2025;06/06/2025;06/06/2026;Não;06/06/2025;06/06/2025
atas_itens_RT_2025_p1.json;2026-07-29 14:27:28;00052/2025;10673078000120-1-000139/2024-000002;10673078000120-1-000139/2024;15813205902372024;00007;90237;2024;05;Pregão;158132;INST.FED.DE EDUC.,CIENC.E TEC.DO MAT.G.DO SUL;619604;14302;FONTE ALIMENTAÇÃO ININTERRUPTA;Material;FONTE ALIMENTAÇÃO ININTERRUPTA, TIPO DUPLA CONVERSÃO, TENSÃO ENTRADA 127/220 VCA, TENSÃO SAÍDA 380 VCA, TIPO ONDA SENOIDAL;16847666000110;HIGH LEVEL COMERCIAL LTDA;001;1;6,00;6,00;0,00;0,00;2268,12;13608,72;0,00;05/06/2025;06/06/2025;06/06/2026;Não;06/06/2025;06/06/2025
atas_itens_RT_2025_p1.json;2026-07-29 14:27:28;00053/2025;10673078000120-1-000139/2024-000003;10673078000120-1-000139/2024;15813205902372024;00004;90237;2024;05;Pregão;158132;INST.FED.DE EDUC.,CIENC.E TEC.DO MAT.G.DO SUL;617911;10293;SERVIDOR;Material;SERVIDOR, TIPO TORRE, PROCESSADORES FÍSICOS 1, NÚCLEOS POR PROCESSADOR 15 A 20 , MEMÓRIA RAM 64 GB, INTERFACE REDE LAN 2, INTERFACE REDE SAN SEM SAN, ARMAZENAMENTO SATA COM DISCOS SATA, ARMAZENAMENTO SAS SEM DISCOS SAS, ARMAZENAMENTO SSD COM DISCOS SSD, FONTE ALIMENTAÇÃO SEM REDUNDÂNCIA, SISTEMA OPERACIONAL SEM SISTEMA OPERACIONAL, GARANTIA ON SITE 48 MESES;08619872000144;TECZAP COMERCIO E DISTRIBUICAO LTDA;001;1;1,00;1,00;0,00;0,00;79990,00;79990,00;0,00;05/06/2025;06/06/2025;06/06/2026;Não;06/06/2025;06/06/2025
atas_itens_RT_2025_p1.json;2026-07-29 14:27:28;00054/2025;10673078000120-1-000139/2024-000004;10673078000120-1-000139/2024;15813205902372024;00005;90237;2024;05;Pregão;158132;INST.FED.DE EDUC.,CIENC.E TEC.DO MAT.G.DO SUL;620336;6661;MICROCOMPUTADOR;Material;MICROCOMPUTADOR, MEMÓRIA RAM 32 GB, NÚCLEOS POR PROCESSADOR SUPERIOR A 8, ARMAZENAMENTO HDD SEM DISCO HDD GB, ARMAZENAMENTO SSD ATÉ 2 TB, MONITOR SEM MONITOR POL, COMPONENTES ADICIONAIS COM TECLADO E MOUSE, SISTEMA OPERACIONAL PROPRIETÁRIO, GARANTIA ON SITE 36 MESES, GABINETE TORRE, OUTROS RECURSOS CONFORME EDITAL;16628132000100;LICITEC TECNOLOGIA LTDA;001;1;8,00;8,00;0,00;0,00;15190,00;121520,00;0,00;06/06/2025;07/06/2025;07/06/2026;Não;06/06/2025;06/06/2025
atas_itens_RT_2025_p1.json;2026-07-29 14:27:28;00054/2025;10673078000120-1-000139/2024-000004;10673078000120-1-000139/2024;15813205902372024;00006;90237;2024;05;Pregão;158132;INST.FED.DE EDUC.,CIENC.E TEC.DO MAT.G.DO SUL;620336;6661;MICROCOMPUTADOR;Material;MICROCOMPUTADOR, MEMÓRIA RAM 32 GB, NÚCLEOS POR PROCESSADOR SUPERIOR A 8, ARMAZENAMENTO HDD SEM DISCO HDD GB, ARMAZENAMENTO SSD ATÉ 2 TB, MONITOR SEM MONITOR POL, COMPONENTES ADICIONAIS COM TECLADO E MOUSE, SISTEMA OPERACIONAL PROPRIETÁRIO, GARANTIA ON SITE 36 MESES, GABINETE TORRE, OUTROS RECURSOS CONFORME EDITAL;16628132000100;LICITEC TECNOLOGIA LTDA;001;1;5,00;5,00;0,00;0,00;15298,00;76490,00;0,00;06/06/2025;07/06/2025;07/06/2026;Não;06/06/2025;06/06/2025
